unique_id,length_group,category,ds,y,pred_gb,pred_pretrained,pred_ensemble_avg,pred_ensemble_weighted
M10200,short,Micro,1907-11-01,1381.0,1392.8608728586162,1377.0618,1384.9613202183705,1390.4910223253316
M10200,short,Micro,1907-12-01,1392.0,1395.576999808037,1372.3296,1383.9532948258934,1392.089891365152
M10200,short,Micro,1908-01-01,1379.0,1404.6398743654784,1362.8652,1383.752554370239,1398.3736875221803
M10200,short,Micro,1908-02-01,1379.0,1392.8608728586162,1362.8652,1377.863053616808,1388.3615362413473
M10200,short,Micro,1908-03-01,1381.0,1392.8608728586162,1358.133,1375.4969647496205,1387.6517126329488
M10200,short,Micro,1908-04-01,1373.0,1392.8608728586162,1343.9364,1368.3986371129017,1385.5222112901754
M10200,short,Micro,1908-05-01,1370.0,1392.8608728586162,1343.9364,1368.3986371129017,1385.5222112901754
M10200,short,Micro,1908-06-01,1378.0,1392.8608728586162,1343.9364,1368.3986371129017,1385.5222112901754
M10200,short,Micro,1908-07-01,1401.0,1392.8608728586162,1358.133,1375.4969647496205,1387.6517126329488
M10200,short,Micro,1908-08-01,1412.0,1392.8608728586162,1372.3296,1382.595231351183,1389.7811834581441
M10200,short,Micro,1908-09-01,1419.0,1392.8608728586162,1372.3296,1382.595231351183,1389.7811834581441
M10200,short,Micro,1908-10-01,1428.0,1392.8608728586162,1381.794,1387.327409085558,1391.20084593373
M10200,short,Micro,1908-11-01,1428.0,1392.8608728586162,1381.794,1387.327409085558,1391.20084593373
M10200,short,Micro,1908-12-01,1437.0,1395.576999808037,1377.0618,1386.319383693081,1392.7997302323395
M10200,short,Micro,1909-01-01,1427.0,1457.9660412075566,1367.5974,1412.7817266584657,1444.4107529463452
M10200,short,Micro,1909-02-01,1430.0,1446.1870397006944,1362.8652,1404.526137037847,1433.6887780571137
M10200,short,Micro,1909-03-01,1429.0,1446.1870397006944,1362.8652,1404.526137037847,1433.6887780571137
M10200,short,Micro,1909-04-01,1411.0,1446.1870397006944,1353.4008,1399.7938982683158,1432.2691003227387
M10216,short,Micro,1913-01-01,3952.0,3887.787238360988,3880.5027,3884.1449619539317,3886.694592059965
M10216,short,Micro,1913-02-01,4679.0,3957.8130401140434,4537.943,4247.877955603897,4044.8325513820932
M10216,short,Micro,1913-03-01,3406.0,4458.271111150686,3271.1675,3864.719295809718,4280.2055848589425
M10216,short,Micro,1913-04-01,3627.0,3815.258907580847,3495.6594,3655.4591657044857,3767.3190094320016
M10216,short,Micro,1913-05-01,4252.0,3873.562108804546,4137.0645,4005.313280964773,3913.0874848666767
M10216,short,Micro,1913-06-01,4176.0,4040.1378349486636,4056.8892,4048.513497552457,4042.650545936833
M10216,short,Micro,1913-07-01,4252.0,4248.657157109002,4121.03,4184.843471132626,4229.513063523121
M10216,short,Micro,1913-08-01,4726.0,4239.724678366322,4570.013,4404.868930980036,4289.26799077153
M10216,short,Micro,1913-09-01,5099.0,4560.236938760208,4938.8213,4749.529113911354,4617.024640133677
M10216,short,Micro,1913-10-01,4847.0,4784.6616510745025,4281.381,4533.021255224751,4709.16955673364
M10216,short,Micro,1913-11-01,4795.0,4748.16821363286,4313.451,4530.80969275393,4682.960681783245
M10216,short,Micro,1913-12-01,3899.0,4835.693984309481,3656.0107,4245.85236324849,4658.741497991184
M10216,short,Micro,1914-01-01,4340.0,4098.847071976097,3976.7136,4037.780347511486,4080.527091257808
M10216,short,Micro,1914-02-01,5076.0,4376.711229253229,4730.3647,4553.53798767349,4429.7592934004015
M10216,short,Micro,1914-03-01,3628.0,4812.924022563778,3319.273,4066.098485891264,4588.87637987257
M10216,short,Micro,1914-04-01,4076.0,3983.514063079972,3575.835,3779.674512008736,3922.3621977586017
M10216,short,Micro,1914-05-01,4583.0,3961.98526058716,4185.17,4073.57759123108,3995.462984194399
M10216,short,Micro,1914-06-01,4443.0,4493.101536476801,4040.854,4266.977770191525,4425.26441879825
M10390,medium,Micro,1921-12-01,2169.56,2157.060993876984,2178.2573,2167.659159047867,2160.2404617387956
M10390,medium,Micro,1922-01-01,2188.54,2161.208739976468,2191.9,2176.554321160109,2165.8124326421075
M10390,medium,Micro,1922-02-01,2174.68,2218.0523420400505,2169.1626,2193.6074698481502,2210.7188803824806
M10390,medium,Micro,1922-03-01,2227.75,2218.0523420400505,2141.8774,2179.9648917231502,2206.6261069449806
M10390,medium,Micro,1922-04-01,2200.62,2218.0523420400505,2123.6875,2170.8699210200252,2203.8976218375587
M10390,medium,Micro,1922-05-01,2119.21,2180.497620094739,2087.3071,2133.9023745004943,2166.519046416466
M10390,medium,Micro,1922-06-01,2077.94,2079.76817901369,2073.6646,2076.71636489747,2078.852634778824
M10390,medium,Micro,1922-07-01,2076.56,2079.76817901369,2073.6646,2076.71636489747,2078.852634778824
M10390,medium,Micro,1922-08-01,2071.58,2074.8530505557333,2060.022,2067.437511605992,2072.6283888708112
M10390,medium,Micro,1922-09-01,2088.1,2074.8530505557333,2087.3071,2081.080089730992,2076.7211623083112
M10390,medium,Micro,1922-10-01,2209.07,2112.4077725010447,2160.0674,2136.2375776567724,2119.5567384618257
M10390,medium,Micro,1922-11-01,2240.75,2222.967470498007,2196.4473,2209.7073680615035,2218.9894519740874
M10390,medium,Micro,1922-12-01,2266.04,2225.683597447428,2223.7324,2224.708009661214,2225.390933318595
M10390,medium,Micro,1923-01-01,2249.88,2229.831343546912,2200.9949,2215.4131082968934,2225.5058729719067
M10390,medium,Micro,1923-02-01,2231.68,2218.0523420400505,2191.9,2204.9761221919002,2214.1294943961525
M10390,medium,Micro,1923-03-01,2257.67,2227.2256230748485,2155.5198,2191.3726992327365,2216.4697520257305
M10390,medium,Micro,1923-04-01,2224.86,2218.0523420400505,2141.8774,2179.9648917231502,2206.6261069449806
M10390,medium,Micro,1923-05-01,2183.63,2218.0523420400505,2100.9497,2159.5010245356502,2200.4869467887306
M10405,medium,Micro,1922-11-01,4388.0,4570.2436658827,4705.663,4637.9533759101,4590.556603304984
M10405,medium,Micro,1922-12-01,3691.0,4352.227236637188,4530.0786,4441.152924959219,4378.904991961923
M10405,medium,Micro,1923-01-01,3151.0,3850.987375715251,4225.7324,4038.3598987951254,3907.1991326392135
M10405,medium,Micro,1923-02-01,2832.0,3312.4925359869735,3968.2083,3640.3503939700495,3410.849917795959
M10405,medium,Micro,1923-03-01,2193.0,3099.194432726925,3921.3857,3510.2900874572124,3222.5231535600738
M10405,medium,Micro,1923-04-01,2561.0,3101.2429201499485,3804.3296,3452.7862549968495,3206.705957225113
M10405,medium,Micro,1923-05-01,3280.0,2982.7453234614477,3698.9788,3340.8620416135363,3090.1803877351995
M10405,medium,Micro,1923-06-01,3964.0,3364.1650757520115,3909.6802,3636.9226257666305,3445.9923407563974
M10405,medium,Micro,1923-07-01,4597.0,3690.8832107593653,4202.3213,3946.6022499109326,3767.598934711867
M10405,medium,Micro,1923-08-01,4829.0,4384.777198620732,4295.966,4340.371509466616,4371.45551628856
M10405,medium,Micro,1923-09-01,4733.0,4673.555523275604,4155.4985,4414.5270292159275,4595.847023885826
M10405,medium,Micro,1923-10-01,4495.0,4691.504879445114,3769.2126,4230.3587629647445,4553.161044501004
M10405,medium,Micro,1923-11-01,3958.0,4341.859734627278,3511.689,3926.774349735514,4217.334131366781
M10405,medium,Micro,1923-12-01,3695.0,4087.99420333256,3113.6973,3600.8457344787803,3941.849668779942
M10405,medium,Micro,1924-01-01,2994.0,3815.019365897412,2750.8228,3282.921059901831,3655.3899046163165
M10405,medium,Micro,1924-02-01,2752.0,3106.4444671519973,2540.1216,2823.283024591624,3021.4960465909166
M10405,medium,Micro,1924-03-01,2699.0,3088.8410727935734,2493.2993,2791.0701945999117,2999.5098154389907
M10405,medium,Micro,1924-04-01,3251.0,2864.5514181241742,2563.5327,2714.042066483962,2819.398643149689
M10438,cold_start,Micro,1904-11-01,7580.0,8068.395285990743,7141.632,7605.013560964122,7929.380866139008
M10438,cold_start,Micro,1904-12-01,7880.0,8085.104778317452,7204.0044,7644.55458642435,7952.939769577647
M10438,cold_start,Micro,1905-01-01,8040.0,7291.4027493938565,7734.1694,7512.786091493803,7357.817825266029
M10438,cold_start,Micro,1905-02-01,8120.0,7539.035725768507,7858.914,7698.974894134253,7587.0175251063565
M10438,cold_start,Micro,1905-03-01,8540.0,8246.290742796577,7921.286,8083.788437804538,8197.540124541152
M10438,cold_start,Micro,1905-04-01,8080.0,8498.32746416673,8326.706,8412.516759427115,8472.584325987034
M10438,cold_start,Micro,1905-05-01,7280.0,8170.352713563648,8139.5894,8154.971034516198,8165.738283091601
M10438,cold_start,Micro,1905-06-01,7270.0,7577.849777404297,8357.893,7967.871177764649,7694.856270754591
M10438,cold_start,Micro,1905-07-01,7590.0,7538.242407172852,8264.334,7901.288195773926,7647.156192581299
M10438,cold_start,Micro,1905-08-01,8070.0,7584.503609343531,8014.8447,7799.674167953015,7649.054874582627
M10438,cold_start,Micro,1905-09-01,7670.0,8301.437716915896,8108.403,8204.920274473574,8272.482557425388
M10438,cold_start,Micro,1905-10-01,5380.0,7597.350971043906,8389.078,7993.214548021953,7716.110141793571
M10438,cold_start,Micro,1905-11-01,5370.0,6076.921758309704,8108.4033,7092.662539311103,6381.643992610124
M10438,cold_start,Micro,1905-12-01,6360.0,5959.387259315864,7921.286,6940.3366960641815,6253.672163582547
M10438,cold_start,Micro,1906-01-01,6510.0,6500.711568274097,7827.7275,7164.219553668298,6699.764012720483
M10438,cold_start,Micro,1906-02-01,6260.0,6818.443483280355,7702.9834,7260.713440858928,6951.1244705539275
M10438,cold_start,Micro,1906-03-01,7930.0,6692.804154683317,7671.797,7182.300514841659,6839.65306273082
M10438,cold_start,Micro,1906-04-01,7630.0,7616.941117880127,7671.797,7644.368996440064,7625.169481448109
M10485,medium,Micro,1918-02-01,1199.0,1221.9987328468237,1192.3822,1207.1904674976306,1217.5562532420658
M10485,medium,Micro,1918-03-01,1200.0,1221.9987328468237,1196.438,1209.2183605640369,1218.1646211619877
M10485,medium,Micro,1918-04-01,1198.0,1221.9987328468237,1200.4937,1211.2461925952869,1218.7729738231205
M10485,medium,Micro,1918-05-01,1202.0,1221.9987328468237,1212.6609,1217.3298107593494,1220.598062324097
M10485,medium,Micro,1918-06-01,1207.0,1221.9987328468237,1212.6609,1217.3298107593494,1220.598062324097
M10485,medium,Micro,1918-07-01,1209.0,1221.9987328468237,1208.6051,1215.301917692943,1219.9896944041752
M10485,medium,Micro,1918-08-01,1212.0,1221.9987328468237,1204.5493,1213.2740246265369,1219.3813264842533
M10485,medium,Micro,1918-09-01,1214.0,1221.9987328468237,1212.6609,1217.3298107593494,1220.598062324097
M10485,medium,Micro,1918-10-01,1215.0,1221.9987328468237,1208.6051,1215.301917692943,1219.9896944041752
M10485,medium,Micro,1918-11-01,1219.0,1221.9987328468237,1208.6051,1215.301917692943,1219.9896944041752
M10485,medium,Micro,1918-12-01,1221.0,1240.4273091522482,1208.6051,1224.5162058456553,1235.653984263786
M10485,medium,Micro,1919-01-01,1222.0,1249.4901837096895,1212.6609,1231.0755361907823,1243.965795557533
M10485,medium,Micro,1919-02-01,1220.0,1237.7111822028273,1216.7166,1227.2138674686012,1234.561996937833
M10485,medium,Micro,1919-03-01,1231.0,1237.7111822028273,1220.7722,1229.2416994998512,1235.170349598966
M10485,medium,Micro,1919-04-01,1230.0,1237.7111822028273,1216.7166,1227.2138674686012,1234.561996937833
M10485,medium,Micro,1919-05-01,1232.0,1237.7111822028273,1212.6609,1225.1860354373512,1233.9536442767003
M10485,medium,Micro,1919-06-01,1230.0,1237.7111822028273,1208.6051,1223.158142370945,1233.3452763567784
M10485,medium,Micro,1919-07-01,1233.0,1237.7111822028273,1216.7166,1227.2138674686012,1234.561996937833
M10533,medium,Micro,1919-10-01,2320.0,2393.777740994365,2343.5168,2368.647293348745,2386.238606700679
M10533,medium,Micro,1919-11-01,2420.0,2384.604459959567,2367.9285,2376.266463378221,2382.103060985163
M10533,medium,Micro,1919-12-01,2370.0,2391.5787394858294,2319.1052,2355.341982047602,2380.7077122543615
M10533,medium,Micro,1920-01-01,2290.0,2381.5015160583935,2343.5168,2362.5091808807592,2375.8038155051036
M10533,medium,Micro,1920-02-01,2300.0,2393.777740994365,2331.311,2362.5443880753073,2384.407735118648
M10533,medium,Micro,1920-03-01,2350.0,2388.8626125364085,2306.8994,2347.881013299454,2376.5681327653224
M10533,medium,Micro,1920-04-01,2330.0,2388.8626125364085,2343.5168,2366.1897291197665,2382.060747511416
M10533,medium,Micro,1920-05-01,2340.0,2388.8626125364085,2355.7227,2372.292634393204,2383.8916190934474
M10533,medium,Micro,1920-06-01,2360.0,2388.8626125364085,2343.5168,2366.1897291197665,2382.060747511416
M10533,medium,Micro,1920-07-01,2370.0,2388.8626125364085,2367.9285,2378.3955396666415,2385.7224906754786
M10533,medium,Micro,1920-08-01,2350.0,2388.8626125364085,2343.5168,2366.1897291197665,2382.060747511416
M10533,medium,Micro,1920-09-01,2310.0,2388.8626125364085,2355.7227,2372.292634393204,2383.8916190934474
M10533,medium,Micro,1920-10-01,2360.0,2388.8626125364085,2380.1343,2384.498444940079,2387.55336225751
M10533,medium,Micro,1920-11-01,2410.0,2388.8626125364085,2404.546,2396.704255486954,2391.2151054215724
M10533,medium,Micro,1920-12-01,2340.0,2391.5787394858294,2367.9285,2379.753603141352,2388.0311985824865
M10533,medium,Micro,1921-01-01,2330.0,2381.5015160583935,2331.311,2356.4062756073217,2373.9729439230723
M10533,medium,Micro,1921-02-01,2390.0,2388.8626125364085,2306.8994,2347.881013299454,2376.5681327653224
M10533,medium,Micro,1921-03-01,2470.0,2388.8626125364085,2270.282,2329.5722974791415,2371.0755180192286
M1054,long_history,Macro,1924-01-01,2060.0,2124.1867740079065,2077.8896,2101.0382112227035,2117.242229586408
M1054,long_history,Macro,1924-02-01,2070.0,2112.4077725010447,2077.8896,2095.1487104692724,2107.2300783055757
M1054,long_history,Macro,1924-03-01,2060.0,2095.620062714687,2077.8896,2086.754855576093,2092.9605249871715
M1054,long_history,Macro,1924-04-01,2060.0,2112.4077725010447,2077.8896,2095.1487104692724,2107.2300783055757
M1054,long_history,Macro,1924-05-01,2070.0,2095.620062714687,2077.8896,2086.754855576093,2092.9605249871715
M1054,long_history,Macro,1924-06-01,1920.0,2058.0653407693753,1929.469,1993.7671674550002,2038.7758887750629
M1054,long_history,Macro,1924-07-01,1890.0,1961.95633947872,1929.469,1945.7126668096726,1957.083237678006
M1054,long_history,Macro,1924-08-01,2010.0,1934.5432297189857,2057.6506,1996.0969322423052,1953.0093587865285
M1054,long_history,Macro,1924-09-01,2040.0,2055.602877449732,2064.397,2059.999925052991,2056.92199173071
M1054,long_history,Macro,1924-10-01,2030.0,2072.7186064515367,2064.397,2068.5577895538936,2071.470361382244
M1054,long_history,Macro,1924-11-01,2040.0,2067.80347799358,2064.397,2066.1002253249153,2067.292502192981
M1054,long_history,Macro,1924-12-01,2040.0,2098.3361896641077,2064.397,2081.3665811601786,2093.2453071129294
M1054,long_history,Macro,1925-01-01,2020.0,2107.3990642215485,2064.397,2085.8980184388993,2100.948750486754
M1054,long_history,Macro,1925-02-01,2030.0,2095.620062714687,2064.397,2080.008517685468,2090.9365992059215
M1054,long_history,Macro,1925-03-01,2030.0,2067.80347799358,2064.397,2066.1002253249153,2067.292502192981
M1054,long_history,Macro,1925-04-01,2040.0,2067.80347799358,2064.397,2066.1002253249153,2067.292502192981
M1054,long_history,Macro,1925-05-01,2040.0,2095.620062714687,2050.9043,2073.262179794843,2088.9127039422497
M1054,long_history,Macro,1925-06-01,1890.0,2058.0653407693753,1942.9619,2000.5136274159377,2040.799845073891
M10558,medium,Micro,1922-01-01,6600.0,6607.207097344785,6504.506,6555.856478359892,6591.801936063381
M10558,medium,Micro,1922-02-01,6670.0,6615.796422595752,6504.506,6560.151140985376,6599.102862526703
M10558,medium,Micro,1922-03-01,6750.0,6673.179220318572,6504.506,6588.842539846786,6647.8782405911
M10558,medium,Micro,1922-04-01,6970.0,6630.258093939279,6504.506,6567.38197665714,6611.3952831687
M10558,medium,Micro,1922-05-01,7000.0,6774.1515610953975,6546.201,6660.176366485199,6739.959063747495
M10558,medium,Micro,1922-06-01,6900.0,6865.240096888037,6546.201,6705.720634381519,6817.3843191712385
M10558,medium,Micro,1922-07-01,6890.0,6822.8924417173,6567.049,6694.97063492115,6784.515948506581
M10558,medium,Micro,1922-08-01,6970.0,6889.3174627868775,6546.201,6717.759317330939,6837.850080185252
M10558,medium,Micro,1922-09-01,7050.0,6857.434849472144,6546.201,6701.818010673573,6810.74985886773
M10558,medium,Micro,1922-10-01,7080.0,7020.832808265239,6608.744,6814.788474445119,6959.019532533266
M10558,medium,Micro,1922-11-01,7020.0,7020.832808265239,6587.8965,6804.364646320119,6955.892396302797
M10558,medium,Micro,1922-12-01,7010.0,7018.633806756703,6587.8965,6803.2651455658515,6954.023245020542
M10558,medium,Micro,1923-01-01,7030.0,6893.8918110227205,6629.592,6761.74180394886,6854.246821107594
M10558,medium,Micro,1923-02-01,6980.0,6975.217369278536,6587.8965,6781.556926826768,6917.1192731641
M10558,medium,Micro,1923-03-01,6990.0,6946.602539779768,6546.201,6746.401855827384,6886.54239562921
M10558,medium,Micro,1923-04-01,6970.0,6946.602539779768,6587.8965,6767.249512077384,6892.796668090147
M10558,medium,Micro,1923-05-01,6890.0,7031.383584321546,6546.201,6788.792378098273,6958.60628348972
M10558,medium,Micro,1923-06-01,6900.0,6925.354318268829,6546.201,6735.777745071915,6868.4814073449115
M10598,medium,Micro,1920-12-01,3340.0,5047.137796444396,3404.942,4226.039845487823,4800.808429467972
M10598,medium,Micro,1921-01-01,4310.0,4170.877940514212,4365.31,4268.093999553981,4200.042758226144
M10598,medium,Micro,1921-02-01,4720.0,4340.414738554046,4609.7676,4475.091158339523,4380.817676696721
M10598,medium,Micro,1921-03-01,4420.0,4550.738760956762,4225.62,4388.179439072132,4501.970964391374
M10598,medium,Micro,1921-04-01,3860.0,4325.997296760491,3649.3992,3987.698233341183,4224.507614355793
M10598,medium,Micro,1921-05-01,4180.0,4028.7194655263247,3841.4727,3935.0960608881624,4000.6324929630014
M10598,medium,Micro,1921-06-01,6210.0,4425.846746974733,5657.442,5041.644320752992,4610.586067936336
M10598,medium,Micro,1921-07-01,6750.0,5894.526610863775,6355.8916,6125.209106213138,5963.73140829671
M10598,medium,Micro,1921-08-01,6490.0,5899.583509190815,5936.822,5918.202643267283,5905.169298241881
M10598,medium,Micro,1921-09-01,6530.0,6391.95064967294,5989.205,6190.5778638989705,6331.538850561843
M10598,medium,Micro,1921-10-01,6610.0,6315.937150880715,5535.213,5925.575020752858,6198.828560670484
M10598,medium,Micro,1921-11-01,5570.0,6400.574965957037,4662.1514,5531.363166572269,6139.811474969732
M10598,medium,Micro,1921-12-01,3940.0,5632.901452493982,3195.4072,4414.154339528241,5267.277330811292
M10598,medium,Micro,1922-01-01,4770.0,4165.433963557254,3998.624,4082.028993497377,4140.4125091603855
M10598,medium,Micro,1922-02-01,5280.0,4864.9288179941495,4225.62,4545.274467590825,4769.032512873153
M10598,medium,Micro,1922-03-01,4970.0,5171.378655250895,3841.473,4506.425777820759,4971.892804228886
M10598,medium,Micro,1922-04-01,4560.0,4994.677935665806,3370.0195,4182.348733457903,4750.979205521014
M10598,medium,Micro,1922-05-01,4970.0,4861.422027367084,3527.1704,4194.296218761667,4661.28428478546
M10670,medium,Micro,1916-03-01,2548.7,2490.7783895376547,2473.788,2482.283237737577,2488.229868411694
M10670,medium,Micro,1916-04-01,2580.0,2596.4156730278837,2506.5532,2551.484447842067,2582.9363237826856
M10670,medium,Micro,1916-05-01,2638.5,2679.3707684753285,2549.1484,2614.259602987664,2659.837437139576
M10670,medium,Micro,1916-06-01,2749.4,2674.455640017372,2673.657,2674.0563112196232,2674.335847481563
M10670,medium,Micro,1916-07-01,2668.4,2692.8212353798403,2686.7632,2689.7922094867954,2691.912545922474
M10670,medium,Micro,1916-08-01,2571.8,2756.9608807364384,2637.615,2697.2879354854067,2739.0590215751918
M10670,medium,Micro,1916-09-01,2599.6,2666.994579568302,2683.4866,2675.2405759169633,2669.4684028869633
M10670,medium,Micro,1916-10-01,2680.3,2656.8795591753765,2680.21,2668.5447600564385,2660.3791499572735
M10670,medium,Micro,1916-11-01,2744.8,2751.7609888014695,2703.1458,2727.4533703772972,2744.4687337917962
M10670,medium,Micro,1916-12-01,3645.0,2775.1899008703244,2899.7383,2837.464091060162,2793.8721701343075
M10670,medium,Micro,1917-01-01,2684.0,3453.8467802909136,2794.889,3124.3678481532693,3355.0031311671987
M10670,medium,Micro,1917-02-01,2662.0,2785.8569487000645,2768.6768,2777.266853256282,2783.2799505845082
M10670,medium,Micro,1917-03-01,2869.3,2846.3232246121715,2840.7607,2843.5419833998358,2845.4888766625336
M10670,medium,Micro,1917-04-01,3002.6,2840.328918458887,2876.8025,2858.565704346631,2845.799966432242
M10670,medium,Micro,1917-05-01,2972.3,3103.2719933580925,2903.0146,3003.143320897796,3073.233403827035
M10670,medium,Micro,1917-06-01,3098.6,2930.7139857268016,2948.8862,2939.8001080977756,2933.4398346451253
M10670,medium,Micro,1917-07-01,3022.9,3085.695912516097,2991.4814,3038.5886789142987,3071.563754642589
M10670,medium,Micro,1917-08-01,2922.6,3085.695912516097,2948.8862,3017.2910714924237,3065.1744724160267
M10673,medium,Micro,1914-02-01,10129.0,8415.0697570081,7790.7017,8102.885708582175,8321.414640136572
M10673,medium,Micro,1914-03-01,10129.0,10152.129900347863,7790.7017,8971.415780252057,9797.915761975371
M10673,medium,Micro,1914-04-01,9979.0,10221.663350209485,7790.7017,9006.182505182867,9857.01919435775
M10673,medium,Micro,1914-05-01,10033.0,10039.494507887128,7843.6997,8941.597107459189,9710.125385414996
M10673,medium,Micro,1914-06-01,10033.0,10039.494507887128,7843.6997,8941.597107459189,9710.125385414996
M10673,medium,Micro,1914-07-01,9923.0,10001.312042954292,7870.198,8935.755142570895,9681.6450216674
M10673,medium,Micro,1914-08-01,9923.0,10000.574001607412,7843.6997,8922.136854319331,9677.042955077239
M10673,medium,Micro,1914-09-01,9923.0,9986.482667588334,7817.2007,8901.841675591042,9661.090467645397
M10673,medium,Micro,1914-10-01,9960.0,10027.620095972825,7843.6997,8935.659901502037,9700.03213528784
M10673,medium,Micro,1914-11-01,9960.0,10020.488045410093,7817.2007,8918.844364501922,9689.995038793892
M10673,medium,Micro,1914-12-01,7666.0,10015.182302752093,7896.6973,8955.939784188547,9697.409596011155
M10673,medium,Micro,1915-01-01,9960.0,8286.64429825045,7843.6997,8065.17200264085,8220.202707223822
M10673,medium,Micro,1915-02-01,9989.0,10089.030509766591,7896.6973,8992.863887695796,9760.180571973478
M10673,medium,Micro,1915-03-01,9989.0,10158.563959628213,7870.198,9014.381100907856,9815.309150840232
M10673,medium,Micro,1915-04-01,9989.0,10060.98147622818,7870.198,8965.589859207841,9732.364039950204
M10673,medium,Micro,1915-05-01,9989.0,10107.034033070628,7764.2026,8935.618334894689,9755.609421274097
M10673,medium,Micro,1915-06-01,9989.0,10073.766696595749,7923.1963,8998.481492829123,9751.181184293888
M10673,medium,Micro,1915-07-01,9989.0,10107.034033070628,7923.1963,9015.115161066564,9779.458420297535
M10707,long_history,Micro,1924-01-01,1520.0,1543.1034669377025,1538.7417,1540.9225830782261,1542.4492109351331
M10707,long_history,Micro,1924-02-01,1520.0,1586.6237416418383,1538.7417,1562.682720430294,1579.4414444336485
M10707,long_history,Micro,1924-03-01,1530.0,1531.3244654308403,1544.1982,1537.76135380917,1533.2555410996129
M10707,long_history,Micro,1924-04-01,1520.0,1531.3244654308403,1549.6548,1540.489625293545,1534.0740225449254
M10707,long_history,Micro,1924-05-01,1520.0,1531.3244654308403,1544.1982,1537.76135380917,1533.2555410996129
M10707,long_history,Micro,1924-06-01,1530.0,1531.3244654308403,1555.1112,1543.2178357427638,1534.8924887314488
M10707,long_history,Micro,1924-07-01,1540.0,1531.3244654308403,1555.1112,1543.2178357427638,1534.8924887314488
M10707,long_history,Micro,1924-08-01,1550.0,1531.3244654308403,1560.5677,1545.9461072271388,1535.7109701767613
M10707,long_history,Micro,1924-09-01,1560.0,1531.3244654308403,1566.0244,1548.67443974667,1536.5294668808629
M10707,long_history,Micro,1924-10-01,1570.0,1531.3244654308403,1582.394,1556.859254199795,1538.9849112168004
M10707,long_history,Micro,1924-11-01,1620.0,1549.1673388345716,1598.7637,1573.9655053547858,1556.6067979459094
M10707,long_history,Micro,1924-12-01,1630.0,1648.436844610956,1626.0463,1637.2415546296968,1645.0782698236096
M10707,long_history,Micro,1925-01-01,1560.0,1639.656845764666,1593.3071,1616.4819873354581,1632.7043973911773
M10707,long_history,Micro,1925-02-01,1550.0,1586.6237416418383,1593.3071,1589.965435274044,1587.6262588867735
M10707,long_history,Micro,1925-03-01,1560.0,1531.3244654308403,1593.3071,1562.315797168545,1540.6218741074254
M10707,long_history,Micro,1925-04-01,1560.0,1531.3244654308403,1593.3071,1562.315797168545,1540.6218741074254
M10707,long_history,Micro,1925-05-01,1570.0,1531.3244654308403,1593.3071,1562.315797168545,1540.6218741074254
M10707,long_history,Micro,1925-06-01,1570.0,1531.3244654308403,1604.2201,1567.7722791021388,1542.2588217392613
M10908,short,Micro,1907-01-01,3500.0,3683.507925288767,3605.6938,3644.6008864725086,3671.835862472015
M10908,short,Micro,1907-02-01,3580.0,3584.1446945005664,3631.4487,3607.796712484658,3591.240336516888
M10908,short,Micro,1907-03-01,3570.0,3646.611179658981,3618.5713,3632.5912343607406,3642.4052082765406
M10908,short,Micro,1907-04-01,3550.0,3641.6960512010246,3631.4487,3636.5723908348873,3640.1589897122776
M10908,short,Micro,1907-05-01,3530.0,3641.6960512010246,3631.4487,3636.5723908348873,3640.1589897122776
M10908,short,Micro,1907-06-01,3610.0,3553.0997313571957,3657.2036,3605.1516723192226,3568.7153380598666
M10908,short,Micro,1907-07-01,3520.0,3594.9116054449382,3657.2036,3626.0576093630943,3604.2554310344476
M10908,short,Micro,1907-08-01,3560.0,3553.0997313571957,3657.2036,3605.1516723192226,3568.7153380598666
M10908,short,Micro,1907-09-01,3520.0,3553.0997313571957,3657.2036,3605.1516723192226,3568.7153380598666
M10908,short,Micro,1907-10-01,3520.0,3480.5195650497576,3682.9587,3581.739152642066,3510.885477948544
M10908,short,Micro,1907-11-01,3560.0,3480.5195650497576,3682.9587,3581.739152642066,3510.885477948544
M10908,short,Micro,1907-12-01,3520.0,3483.2356919991785,3682.9587,3583.0972161167765,3513.194185855552
M10908,short,Micro,1908-01-01,3500.0,3480.5195650497576,3657.2036,3568.8615891655036,3507.022196698544
M10908,short,Micro,1908-02-01,3560.0,3418.053079891343,3682.9587,3550.5059100628587,3457.788965563892
M10908,short,Micro,1908-03-01,3570.0,3480.5195650497576,3657.2036,3568.8615891655036,3507.022196698544
M10908,short,Micro,1908-04-01,3540.0,3480.5195650497576,3682.9587,3581.739152642066,3510.885477948544
M10908,short,Micro,1908-05-01,3510.0,3553.0997313571957,3644.3262,3598.7129516160976,3566.7836974348666
M10908,short,Micro,1908-06-01,3550.0,3480.5195650497576,3670.081,3575.3003098686286,3508.953837323544
M10966,medium,Micro,1922-01-01,2360.0,2381.5015160583935,2381.14,2381.3207043182592,2381.447278639869
M10966,medium,Micro,1922-02-01,2370.0,2388.8626125364085,2381.14,2385.0012525572665,2387.7042106461818
M10966,medium,Micro,1922-03-01,2380.0,2388.8626125364085,2389.959,2389.410798455704,2389.0270866227443
M10966,medium,Micro,1922-04-01,2390.0,2388.8626125364085,2407.5972,2398.229890252579,2391.672808058291
M10966,medium,Micro,1922-05-01,2400.0,2388.8626125364085,2442.873,2415.867829705704,2396.9641898942286
M10966,medium,Micro,1922-06-01,2420.0,2388.8626125364085,2460.5112,2424.686921502579,2399.6099113297755
M10966,medium,Micro,1922-07-01,2430.0,2388.8626125364085,2478.1494,2433.506013299454,2402.2556327653224
M10966,medium,Micro,1922-08-01,2440.0,2388.8626125364085,2460.5112,2424.686921502579,2399.6099113297755
M10966,medium,Micro,1922-09-01,2420.0,2388.8626125364085,2495.7874,2442.3249830260165,2404.901323683291
M10966,medium,Micro,1922-10-01,2430.0,2388.8626125364085,2504.6064,2446.734528924454,2406.2241996598536
M10966,medium,Micro,1922-11-01,2440.0,2388.8626125364085,2495.7874,2442.3249830260165,2404.901323683291
M10966,medium,Micro,1922-12-01,2440.0,2391.5787394858294,2495.7874,2443.683046500727,2407.210031590299
M10966,medium,Micro,1923-01-01,2390.0,2381.5015160583935,2495.7874,2438.6444347870092,2398.6443916769786
M10966,medium,Micro,1923-02-01,2430.0,2388.8626125364085,2495.7874,2442.3249830260165,2404.901323683291
M10966,medium,Micro,1923-03-01,2440.0,2388.8626125364085,2486.9683,2437.915437127579,2403.5784782243068
M10966,medium,Micro,1923-04-01,2420.0,2388.8626125364085,2478.1494,2433.506013299454,2402.2556327653224
M10966,medium,Micro,1923-05-01,2420.0,2388.8626125364085,2460.5112,2424.686921502579,2399.6099113297755
M10966,medium,Micro,1923-06-01,2430.0,2388.8626125364085,2451.6921,2420.2773756041415,2398.287065870791
M11035,long_history,Micro,1924-01-01,2340.0,2381.5015160583935,2317.7275,2349.6145275604467,2371.9354378195567
M11035,long_history,Micro,1924-02-01,2330.0,2388.8626125364085,2317.7275,2353.295075799454,2378.1923698258693
M11035,long_history,Micro,1924-03-01,2280.0,2388.8626125364085,2326.8167,2357.8396314635165,2379.5557426286036
M11035,long_history,Micro,1924-04-01,2280.0,2354.279712565136,2317.7275,2336.003625813818,2348.7969048502873
M11035,long_history,Micro,1924-05-01,2310.0,2354.279712565136,2326.8167,2340.5481814778805,2350.1602776530217
M11035,long_history,Micro,1924-06-01,2320.0,2388.8626125364085,2317.7275,2353.295075799454,2378.1923698258693
M11035,long_history,Micro,1924-07-01,2310.0,2388.8626125364085,2317.7275,2353.295075799454,2378.1923698258693
M11035,long_history,Micro,1924-08-01,2300.0,2388.8626125364085,2326.8167,2357.8396314635165,2379.5557426286036
M11035,long_history,Micro,1924-09-01,2330.0,2388.8626125364085,2344.9949,2366.9287427916415,2382.2824577164943
M11035,long_history,Micro,1924-10-01,2320.0,2388.8626125364085,2344.9949,2366.9287427916415,2382.2824577164943
M11035,long_history,Micro,1924-11-01,2340.0,2388.8626125364085,2363.173,2376.0178541197665,2385.009203321963
M11035,long_history,Micro,1924-12-01,2420.0,2391.5787394858294,2363.173,2377.375917594477,2387.317911228971
M11035,long_history,Micro,1925-01-01,2350.0,2386.41664451635,2363.173,2374.7948701097375,2382.9301305049134
M11035,long_history,Micro,1925-02-01,2330.0,2388.8626125364085,2326.8167,2357.8396314635165,2379.5557426286036
M11035,long_history,Micro,1925-03-01,2340.0,2388.8626125364085,2299.5493,2344.205964471329,2375.4656242204005
M11035,long_history,Micro,1925-04-01,2340.0,2388.8626125364085,2326.8167,2357.8396314635165,2379.5557426286036
M11035,long_history,Micro,1925-05-01,2350.0,2388.8626125364085,2335.9058,2362.384187127579,2380.91908491376
M11035,long_history,Micro,1925-06-01,2360.0,2388.8626125364085,2354.084,2371.473298455704,2383.6458305192286
M11083,long_history,Micro,1924-01-01,3580.0,3735.8952539283623,3651.792,3693.843623057931,3723.2797646672334
M11083,long_history,Micro,1924-02-01,3640.0,3694.0833798406197,3523.208,3608.64569382656,3668.452074036402
M11083,long_history,Micro,1924-03-01,3640.0,3688.423053746724,3574.6416,3631.532327654612,3671.3558847472154
M11083,long_history,Micro,1924-04-01,3690.0,3683.507925288767,3626.0752,3654.7915603006336,3674.893052413421
M11083,long_history,Micro,1924-05-01,3780.0,3720.2085306249596,3677.5088,3698.8586598437296,3713.8035938046537
M11083,long_history,Micro,1924-06-01,3860.0,3796.7316119965917,3728.9429,3762.837241545171,3786.5633008611658
M11083,long_history,Micro,1924-07-01,3940.0,3842.748733083877,3793.2349,3817.991798182564,3835.3216526134834
M11083,long_history,Micro,1924-08-01,4050.0,3914.41632434557,3844.6687,3879.5425127587223,3903.954193076547
M11083,long_history,Micro,1924-09-01,4050.0,4033.346484631098,3883.244,3958.2951905577365,4010.831145237215
M11083,long_history,Micro,1924-10-01,4050.0,4033.346484631098,3883.244,3958.2951905577365,4010.831145237215
M11083,long_history,Micro,1924-11-01,4050.0,4028.4313561731415,3844.6687,3936.5500286725082,4000.866970129983
M11083,long_history,Micro,1924-12-01,3920.0,4144.565989734864,3806.0933,3975.329625726807,4093.7950927394786
M11083,long_history,Micro,1925-01-01,3930.0,4179.632546107224,3741.8013,3960.716907819237,4113.957866827859
M11083,long_history,Micro,1925-02-01,3920.0,4189.389566186174,3690.3674,3939.8784989133997,4114.5362460043425
M11083,long_history,Micro,1925-03-01,4000.0,4140.772847260184,3728.9429,3934.857859176967,4078.9983508352193
M11083,long_history,Micro,1925-04-01,4050.0,4259.703007545712,3806.0933,4032.898134632231,4191.6615578787
M11083,long_history,Micro,1925-05-01,4130.0,4264.618136003669,3831.81,4048.2140972987095,4199.696961013275
M11083,long_history,Micro,1925-06-01,4180.0,4326.819246185094,3908.9607,4117.8899697722345,4264.140475468268
M11165,long_history,Micro,1924-01-01,1310.0,1347.3950809863343,1286.1307,1316.762909145511,1338.205435537603
M11165,long_history,Micro,1924-02-01,1260.0,1392.8608728586162,1241.1611,1317.011002835558,1370.1059210069723
M11165,long_history,Micro,1924-03-01,1270.0,1258.1931637278515,1250.155,1254.1740965123631,1256.987443563205
M11165,long_history,Micro,1924-04-01,1270.0,1266.2411468773869,1241.1611,1253.7011398449436,1262.4791539229275
M11165,long_history,Micro,1924-05-01,1280.0,1266.2411468773869,1268.1428,1267.191984571506,1266.526410392654
M11165,long_history,Micro,1924-06-01,1310.0,1266.2411468773869,1281.6338,1273.9374679699436,1268.5500462569119
M11165,long_history,Micro,1924-07-01,1290.0,1335.616079479472,1268.1428,1301.8794508725487,1325.4951031044263
M11165,long_history,Micro,1924-08-01,1280.0,1266.2411468773869,1272.6399,1269.440519727756,1267.200970939529
M11165,long_history,Micro,1924-09-01,1260.0,1266.2411468773869,1250.155,1258.198088087131,1263.8282292403103
M11165,long_history,Micro,1924-10-01,1290.0,1266.2411468773869,1277.1368,1271.6889938488498,1267.875500968826
M11165,long_history,Micro,1924-11-01,1350.0,1266.2411468773869,1349.0883,1307.6647018566623,1278.668225578201
M11165,long_history,Micro,1924-12-01,1400.0,1338.332206428893,1389.5608,1363.946498722259,1346.0165032721764
M11165,long_history,Micro,1925-01-01,1310.0,1409.5550028234354,1286.1307,1347.8428700640616,1391.041369099139
M11165,long_history,Micro,1925-02-01,1260.0,1392.8608728586162,1232.1672,1312.5140545933705,1368.7568304308004
M11165,long_history,Micro,1925-03-01,1270.0,1271.156275335344,1250.155,1260.6556523161094,1268.0060884295738
M11165,long_history,Micro,1925-04-01,1260.0,1266.2411468773869,1245.6581,1255.9496139660373,1263.1536992110134
M11165,long_history,Micro,1925-05-01,1280.0,1266.2411468773869,1268.1428,1267.191984571506,1266.526410392654
M11165,long_history,Micro,1925-06-01,1290.0,1266.2411468773869,1299.6217,1282.9314254894748,1271.2482426680447
M11344,short,Micro,1911-01-01,2060.0,2063.3540132478092,2070.828,2067.090947053592,2064.4751178036067
M11344,short,Micro,1911-02-01,2120.0,2068.3627215273054,2061.745,2065.0539193574027,2067.370093083366
M11344,short,Micro,1911-03-01,2160.0,2058.0653407693753,2061.745,2059.9052289784377,2058.6173194391254
M11344,short,Micro,1911-04-01,2170.0,2111.875016524295,2061.745,2086.8100668558973,2104.355543830807
M11344,short,Micro,1911-05-01,2210.0,2111.875016524295,2079.9104,2095.89270845746,2107.080336311276
M11344,short,Micro,1911-06-01,2240.0,2180.497620094739,2079.9104,2130.2040102426818,2165.4095493461537
M11344,short,Micro,1911-07-01,2270.0,2180.497620094739,2088.993,2134.7452700083068,2166.77191506881
M11344,short,Micro,1911-08-01,2300.0,2180.497620094739,2107.1582,2143.8279116098693,2169.4967075492787
M11344,short,Micro,1911-09-01,2330.0,2252.635242011323,2079.9104,2166.2728212009742,2226.72652797525
M11344,short,Micro,1911-10-01,2390.0,2344.2118822257567,2098.0757,2221.143782909753,2307.291464637987
M11344,short,Micro,1911-11-01,2380.0,2344.2118822257567,2088.993,2216.6024010738156,2305.9290378801743
M11344,short,Micro,1911-12-01,2380.0,2391.5787394858294,2079.9104,2235.744569938227,2344.82850082858
M11344,short,Micro,1912-01-01,2340.0,2381.5015160583935,2070.828,2226.1646984588842,2334.9004951926036
M11344,short,Micro,1912-02-01,2380.0,2388.8626125364085,2079.9104,2234.3865064635165,2342.5197929215724
M11344,short,Micro,1912-03-01,2410.0,2388.8626125364085,2098.0757,2243.469148065079,2345.244585402041
M11344,short,Micro,1912-04-01,2440.0,2388.8626125364085,2098.0757,2243.469148065079,2345.244585402041
M11344,short,Micro,1912-05-01,2460.0,2388.8626125364085,2098.0757,2243.469148065079,2345.244585402041
M11344,short,Micro,1912-06-01,2480.0,2501.8838087919057,2098.0757,2299.979746192828,2441.3126022192137
M11349,long_history,Micro,1924-01-01,6420.0,6422.9510901639105,6560.9976,6491.974324378831,6443.658084842449
M11349,long_history,Micro,1924-02-01,6430.0,6444.361662891128,6583.779,6514.070235742439,6465.274246953553
M11349,long_history,Micro,1924-03-01,6430.0,6420.052418185098,6583.779,6501.915613389424,6444.611388953427
M11349,long_history,Micro,1924-04-01,6450.0,6415.137289727141,6606.56,6510.848674160446,6443.85076609229
M11349,long_history,Micro,1924-05-01,6440.0,6415.137289727141,6606.56,6510.848674160446,6443.85076609229
M11349,long_history,Micro,1924-06-01,6430.0,6415.137289727141,6583.779,6499.458049160446,6440.433529764165
M11349,long_history,Micro,1924-07-01,6470.0,6364.530152774024,6606.56,6485.5451056838865,6400.834699682139
M11349,long_history,Micro,1924-08-01,6520.0,6426.653293408736,6583.779,6505.216051001244,6450.22213289352
M11349,long_history,Micro,1924-09-01,6540.0,6477.260430361854,6560.9976,6519.128994477802,6489.821024010701
M11349,long_history,Micro,1924-10-01,6580.0,6548.566051510429,6606.56,6577.563055052089,6557.265213608084
M11349,long_history,Micro,1924-11-01,6700.0,6642.927671310401,6652.122,6647.5248708114505,6644.3068799888415
M11349,long_history,Micro,1924-12-01,6810.0,6699.399241958277,6743.247,6721.323156135389,6705.976477246568
M11349,long_history,Micro,1925-01-01,6710.0,6747.405473665923,6743.247,6745.326271989212,6746.781774198066
M11349,long_history,Micro,1925-02-01,6690.0,6667.82136736905,6743.247,6705.534218840775,6679.135283845724
M11349,long_history,Micro,1925-03-01,6720.0,6673.179220318572,6697.6846,6685.431895315536,6676.855047231725
M11349,long_history,Micro,1925-04-01,6690.0,6668.264091860616,6720.466,6694.364956086558,6676.09436333543
M11349,long_history,Micro,1925-05-01,6650.0,6668.264091860616,6697.6846,6682.974331086558,6672.677188042461
M11349,long_history,Micro,1925-06-01,6650.0,6668.264091860616,6652.122,6660.193081086558,6665.842837456524
M11353,long_history,Micro,1924-01-01,4481.0,4546.31040410065,4463.2485,4504.77946962845,4533.851148173053
M11353,long_history,Micro,1924-02-01,4530.0,4400.02094896635,4502.63,4451.325415889425,4415.4123378713975
M11353,long_history,Micro,1924-03-01,4565.0,4572.883927779678,4528.885,4550.884346702339,4566.284102284601
M11353,long_history,Micro,1924-04-01,4582.0,4572.883927779678,4515.7573,4544.320625999214,4564.314986073664
M11353,long_history,Micro,1924-05-01,4570.0,4572.883927779678,4515.7573,4544.320625999214,4564.314986073664
M11353,long_history,Micro,1924-06-01,4536.0,4572.883927779678,4489.503,4531.193428733589,4560.376814686945
M11353,long_history,Micro,1924-07-01,4494.0,4572.883927779678,4450.121,4511.502510764839,4554.469527089289
M11353,long_history,Micro,1924-08-01,4517.0,4407.5259626663465,4463.2485,4435.387248911298,4415.884372953895
M11353,long_history,Micro,1924-09-01,4530.0,4572.883927779678,4489.503,4531.193428733589,4560.376814686945
M11353,long_history,Micro,1924-10-01,4611.0,4572.883927779678,4515.7573,4544.320625999214,4564.314986073664
M11353,long_history,Micro,1924-11-01,4710.0,4577.799056237634,4594.5205,4586.159782025067,4580.3072983879265
M11353,long_history,Micro,1924-12-01,4762.0,4622.079852697612,4647.0293,4634.554574786306,4625.822318152346
M11353,long_history,Micro,1925-01-01,4686.0,4809.389704904828,4594.5205,4701.955106358664,4777.159349755042
M11353,long_history,Micro,1925-02-01,4728.0,4977.465292156386,4633.9023,4805.683817953193,4925.930886516522
M11353,long_history,Micro,1925-03-01,4759.0,4984.970305856382,4673.284,4829.127242771941,4938.217435759175
M11353,long_history,Micro,1925-04-01,4763.0,4984.970305856382,4660.1567,4822.563522068816,4936.248319548237
M11353,long_history,Micro,1925-05-01,4749.0,4984.970305856382,4647.0293,4815.999801365691,4934.2792033373
M11353,long_history,Micro,1925-06-01,4711.0,4984.970305856382,4620.775,4802.872604100066,4930.341031950581
M11472,cold_start,Micro,1905-01-01,2399.0,2381.5015160583935,2381.0037,2381.2525890838842,2381.4268623801036
M11472,cold_start,Micro,1905-02-01,2357.0,2388.8626125364085,2390.4897,2389.676179315079,2389.1067069840724
M11472,cold_start,Micro,1905-03-01,2315.0,2388.8626125364085,2409.462,2399.162263299454,2391.952532179385
M11472,cold_start,Micro,1905-04-01,2361.0,2388.8626125364085,2418.948,2403.9053052916415,2393.375444777041
M11472,cold_start,Micro,1905-05-01,2308.0,2388.8626125364085,2466.3784,2427.620515252579,2400.4900077653224
M11472,cold_start,Micro,1905-06-01,2324.0,2388.8626125364085,2475.8645,2432.3635572447665,2401.9129203629786
M11472,cold_start,Micro,1905-07-01,2379.0,2388.8626125364085,2485.3506,2437.106599236954,2403.335832960635
M11472,cold_start,Micro,1905-08-01,2360.0,2388.8626125364085,2494.8367,2441.8496412291415,2404.758745558291
M11472,cold_start,Micro,1905-09-01,2370.0,2388.8626125364085,2532.7808,2460.821687127579,2410.45033491376
M11472,cold_start,Micro,1905-10-01,2357.0,2388.8626125364085,2627.6416,2508.252107049454,2424.6794914079005
M11472,cold_start,Micro,1905-11-01,2361.0,2388.8626125364085,2675.0718,2531.967194940079,2431.7939933610255
M11472,cold_start,Micro,1905-12-01,2386.0,2391.5787394858294,2731.9883,2561.7835103679145,2442.640176853971
M11472,cold_start,Micro,1906-01-01,2423.0,2381.5015160583935,2864.7935,2623.1474865448217,2453.995313307838
M11472,cold_start,Micro,1906-02-01,2356.0,2388.8626125364085,2817.363,2603.1128248228915,2453.1376823258693
M11472,cold_start,Micro,1906-03-01,2325.0,2388.8626125364085,2836.3352,2612.5989088072665,2455.9835075211818
M11472,cold_start,Micro,1906-04-01,2314.0,2388.8626125364085,2826.849,2607.855866815079,2454.5605949235255
M11472,cold_start,Micro,1906-05-01,2303.0,2388.8626125364085,2845.8213,2617.341950799454,2457.406420118838
M11472,cold_start,Micro,1906-06-01,2367.0,2388.8626125364085,2788.9048,2588.883698846329,2448.8689445329005
M11572,long_history,Micro,1924-01-01,1950.0,2024.9120285533252,1946.3629,1985.637471796194,2013.129661526186
M11572,long_history,Micro,1924-02-01,1920.0,2013.133027046463,1938.9623,1976.0476536599504,2002.0074333410562
M11572,long_history,Micro,1924-03-01,1920.0,1929.6281012610286,1938.9623,1934.2951907672332,1931.028246423437
M11572,long_history,Micro,1924-04-01,1960.0,1929.6281012610286,1953.7635,1941.6958255328582,1933.2484307496088
M11572,long_history,Micro,1924-05-01,1960.0,2013.133027046463,1983.366,1998.249496921669,2008.6679863195718
M11572,long_history,Micro,1924-06-01,1980.0,2013.133027046463,2012.9684,2013.0507054177629,2013.1083549719156
M11572,long_history,Micro,1924-07-01,2000.0,2013.133027046463,2005.5679,2009.3504490701066,2011.9982780676187
M11572,long_history,Micro,1924-08-01,2020.0,2013.133027046463,2012.9684,2013.0507054177629,2013.1083549719156
M11572,long_history,Micro,1924-09-01,1990.0,2030.2487560482675,2012.9684,2021.6085699186651,2027.6567246234495
M11572,long_history,Micro,1924-10-01,2000.0,2030.2487560482675,2012.9684,2021.6085699186651,2027.6567246234495
M11572,long_history,Micro,1924-11-01,2020.0,2013.133027046463,2042.5709,2027.8519749490129,2017.5487236242593
M11572,long_history,Micro,1924-12-01,2050.0,2032.9648829976884,2079.574,2056.269428803532,2039.9562467394417
M11572,long_history,Micro,1925-01-01,2000.0,2042.0277575551295,2027.7697,2034.898705437721,2039.8890602304539
M11572,long_history,Micro,1925-02-01,2000.0,2030.2487560482675,2012.9684,2021.6085699186651,2027.6567246234495
M11572,long_history,Micro,1925-03-01,2000.0,2030.2487560482675,1998.1672,2014.2079961881964,2025.4365402972776
M11572,long_history,Micro,1925-04-01,2010.0,2084.0877724115508,1998.1672,2041.1275043698379,2071.1997042060684
M11572,long_history,Micro,1925-05-01,2010.0,2030.2487560482675,2027.7697,2029.0092046842901,2029.8769089496213
M11572,long_history,Micro,1925-06-01,2020.0,2030.2487560482675,2042.5709,2036.4098394499151,2032.0970932757932
M11613,long_history,Micro,1924-01-01,8584.0,8621.798916261689,8530.507,8576.152876099593,8608.105128627125
M11613,long_history,Micro,1924-02-01,8536.0,8558.32962684124,8471.676,8515.002704045619,8545.331647658804
M11613,long_history,Micro,1924-03-01,8590.0,8577.955861855893,8530.507,8554.231348896697,8570.838532382197
M11613,long_history,Micro,1924-04-01,8676.0,8573.040733397936,8530.507,8551.77378466772,8566.660673192935
M11613,long_history,Micro,1924-05-01,8719.0,8646.358235596103,8589.338,8617.848063110552,8637.805257092627
M11613,long_history,Micro,1924-06-01,8718.0,8646.358235596103,8589.338,8617.848063110552,8637.805257092627
M11613,long_history,Micro,1924-07-01,8750.0,8641.443107138146,8618.754,8630.098506694074,8638.039751418986
M11613,long_history,Micro,1924-08-01,8776.0,8684.11379989619,8648.169,8666.141372604345,8678.722071708637
M11613,long_history,Micro,1924-09-01,8758.0,8770.004336803722,8648.169,8709.086641058111,8751.72902808004
M11613,long_history,Micro,1924-10-01,8888.0,8684.11379989619,8707.0,8695.556899948095,8687.546778739887
M11613,long_history,Micro,1924-11-01,9095.0,8817.590158019722,8824.662,8821.126133697362,8818.650975137078
M11613,long_history,Micro,1924-12-01,9202.0,9105.491540366816,8883.493,8994.492352214658,9072.191857163358
M11613,long_history,Micro,1925-01-01,8872.0,9167.617558216461,8765.831,8966.72430645198,9107.349680343368
M11613,long_history,Micro,1925-02-01,8841.0,8818.031543552917,8707.0,8762.51577177646,8801.376860848106
M11613,long_history,Micro,1925-03-01,8884.0,8817.590158019722,8707.0,8762.295079009862,8801.00168314489
M11613,long_history,Micro,1925-04-01,8942.0,8825.161686724858,8736.416,8780.78885117493,8811.849836059879
M11613,long_history,Micro,1925-05-01,8992.0,8961.382833130541,8765.831,8863.60694390902,8932.050164020337
M11613,long_history,Micro,1925-06-01,9026.0,8981.45045367839,8765.831,8873.640754182945,8949.107641486007
M11766,short,Micro,1909-01-01,1740.0,1789.2329066344134,1763.529,1776.3809796843943,1785.3773285494078
M11766,short,Micro,1909-02-01,1750.0,1699.0644121326566,1738.6906,1718.8774819452346,1705.0083391799458
M11766,short,Micro,1909-03-01,1770.0,1777.4539051275513,1738.6906,1758.072228442682,1771.6394082256063
M11766,short,Micro,1909-04-01,1800.0,1777.4539051275513,1738.6906,1758.072228442682,1771.6394082256063
M11766,short,Micro,1909-05-01,1840.0,1777.4539051275513,1751.1097,1764.2818231692445,1773.5022927470907
M11766,short,Micro,1909-06-01,1860.0,1801.8058918129602,1751.1097,1776.4578165119487,1794.2014814296883
M11766,short,Micro,1909-07-01,1860.0,1801.8058918129602,1763.529,1782.6674722736675,1796.0643659511727
M11766,short,Micro,1909-08-01,1840.0,1801.8058918129602,1757.3193,1779.56261387523,1795.1329084316415
M11766,short,Micro,1909-09-01,1840.0,1801.8058918129602,1763.529,1782.6674722736675,1796.0643659511727
M11766,short,Micro,1909-10-01,1860.0,1801.8058918129602,1763.529,1782.6674722736675,1796.0643659511727
M11766,short,Micro,1909-11-01,1850.0,1801.8058918129602,1757.3193,1779.56261387523,1795.1329084316415
M11766,short,Micro,1909-12-01,1860.0,1804.522018762381,1751.1097,1777.8158799866592,1796.510189336696
M11766,short,Micro,1910-01-01,1870.0,1813.5848933198224,1732.481,1773.032925175536,1801.4193211870836
M11766,short,Micro,1910-02-01,1870.0,1801.8058918129602,1738.6906,1770.2482217853862,1792.338596908204
M11766,short,Micro,1910-03-01,1870.0,1801.8058918129602,1738.6906,1770.2482217853862,1792.338596908204
M11766,short,Micro,1910-04-01,1870.0,1801.8058918129602,1738.6906,1770.2482217853862,1792.338596908204
M11766,short,Micro,1910-05-01,1870.0,1812.5440017780875,1738.6906,1775.61727676795,1801.465990378562
M11766,short,Micro,1910-06-01,1870.0,1812.5440017780875,1751.1097,1781.8268714945125,1803.3288749000465
M11916,long_history,Micro,1924-01-01,8480.0,8621.798916261689,8515.789,8568.793989380843,8605.897487025562
M11916,long_history,Micro,1924-02-01,8430.0,8552.05853694344,8515.789,8533.92379972172,8546.61816460505
M11916,long_history,Micro,1924-03-01,8440.0,8440.224251759846,8621.575,8530.899723536173,8467.42694212087
M11916,long_history,Micro,1924-04-01,8560.0,8477.979816059933,8674.468,8576.223794748716,8507.45300966657
M11916,long_history,Micro,1924-05-01,8660.0,8620.626554613937,8780.254,8700.440230431968,8644.570657359347
M11916,long_history,Micro,1924-06-01,8790.0,8689.028928354146,8886.04,8787.534483708323,8718.5805949604
M11916,long_history,Micro,1924-07-01,8730.0,8817.590158019722,8833.147,8825.368809478612,8819.923802285515
M11916,long_history,Micro,1924-08-01,8610.0,8689.028928354146,8859.594,8774.311339177073,8714.613676015088
M11916,long_history,Micro,1924-09-01,8680.0,8689.028928354146,8833.147,8761.088194645823,8710.646757069775
M11916,long_history,Micro,1924-10-01,8760.0,8689.028928354146,8886.04,8787.534483708323,8718.5805949604
M11916,long_history,Micro,1924-11-01,8850.0,8817.590158019722,8938.934,8878.261875884862,8835.79172220739
M11916,long_history,Micro,1924-12-01,8910.0,8818.973760654431,8991.826,8905.399966264715,8844.901622337518
M11916,long_history,Micro,1925-01-01,8670.0,8621.798916261689,8727.361,8674.580122193343,8637.633326869312
M11916,long_history,Micro,1925-02-01,8560.0,8626.732000581449,8727.361,8677.046664353224,8641.826448541107
M11916,long_history,Micro,1925-03-01,8660.0,8577.955861855893,8780.254,8679.104884052947,8608.30056851501
M11916,long_history,Micro,1925-04-01,8750.0,8689.028928354146,8886.04,8787.534483708323,8718.5805949604
M11916,long_history,Micro,1925-05-01,8870.0,8689.028928354146,8965.38,8827.204405583323,8730.481595936963
M11916,long_history,Micro,1925-06-01,8980.0,8830.076815182814,9097.612,8963.844559935158,8870.207138608519
M11951,long_history,Micro,1924-01-01,8400.0,8355.100563621212,8474.781,8414.940906810607,8373.052764234282
M11951,long_history,Micro,1924-02-01,8400.0,8386.53291502983,8441.416,8413.974465327414,8394.765380119105
M11951,long_history,Micro,1924-03-01,8420.0,8427.233225558577,8474.781,8451.00723777929,8434.365526881042
M11951,long_history,Micro,1924-04-01,8430.0,8427.233225558577,8474.781,8451.00723777929,8434.365526881042
M11951,long_history,Micro,1924-05-01,8520.0,8427.233225558577,8508.146,8467.68985496679,8439.37028762323
M11951,long_history,Micro,1924-06-01,8580.0,8548.174502481135,8541.512,8544.843110615568,8547.175133749592
M11951,long_history,Micro,1924-07-01,8510.0,8548.174502481135,8541.512,8544.843110615568,8547.175133749592
M11951,long_history,Micro,1924-08-01,8540.0,8536.988284125378,8608.242,8572.61523581269,8547.676369631572
M11951,long_history,Micro,1924-09-01,8480.0,8543.259374023179,8608.242,8575.75078076159,8553.006796044701
M11951,long_history,Micro,1924-10-01,8480.0,8536.988284125378,8608.242,8572.61523581269,8547.676369631572
M11951,long_history,Micro,1924-11-01,8510.0,8536.988284125378,8608.242,8572.61523581269,8547.676369631572
M11951,long_history,Micro,1924-12-01,8560.0,8544.642976657888,8574.877,8559.759964891444,8549.178097542019
M11951,long_history,Micro,1925-01-01,8450.0,8369.064749509096,8541.512,8455.288234129548,8394.931843723358
M11951,long_history,Micro,1925-02-01,8470.0,8501.20310205459,8508.146,8504.674793214795,8502.24468264484
M11951,long_history,Micro,1925-03-01,8490.0,8541.903412583335,8508.146,8525.024948479168,8536.839946594273
M11951,long_history,Micro,1925-04-01,8550.0,8566.769643500136,8541.512,8554.140681125067,8562.981003615741
M11951,long_history,Micro,1925-05-01,8620.0,8615.71142615598,8541.512,8578.61157245299,8604.581518873209
M11951,long_history,Micro,1925-06-01,8680.0,8689.028928354146,8541.512,8615.270323552073,8666.90139574165
M12075,long_history,Micro,1924-01-01,5330.0,5457.293902065294,5358.6987,5407.996316267022,5442.504687360969
M12075,long_history,Micro,1924-02-01,5370.0,5361.657692249019,5341.2437,5351.450672296385,5358.595622884323
M12075,long_history,Micro,1924-03-01,5380.0,5426.945980330818,5376.154,5401.549894462284,5419.327178984321
M12075,long_history,Micro,1924-04-01,5450.0,5375.630824810608,5445.974,5410.8024729521785,5386.182380288236
M12075,long_history,Micro,1924-05-01,5500.0,5442.382527140025,5533.249,5487.815775288762,5456.0125137916775
M12075,long_history,Micro,1924-06-01,5490.0,5447.297655597981,5550.704,5499.00087858024,5462.8086591137535
M12075,long_history,Micro,1924-07-01,5450.0,5442.382527140025,5515.794,5479.088236226262,5453.394288694021
M12075,long_history,Micro,1924-08-01,5480.0,5442.382527140025,5550.704,5496.543314351262,5458.63079992449
M12075,long_history,Micro,1924-09-01,5520.0,5488.782554202278,5550.704,5519.743327882389,5498.070822927406
M12075,long_history,Micro,1924-10-01,5540.0,5488.782554202278,5585.6143,5537.198406007389,5503.307334157875
M12075,long_history,Micro,1924-11-01,5580.0,5488.782554202278,5585.6143,5537.198406007389,5503.307334157875
M12075,long_history,Micro,1924-12-01,5570.0,5556.083408200514,5620.525,5588.3041552721315,5565.7496933571565
M12075,long_history,Micro,1925-01-01,5390.0,5457.293902065294,5498.339,5477.816384626397,5463.450671247688
M12075,long_history,Micro,1925-02-01,5460.0,5419.440966630822,5480.8843,5450.162621987286,5428.657512065886
M12075,long_history,Micro,1925-03-01,5500.0,5493.697682660235,5498.339,5496.0182749238675,5494.393884753387
M12075,long_history,Micro,1925-04-01,5580.0,5493.697682660235,5550.704,5522.2008921113675,5502.2486821166685
M12075,long_history,Micro,1925-05-01,5600.0,5558.28240970905,5603.0693,5580.675872823274,5565.000497471443
M12075,long_history,Micro,1925-06-01,5570.0,5558.28240970905,5637.98,5598.131195088899,5570.237069737068
M12146,short,Micro,1907-01-01,2306.0,2381.5015160583935,2297.5728,2339.5371349823217,2368.9122139426036
M12146,short,Micro,1907-02-01,2380.0,2388.8626125364085,2306.0508,2347.456696893204,2376.440843946963
M12146,short,Micro,1907-03-01,2354.0,2388.8626125364085,2306.0508,2347.456696893204,2376.440843946963
M12146,short,Micro,1907-04-01,2317.0,2388.8626125364085,2297.5728,2343.217683221329,2375.169145948916
M12146,short,Micro,1907-05-01,2311.0,2388.8626125364085,2289.0945,2338.9785474791415,2373.897417433291
M12146,short,Micro,1907-06-01,2327.0,2388.8626125364085,2289.0945,2338.9785474791415,2373.897417433291
M12146,short,Micro,1907-07-01,2292.0,2388.8626125364085,2289.0945,2338.9785474791415,2373.897417433291
M12146,short,Micro,1907-08-01,2298.0,2388.8626125364085,2297.5728,2343.217683221329,2375.169145948916
M12146,short,Micro,1907-09-01,2306.0,2388.8626125364085,2255.1821,2322.022370721329,2368.8105644059474
M12146,short,Micro,1907-10-01,2323.0,2388.8626125364085,2272.1382,2330.500398065079,2371.353960402041
M12146,short,Micro,1907-11-01,2358.0,2388.8626125364085,2272.1382,2330.500398065079,2371.353960402041
M12146,short,Micro,1907-12-01,2308.0,2391.5787394858294,2255.1821,2323.3804341960395,2371.119272312955
M12146,short,Micro,1908-01-01,2334.0,2381.5015160583935,2255.1821,2318.3418224823217,2362.553632399635
M12146,short,Micro,1908-02-01,2393.0,2388.8626125364085,2272.1382,2330.500398065079,2371.353960402041
M12146,short,Micro,1908-03-01,2408.0,2388.8626125364085,2255.1821,2322.022370721329,2368.8105644059474
M12146,short,Micro,1908-04-01,2337.0,2388.8626125364085,2255.1821,2322.022370721329,2368.8105644059474
M12146,short,Micro,1908-05-01,2381.0,2388.8626125364085,2255.1821,2322.022370721329,2368.8105644059474
M12146,short,Micro,1908-06-01,2375.0,2388.8626125364085,2255.1821,2322.022370721329,2368.8105644059474
M12170,long_history,Micro,1924-01-01,4550.0,4731.967022425776,4535.2666,4633.616811994138,4702.46200812441
M12170,long_history,Micro,1924-02-01,4560.0,4655.103686264838,4535.2666,4595.185143913669,4637.128172387613
M12170,long_history,Micro,1924-03-01,4580.0,4662.608699964834,4550.039,4606.323881232417,4645.72325434511
M12170,long_history,Micro,1924-04-01,4680.0,4657.693571506878,4609.1304,4633.411971300314,4650.40910365194
M12170,long_history,Micro,1924-05-01,4780.0,4704.173369475391,4668.2217,4686.197524581446,4698.780640421271
M12170,long_history,Micro,1924-06-01,4820.0,4704.173369475391,4727.313,4715.743178878321,4707.644348917364
M12170,long_history,Micro,1924-07-01,4830.0,4782.277731461824,4756.8594,4769.568553230913,4778.465002406614
M12170,long_history,Micro,1924-08-01,4900.0,4777.362603003868,4771.6323,4774.497463611309,4776.503085600163
M12170,long_history,Micro,1924-09-01,4820.0,4864.414281034531,4771.6323,4818.0233026266405,4850.497011926227
M12170,long_history,Micro,1924-10-01,4800.0,4777.362603003868,4712.54,4744.951321033184,4767.639255033757
M12170,long_history,Micro,1924-11-01,4720.0,4782.277731461824,4682.9946,4732.636180184038,4767.385290492552
M12170,long_history,Micro,1924-12-01,4710.0,4771.086929970138,4668.2217,4719.654304828819,4755.6571668418055
M12170,long_history,Micro,1925-01-01,4600.0,4953.481653719397,4550.039,4751.760358109699,4892.965265036488
M12170,long_history,Micro,1925-02-01,4650.0,4876.618317558459,4520.4937,4698.555984951105,4823.199666604378
M12170,long_history,Micro,1925-03-01,4700.0,4970.505068346319,4564.812,4767.658540032535,4909.651109852184
M12170,long_history,Micro,1925-04-01,4770.0,4965.589939888362,4609.1304,4787.3601554910565,4912.121016776202
M12170,long_history,Micro,1925-05-01,4850.0,5034.702501891645,4697.7676,4866.235040008322,4984.162287740711
M12170,long_history,Micro,1925-06-01,4880.0,5048.609430332752,4742.086,4895.347683916376,5002.630943028933
M12201,short,Micro,1907-01-01,6972.0,6819.125074723923,6937.5303,6878.327674080711,6836.88595218721
M12201,short,Micro,1907-02-01,7014.0,6890.939449283164,6937.5303,6914.234861360332,6897.928170562565
M12201,short,Micro,1907-03-01,7066.1,7015.917679807282,6937.5303,6976.723976622391,7004.159666508065
M12201,short,Micro,1907-04-01,7046.3,7015.917679807282,6937.5303,6976.723976622391,7004.159666508065
M12201,short,Micro,1907-05-01,6938.8,7015.917679807282,6937.5303,6976.723976622391,7004.159666508065
M12201,short,Micro,1907-06-01,7035.8,6951.517668237725,6937.5303,6944.523970837612,6949.419656673942
M12201,short,Micro,1907-07-01,6947.2,7020.832808265239,6963.036,6991.934470538869,7012.163331361391
M12201,short,Micro,1907-08-01,7033.2,6951.517668237725,6937.5303,6944.523970837612,6949.419656673942
M12201,short,Micro,1907-09-01,6950.5,7015.917679807282,6963.036,6989.476906309891,7007.985472172128
M12201,short,Micro,1907-10-01,6917.9,6946.602539779768,6963.036,6954.819336296134,6949.067603148741
M12201,short,Micro,1907-11-01,7038.9,6925.354318268829,6937.5303,6931.442295853165,6927.18080920038
M12201,short,Micro,1907-12-01,6988.0,7023.54893521466,6963.036,6993.29253401358,7014.4720392683985
M12201,short,Micro,1908-01-01,7080.1,6829.491799453163,7014.047,6921.769337226582,6857.175085199252
M12201,short,Micro,1908-02-01,7180.8,7059.9984138203135,7014.047,7037.022644410157,7053.10570741133
M12201,short,Micro,1908-03-01,7297.9,7105.613852807016,6988.5415,7047.0776783566325,7088.053024885964
M12201,short,Micro,1908-04-01,7214.4,7351.4958615946525,7039.5527,7195.524297984826,7304.704465753893
M12201,short,Micro,1908-05-01,7207.7,7266.714817052876,7014.047,7140.380846026438,7228.814650159008
M12201,short,Micro,1908-06-01,7216.1,7346.580733136696,6988.5415,7167.561118521473,7292.874873166193
M12262,medium,Micro,1922-01-01,1770.0,1995.1385438153252,1792.8619,1894.0002411459438,1964.797053014511
M12262,medium,Micro,1922-02-01,1630.0,1824.181194473319,1720.926,1772.553609931972,1808.6929313179464
M12262,medium,Micro,1922-03-01,1620.0,1674.9878328049012,1704.3254,1689.6566361290131,1679.3884768538928
M12262,medium,Micro,1922-04-01,1600.0,1650.6358461194923,1704.3254,1677.4806427863086,1658.6892881712952
M12262,medium,Micro,1922-05-01,1630.0,1645.7207176615352,1704.3254,1675.02307855733,1654.5114289820317
M12262,medium,Micro,1922-06-01,1640.0,1645.7207176615352,1748.5936,1697.1571727956114,1661.1516725123051
M12262,medium,Micro,1922-07-01,1620.0,1645.7207176615352,1748.5936,1697.1571727956114,1661.1516725123051
M12262,medium,Micro,1922-08-01,1620.0,1645.7207176615352,1731.993,1688.8568798268614,1658.6615907251958
M12262,medium,Micro,1922-09-01,1610.0,1645.7207176615352,1720.926,1683.32337152608,1657.0015260279301
M12262,medium,Micro,1922-10-01,1660.0,1645.7207176615352,1787.3284,1716.52454340108,1666.9618836939458
M12262,medium,Micro,1922-11-01,1820.0,1656.4588276266625,1920.1328,1788.2958200633311,1696.009931461179
M12262,medium,Micro,1922-12-01,1900.0,1802.3135995284842,2019.7363,1911.0249638267421,1834.9270088179617
M12262,medium,Micro,1923-01-01,1670.0,1911.6336180298908,1820.5295,1866.081579522758,1897.9680125812667
M12262,medium,Micro,1923-02-01,1580.0,1745.7917014784243,1715.3925,1730.592078766556,1741.231814664864
M12262,medium,Micro,1923-03-01,1600.0,1609.3817435035266,1720.926,1665.1538844470758,1626.1133979936228
M12262,medium,Micro,1923-04-01,1600.0,1645.7207176615352,1720.926,1683.32337152608,1657.0015260279301
M12262,medium,Micro,1923-05-01,1590.0,1645.7207176615352,1709.8589,1677.7898021901426,1655.3414613306645
M12262,medium,Micro,1923-06-01,1630.0,1645.7207176615352,1737.5266,1691.62366449483,1659.4916078150395
M12336,long_history,Micro,1924-01-01,2750.0,2781.61020025803,2780.9336,2781.271897004015,2781.5087153853415
M12336,long_history,Micro,1924-02-01,2750.0,2743.9120235863666,2762.5168,2753.214434644746,2746.702753007396
M12336,long_history,Micro,1924-03-01,2760.0,2743.9120235863666,2780.9336,2762.4228086681833,2749.4652652144273
M12336,long_history,Micro,1924-04-01,2800.0,2743.9120235863666,2780.9336,2762.4228086681833,2749.4652652144273
M12336,long_history,Micro,1924-05-01,2830.0,2781.61020025803,2780.9336,2781.271897004015,2781.5087153853415
M12336,long_history,Micro,1924-06-01,2800.0,2781.61020025803,2799.3503,2790.4802710274525,2784.2712275923727
M12336,long_history,Micro,1924-07-01,2820.0,2781.61020025803,2799.3503,2790.4802710274525,2784.2712275923727
M12336,long_history,Micro,1924-08-01,2840.0,2781.61020025803,2799.3503,2790.4802710274525,2784.2712275923727
M12336,long_history,Micro,1924-09-01,2830.0,2781.61020025803,2799.3503,2790.4802710274525,2784.2712275923727
M12336,long_history,Micro,1924-10-01,2870.0,2781.61020025803,2817.767,2799.68864505089,2787.033739799404
M12336,long_history,Micro,1924-11-01,2880.0,2809.7039804668198,2817.767,2813.735535155285,2810.9134529768753
M12336,long_history,Micro,1924-12-01,2870.0,2812.4201074162406,2817.767,2815.0935986299955,2813.2221608838827
M12336,long_history,Micro,1925-01-01,2830.0,2809.7039804668198,2799.3503,2804.5271611318476,2808.150940769844
M12336,long_history,Micro,1925-02-01,2830.0,2781.61020025803,2817.767,2799.68864505089,2787.033739799404
M12336,long_history,Micro,1925-03-01,2830.0,2781.61020025803,2799.3503,2790.4802710274525,2784.2712275923727
M12336,long_history,Micro,1925-04-01,2860.0,2835.449216621312,2780.9336,2808.191405185656,2827.2718792941314
M12336,long_history,Micro,1925-05-01,2870.0,2809.7039804668198,2799.3503,2804.5271611318476,2808.150940769844
M12336,long_history,Micro,1925-06-01,2840.0,2809.7039804668198,2808.5586,2809.13128710841,2809.5321968733597
M12457,short,Micro,1907-01-01,2425.0,2381.5015160583935,2433.1777,2407.3396252166967,2389.2529732199473
M12457,short,Micro,1907-02-01,2503.0,2388.8626125364085,2415.9211,2402.3918775572665,2392.9214042496974
M12457,short,Micro,1907-03-01,2483.0,2501.8838087919057,2433.1777,2467.530771583453,2491.5779220434324
M12457,short,Micro,1907-04-01,2451.0,2501.8838087919057,2407.293,2454.588388770953,2487.695201096167
M12457,short,Micro,1907-05-01,2449.0,2501.8838087919057,2407.293,2454.588388770953,2487.695201096167
M12457,short,Micro,1907-06-01,2478.0,2501.8838087919057,2398.6648,2450.2743018568904,2486.4009811254637
M12457,short,Micro,1907-07-01,2424.0,2565.7907350358164,2407.293,2486.541851892908,2542.0160884034913
M12457,short,Micro,1907-08-01,2433.0,2452.769538780319,2398.6648,2425.7171668510973,2444.653851615615
M12457,short,Micro,1907-09-01,2418.0,2388.8626125364085,2398.6648,2393.7637037291415,2390.332964308291
M12457,short,Micro,1907-10-01,2418.0,2388.8626125364085,2398.6646,2393.763581658829,2390.332903273135
M12457,short,Micro,1907-11-01,2517.0,2388.8626125364085,2398.6648,2393.7637037291415,2390.332964308291
M12457,short,Micro,1907-12-01,2470.0,2509.515064199283,2407.293,2458.4040164746416,2494.1817681924376
M12457,short,Micro,1908-01-01,2497.0,2494.5227123138907,2415.9211,2455.2219274460076,2482.7324890605573
M12457,short,Micro,1908-02-01,2540.0,2565.7907350358164,2424.5493,2495.170025721033,2544.6045283448975
M12457,short,Micro,1908-03-01,2527.0,2565.7907350358164,2424.5493,2495.170025721033,2544.6045283448975
M12457,short,Micro,1908-04-01,2522.0,2565.7907350358164,2433.1777,2499.484234705408,2545.898809350757
M12457,short,Micro,1908-05-01,2541.0,2565.7907350358164,2450.4343,2508.1125306038457,2548.4872798097413
M12457,short,Micro,1908-06-01,2520.0,2565.7907350358164,2450.4343,2508.1125306038457,2548.4872798097413
M12554,short,Micro,1907-01-01,7496.6,7647.020490844626,7725.7773,7686.398917297312,7658.834116436683
M12554,short,Micro,1907-02-01,7667.5,7559.107743284152,7725.7773,7642.442543517076,7584.10828101028
M12554,short,Micro,1907-03-01,7569.0,7780.332724129398,7752.6025,7766.46763159595,7776.173196369365
M12554,short,Micro,1907-04-01,7483.3,7540.105909099784,7779.428,7659.767065878017,7576.0043293754425
M12554,short,Micro,1907-05-01,7397.2,7486.559957528479,7752.6025,7619.58124829549,7526.466344758583
M12554,short,Micro,1907-06-01,7459.6,7532.896209001412,7779.428,7656.162215828831,7569.8760842918255
M12554,short,Micro,1907-07-01,7466.4,7463.308471478429,7752.6025,7607.9555052704645,7506.70258161604
M12554,short,Micro,1907-08-01,7508.9,7527.981080543455,7752.6025,7640.291809802978,7561.674299321313
M12554,short,Micro,1907-09-01,7566.8,7535.190780641828,7698.951,7617.070976258414,7559.754936983054
M12554,short,Micro,1907-10-01,7554.8,7527.981080543455,7725.7773,7626.879212146728,7557.650617680688
M12554,short,Micro,1907-11-01,7669.5,7535.190780641828,7725.7773,7630.484062195914,7563.778862764304
M12554,short,Micro,1907-12-01,7607.7,7776.860759168187,7779.428,7778.144490912218,7777.245951933584
M12554,short,Micro,1908-01-01,7595.2,7575.297888687719,7725.7773,7650.5376162188595,7597.869904603312
M12554,short,Micro,1908-02-01,7804.9,7505.617127606803,7725.7773,7615.697235678401,7538.641257684533
M12554,short,Micro,1908-03-01,7774.0,7715.660115064374,7698.951,7707.305643469686,7713.153871242218
M12554,short,Micro,1908-04-01,7732.3,7697.323757472281,7725.7773,7711.55055061114,7701.591893070189
M12554,short,Micro,1908-05-01,7767.9,7710.744986606417,7698.951,7704.848079240708,7708.976012052955
M12554,short,Micro,1908-06-01,7804.9,7710.744986606417,7725.7773,7718.261165178208,7712.999937834205
M12568,long_history,Micro,1924-01-01,3850.0,4122.920055527555,3839.5068,3981.2134457325274,4080.4080725890467
M12568,long_history,Micro,1924-02-01,3810.0,3979.309924983839,3823.4421,3901.3760318278573,3955.929793658139
M12568,long_history,Micro,1924-03-01,3850.0,3868.3992032582846,3855.5718,3861.9854903010173,3866.4751381992296
M12568,long_history,Micro,1924-04-01,3890.0,3909.5011958876134,3855.5718,3882.5364866156815,3901.411831934159
M12568,long_history,Micro,1924-05-01,3890.0,3919.258215966564,3887.7017,3903.4799380614068,3914.5247570090796
M12568,long_history,Micro,1924-06-01,3900.0,3919.258215966564,3887.7017,3903.4799380614068,3914.5247570090796
M12568,long_history,Micro,1924-07-01,3870.0,3909.5011958876134,3887.7017,3898.6014280219315,3906.2312899419717
M12568,long_history,Micro,1924-08-01,3880.0,3909.5011958876134,3919.8315,3914.6663694281815,3911.050747949784
M12568,long_history,Micro,1924-09-01,3870.0,3909.5011958876134,3887.7017,3898.6014280219315,3906.2312899419717
M12568,long_history,Micro,1924-10-01,3950.0,3909.5011958876134,3935.8965,3922.6988401313065,3913.4605379888467
M12568,long_history,Micro,1924-11-01,4100.0,3909.5011958876134,4080.4802,3994.990710248494,3935.148099024003
M12568,long_history,Micro,1924-12-01,4140.0,4036.062611580519,4160.8047,4098.4336495402595,4054.773947382504
M12568,long_history,Micro,1925-01-01,3870.0,4379.071280692963,3919.8315,4149.451411830856,4310.185320034332
M12568,long_history,Micro,1925-02-01,3850.0,4200.82455627746,3871.6367,4036.23063751373,4151.446417269435
M12568,long_history,Micro,1925-03-01,3860.0,4179.632546107224,3919.8315,4049.732044537987,4140.662395636453
M12568,long_history,Micro,1925-04-01,3900.0,4131.015827181233,3935.8965,4033.4561557781167,4101.747974588424
M12568,long_history,Micro,1925-05-01,3950.0,4140.772847260184,3951.9612,4046.3670144504044,4112.451109624282
M12568,long_history,Micro,1925-06-01,3960.0,4140.772847260184,3951.9612,4046.3670144504044,4112.451109624282
M12589,cold_start,Micro,1905-01-01,6197.8,6406.41430278866,6387.764,6397.089231472455,6403.616830221924
M12589,cold_start,Micro,1905-02-01,6279.8,6419.529503851158,6387.764,6403.646832003704,6414.764751125047
M12589,cold_start,Micro,1905-03-01,6389.3,6366.83618305382,6460.3525,6413.59436105816,6380.863673076216
M12589,cold_start,Micro,1905-04-01,6283.9,6304.062063414099,6436.1562,6370.109156707049,6323.876215816047
M12589,cold_start,Micro,1905-05-01,6428.0,6300.411161984242,6508.744,6404.577651304621,6331.66113319442
M12589,cold_start,Micro,1905-06-01,6400.8,6369.4452812319805,6387.764,6378.604720694115,6372.193161898746
M12589,cold_start,Micro,1905-07-01,6487.3,6486.477439254675,6387.764,6437.120799705463,6471.6704962180365
M12589,cold_start,Micro,1905-08-01,6389.4,6477.260430361854,6339.372,6408.316250337177,6456.577188561482
M12589,cold_start,Micro,1905-09-01,6626.6,6486.477439254675,6339.372,6412.924754783588,6464.41164612038
M12589,cold_start,Micro,1905-10-01,6656.5,6525.096685199103,6339.372,6432.234377755802,6497.238005173144
M12589,cold_start,Micro,1905-11-01,6790.4,6696.6831150088565,6411.96,6554.321537973178,6653.9746541051845
M12589,cold_start,Micro,1905-12-01,6881.4,6750.704338075922,6363.5684,6557.136348725461,6692.633965684847
M12589,cold_start,Micro,1906-01-01,7114.9,6662.0109390256275,6363.5684,6512.789649200314,6617.244576492097
M12589,cold_start,Micro,1906-02-01,7245.2,6856.271288438055,6508.744,6682.507714531528,6804.14224068016
M12589,cold_start,Micro,1906-03-01,7287.0,7168.301889884876,6387.764,6778.0330250205625,7051.2212792537075
M12589,cold_start,Micro,1906-04-01,7239.4,7215.307795572756,6411.96,6813.633878255128,7094.805632584499
M12589,cold_start,Micro,1906-05-01,7560.0,7210.392667114799,6436.1562,6823.2744585574,7094.257228961643
M12589,cold_start,Micro,1906-06-01,7693.0,7215.307795572756,6411.96,6813.633878255128,7094.805632584499
M12611,long_history,Micro,1924-01-01,2320.0,2381.5015160583935,2334.5564,2358.0289562713842,2374.4597603293223
M12611,long_history,Micro,1924-02-01,2320.0,2388.8626125364085,2319.4949,2354.1787427916415,2378.457476027041
M12611,long_history,Micro,1924-03-01,2330.0,2388.8626125364085,2319.4949,2354.1787427916415,2378.457476027041
M12611,long_history,Micro,1924-04-01,2330.0,2388.8626125364085,2334.5564,2361.7095045103915,2380.716692335635
M12611,long_history,Micro,1924-05-01,2340.0,2388.8626125364085,2334.5564,2361.7095045103915,2380.716692335635
M12611,long_history,Micro,1924-06-01,2350.0,2388.8626125364085,2349.6182,2369.240388299454,2382.975969679385
M12611,long_history,Micro,1924-07-01,2370.0,2388.8626125364085,2364.6797,2376.771150018204,2385.2351859879786
M12611,long_history,Micro,1924-08-01,2390.0,2388.8626125364085,2372.2104,2380.536530877579,2386.3647941422755
M12611,long_history,Micro,1924-09-01,2410.0,2388.8626125364085,2387.2722,2388.0674146666415,2388.6240714860255
M12611,long_history,Micro,1924-10-01,2400.0,2388.8626125364085,2394.803,2391.8327955260165,2389.7536796403224
M12611,long_history,Micro,1924-11-01,2410.0,2388.8626125364085,2372.2104,2380.536530877579,2386.3647941422755
M12611,long_history,Micro,1924-12-01,2420.0,2391.5787394858294,2379.7415,2385.660097281977,2389.8031712387365
M12611,long_history,Micro,1925-01-01,2350.0,2381.5015160583935,2364.6797,2373.0906017791967,2378.978253981666
M12611,long_history,Micro,1925-02-01,2390.0,2388.8626125364085,2349.6182,2369.240388299454,2382.975969679385
M12611,long_history,Micro,1925-03-01,2400.0,2388.8626125364085,2372.2104,2380.536530877579,2386.3647941422755
M12611,long_history,Micro,1925-04-01,2390.0,2388.8626125364085,2372.2104,2380.536530877579,2386.3647941422755
M12611,long_history,Micro,1925-05-01,2440.0,2388.8626125364085,2379.7415,2384.3020338072665,2387.4944633317286
M12611,long_history,Micro,1925-06-01,2440.0,2388.8626125364085,2394.803,2391.8327955260165,2389.7536796403224
M12864,short,Micro,1907-01-01,10020.8,9884.570542360767,9831.908,9858.239372742883,9876.671215889466
M12864,short,Micro,1907-02-01,9995.5,10029.565451740149,9897.02,9963.292491495075,10009.683612494753
M12864,short,Micro,1907-03-01,10092.1,10043.656785759227,9962.131,10002.893822567114,10031.427970043782
M12864,short,Micro,1907-04-01,10009.4,10017.254688960218,9962.131,9989.692774167608,10008.986187764624
M12864,short,Micro,1907-05-01,9855.6,10022.169817418175,9962.131,9992.150338396586,10013.164046953887
M12864,short,Micro,1907-06-01,10109.3,9884.778449797648,9962.131,9923.454654586323,9896.381384476439
M12864,short,Micro,1907-07-01,10217.1,10008.078483399097,9929.575,9968.8268393558,9996.302990186108
M12864,short,Micro,1907-08-01,10419.4,10181.42071645156,9929.575,10055.49795588203,10143.643888280702
M12864,short,Micro,1907-09-01,10320.5,10402.668935769103,10059.799,10231.233881947051,10351.238444036551
M12864,short,Micro,1907-10-01,10564.6,10237.553692888965,10059.799,10148.676260506982,10210.890487588435
M12864,short,Micro,1907-11-01,10609.9,10604.504851243519,10059.799,10332.151839684258,10522.798972189805
M12864,short,Micro,1907-12-01,10752.9,10585.10777456644,10092.3545,10338.73113337697,10511.19487986585
M12864,short,Micro,1908-01-01,10667.3,10275.76517681157,10190.023,10232.894307155784,10262.903940328899
M12864,short,Micro,1908-02-01,10871.7,10654.599278611791,10092.3545,10373.476885399647,10570.262658304398
M12864,short,Micro,1908-03-01,10315.0,10778.628976895268,9994.6875,10386.658238447635,10661.03775536098
M12864,short,Micro,1908-04-01,10558.4,10295.781848949353,9897.02,10096.400690099676,10235.967550122576
M12864,short,Micro,1908-05-01,10352.5,10578.10275444451,9897.02,10237.561142847255,10475.940319793459
M12864,short,Micro,1908-06-01,10803.4,10421.515940135614,9897.02,10159.267735692807,10342.841527630899
M12919,long_history,Micro,1924-01-01,5460.0,5457.293902065294,5547.432,5502.363015485772,5470.814684919563
M12919,long_history,Micro,1924-02-01,5500.0,5486.192668960239,5583.928,5535.060445808244,5500.853063049797
M12919,long_history,Micro,1924-03-01,5510.0,5488.782554202278,5565.68,5527.231364991764,5500.317221853187
M12919,long_history,Micro,1924-04-01,5590.0,5488.782554202278,5565.68,5527.231364991764,5500.317221853187
M12919,long_history,Micro,1924-05-01,5610.0,5553.367281251093,5602.1763,5577.771775391171,5560.688666114211
M12919,long_history,Micro,1924-06-01,5590.0,5630.144253332395,5602.1763,5616.160261431823,5625.949092383317
M12919,long_history,Micro,1924-07-01,5600.0,5553.367281251093,5620.4243,5586.895798828671,5563.425848731398
M12919,long_history,Micro,1924-08-01,5610.0,5553.367281251093,5620.4243,5586.895798828671,5563.425848731398
M12919,long_history,Micro,1924-09-01,5600.0,5625.229124874439,5656.921,5641.075011655969,5629.98290311593
M12919,long_history,Micro,1924-10-01,5610.0,5553.367281251093,5638.673,5596.020066406796,5566.163153418898
M12919,long_history,Micro,1924-11-01,5630.0,5658.601934913658,5656.921,5657.761416675579,5658.349791649266
M12919,long_history,Micro,1924-12-01,5670.0,5722.665597204007,5583.928,5653.296909930128,5701.855052057001
M12919,long_history,Micro,1925-01-01,5570.0,5688.460818117602,5583.928,5636.194520386925,5672.780989833555
M12919,long_history,Micro,1925-02-01,5590.0,5575.99788588243,5656.921,5616.459392159964,5588.136349972722
M12919,long_history,Micro,1925-03-01,5590.0,5558.28240970905,5620.4243,5589.353363057649,5567.603707920662
M12919,long_history,Micro,1925-04-01,5620.0,5586.740091290312,5675.169,5630.954518301406,5600.004468221766
M12919,long_history,Micro,1925-05-01,5640.0,5694.288608615227,5675.169,5684.728776963863,5691.420707947943
M12919,long_history,Micro,1925-06-01,5630.0,5753.322280293805,5675.169,5714.245612803153,5741.599328874735
M13045,long_history,Micro,1924-01-01,3650.0,3755.1158782024427,3730.1226,3742.6192183980966,3751.366929089264
M13045,long_history,Micro,1924-02-01,3680.0,3730.9801254704057,3717.8926,3724.4363517977026,3729.0170055756266
M13045,long_history,Micro,1924-03-01,3640.0,3730.9801254704057,3717.8926,3724.4363517977026,3729.0170055756266
M13045,long_history,Micro,1924-04-01,3670.0,3683.507925288767,3717.8926,3700.7002517068836,3688.6656354212337
M13045,long_history,Micro,1924-05-01,3680.0,3683.507925288767,3681.203,3682.355403074071,3683.1622174524837
M13045,long_history,Micro,1924-06-01,3680.0,3683.507925288767,3681.203,3682.355403074071,3683.1622174524837
M13045,long_history,Micro,1924-07-01,3700.0,3730.9801254704057,3693.4329,3712.206493399265,3725.3480602631266
M13045,long_history,Micro,1924-08-01,3710.0,3730.9801254704057,3693.4329,3712.206493399265,3725.3480602631266
M13045,long_history,Micro,1924-09-01,3690.0,3755.1158782024427,3705.6626,3730.3892379293466,3747.6979227416077
M13045,long_history,Micro,1924-10-01,3710.0,3730.9801254704057,3717.8926,3724.4363517977026,3729.0170055756266
M13045,long_history,Micro,1924-11-01,3770.0,3755.1158782024427,3681.203,3718.159379530909,3744.0289774291077
M13045,long_history,Micro,1924-12-01,3750.0,3757.8320051518635,3705.6626,3731.747301404057,3750.0066306486156
M13045,long_history,Micro,1925-01-01,3730.0,3976.630509496064,3717.8926,3847.261543810532,3937.819831997436
M13045,long_history,Micro,1925-02-01,3750.0,3976.630509496064,3705.6626,3841.146553576157,3935.985359341186
M13045,long_history,Micro,1925-03-01,3700.0,4013.3311148322564,3717.8926,3865.611846478628,3969.0153465331996
M13045,long_history,Micro,1925-04-01,3720.0,3989.1953621002194,3717.8926,3853.5439701126097,3948.499956710968
M13045,long_history,Micro,1925-05-01,3770.0,4013.3311148322564,3742.3523,3877.8417048770657,3972.6842918456996
M13045,long_history,Micro,1925-06-01,3810.0,4013.3311148322564,3705.6626,3859.496856244253,3967.1808738769496
M13140,short,Micro,1907-01-01,2340.0,2381.5015160583935,2345.2507,2363.3761242401342,2376.063916823463
M13140,short,Micro,1907-02-01,2354.0,2388.8626125364085,2345.2507,2367.0566724791415,2382.3208488297755
M13140,short,Micro,1907-03-01,2359.0,2388.8626125364085,2378.2825,2383.5725416197665,2387.275591261416
M13140,short,Micro,1907-04-01,2366.0,2388.8626125364085,2378.2825,2383.5725416197665,2387.275591261416
M13140,short,Micro,1907-05-01,2335.0,2388.8626125364085,2353.5085,2371.1855787291415,2383.559526808291
M13140,short,Micro,1907-06-01,2340.0,2388.8626125364085,2345.2507,2367.0566724791415,2382.3208488297755
M13140,short,Micro,1907-07-01,2347.0,2388.8626125364085,2336.9927,2362.927644158829,2381.0821403336818
M13140,short,Micro,1907-08-01,2347.0,2388.8626125364085,2320.477,2354.669831658829,2378.6047843766505
M13140,short,Micro,1907-09-01,2356.0,2388.8626125364085,2328.7349,2358.798737908829,2379.843462355166
M13140,short,Micro,1907-10-01,2359.0,2388.8626125364085,2336.9927,2362.927644158829,2381.0821403336818
M13140,short,Micro,1907-11-01,2434.0,2388.8626125364085,2345.2507,2367.0566724791415,2382.3208488297755
M13140,short,Micro,1907-12-01,2366.0,2391.5787394858294,2353.5085,2372.543642203852,2385.868234715299
M13140,short,Micro,1908-01-01,2400.0,2381.5015160583935,2361.7664,2371.6339367401342,2378.541242262916
M13140,short,Micro,1908-02-01,2408.0,2388.8626125364085,2353.5085,2371.1855787291415,2383.559526808291
M13140,short,Micro,1908-03-01,2413.0,2388.8626125364085,2336.9927,2362.927644158829,2381.0821403336818
M13140,short,Micro,1908-04-01,2414.0,2388.8626125364085,2320.477,2354.669831658829,2378.6047843766505
M13140,short,Micro,1908-05-01,2390.0,2388.8626125364085,2295.7031,2342.282868768204,2374.8886894059474
M13140,short,Micro,1908-06-01,2381.0,2388.8626125364085,2303.961,2346.411775018204,2376.127367384463
M1319,long_history,Macro,1924-01-01,3340.0,3385.300649237351,3304.9282,3345.1144359468008,3373.244809664249
M1319,long_history,Macro,1924-02-01,3357.0,3316.92922975796,3304.9282,3310.928726207105,3315.1291031067663
M1319,long_history,Macro,1924-03-01,3370.0,3343.583337872039,3315.5894,3329.5863466703945,3339.384246615062
M1319,long_history,Macro,1924-04-01,3417.0,3376.3357685260307,3368.8945,3372.6151498880154,3375.219601245173
M1319,long_history,Macro,1924-05-01,3471.0,3418.053079891343,3390.2166,3404.1348163128587,3413.877619128345
M1319,long_history,Macro,1924-06-01,3486.0,3418.053079891343,3422.2002,3420.126637601921,3418.675196032642
M1319,long_history,Macro,1924-07-01,3439.0,3418.053079891343,3411.5388,3414.7959491253587,3417.0759528685794
M1319,long_history,Macro,1924-08-01,3467.0,3418.053079891343,3411.5388,3414.7959491253587,3417.0759528685794
M1319,long_history,Macro,1924-09-01,3456.0,3418.053079891343,3411.5388,3414.7959491253587,3417.0759528685794
M1319,long_history,Macro,1924-10-01,3464.0,3418.053079891343,3432.8613,3425.457204008171,3420.274317126392
M1319,long_history,Macro,1924-11-01,3476.0,3418.053079891343,3454.1833,3436.1182147503587,3423.472620349048
M1319,long_history,Macro,1924-12-01,3480.0,3420.7692068407637,3443.5225,3432.1458338891316,3424.1822071623055
M1319,long_history,Macro,1925-01-01,3395.0,3418.053079891343,3390.2166,3404.1348163128587,3413.877619128345
M1319,long_history,Macro,1925-02-01,3410.0,3418.053079891343,3379.5557,3398.804371976921,3412.278498034595
M1319,long_history,Macro,1925-03-01,3424.0,3418.053079891343,3400.8777,3409.4653827191087,3415.4768012572513
M1319,long_history,Macro,1925-04-01,3462.0,3418.053079891343,3443.5225,3430.787770414421,3421.873499255298
M1319,long_history,Macro,1925-05-01,3528.0,3418.053079891343,3475.5054,3446.779225492546,3426.6709235717044
M1319,long_history,Macro,1925-06-01,3547.0,3485.434693507714,3507.4885,3496.4616094491694,3488.7427804971826
M13221,long_history,Micro,1924-01-01,1173.0,1233.777734353686,1174.4613,1204.1195190323117,1224.8802789125473
M13221,long_history,Micro,1924-02-01,1156.0,1142.0048313053326,1166.012,1154.0083970979788,1145.6059010431266
M13221,long_history,Micro,1924-03-01,1164.0,1142.0048313053326,1166.012,1154.0083970979788,1145.6059010431266
M13221,long_history,Micro,1924-04-01,1171.0,1142.0048313053326,1170.2366,1156.1207017854788,1146.2395985528922
M13221,long_history,Micro,1924-05-01,1185.0,1142.0048313053326,1174.4613,1158.233067508135,1146.8733113214469
M13221,long_history,Micro,1924-06-01,1197.0,1186.2505372042692,1187.1355,1186.693017625572,1186.383284382418
M13221,long_history,Micro,1924-07-01,1201.0,1221.9987328468237,1191.3601,1206.6794201343494,1217.402948188355
M13221,long_history,Micro,1924-08-01,1209.0,1221.9987328468237,1199.8094,1210.9040905445056,1218.6703432078862
M13221,long_history,Micro,1924-09-01,1214.0,1221.9987328468237,1199.8094,1210.9040905445056,1218.6703432078862
M13221,long_history,Micro,1924-10-01,1219.0,1221.9987328468237,1199.8094,1210.9040905445056,1218.6703432078862
M13221,long_history,Micro,1924-11-01,1244.0,1237.7111822028273,1208.2588,1222.9849856326637,1233.2933354388097
M13221,long_history,Micro,1924-12-01,1276.0,1240.4273091522482,1220.9329,1230.6800852401866,1237.5031511339032
M13221,long_history,Micro,1925-01-01,1230.0,1233.777734353686,1199.8094,1216.7935912979367,1228.6824944887192
M13221,long_history,Micro,1925-02-01,1218.0,1221.9987328468237,1170.2366,1196.1176525562244,1214.2344148631596
M13221,long_history,Micro,1925-03-01,1217.0,1237.5655859138908,1166.012,1201.7887744022578,1226.832542460401
M13221,long_history,Micro,1925-04-01,1230.0,1221.9987328468237,1174.4613,1198.2300182788806,1214.8681276317143
M13221,long_history,Micro,1925-05-01,1241.0,1221.9987328468237,1178.686,1200.3423840015369,1215.501840400269
M13221,long_history,Micro,1925-06-01,1251.0,1250.6742938103198,1191.3601,1221.0172006160974,1241.7771750073266
M13238,short,Micro,1907-01-01,1934.0,1934.916773739463,1910.4894,1922.7030768111376,1931.2526829715125
M13238,short,Micro,1907-02-01,1963.0,1923.1377722326008,1923.1836,1923.1606829913003,1923.1446454602108
M13238,short,Micro,1907-03-01,1930.0,2006.6426980180352,1916.8365,1961.7396229347987,1993.1717754930644
M13238,short,Micro,1907-04-01,1933.0,1923.1377722326008,1923.1836,1923.1606829913003,1923.1446454602108
M13238,short,Micro,1907-05-01,1917.0,1923.1377722326008,1929.5308,1926.3342669756753,1924.0967328625545
M13238,short,Micro,1907-06-01,1913.0,1923.1377722326008,1929.5308,1926.3342669756753,1924.0967328625545
M13238,short,Micro,1907-07-01,1930.0,1923.1377722326008,1929.5308,1926.3342669756753,1924.0967328625545
M13238,short,Micro,1907-08-01,1923.0,1923.1377722326008,1935.8779,1929.5078509600503,1925.0488202648983
M13238,short,Micro,1907-09-01,1936.0,1923.1377722326008,1942.2251,1932.6814349444253,1926.000877149664
M13238,short,Micro,1907-10-01,1945.0,1923.1377722326008,1942.2251,1932.6814349444253,1926.000877149664
M13238,short,Micro,1907-11-01,1940.0,2006.6426980180352,1954.9193,1980.7810047707362,1998.8842083543925
M13238,short,Micro,1907-12-01,1927.0,1925.8538991820217,1948.5723,1937.2130824035107,1929.2616724590155
M13238,short,Micro,1908-01-01,1981.0,1941.4071027678908,1961.2665,1951.3367911300393,1944.3860092765356
M13238,short,Micro,1908-02-01,1986.0,2013.133027046463,1954.9193,1984.0261692849504,2004.4009880285562
M13238,short,Micro,1908-03-01,1971.0,2013.133027046463,1967.6136,1990.3733372537004,2006.3051323156656
M13238,short,Micro,1908-04-01,1950.0,2013.133027046463,1954.9193,1984.0261692849504,2004.4009880285562
M13238,short,Micro,1908-05-01,1950.0,2006.6426980180352,1961.2665,1983.9545887551112,1999.8362652391581
M13238,short,Micro,1908-06-01,1945.0,2006.6426980180352,1967.6136,1987.1281727394862,2000.788352641502
M13381,short,Micro,1907-01-01,9285.4,9423.582954646996,9413.781,9418.682102323499,9422.112772192135
M13381,short,Micro,1907-02-01,9464.4,9411.553220418498,9413.781,9412.66723520925,9411.887498097913
M13381,short,Micro,1907-03-01,9576.0,9568.079467789581,9348.407,9458.243347176041,9535.128656019582
M13381,short,Micro,1907-04-01,9595.8,9719.065755282461,9413.781,9566.423502641232,9673.273152732281
M13381,short,Micro,1907-05-01,9679.8,9649.949346871703,9381.094,9515.521548435852,9609.621007340947
M13381,short,Micro,1907-06-01,9767.5,9665.888058284558,9413.781,9539.83465414228,9628.072110284062
M13381,short,Micro,1907-07-01,9683.1,9665.888058284558,9413.781,9539.83465414228,9628.072110284062
M13381,short,Micro,1907-08-01,9807.2,9660.972929826601,9413.781,9537.377089913301,9623.8942510948
M13381,short,Micro,1907-09-01,9953.3,9711.179370268494,9479.155,9595.167321852998,9676.375755743846
M13381,short,Micro,1907-10-01,9910.1,9829.681522704093,9479.155,9654.418398070797,9777.102585314105
M13381,short,Micro,1907-11-01,9979.4,9909.730971722127,9511.842,9710.786384298564,9850.04769315131
M13381,short,Micro,1907-12-01,10065.4,9932.432975583555,9479.155,9705.794124510528,9864.441320261647
M13381,short,Micro,1908-01-01,9849.3,9703.883694940809,9413.781,9558.832472470403,9660.368401441876
M13381,short,Micro,1908-02-01,9762.9,9798.909321626017,9446.469,9622.689035813008,9746.043260296177
M13381,short,Micro,1908-03-01,9844.0,9784.817987606939,9413.781,9599.29961880347,9729.162550208086
M13381,short,Micro,1908-04-01,9966.2,9727.044921122324,9348.407,9537.726073842412,9670.249291352413
M13381,short,Micro,1908-05-01,10069.6,9955.220545372438,9413.781,9684.50089768622,9874.004724308761
M13381,short,Micro,1908-06-01,9922.7,10022.169817418175,9413.781,9717.975533709086,9930.911605547637
M13754,cold_start,Micro,1904-05-01,3370.0,3462.8874139196505,3480.2341,3471.5607723895127,3465.489458081703
M13754,cold_start,Micro,1904-06-01,3376.0,3389.3846256761026,3480.2341,3434.809378267739,3403.0120880746877
M13754,cold_start,Micro,1904-07-01,3338.0,3384.469497218146,3465.853,3425.161262280948,3396.6770633580804
M13754,cold_start,Micro,1904-08-01,3387.0,3357.815389104067,3480.2341,3419.024759981721,3376.1782369884572
M13754,cold_start,Micro,1904-09-01,3393.0,3376.3357685260307,3494.6152,3435.4755014505154,3394.07772502447
M13754,cold_start,Micro,1904-10-01,3653.0,3418.053079891343,3480.2344,3449.143727445671,3427.380274157642
M13754,cold_start,Micro,1904-11-01,3447.0,3527.246567595457,3494.6152,3510.9309009852286,3522.3519042334824
M13754,cold_start,Micro,1904-12-01,3400.0,3425.6843352987203,3480.2341,3452.9592330790474,3433.8668412539128
M13754,cold_start,Micro,1905-01-01,3743.0,3422.9682083492994,3494.6152,3458.7917213621495,3433.7152988742487
M13754,cold_start,Micro,1905-02-01,3648.0,3551.3823203274937,3508.9966,3530.1894511793716,3545.0244595830577
M13754,cold_start,Micro,1905-03-01,3662.0,3599.826733902895,3494.6152,3547.2209841389476,3584.045045594805
M13754,cold_start,Micro,1905-04-01,2274.0,3735.8952539283623,3494.6152,3615.255244151681,3699.703287616452
M13754,cold_start,Micro,1905-05-01,3005.0,2627.62462267696,3508.9966,3068.310602354105,2759.8304165801037
M13754,cold_start,Micro,1905-06-01,2923.0,3170.795291957338,3523.3777,3347.0864887521066,3223.682650995769
M13754,cold_start,Micro,1905-07-01,3140.0,3050.316674725998,3494.6152,3272.465954550499,3116.961495294442
M13754,cold_start,Micro,1905-08-01,3017.0,3151.5373171965493,3465.853,3308.6951722701497,3198.6847103397236
M13754,cold_start,Micro,1905-09-01,2946.0,3151.5373171965493,3494.6152,3323.0762757857747,3202.999041394411
M13754,cold_start,Micro,1905-10-01,3103.0,3055.0196195214867,3508.9966,3282.0081007763683,3123.1161638979515
M13792,medium,Micro,1916-05-01,4107.953,4006.821738626061,3922.5054,3964.663554859905,3994.1743323243395
M13792,medium,Micro,1916-06-01,4038.971,4132.816428533694,3980.4734,4056.6449086027847,4109.965009175516
M13792,medium,Micro,1916-07-01,3981.297,4082.050308443555,3970.812,4026.4311600811525,4065.364588348897
M13792,medium,Micro,1916-08-01,4060.209,3985.6297284558254,3970.812,3978.220870087288,3983.407095359327
M13792,medium,Micro,1916-09-01,4116.084,4055.943169815363,3999.7961,4027.869656196744,4047.5211157297776
M13792,medium,Micro,1916-10-01,4138.885,4114.9256797626285,4019.1187,4067.0221660531893,4100.554625649797
M13792,medium,Micro,1916-11-01,4239.392,4175.596175425646,3999.7961,4087.6961590018855,4149.226170498518
M13792,medium,Micro,1916-12-01,4451.817,4246.732738190162,4038.4414,4142.587072220082,4215.489062813201
M13792,medium,Micro,1917-01-01,4470.855,4370.718211054095,4067.4255,4219.071874081736,4325.224309962387
M13792,medium,Micro,1917-02-01,4520.085,4384.0518006672,4154.378,4269.21486517735,4349.6007688483705
M13792,medium,Micro,1917-03-01,4715.312,4572.883927779678,4115.7324,4344.308174827339,4504.311201893976
M13792,medium,Micro,1917-04-01,4570.889,4617.876389569151,4125.3936,4371.634972128326,4544.0040131650285
M13792,medium,Micro,1917-05-01,5013.991,4576.311720058594,4048.1028,4312.20725163086,4497.080416151368
M13792,medium,Micro,1917-06-01,4919.721,4967.259319095534,4009.4575,4488.358419313392,4823.589061367923
M13792,medium,Micro,1917-07-01,5132.139,4867.842073313447,4009.4575,4438.649796422349,4739.084402453149
M13792,medium,Micro,1917-08-01,4838.268,5018.933649639285,4096.4097,4557.671658804018,4880.555089009799
M13792,medium,Micro,1917-09-01,4636.58,4832.464725826535,4057.7642,4445.114442991393,4716.259689804117
M13792,medium,Micro,1917-10-01,4275.039,4809.454719651822,4077.087,4443.270816857161,4699.599561020455
M13808,medium,Micro,1917-03-01,1109.82,1443.2805926162785,1438.7378,1441.009192792514,1442.5991879279384
M13808,medium,Micro,1917-04-01,1497.93,1248.4071671729969,1430.2246,1339.3158882739986,1275.6797987620864
M13808,medium,Micro,1917-05-01,1580.7,1425.8204031412085,1515.357,1470.5887294026356,1439.2509162784258
M13808,medium,Micro,1917-06-01,1521.19,1486.2737195255581,1515.3572,1500.8154486299666,1490.6362504639121
M13808,medium,Micro,1917-07-01,1670.21,1586.6237416418383,1481.3042,1533.963970430294,1570.8258133301329
M13808,medium,Micro,1917-08-01,1569.82,1630.837390975884,1506.8438,1568.840570487942,1612.2383478812594
M13808,medium,Micro,1917-09-01,1573.55,1551.9961888374312,1617.5159,1584.756028989028,1561.8241561416994
M13808,medium,Micro,1917-10-01,1714.12,1564.9593004449237,1532.3835,1548.6714226833992,1560.0729493234978
M13808,medium,Micro,1917-11-01,1607.94,1686.1366671868823,1498.3306,1592.2336167965661,1657.9657551215455
M13808,medium,Micro,1917-12-01,1408.76,1608.9295300103101,1498.3307,1553.6301092434364,1592.3397190390372
M13808,medium,Micro,1918-01-01,1318.21,1544.7600155313833,1498.3306,1521.5452909688165,1537.7956012143711
M13808,medium,Micro,1918-02-01,1316.25,1477.6817378135231,1498.3306,1488.0061521098864,1480.77906515419
M13808,medium,Micro,1918-03-01,1132.13,1374.8731355570574,1489.8174,1432.3452591847786,1392.1147756971318
M13808,medium,Micro,1918-04-01,1403.75,1217.7419434487244,1438.7378,1328.2398682087373,1250.8913361355173
M13808,medium,Micro,1918-05-01,1532.73,1384.9536509960321,1413.1981,1399.0758855566098,1389.1903244159635
M13808,medium,Micro,1918-06-01,1418.67,1467.346573979652,1421.7114,1444.528999880451,1460.5013170086809
M13808,medium,Micro,1918-07-01,1484.05,1495.5246112172545,1481.3041,1488.414344182846,1493.3915372104477
M13808,medium,Micro,1918-08-01,1484.75,1523.5690130418898,1455.7644,1489.6667086693824,1513.398330885411
M13895,medium,Micro,1918-12-01,4633.9,4580.515183187055,4698.8755,4639.695335734153,4598.2692655722785
M13895,medium,Micro,1919-01-01,4288.0,4587.875073611207,4184.3013,4386.0881715712285,4527.339015206246
M13895,medium,Micro,1919-02-01,4426.8,4333.354676869835,4265.55,4299.452240778668,4323.18399487061
M13895,medium,Micro,1919-03-01,4598.3,4412.441091124303,4414.506,4413.4734752496515,4412.750830775971
M13895,medium,Micro,1919-04-01,4479.7,4577.799056237634,4252.0083,4414.903678509442,4528.930467333239
M13895,medium,Micro,1919-05-01,4502.9,4412.441091124303,4319.7153,4366.0782115777765,4398.53226388144
M13895,medium,Micro,1919-06-01,4658.8,4577.799056237634,4414.506,4496.152457806317,4553.3051011223015
M13895,medium,Micro,1919-07-01,4601.6,4619.363725748191,4238.467,4428.915261311596,4562.229186417213
M13895,medium,Micro,1919-08-01,4302.8,4577.799056237634,4035.3457,4306.572379681317,4496.4310776848015
M13895,medium,Micro,1919-09-01,4920.5,4333.354676869835,4428.047,4380.700775934918,4347.55850658936
M13895,medium,Micro,1919-10-01,4832.1,4720.322332219962,4468.6714,4594.496859469356,4682.574702601812
M13895,medium,Micro,1919-11-01,4885.0,4718.080297916498,4536.379,4627.229602083249,4690.825101373555
M13895,medium,Micro,1919-12-01,4670.5,4926.938467219818,4549.92,4738.429194547409,4870.385734246222
M13895,medium,Micro,1920-01-01,4313.6,4745.015879575848,4265.55,4505.2828421316735,4673.096017170721
M13895,medium,Micro,1920-02-01,4538.5,4426.29804928915,4319.7153,4373.006690660201,4410.310678321559
M13895,medium,Micro,1920-03-01,4935.4,4662.608699964834,4509.296,4585.952299201167,4639.6118041497975
M13895,medium,Micro,1920-04-01,4645.8,4813.265704639277,4373.8813,4593.573526147764,4747.358063298854
M13895,medium,Micro,1920-05-01,4520.0,4776.504531712832,4319.7153,4548.109931872041,4707.986188381689
M13953,medium,Micro,1922-12-01,6810.764,6382.95185844565,6377.739,6380.34531398845,6382.169907315521
M13953,medium,Micro,1923-01-01,6328.501,6610.570445604949,6344.8066,6477.688543114975,6570.705887064988
M13953,medium,Micro,1923-02-01,6078.7,6420.3046750441235,6180.1494,6300.227044553312,6384.281434725006
M13953,medium,Micro,1923-03-01,6204.344,6221.700864444668,6300.898,6261.299406831709,6233.580439367812
M13953,medium,Micro,1923-04-01,6313.895,6281.433143105489,6125.263,6203.348163349619,6258.00766138576
M13953,medium,Micro,1923-05-01,6206.401,6232.616258650866,6037.4463,6135.031273856683,6203.340824247768
M13953,medium,Micro,1923-06-01,6282.428,6281.433143105489,6180.1494,6230.791278583994,6266.240632577166
M13953,medium,Micro,1923-07-01,6363.308,6366.83618305382,6158.195,6262.515503636285,6335.540003642623
M13953,medium,Micro,1923-08-01,6147.68,6270.64269284124,5993.537,6132.08990110812,6229.076867528336
M13953,medium,Micro,1923-09-01,6809.411,6261.176182124295,6114.286,6187.731157468397,6239.142699141589
M13953,medium,Micro,1923-10-01,6435.568,6676.296951628656,6158.195,6417.245887923703,6598.581656931233
M13953,medium,Micro,1923-11-01,6241.13,6433.605132729642,5949.629,6191.61701948982,6361.008759792852
M13953,medium,Micro,1923-12-01,6579.108,6457.510608207343,6158.195,6307.852716213047,6412.613265023117
M13953,medium,Micro,1924-01-01,6359.324,6422.9510901639105,6125.2637,6274.107381019456,6378.29803845573
M13953,medium,Micro,1924-02-01,6303.363,6393.75452593801,5861.8115,6127.783024687755,6313.96313659809
M13953,medium,Micro,1924-03-01,6548.172,6348.606613421865,6125.2637,6236.935142648433,6315.105233224993
M13953,medium,Micro,1924-04-01,6518.858,6482.17555881981,6147.218,6314.696666128655,6431.931927633558
M13953,medium,Micro,1924-05-01,6349.54,6483.008915287372,5993.537,6238.273012331186,6409.588156607548
M14045,short,Micro,1911-10-01,6200.0,5397.857412070501,5008.8853,5203.371332988376,5339.511624966957
M14045,short,Micro,1911-11-01,5260.0,5700.937506915393,5107.0986,5404.018069863947,5611.861700214022
M14045,short,Micro,1911-12-01,5000.0,5506.58332542607,5168.4814,5337.532385369284,5455.868104444191
M14045,short,Micro,1912-01-01,4840.0,5136.828704132074,5143.9287,5140.378707534786,5137.893753981013
M14045,short,Micro,1912-02-01,5160.0,5019.923087073469,5156.205,5088.064082599234,5040.365410145262
M14045,short,Micro,1912-03-01,5790.0,5286.595306134093,5156.205,5221.400192129547,5267.0367963467925
M14045,short,Micro,1912-04-01,5070.0,5546.313998112571,5082.545,5314.429459993786,5476.74867329803
M14045,short,Micro,1912-05-01,4860.0,5094.9243268057,5168.4824,5131.70337434035,5105.958077687189
M14045,short,Micro,1912-06-01,5540.0,4967.806420846933,5205.312,5086.559216282842,5003.432271684737
M14045,short,Micro,1912-07-01,4910.0,5338.231232552081,5242.1426,5290.18690533854,5323.817958802081
M14045,short,Micro,1912-08-01,5950.0,4995.507081023613,5229.8657,5112.686401839932,5030.660938303665
M14045,short,Micro,1912-09-01,5470.0,5661.632098892804,5107.0986,5384.365365852652,5578.452103394821
M14045,short,Micro,1912-10-01,5270.0,5775.800777037105,5315.8022,5545.801511565427,5706.801021809665
M14045,short,Micro,1912-11-01,8250.0,5316.15236313075,5303.5254,5309.838876877875,5314.258378290045
M14045,short,Micro,1912-12-01,4490.0,6947.479348725971,5168.4814,6057.980397019235,6680.629724249107
M14045,short,Micro,1913-01-01,4870.0,4435.5594486358905,5070.2686,4752.914001661695,4530.765814543633
M14045,short,Micro,1913-02-01,4600.0,4744.855701768053,5426.292,5085.573846977777,4847.071194159096
M14045,short,Micro,1913-03-01,5060.0,4795.404191170191,5217.589,5006.496529178845,4858.731929193881
M14205,medium,Micro,1921-03-01,6149.9,6111.3223231663505,6180.003,6145.662626426925,6121.624462972649
M14205,medium,Micro,1921-04-01,6204.4,6111.3223231663505,6205.2275,6158.274931114425,6125.408154378899
M14205,medium,Micro,1921-05-01,6210.9,6174.500410526837,6255.677,6215.088584169669,6186.676911447812
M14205,medium,Micro,1921-06-01,6240.7,6202.409907690804,6255.677,6229.043332751652,6210.399984037184
M14205,medium,Micro,1921-07-01,6267.0,6219.597674071063,6293.5137,6256.5556729730315,6230.685122569779
M14205,medium,Micro,1921-08-01,6360.3,6244.8888965731685,6331.35,6288.119497114709,6257.858137770788
M14205,medium,Micro,1921-09-01,6388.5,6270.64269284124,6356.5747,6313.608699936245,6283.532556004899
M14205,medium,Micro,1921-10-01,6473.5,6369.4452812319805,6369.1865,6369.31590233474,6369.40647976984
M14205,medium,Micro,1921-11-01,6496.3,6431.568421866693,6394.411,6412.989777339597,6425.994840715596
M14205,medium,Micro,1921-12-01,6504.1,6434.284548816114,6432.248,6433.266297845557,6433.979085731979
M14205,medium,Micro,1922-01-01,6560.8,6367.428824752837,6457.4727,6412.450740501418,6380.935411684443
M14205,medium,Micro,1922-02-01,6607.5,6470.827665842663,6482.697,6476.762221593206,6472.608056981889
M14205,medium,Micro,1922-03-01,6671.2,6554.314536435947,6495.309,6524.811809233599,6545.463742689306
M14205,medium,Micro,1922-04-01,6629.1,6579.650956986162,6520.5337,6550.092324196206,6570.783391563238
M14205,medium,Micro,1922-05-01,6659.5,6549.39940797799,6545.7583,6547.578854379621,6548.8532663125425
M14205,medium,Micro,1922-06-01,6679.2,6574.735828528205,6570.9824,6572.859125201603,6574.1728541513185
M14205,medium,Micro,1922-07-01,6607.7,6574.735828528205,6621.4316,6598.083734576603,6581.7402369638185
M14205,medium,Micro,1922-08-01,6672.3,6600.006544931108,6608.8193,6604.412940434304,6601.328500203161
M14247,medium,Micro,1921-03-01,5456.0,5531.443196610489,5163.718,5347.580485023995,5476.284395341573
M14247,medium,Micro,1921-04-01,5568.0,5343.725337984177,5339.504,5341.614622117088,5343.092135431082
M14247,medium,Micro,1921-05-01,5664.0,5379.416511277634,5559.2363,5469.326419701317,5406.389532632864
M14247,medium,Micro,1921-06-01,5973.0,5530.607126397921,5625.1562,5577.881688198961,5544.78955597339
M14247,medium,Micro,1921-07-01,6388.0,5769.605753279252,5866.8623,5818.2340289833755,5784.194248197521
M14247,medium,Micro,1921-08-01,6690.0,6109.11490954855,6273.367,6191.241048524274,6133.752800069393
M14247,medium,Micro,1921-09-01,8641.0,6871.884380527845,8525.627,7698.755666826422,7119.9458396596065
M14247,medium,Micro,1921-10-01,5332.0,6992.389106076306,5350.49,6171.439670225653,6746.104287528142
M14247,medium,Micro,1921-11-01,5163.0,5603.030597587506,5207.664,5405.347330043753,5543.725666152506
M14247,medium,Micro,1921-12-01,5542.0,5671.0887984508145,5383.45,5527.269496881658,5627.9430568081925
M14247,medium,Micro,1922-01-01,5186.0,5493.3834814584725,5383.45,5438.416838385487,5476.893537364702
M14247,medium,Micro,1922-02-01,5586.0,5431.897790821125,5822.916,5627.406903223063,5490.5505611628005
M14247,medium,Micro,1922-03-01,5331.0,5651.468775233904,5339.504,5495.4863407419525,5604.674057093351
M14247,medium,Micro,1922-04-01,5413.0,5335.0513672223915,5614.17,5474.610644548696,5376.91921145544
M14247,medium,Micro,1922-05-01,5487.0,5573.858216952878,5735.0225,5654.440338945189,5598.032902378697
M14247,medium,Micro,1922-06-01,5712.0,5601.767714116845,5822.916,5712.341864870923,5634.939995964162
M14247,medium,Micro,1922-07-01,5822.0,5806.904892840663,6163.501,5985.202934701581,5860.394366434095
M14247,medium,Micro,1922-08-01,5953.0,5990.946391662357,6537.047,6263.996633331179,6072.861500784098
M14345,long_history,Micro,1929-01-01,5348.57,4663.200528442493,3989.1016,4326.151045471246,4562.0856835511195
M14345,long_history,Micro,1929-02-01,5297.34,5578.235471003255,4087.8413,4833.038389798503,5354.676358848861
M14345,long_history,Micro,1929-03-01,5578.89,5612.133805899091,4107.5894,4859.861580683921,5386.452162748603
M14345,long_history,Micro,1929-04-01,4766.68,5891.282966514911,4048.3455,4969.814212749643,5614.842352592363
M14345,long_history,Micro,1929-05-01,5596.48,5252.722334909597,4107.5894,4680.155845189173,5080.952412407532
M14345,long_history,Micro,1929-06-01,5774.21,6136.693246462987,4344.566,5240.629582215868,5867.874196016977
M14345,long_history,Micro,1929-07-01,5393.71,6050.780563974715,4245.826,5148.303367924857,5780.037441780852
M14345,long_history,Micro,1929-08-01,5580.03,5905.131066682816,4403.81,5154.470562638283,5679.932939883519
M14345,long_history,Micro,1929-09-01,5486.83,5882.3158439891,4166.834,5024.574914182051,5624.993613875111
M14345,long_history,Micro,1929-10-01,5331.77,5817.731116940286,4463.054,5140.392658079518,5614.529579282056
M14345,long_history,Micro,1929-11-01,5277.39,5739.59616729132,4463.054,5101.325183255035,5548.114872080435
M14345,long_history,Micro,1929-12-01,4359.32,5739.59616729132,4443.306,5091.451159817535,5545.15271387731
M14345,long_history,Micro,1930-01-01,5130.44,5015.493352635683,4621.0386,4818.265963427217,4956.3251724942365
M14345,long_history,Micro,1930-02-01,5409.19,5799.744055249843,4601.29,5200.517047156171,5619.975989442835
M14345,long_history,Micro,1930-03-01,5542.62,6026.896130135693,4561.794,5294.345037724097,5807.130814619246
M14345,long_history,Micro,1930-04-01,5310.84,5791.2428702665675,4680.282,5235.762548414534,5624.59879812502
M14345,long_history,Micro,1930-05-01,5466.37,5780.984266166503,4739.5264,5260.255316677001,5624.765581319653
M14345,long_history,Micro,1930-06-01,5607.59,5941.205916579292,4858.0146,5399.610282508396,5778.727238565055
M1445,long_history,Macro,1924-01-01,2370.0,2617.3693919794305,2364.0942,2490.7318151303402,2579.378118924704
M1445,long_history,Macro,1924-02-01,2374.0,2457.684667238276,2371.795,2414.739794556638,2444.8012237443313
M1445,long_history,Macro,1924-03-01,2442.0,2457.684667238276,2433.4,2445.542284791013,2454.0419769181594
M1445,long_history,Macro,1924-04-01,2556.0,2388.8626125364085,2525.8076,2457.335114861954,2409.4043754411036
M1445,long_history,Macro,1924-05-01,2704.0,2506.7989372498623,2633.6165,2570.2076961639937,2525.8215771311334
M1445,long_history,Macro,1924-06-01,2798.0,2684.687506687725,2764.5273,2724.6074252188628,2696.663488350582
M1445,long_history,Macro,1924-07-01,2802.0,2727.5855752943576,2772.228,2749.9068013190536,2734.2819675158294
M1445,long_history,Macro,1924-08-01,2797.0,2786.5253287159867,2756.8267,2771.6759944361183,2782.0705467425732
M1445,long_history,Macro,1924-09-01,2689.0,2781.61020025803,2656.7183,2719.16423098839,2762.8764216841696
M1445,long_history,Macro,1924-10-01,2625.0,2748.827152044323,2572.0115,2660.419313326849,2722.304806532597
M1445,long_history,Macro,1924-11-01,2560.0,2658.8608508761868,2525.8076,2592.334234031843,2638.9028780299154
M1445,long_history,Macro,1924-12-01,2539.0,2632.361743864823,2495.0054,2563.6835574792867,2611.758306259709
M1445,long_history,Macro,1925-01-01,2448.0,2617.3693919794305,2425.6992,2521.5343053647152,2588.618872098532
M1445,long_history,Macro,1925-02-01,2458.0,2629.645616915402,2425.6992,2527.6724178327013,2599.0536632941075
M1445,long_history,Macro,1925-03-01,2507.0,2565.7907350358164,2479.604,2522.697369471033,2552.862737573413
M1445,long_history,Macro,1925-04-01,2625.0,2565.7907350358164,2564.3108,2565.0507630257207,2565.568761743335
M1445,long_history,Macro,1925-05-01,2777.0,2594.7212055195887,2672.1196,2633.4204172129193,2606.330987338135
M1445,long_history,Macro,1925-06-01,2866.0,2684.687506687725,2779.9287,2732.3081088126128,2698.973699532223
M14483,medium,Micro,1921-03-01,11700.0,11531.570093223592,11584.0205,11557.795300518046,11539.437728654117
M14483,medium,Micro,1921-04-01,12170.0,11861.806211118977,11799.107,11830.45681649699,11852.401490388633
M14483,medium,Micro,1921-05-01,12680.0,11870.905093919304,11922.016,11896.460359459652,11878.571697995472
M14483,medium,Micro,1921-06-01,13150.0,12280.117437077533,12106.377,12193.247195101267,12254.056486554968
M14483,medium,Micro,1921-07-01,13470.0,12852.372865672447,12260.012,12556.192292211224,12763.518766876268
M14483,medium,Micro,1921-08-01,13600.0,13216.193383228738,12382.918,12799.55567598937,13091.202119885053
M14483,medium,Micro,1921-09-01,13590.0,13118.143730230931,12382.918,12750.530849490466,13007.859914836918
M14483,medium,Micro,1921-10-01,13520.0,13916.394883098113,12382.918,13149.656425924057,13686.373394774022
M14483,medium,Micro,1921-11-01,13550.0,13823.228643690203,12382.918,13103.073306220102,13607.182091277298
M14483,medium,Micro,1921-12-01,13750.0,13940.106724123532,12290.738,13115.422502686766,13692.701555348754
M14483,medium,Micro,1922-01-01,14080.0,13323.288538266192,12321.465,12822.376691008096,13173.015106159077
M14483,medium,Micro,1922-02-01,14470.0,14209.449422764506,12444.372,13326.910746538502,13944.687893138895
M14483,medium,Micro,1922-03-01,14770.0,14068.002873503703,12628.732,13348.367647689352,13852.112379001586
M14483,medium,Micro,1922-04-01,14890.0,14055.538235506598,12690.187,13372.862379472048,13850.735576352485
M14483,medium,Micro,1922-05-01,14850.0,14599.744046359252,12598.006,13598.874952867125,14299.483367139741
M14483,medium,Micro,1922-06-01,14790.0,14699.593203950533,12720.913,13710.253144944018,14402.791308318892
M14483,medium,Micro,1922-07-01,14820.0,15047.05425181677,12782.367,13914.710719658386,14707.351216583318
M14483,medium,Micro,1922-08-01,15000.0,15314.17136706835,12659.46,13986.815664002925,14915.964729390911
M1449,long_history,Macro,1924-01-01,3530.0,3863.484074800328,3749.211,3806.347506150164,3846.3431164123103
M1449,long_history,Macro,1924-02-01,3750.0,3730.783985176812,3688.7397,3709.761865635281,3724.4773615213844
M1449,long_history,Macro,1924-03-01,3800.0,3796.7316119965917,3824.7998,3810.765708342046,3800.9418409002283
M1449,long_history,Macro,1924-04-01,4010.0,3796.7316119965917,3839.9175,3818.324546232671,3803.2095410955408
M1449,long_history,Macro,1924-05-01,3920.0,3989.644894163064,3794.5642,3892.1045515737196,3960.382791386261
M1449,long_history,Macro,1924-06-01,3770.0,3914.41632434557,3658.504,3786.460115297785,3876.0295104593597
M1449,long_history,Macro,1924-07-01,3720.0,3868.3992032582846,3582.915,3725.6571211603923,3825.576578628917
M1449,long_history,Macro,1924-08-01,3690.0,3868.3992032582846,3567.7974,3718.0982832697673,3823.308939468761
M1449,long_history,Macro,1924-09-01,3870.0,3767.680730806598,3628.2686,3697.974642747049,3746.768916595765
M1449,long_history,Macro,1924-10-01,3930.0,3842.748733083877,3749.211,3795.979835291939,3828.718075953327
M1449,long_history,Macro,1924-11-01,3940.0,3914.41632434557,3809.682,3862.0491045555973,3898.7062072367034
M1449,long_history,Macro,1924-12-01,3920.0,3912.2173228370343,3809.682,3860.9496038013294,3896.8370559544483
M1449,long_history,Macro,1925-01-01,3650.0,4131.015827181233,3673.6218,3902.318826676554,4062.40672702983
M1449,long_history,Macro,1925-02-01,3900.0,4065.77808181987,3718.9753,3892.3767118083724,4013.757683023452
M1449,long_history,Macro,1925-03-01,3910.0,4135.93095563919,3809.682,3972.8064202024075,4086.9936438362806
M1449,long_history,Macro,1925-04-01,3910.0,4135.93095563919,3794.5642,3965.2475823117825,4084.725943640968
M1449,long_history,Macro,1925-05-01,3930.0,4131.015827181233,3749.211,3940.1133823406167,4073.74510593608
M1449,long_history,Macro,1925-06-01,3660.0,4131.015827181233,3628.2686,3879.6421909343667,4055.603748514205
M14968,short,Micro,1907-01-01,6868.0,6911.303353913506,6904.797,6908.050114456753,6910.327455318668
M14968,short,Micro,1907-02-01,6925.0,6949.449364803855,6996.8604,6973.154858183178,6956.561012817652
M14968,short,Micro,1907-03-01,6903.0,6956.702705092689,6950.8286,6953.765659186969,6955.821688977224
M14968,short,Micro,1907-04-01,7198.0,6956.702705092689,7065.908,7011.305454108844,6973.083529797536
M14968,short,Micro,1907-05-01,6736.0,7110.227158372728,7042.8926,7076.5598682488635,7100.127044577757
M14968,short,Micro,1907-06-01,7351.0,6933.055406671047,7180.9883,7057.021843960523,6970.245411100079
M14968,short,Micro,1907-07-01,7404.0,7287.329865707358,7204.0044,7245.667130119304,7274.831093859068
M14968,short,Micro,1907-08-01,7018.0,7274.8485457449915,7134.9565,7204.902544356871,7253.864794156681
M14968,short,Micro,1907-09-01,6290.0,7052.46854795495,7157.9727,7105.220602102475,7068.29418861327
M14968,short,Micro,1907-10-01,6819.0,6654.328865953007,7111.9404,6883.134647820254,6722.970673755369
M14968,short,Micro,1907-11-01,6719.0,6771.106467467515,6996.861,6883.983653655632,6804.969672152076
M14968,short,Micro,1907-12-01,6944.0,6765.34322189747,7180.9883,6973.165751573735,6827.690054042538
M14968,short,Micro,1908-01-01,6787.0,6784.494693319606,7250.036,7017.265413066053,6854.325982485729
M14968,short,Micro,1908-02-01,7075.0,6832.15188790653,7273.0522,7052.60206700014,6898.286990462739
M14968,short,Micro,1908-03-01,7011.0,6992.9296814754025,7641.3086,7317.119137612701,7090.186518316593
M14968,short,Micro,1908-04-01,6974.0,7110.227158372728,7664.324,7387.2756885613635,7193.341766257445
M14968,short,Micro,1908-05-01,6993.0,6923.614541447889,7848.452,7386.033344942694,7062.340182496331
M14968,short,Micro,1908-06-01,6784.0,7141.348885396723,7940.5156,7540.932255198361,7261.22394516534
M15167,long_history,Micro,1931-01-01,3429.6,3587.037155330793,3277.1628,3432.099998563834,3540.5560144042215
M15167,long_history,Micro,1931-02-01,3079.41,3763.664212078508,3269.7651,3516.714674398629,3689.579362981576
M15167,long_history,Micro,1931-03-01,3313.63,3569.1660722282613,3188.391,3378.7785927547557,3512.049858903788
M15167,long_history,Micro,1931-04-01,3206.54,3695.292792599117,3217.9814,3456.6371189558085,3623.6961088166718
M15167,long_history,Micro,1931-05-01,3362.18,3561.032343536146,3217.9814,3389.506894424323,3509.5747271131463
M15167,long_history,Micro,1931-06-01,3301.28,3729.326065205546,3425.1162,3577.221138071523,3683.694611479402
M15167,long_history,Micro,1931-07-01,3229.62,3735.4243877454583,3513.888,3624.6561635992916,3702.1939205016088
M15167,long_history,Micro,1931-08-01,3574.71,3627.1687504771344,3380.73,3503.949365472942,3590.2029654934554
M15167,long_history,Micro,1931-09-01,3335.73,3833.5098617292724,3358.537,3596.023485552136,3762.263961083163
M15167,long_history,Micro,1931-10-01,3586.74,3735.4243877454583,3314.151,3524.787633325854,3672.2333797301244
M15167,long_history,Micro,1931-11-01,3486.62,4129.588797764628,3373.3323,3751.4605365776265,4016.1503255120438
M15167,long_history,Micro,1931-12-01,4124.4,3771.0433765708576,3188.391,3479.717244926054,3683.645567594995
M15167,long_history,Micro,1932-01-01,3504.93,4491.752656426467,3144.005,3817.8787696194836,4289.590496487888
M15167,long_history,Micro,1932-02-01,3624.37,4055.9713937400634,3055.233,3555.6021519481565,3905.8606273060072
M15167,long_history,Micro,1932-03-01,3620.46,4346.371212789651,2966.4612,3656.416197215138,4139.384738634875
M15167,long_history,Micro,1932-04-01,3336.25,4266.14658195402,3033.04,3649.59331050826,4081.180618830839
M15167,long_history,Micro,1932-05-01,3426.44,3832.154436281403,3129.2095,3480.6819544688265,3726.712710048177
M15167,long_history,Micro,1932-06-01,3892.89,3844.374843264184,3121.8118,3483.0933054211546,3735.990406325338
M15328,short,Micro,1913-02-01,5039.733,5141.080765608296,4915.8604,5028.470558585398,5107.297740122521
M15328,short,Micro,1913-03-01,4649.345,4956.053726955768,4741.462,4848.757820509134,4923.864967228809
M15328,short,Micro,1913-04-01,3931.249,4705.185238785501,4261.8657,4483.525480720875,4638.687360194239
M15328,short,Micro,1913-05-01,3483.664,4092.6666214313,3814.9692,3953.817929856275,4051.0120505798864
M15328,short,Micro,1913-06-01,3694.502,3794.0668974106115,3945.7683,3869.9176039787435,3816.8221582091765
M15328,short,Micro,1913-07-01,4153.018,3792.597139798198,4785.0615,4288.829331617849,3941.4668461722185
M15328,short,Micro,1913-08-01,4248.545,3972.615177306801,4752.362,4362.488496856526,4089.5772097928125
M15328,short,Micro,1913-09-01,3647.835,4235.018741953123,4283.6655,4259.3421346484365,4242.315796382811
M15328,short,Micro,1913-10-01,3458.252,3933.175681982884,3891.2688,3912.2222404055046,3926.8896983377954
M15328,short,Micro,1913-11-01,3956.263,3692.3361308367644,4294.5654,3993.450780262132,3782.670525664375
M15328,short,Micro,1913-12-01,4899.012,3879.104555722821,5384.557,4631.830842314535,4104.922466114398
M15328,short,Micro,1914-01-01,5326.929,4637.9124941122645,5711.5537,5174.733102524882,4798.958713257144
M15328,short,Micro,1914-02-01,4797.967,5121.10775352704,5133.859,5127.483320122895,5123.020447919859
M15328,short,Micro,1914-03-01,4275.916,4735.617036068782,5112.059,4923.838059050016,4792.083379584246
M15328,short,Micro,1914-04-01,3655.484,4462.141708876873,4610.663,4536.402397407186,4484.41993985003
M15328,short,Micro,1914-05-01,3345.282,3933.175681982884,4098.367,4015.771434741442,3957.9544566385766
M15328,short,Micro,1914-06-01,3770.552,3610.3262962014937,4294.5654,3952.445862944497,3712.962166224395
M15328,short,Micro,1914-07-01,4631.767,3759.6396274774406,5253.758,4506.698719988721,3983.7574040589498
M15361,short,Micro,1905-05-01,4729.9761,3556.9928770380207,2840.2651,3198.6290068783856,3449.4837404041928
M15361,short,Micro,1905-06-01,4838.2304,4644.214827202394,2691.2388,3667.726798366822,4351.268424655238
M15361,short,Micro,1905-07-01,6162.2166,4388.517730051245,2761.3687,3574.9431911974975,4144.445392809184
M15361,short,Micro,1905-08-01,4729.9761,5447.428420972518,2673.706,4060.567237830009,5031.3700965473445
M15361,short,Micro,1905-09-01,3642.9458,4731.50255686661,2643.0244,3687.263485464555,4418.230847653025
M15361,short,Micro,1905-10-01,6162.2166,3982.3587681616195,2695.6216,3338.9901750964345,3789.348214656127
M15361,short,Micro,1905-11-01,8133.4911,5089.857791113867,2721.9204,3905.8891006350586,4734.667208384288
M15361,short,Micro,1905-12-01,6385.9437,6187.854971453891,2713.1543,4450.504634164446,5666.649900784636
M15361,short,Micro,1906-01-01,8133.4911,5589.659874249915,2621.1086,4105.38425841402,5144.37721391321
M15361,short,Micro,1906-02-01,7862.4871,7143.572219303577,2638.641,4891.106666292413,6467.832559503744
M15361,short,Micro,1906-03-01,6385.9437,7523.190886935824,2695.6216,5109.4062344835365,6799.055515614201
M15361,short,Micro,1906-04-01,3973.2394,6502.505870481823,2634.258,4568.3819635612235,5922.268722819706
M15361,short,Micro,1906-05-01,7862.4871,4652.872977609354,2638.641,3645.757045445302,4350.738204063655
M15361,short,Micro,1906-06-01,8117.6207,6404.725373233761,2656.1738,4530.449600679381,5842.442653674479
M15361,short,Micro,1906-07-01,5633.5326,6787.389073123319,2638.641,4713.015093202284,6165.076885250524
M15361,short,Micro,1906-08-01,8132.0144,6395.851272608845,2629.875,4512.863136304422,5830.95484392455
M15361,short,Micro,1906-09-01,8231.7474,7139.877770806843,2651.7905,4895.834149075296,6466.664690390895
M15361,short,Micro,1906-10-01,5655.5703,7689.3449383514935,2686.8555,5188.100203550746,6938.971548428848
M15421,short,Micro,1913-02-01,13223.763,12309.591346246569,11656.863,11983.227313748284,12211.68218532521
M15421,short,Micro,1913-03-01,13189.549,11699.52851697449,10679.939,11189.733985049745,11546.590206225192
M15421,short,Micro,1913-04-01,14315.981,14242.200208957185,10216.314,12229.257331041092,13638.31744323861
M15421,short,Micro,1913-05-01,10290.821,12055.225183444816,9835.479,10945.351849534909,11722.263183271845
M15421,short,Micro,1913-06-01,9156.213,9435.225895097079,9305.621,9370.42349442354,9415.785272551268
M15421,short,Micro,1913-07-01,8567.75,7910.448635293915,8957.902,8434.175489521956,8067.5667648045155
M15421,short,Micro,1913-08-01,6585.565,8488.98472996914,8792.322,8640.65349779707,8534.485409145644
M15421,short,Micro,1913-09-01,7054.854,8447.619738928384,8775.764,8611.691705401692,8496.841402112565
M15421,short,Micro,1913-10-01,10081.968,9042.70987812138,9123.482,9083.09614999819,9054.825857340675
M15421,short,Micro,1913-11-01,12327.413,10731.263403246396,8924.787,9828.025256310699,10460.292032407875
M15421,short,Micro,1913-12-01,9222.167,12215.330711023624,8875.112,10545.221507855562,11714.297950073205
M15421,short,Micro,1914-01-01,11978.158,11091.575040355952,9123.482,10107.528731115475,10796.361245240061
M15421,short,Micro,1914-02-01,11042.624,11472.056812268791,9007.576,10239.816492071895,11102.384765037848
M15421,short,Micro,1914-03-01,11656.962,11495.201932576842,8808.88,10152.04090769467,11092.253673940317
M15421,short,Micro,1914-04-01,11846.369,11242.990557213061,8626.741,9934.86588407528,10850.553204099853
M15421,short,Micro,1914-05-01,11623.08,11049.850475240904,8775.764,9912.807073557953,10708.737527978206
M15421,short,Micro,1914-06-01,7550.793,11082.500764578313,8643.299,9862.899796351656,10716.620522938443
M15421,short,Micro,1914-07-01,8305.561,7971.433395568947,8957.902,8464.667869659474,8119.4038110382935
M155,cold_start,Macro,1904-03-01,1093.0,1134.8144149018203,1091.1512,1112.982830009504,1128.2649516411566
M155,cold_start,Macro,1904-04-01,1094.0,1134.8144149018203,1091.1512,1112.982830009504,1128.2649516411566
M155,cold_start,Macro,1904-05-01,1099.0,1134.8144149018203,1098.8354,1116.8249320602852,1129.4175700493597
M155,cold_start,Macro,1904-06-01,1088.0,1134.8144149018203,1091.1512,1112.982830009504,1128.2649516411566
M155,cold_start,Macro,1904-07-01,1098.0,1134.8144149018203,1098.8354,1116.8249320602852,1129.4175700493597
M155,cold_start,Macro,1904-08-01,1093.0,1079.033037359689,1098.8354,1088.9342432892195,1082.003399138548
M155,cold_start,Macro,1904-09-01,1108.0,1134.8144149018203,1102.6775,1118.7459525680977,1129.9938792534613
M155,cold_start,Macro,1904-10-01,1105.0,1134.8144149018203,1102.6775,1118.7459525680977,1129.9938792534613
M155,cold_start,Macro,1904-11-01,1109.0,1134.8144149018203,1102.6775,1118.7459525680977,1129.9938792534613
M155,cold_start,Macro,1904-12-01,1124.0,1137.5305418512412,1102.6775,1120.104016042808,1132.302587160469
M155,cold_start,Macro,1905-01-01,1118.0,1146.5934164086825,1102.6775,1124.6354533215288,1140.0060305342943
M155,cold_start,Macro,1905-02-01,1124.0,1134.8144149018203,1098.8354,1116.8249320602852,1129.4175700493597
M155,cold_start,Macro,1905-03-01,1132.0,1134.8144149018203,1098.8354,1116.8249320602852,1129.4175700493597
M155,cold_start,Macro,1905-04-01,1123.0,1134.8144149018203,1102.6775,1118.7459525680977,1129.9938792534613
M155,cold_start,Macro,1905-05-01,1129.0,1134.8144149018203,1106.5197,1120.6670341110664,1130.570203716352
M155,cold_start,Macro,1905-06-01,1129.0,1134.8144149018203,1110.3618,1122.5881156540352,1131.1465281792425
M155,cold_start,Macro,1905-07-01,1139.0,1134.8144149018203,1110.3618,1122.5881156540352,1131.1465281792425
M155,cold_start,Macro,1905-08-01,1134.0,1134.8144149018203,1110.3618,1122.5881156540352,1131.1465281792425
M1555,long_history,Macro,1924-01-01,5890.0,5916.1829664286215,5982.7505,5949.466727354936,5926.168119120579
M1555,long_history,Macro,1924-02-01,5860.0,5945.081733323566,5914.7646,5929.923190880533,5940.53419500472
M1555,long_history,Macro,1924-03-01,5820.0,5952.586747023563,5948.758,5950.672279761781,5952.012455673153
M1555,long_history,Macro,1924-04-01,6110.0,5788.657386424168,6050.737,5919.6971014152095,5827.969313128512
M1555,long_history,Macro,1924-05-01,6260.0,6031.3728727577545,6186.7085,6109.040684425752,6054.673228465185
M1555,long_history,Macro,1924-06-01,6400.0,6232.616258650866,6254.694,6243.655053153558,6235.927921415737
M1555,long_history,Macro,1924-07-01,6380.0,6253.806494032187,6271.6904,6262.748461859844,6256.4891210015785
M1555,long_history,Macro,1924-08-01,6400.0,6369.796848803187,6254.694,6312.245348229719,6352.5314230452095
M1555,long_history,Macro,1924-09-01,6230.0,6373.015449037345,6169.712,6271.363681549923,6342.519979826276
M1555,long_history,Macro,1924-10-01,6140.0,6337.762323235227,6118.7227,6228.2424897426135,6304.9063853944745
M1555,long_history,Macro,1924-11-01,6100.0,6175.781647484,6118.7227,6147.252151867,6167.222811005932
M1555,long_history,Macro,1924-12-01,6080.0,6127.434928072112,6135.7188,6131.576839036055,6128.677537982389
M1555,long_history,Macro,1925-01-01,6050.0,6043.217756983524,6050.737,6046.977286694887,6044.345628103964
M1555,long_history,Macro,1925-02-01,6050.0,6059.067666728397,5999.747,6029.4073685204485,6050.169613887107
M1555,long_history,Macro,1925-03-01,6060.0,6024.383906044296,6050.737,6037.560361225273,6028.3368548056205
M1555,long_history,Macro,1925-04-01,6250.0,6058.606606831615,6135.7188,6097.162678415807,6070.173464927967
M1555,long_history,Macro,1925-05-01,6430.0,6213.638239772113,6254.694,6234.166043714182,6219.796605368796
M1555,long_history,Macro,1925-06-01,6550.0,6346.983189793392,6339.6763,6343.3297296623205,6345.887188375164
M15585,medium,Micro,1922-09-01,11239.0,11580.493300642518,11249.718,11415.10553704001,11530.877069218017
M15585,medium,Micro,1922-10-01,11143.0,11562.561101748717,11198.814,11380.687777436859,11507.99920211141
M15585,medium,Micro,1922-11-01,11069.0,11557.64597329076,11224.266,11390.95579914538,11507.638969875272
M15585,medium,Micro,1922-12-01,11102.0,11030.640947109501,11275.17,11152.905434492252,11067.32031773839
M15585,medium,Micro,1923-01-01,11317.0,10731.385896364189,11402.429,11066.907303650845,10832.042391792374
M15585,medium,Micro,1923-02-01,11466.0,11558.900418960919,11529.6875,11544.29395948046,11554.518603187094
M15585,medium,Micro,1923-03-01,11538.0,11574.262600889431,11504.236,11539.249464507215,11563.758708802892
M15585,medium,Micro,1923-04-01,11740.0,11574.262600889431,11555.14,11564.701124663465,11571.394206849767
M15585,medium,Micro,1923-05-01,11725.0,11803.575787235077,11555.14,11679.357717836288,11766.310415243566
M15585,medium,Micro,1923-06-01,11767.0,11812.674670035403,11504.236,11658.455499080203,11766.408967576968
M15585,medium,Micro,1923-07-01,11754.0,11759.677712130038,11631.495,11695.58641465877,11740.450420544908
M15585,medium,Micro,1923-08-01,11899.0,11759.677712130038,11555.14,11657.40868028377,11728.997051404283
M15585,medium,Micro,1923-09-01,12038.0,11727.507645672344,11529.6875,11628.597572836172,11697.834745891805
M15585,medium,Micro,1923-10-01,12210.0,12096.738825857046,11453.332,11775.035428553523,12000.227879908178
M15585,medium,Micro,1923-11-01,12302.0,12252.149109718153,11478.784,11865.466644702827,12136.14449228387
M15585,medium,Micro,1923-12-01,12379.0,12232.752033041075,11682.399,11957.575723551789,12150.199213436477
M15585,medium,Micro,1924-01-01,12230.0,11832.178722848228,11860.5625,11846.370611424114,11836.436387077245
M15585,medium,Micro,1924-02-01,12305.0,12310.076053275448,11860.5625,12085.319276637725,12242.649117940382
M15619,medium,Micro,1920-03-01,10426.0,10604.504851243519,10516.819,10560.662093590508,10591.352072775742
M15619,medium,Micro,1920-04-01,10437.0,10285.440371522089,10576.916,10431.178193573545,10329.161791379714
M15619,medium,Micro,1920-05-01,11242.0,10390.198714878648,10556.884,10473.541251970575,10415.20150042029
M15619,medium,Micro,1920-06-01,10605.0,11217.561716868506,10536.852,10877.206639684253,11115.45529136948
M15619,medium,Micro,1920-07-01,10545.0,10712.603021708448,10496.787,10604.695065541724,10680.230756928744
M15619,medium,Micro,1920-08-01,10491.0,10604.504851243519,10737.172,10670.838363121758,10624.404929221055
M15619,medium,Micro,1920-09-01,10345.0,10604.504851243519,10596.948,10600.726546715508,10603.37148195543
M15619,medium,Micro,1920-10-01,10474.0,10421.515940135614,10596.948,10509.232091161557,10447.830907513711
M15619,medium,Micro,1920-11-01,10474.0,10428.161771485862,10757.204,10592.682936524181,10477.518194239547
M15619,medium,Micro,1920-12-01,10543.0,10402.118863458536,10977.557,10689.837752041767,10488.434578861632
M15619,medium,Micro,1921-01-01,10703.0,10270.850048353614,11017.621,10644.235571051806,10382.865729577135
M15619,medium,Micro,1921-02-01,10963.0,10604.504851243519,10937.492,10770.998519371758,10654.45302492418
M15619,medium,Micro,1921-03-01,11005.0,10778.628976895268,10797.268,10787.948277510135,10781.424840321917
M15619,medium,Micro,1921-04-01,11037.0,10778.628976895268,10837.332,10807.980504072635,10787.434483876605
M15619,medium,Micro,1921-05-01,11029.0,10857.405857936192,10957.524,10907.465135999346,10872.423763425451
M15619,medium,Micro,1921-06-01,11666.0,10773.713848437312,10957.524,10865.619131249907,10801.285555351404
M15619,medium,Micro,1921-07-01,11612.0,11551.74915052761,10857.364,11204.556704170056,11447.591514276595
M15619,medium,Micro,1921-08-01,11666.0,11636.233952807344,10877.396,11256.815218591171,11522.408356956556
M15648,short,Micro,1906-06-01,3573.0,3478.981243757,3665.2222,3572.101705862875,3506.9173823887627
M15648,short,Micro,1906-07-01,3610.0,3517.8832646688106,3734.377,3626.1301088969053,3550.3573301442707
M15648,short,Micro,1906-08-01,3624.0,3570.2929034830618,3688.274,3629.2834146321557,3587.9900568277903
M15648,short,Micro,1906-09-01,3504.0,3643.3763301424256,3818.9004,3731.138360383713,3669.7049636288743
M15648,short,Micro,1906-10-01,3629.0,3621.9924776971047,3826.584,3724.2882310360524,3652.6812159058204
M15648,short,Micro,1906-11-01,3764.0,3640.157729908267,3834.268,3737.2128981572587,3669.2743292110895
M15648,short,Micro,1906-12-01,3714.0,3682.52250277419,3918.791,3800.656759199595,3717.962791908843
M15648,short,Micro,1907-01-01,4006.0,3727.2785760064075,3957.2104,3842.2445126125785,3761.768393609353
M15648,short,Micro,1907-02-01,3792.0,3952.9442888268713,3995.63,3974.2870858196857,3959.347127924716
M15648,short,Micro,1907-03-01,3885.0,3831.698597922092,4026.3657,3929.032160289171,3860.89870325331
M15648,short,Micro,1907-04-01,4115.0,3877.7157190093776,3987.946,3932.8308819656263,3894.2503167243776
M15648,short,Micro,1907-05-01,3966.0,4061.60302442344,4049.4175,4055.510252446095,4059.7752294513302
M15648,short,Micro,1907-06-01,4131.0,3979.309924983839,4049.4175,4014.363702726295,3989.82609492767
M15648,short,Micro,1907-07-01,4205.0,4113.438343583588,4064.7852,4089.111749916794,4106.14036548355
M15648,short,Micro,1907-08-01,3875.0,4232.77225498275,4041.7334,4137.252826710125,4204.116426500963
M15648,short,Micro,1907-09-01,4072.0,3987.4436536759545,4049.4172,4018.43044500204,3996.7397032808117
M15648,short,Micro,1907-10-01,4050.0,4043.1035047100486,4057.1013,4050.102411534712,4045.203225585573
M15648,short,Micro,1907-11-01,4197.0,4054.5384948013334,4118.5723,4086.5553802131667,4064.143609253009
M15679,medium,Micro,1922-01-01,1033.0,1060.5186332725777,1030.5604,1045.5395290386327,1056.0249142094256
M15679,medium,Micro,1922-02-01,1012.0,1048.7396317657156,1030.5604,1039.6500282852016,1046.0127629285926
M15679,medium,Micro,1922-03-01,1013.0,1034.7792069007892,1030.5604,1032.6698158527383,1034.1464017934054
M15679,medium,Micro,1922-04-01,1018.0,1034.7792069007892,1019.59705,1027.1881263996133,1032.5018858021945
M15679,medium,Micro,1922-05-01,1015.0,1034.7792069007892,1019.59705,1027.1881263996133,1032.5018858021945
M15679,medium,Micro,1922-06-01,994.0,1034.7792069007892,1012.28815,1023.5336769367227,1031.405557066843
M15679,medium,Micro,1922-07-01,1008.0,1034.7792069007892,1008.63367,1021.7064369464883,1030.8573850697726
M15679,medium,Micro,1922-08-01,1029.0,1034.7792069007892,997.6703,1016.2247474933633,1029.2128690785617
M15679,medium,Micro,1922-09-01,1006.0,1048.7396317657156,1001.3247,1025.032169398483,1041.6274022108191
M15679,medium,Micro,1922-10-01,1014.0,1034.7792069007892,997.6703,1016.2247474933633,1029.2128690785617
M15679,medium,Micro,1922-11-01,1014.0,1034.7792069007892,1001.32477,1018.0519874835977,1029.761041075632
M15679,medium,Micro,1922-12-01,1016.0,1037.49533385021,1001.32477,1019.4100509583081,1032.0697489826396
M15679,medium,Micro,1923-01-01,1017.0,1046.5582084076514,1001.32477,1023.9414882370288,1039.7731923564647
M15679,medium,Micro,1923-02-01,1014.0,1034.7792069007892,1001.32477,1018.0519874835977,1029.761041075632
M15679,medium,Micro,1923-03-01,1039.0,1034.7792069007892,1008.63367,1021.7064369464883,1030.8573850697726
M15679,medium,Micro,1923-04-01,1053.0,1079.033037359689,997.6703,1038.3516627228132,1066.8286249686262
M15679,medium,Micro,1923-05-01,1076.0,1079.033037359689,990.3613,1034.6971827423445,1065.7322809744855
M15679,medium,Micro,1923-06-01,1101.0,1079.033037359689,986.7069,1032.8699732696882,1065.1841242362043
M16637,cold_start,Micro,1904-04-01,7817.0,8130.587529844528,8307.004,8218.795718047264,8157.050059547537
M16637,cold_start,Micro,1904-05-01,7816.0,7461.866523436886,7751.5938,7606.730136718443,7505.325680663542
M16637,cold_start,Micro,1904-06-01,6710.0,7523.3413336732365,7341.073,7432.207287930369,7496.001144364439
M16637,cold_start,Micro,1904-07-01,6750.0,6739.331354191291,7027.1455,6883.238431001895,6782.503550476661
M16637,cold_start,Micro,1904-08-01,7623.0,6724.093441578243,7461.814,7092.9537032109965,6834.75152006807
M16637,cold_start,Micro,1904-09-01,8158.0,7528.5716695909,7389.3696,7458.970649248575,7507.691436730391
M16637,cold_start,Micro,1904-10-01,7947.0,8041.31245757895,7244.48,7642.89621902385,7921.78758601242
M16637,cold_start,Micro,1904-11-01,13352.0,7861.392707049865,7558.407,7709.899966806182,7815.944909390823
M16637,cold_start,Micro,1904-12-01,13570.0,11805.40153365265,7244.48,9524.9407570607,11121.263300675066
M16637,cold_start,Micro,1905-01-01,12964.0,11469.160981551044,7316.925,9393.042893119273,10846.325652677764
M16637,cold_start,Micro,1905-02-01,12610.0,13115.921363372303,7316.925,10216.423084029902,12246.071977225834
M16637,cold_start,Micro,1905-03-01,14109.0,9916.665990717422,7292.7764,8604.72117895246,9523.08259601606
M16637,cold_start,Micro,1905-04-01,12933.0,10909.67333496478,7196.1836,9052.92846435739,10352.64994702475
M16637,cold_start,Micro,1905-05-01,12968.0,10200.265316295181,6592.4766,8396.370939397591,9659.097039846998
M16637,cold_start,Micro,1905-06-01,11899.0,11183.071969367164,6568.3286,8875.700291324207,10490.860502575371
M16637,cold_start,Micro,1905-07-01,12174.0,9796.753489332237,6592.4766,8194.615025916119,9316.111986928496
M16637,cold_start,Micro,1905-08-01,13358.0,10891.644933084153,6833.9595,8862.802202870202,10282.992187262156
M16637,cold_start,Micro,1905-09-01,13845.0,12321.271650084798,6713.218,9517.244711761148,11480.06362962286
M17110,short,Micro,1911-06-01,4249.945,4997.29170437188,4275.451,4636.37143812344,4889.015636704379
M17110,short,Micro,1911-07-01,4115.621,5235.972547566451,4275.451,4755.711859720725,5091.894353419765
M17110,short,Micro,1911-08-01,4129.105,4680.205007886815,4245.129,4462.666957068408,4614.943604848324
M17110,short,Micro,1911-09-01,4124.289,4437.294298313488,4184.484,4310.8890925161195,4399.372760988341
M17110,short,Micro,1911-10-01,4178.057,4131.338516682703,4245.1284,4188.233467325726,4148.407026289673
M17110,short,Micro,1911-11-01,4160.998,4229.480417911629,4184.484,4206.9821523151895,4222.7309626467595
M17110,short,Micro,1911-12-01,4165.687,4168.691237503911,4184.484,4176.58756211133,4171.060159300199
M17110,short,Micro,1912-01-01,4149.134,4172.019605891492,4154.1616,4163.090613492621,4169.340932585894
M17110,short,Micro,1912-02-01,3915.908,4175.596175425646,4184.484,4180.040031072198,4176.929356533674
M17110,short,Micro,1912-03-01,3927.426,3998.6880099339455,4275.451,4137.0695909044725,4040.2024964321354
M17110,short,Micro,1912-04-01,3982.463,3977.49599976371,4305.774,4141.63496277248,4026.7376886663415
M17110,short,Micro,1912-05-01,4147.858,3928.8792808377198,4336.096,4132.487736121985,3989.9618174229995
M17110,short,Micro,1912-06-01,4184.295,4159.319293713366,4457.3853,4308.352273809808,4204.029187742299
M17110,short,Micro,1912-07-01,4209.942,4234.395546369586,4639.3193,4436.857441153543,4295.134163632898
M17110,short,Micro,1912-08-01,4199.654,4219.7233978326785,4699.964,4459.843632510089,4291.759517064027
M17110,short,Micro,1912-09-01,4193.788,4219.7233978326785,4548.352,4384.037724306964,4269.0176957749645
M17110,short,Micro,1912-10-01,4179.819,4219.7233978326785,4487.7075,4353.715458681964,4259.9210160874645
M17110,short,Micro,1912-11-01,4193.618,4229.480417911629,4487.7075,4358.5939687214395,4268.214483154572
M17244,cold_start,Micro,1904-04-01,3536.0,3551.4837337634794,3447.7407,3499.612228209865,3535.922306511458
M17244,cold_start,Micro,1904-05-01,3772.0,3613.9502189218942,3498.9448,3556.4475215703224,3596.6994219234543
M17244,cold_start,Micro,1904-06-01,3808.0,3757.3931405070684,3652.5571,3704.9751347066594,3741.66777538804
M17244,cold_start,Micro,1904-07-01,3790.0,3804.865340688707,3686.693,3745.779227961541,3787.1395068705574
M17244,cold_start,Micro,1904-08-01,3881.0,3799.9502122307504,3754.965,3777.4576500606877,3793.202492407857
M17244,cold_start,Micro,1904-09-01,3961.0,3909.5011958876134,3789.101,3849.3011350531815,3891.4411898443154
M17244,cold_start,Micro,1904-10-01,3905.0,3914.41632434557,3703.7612,3809.08877740716,3882.8180846781097
M17244,cold_start,Micro,1904-11-01,3741.0,3909.5011958876134,3652.5571,3781.0291623969315,3870.959622461503
M17244,cold_start,Micro,1904-12-01,3516.0,3871.1153302077055,3516.0127,3693.5640127601027,3817.849947180456
M17244,cold_start,Micro,1905-01-01,3263.0,3694.0833798406197,3618.4211,3656.2522612093726,3682.734056458277
M17244,cold_start,Micro,1905-02-01,3114.0,3451.3268374058525,3567.2168,3509.2718171404263,3468.710331326225
M17244,cold_start,Micro,1905-03-01,3096.0,3343.0712001375286,3618.4211,3480.746171357827,3384.37370371065
M17244,cold_start,Micro,1905-04-01,2027.0,3228.7262326820805,3686.693,3457.7096739582275,3297.421265064925
M17244,cold_start,Micro,1905-05-01,2203.0,2570.059582329814,3720.829,3145.444341946157,2742.6750346287795
M17244,cold_start,Micro,1905-06-01,2268.0,2710.684885529476,3772.0332,3241.359044327238,2869.887145375836
M17244,cold_start,Micro,1905-07-01,3626.0,2529.7385903151176,3703.7612,3116.7499103919336,2705.842010752225
M17244,cold_start,Micro,1905-08-01,3347.0,3737.3501153548796,3703.7612,3720.555672911815,3732.311807036023
M17244,cold_start,Micro,1905-09-01,3225.0,3353.00740678161,3737.897,3545.4521897189297,3410.7408660768688
M17653,cold_start,Micro,1904-04-01,5600.0,5527.61906116535,5345.107,5436.3629973795505,5500.242254236642
M17653,cold_start,Micro,1904-05-01,7900.0,5842.080214839745,5194.5405,5518.310371091748,5744.949273922378
M17653,cold_start,Micro,1904-06-01,10400.0,6668.678617030041,5269.8237,5969.251173749395,6458.850396252879
M17653,cold_start,Micro,1904-07-01,9600.0,8657.477196709066,5909.7314,7283.604321010783,8245.315395034737
M17653,cold_start,Micro,1904-08-01,8400.0,8890.393326719462,5382.749,7136.571175078481,8364.246742262325
M17653,cold_start,Micro,1904-09-01,9000.0,7905.544841970123,5458.032,6681.788534266312,7538.418010694137
M17653,cold_start,Micro,1904-10-01,9000.0,8330.750048319303,5081.616,6706.183129628402,7843.379972712034
M17653,cold_start,Micro,1904-11-01,7800.0,8463.06260932567,4818.1245,6640.59356052221,7916.321906891664
M17653,cold_start,Micro,1904-12-01,5700.0,7448.880563499723,5156.8994,6302.889988781111,7105.083452119296
M17653,cold_start,Micro,1905-01-01,5400.0,6371.447308584064,5721.523,6046.485128901407,6273.9586668862985
M17653,cold_start,Micro,1905-02-01,6100.0,5288.564827727975,5947.3726,5617.968693160863,5387.385999564873
M17653,cold_start,Micro,1905-03-01,6600.0,5860.857691610801,5796.806,5828.831921977276,5851.249972927775
M17653,cold_start,Micro,1905-04-01,6700.0,5903.946734705152,6060.298,5982.122293133826,5927.399463268911
M17653,cold_start,Micro,1905-05-01,7200.0,6739.745800413143,7453.0366,7096.391210753447,6846.739496757422
M17653,cold_start,Micro,1905-06-01,9000.0,7094.585019628318,7904.736,7499.660429736034,7216.107715902821
M17653,cold_start,Micro,1905-07-01,9500.0,8842.10996412732,7904.7354,8373.422657844909,8701.50379665666
M17653,cold_start,Micro,1905-08-01,8700.0,9241.067003612483,8318.793,8779.929986181241,9102.725922797174
M17653,cold_start,Micro,1905-09-01,8900.0,8585.786745980136,8130.585,8358.185853458817,8517.506502637803
M17749,cold_start,Micro,1904-04-01,3300.0,4136.175950478666,4619.9473,4378.061608051833,4208.74168437171
M17749,cold_start,Micro,1904-05-01,3900.0,3847.9063181103957,4780.045,4313.975619992698,3987.7271452961804
M17749,cold_start,Micro,1904-06-01,4400.0,3972.5570845621705,5031.626,4502.091530562335,4131.41741836222
M17749,cold_start,Micro,1904-07-01,3800.0,4278.864890410369,5077.3677,4678.116283095809,4398.640320423034
M17749,cold_start,Micro,1904-08-01,4400.0,3976.689519665027,5443.3047,4709.997103582514,4196.681819254336
M17749,cold_start,Micro,1904-09-01,4800.0,4332.323500957354,6106.564,5219.443732900552,4598.459594954376
M17749,cold_start,Micro,1904-10-01,4900.0,4524.804329534353,6449.629,5487.216617892176,4813.528077076857
M17749,cold_start,Micro,1904-11-01,4800.0,4734.583942959378,6358.145,5546.364481245314,4978.118153273284
M17749,cold_start,Micro,1904-12-01,4800.0,4699.21001003853,6243.79,5471.500024550514,4930.897051013219
M17749,cold_start,Micro,1905-01-01,4600.0,4655.248210873174,6586.8555,5621.051839811587,4944.989360589854
M17749,cold_start,Micro,1905-02-01,4600.0,4718.326915164648,7158.631,5938.478887269825,5084.372555624326
M17749,cold_start,Micro,1905-03-01,4800.0,4663.2318955483715,6792.695,5727.963359883561,4982.65134705596
M17749,cold_start,Micro,1905-04-01,2700.0,4709.08242862888,6861.3076,5785.19502290819,5031.916231326735
M17749,cold_start,Micro,1905-05-01,2300.0,3592.0159356522813,6724.082,5158.048983451141,4061.8259110270956
M17749,cold_start,Micro,1905-06-01,2800.0,3520.604224843472,7547.4385,5534.021350702986,4124.629435843513
M17749,cold_start,Micro,1905-07-01,2900.0,3281.0361778306055,7913.375,5597.2055889153025,3975.887098812265
M17749,cold_start,Micro,1905-08-01,2600.0,3208.817879356232,7753.278,5481.047855693741,3890.4868966715476
M17749,cold_start,Micro,1905-09-01,2200.0,3455.5466383375415,7661.794,5558.670291825021,4086.483807625973
M1793,long_history,Macro,1926-01-01,2410.0,2734.8445883167024,2585.2207,2660.032645720851,2712.401011641463
M1793,long_history,Macro,1926-02-01,2720.0,2552.931994920524,2885.291,2719.111505272762,2602.785866336743
M1793,long_history,Macro,1926-03-01,3220.0,2784.84996282793,3508.5137,3146.681817351465,2893.3995680131156
M1793,long_history,Macro,1926-04-01,3330.0,3190.122251703297,3831.6665,3510.8943778047733,3286.3539139478025
M1793,long_history,Macro,1926-05-01,3450.0,3338.197694162431,3970.1602,3654.1789252062154,3432.992087889629
M1793,long_history,Macro,1926-06-01,3290.0,3489.031739254074,3854.7485,3671.8901372051623,3543.889258639401
M1793,long_history,Macro,1926-07-01,2930.0,3453.412750428675,3716.255,3584.8338166205876,3492.839070286249
M1793,long_history,Macro,1926-08-01,3910.0,3124.3337816906032,3762.4194,3443.3766076421766,3220.0466294760754
M1793,long_history,Macro,1926-09-01,2920.0,3919.0116491769895,3439.2668,3679.1392474400573,3847.049977484035
M1793,long_history,Macro,1926-10-01,3690.0,3035.3233818690037,2792.9617,2914.1425258954396,2998.969149490997
M1793,long_history,Macro,1926-11-01,2340.0,3833.345882173202,2469.809,3151.577482102226,3628.815374358941
M1793,long_history,Macro,1926-12-01,2690.0,2628.735744958567,2331.315,2480.0253431824085,2584.1226488397824
M1793,long_history,Macro,1927-01-01,2640.0,2968.368750368803,2446.7268,2707.547778504714,2890.122471016608
M1793,long_history,Macro,1927-02-01,2420.0,2709.704207543965,2539.056,2624.380057873545,2684.1069748498703
M1793,long_history,Macro,1927-03-01,3500.0,2582.980670512148,3000.7026,2791.841653615449,2645.63897765017
M1793,long_history,Macro,1927-04-01,3690.0,3479.3911540811278,3300.773,3390.082051649939,3452.598447765834
M1793,long_history,Macro,1927-05-01,4060.0,3863.3328910170994,3208.4436,3535.888247266362,3765.0995284094565
M1793,long_history,Macro,1927-06-01,4270.0,4254.159162273077,3346.9375,3800.5483311365383,4118.075937346178
M18017,cold_start,Micro,1904-04-01,6700.0,6184.227770708394,5930.0576,6057.142693947947,6146.102272094323
M18017,cold_start,Micro,1904-05-01,6600.0,6701.021707599913,6204.28,6452.650746378082,6626.51048026852
M18017,cold_start,Micro,1904-06-01,7000.0,6785.783416647894,6581.3354,6683.559432933322,6755.11628256868
M18017,cold_start,Micro,1904-07-01,7500.0,7182.2916515098805,6375.669,6778.98029841119,7061.29830661543
M18017,cold_start,Micro,1904-08-01,8000.0,7325.275759874116,6718.4463,7021.861024468308,7234.251363666437
M18017,cold_start,Micro,1904-09-01,8100.0,7648.12341673482,6547.0576,7097.59051696116,7482.963559009754
M18017,cold_start,Micro,1904-10-01,8500.0,7840.159789461636,5861.502,6850.830871293318,7543.361162839266
M18017,cold_start,Micro,1904-11-01,7200.0,8286.325354760793,5895.7793,7091.052325817896,7927.74349490605
M18017,cold_start,Micro,1904-12-01,5900.0,7093.716431820521,5861.502,6477.609192472761,6908.884308844319
M18017,cold_start,Micro,1905-01-01,5400.0,6468.741598683928,5141.6685,5805.205027857589,6269.68066405712
M18017,cold_start,Micro,1905-02-01,5800.0,5634.6818301311405,5073.113,5353.897311549945,5550.446474556782
M18017,cold_start,Micro,1905-03-01,5200.0,5800.06520961632,5347.335,5573.700085276911,5732.155708935592
M18017,cold_start,Micro,1905-04-01,5900.0,5725.456378255507,6204.2793,5964.8678375652535,5797.279828255462
M18017,cold_start,Micro,1905-05-01,6600.0,6007.07702742291,6375.669,6191.372986367705,6062.365876141505
M18017,cold_start,Micro,1905-06-01,5300.0,6294.9881317611,7061.2246,6678.10637056805,6409.9236278172475
M18017,cold_start,Micro,1905-07-01,5300.0,5523.032574709615,6889.8354,6206.434011964182,5728.053030300048
M18017,cold_start,Micro,1905-08-01,5000.0,5815.974771761792,7266.8906,6541.432698380896,6033.612247403774
M18017,cold_start,Micro,1905-09-01,5400.0,5406.719523375336,7712.5024,6559.610982390794,5752.586961079974
M18155,cold_start,Micro,1904-04-01,4500.0,3968.4981304760913,3904.6633,3936.580730277108,3958.9229348304593
M18155,cold_start,Micro,1904-05-01,6000.0,4300.4236791459325,4238.615,4269.519456760467,4291.152424637325
M18155,cold_start,Micro,1904-06-01,6400.0,5290.779418824736,4521.1895,4905.984435974868,5175.3409727979015
M18155,cold_start,Micro,1904-07-01,6600.0,5665.729924103267,4675.321,5170.5253624422585,5517.1685922260585
M18155,cold_start,Micro,1904-08-01,6900.0,6111.949442303645,4957.895,5534.922230917447,5938.841291094817
M18155,cold_start,Micro,1904-09-01,6200.0,6510.171909645425,4906.518,5708.344988025838,6269.623845366581
M18155,cold_start,Micro,1904-10-01,5800.0,6320.3780876487,4932.2065,5626.292315308725,6112.152368153739
M18155,cold_start,Micro,1904-11-01,5600.0,5737.934128748236,4932.2065,5335.070335858492,5617.075003088345
M18155,cold_start,Micro,1904-12-01,5000.0,5554.996555411737,4418.435,4986.7158070027435,5384.51233088904
M18155,cold_start,Micro,1905-01-01,5000.0,5059.893346698669,4264.3037,4662.098528818085,4940.554913541526
M18155,cold_start,Micro,1905-02-01,5400.0,5100.697591677863,4084.4834,4592.590495057681,4948.265499312903
M18155,cold_start,Micro,1905-03-01,5300.0,5300.500409004269,3878.9749,4589.737631259947,5087.271600095036
M18155,cold_start,Micro,1905-04-01,5900.0,5227.738267450236,4315.6807,4771.709465756368,5090.929639149107
M18155,cold_start,Micro,1905-05-01,4900.0,5780.153624515511,5291.8467,5536.000152101506,5706.907619412404
M18155,cold_start,Micro,1905-06-01,6000.0,5215.398101823807,6062.504,5638.951004036904,5342.463996901799
M18155,cold_start,Micro,1905-07-01,5700.0,5836.84000418929,6447.8325,6142.33626186027,5928.488930318709
M18155,cold_start,Micro,1905-08-01,6200.0,5882.754972422423,6627.6523,6255.203658086211,5994.489614742653
M18155,cold_start,Micro,1905-09-01,5500.0,6123.997485633587,7038.6694,6581.333459613668,6261.1982778276115
M18278,cold_start,Micro,1904-04-01,740.0,714.8911259769949,740.00775,727.4494387209193,718.658624377809
M18278,cold_start,Micro,1904-05-01,860.0,709.975997519038,761.27234,735.6241681931127,717.670454824776
M18278,cold_start,Micro,1904-06-01,990.0,877.7281328096994,791.0427,834.3854287095372,864.7253231055298
M18278,cold_start,Micro,1904-07-01,1160.0,927.2903967169342,808.05444,867.6724200381545,909.4050052391793
M18278,cold_start,Micro,1904-08-01,1270.0,1070.4464638706163,812.3074,941.3769184587456,1031.7256017729342
M18278,cold_start,Micro,1904-09-01,1180.0,1206.2217429542388,791.0427,998.6322337818069,1143.9448917283883
M18278,cold_start,Micro,1904-10-01,1080.0,1178.6072760037996,816.5603,997.5837893690873,1124.300231539265
M18278,cold_start,Micro,1904-11-01,920.0,1149.92842317193,791.04285,970.4856349258088,1096.0955928016094
M18278,cold_start,Micro,1904-12-01,800.0,987.4802251460183,752.7665,870.1233523191029,952.2731694014593
M18278,cold_start,Micro,1905-01-01,740.0,913.8144663618426,786.78986,850.302161159437,894.7607824305155
M18278,cold_start,Micro,1905-02-01,670.0,788.2608680083963,778.28406,783.2724628127919,786.7643525532307
M18278,cold_start,Micro,1905-03-01,720.0,759.0277300006258,791.0428,775.0352578225785,763.8299959766061
M18278,cold_start,Micro,1905-04-01,770.0,754.1126015426688,854.83655,804.4745746971157,769.2212056960342
M18278,cold_start,Micro,1905-05-01,800.0,790.0843710101259,837.8248,813.9546000558441,797.2454443014782
M18278,cold_start,Micro,1905-06-01,960.0,811.7198016492707,888.85986,850.2898324652604,823.2908108940677
M18278,cold_start,Micro,1905-07-01,990.0,898.4202511602413,837.8249,868.12257064848,889.3309500584708
M18278,cold_start,Micro,1905-08-01,1040.0,1062.597201118262,863.3424,962.9698041724123,1032.7089942415384
M18278,cold_start,Micro,1905-09-01,970.0,1086.2234537632012,905.8716,996.0475178972256,1059.1706730034086
M1842,long_history,Macro,1924-01-01,1366.0,1486.010443032192,1373.8499,1429.9301482739083,1469.1863607082225
M1842,long_history,Macro,1924-02-01,1399.0,1392.8608728586162,1394.2031,1393.531998929308,1393.0622198350973
M1842,long_history,Macro,1924-03-01,1414.0,1392.8608728586162,1404.3798,1398.6203168004017,1394.5887090929098
M1842,long_history,Macro,1924-04-01,1432.0,1392.8608728586162,1414.5565,1403.7086957066517,1396.1152288683004
M1842,long_history,Macro,1924-05-01,1443.0,1419.4404425134878,1424.7332,1422.0867984051815,1420.2343523327538
M1842,long_history,Macro,1924-06-01,1444.0,1500.8110111802014,1424.7332,1462.7720827385383,1489.3993356994604
M1842,long_history,Macro,1924-07-01,1428.0,1500.8110111802014,1424.7332,1462.7720827385383,1489.3993356994604
M1842,long_history,Macro,1924-08-01,1428.0,1472.766609355566,1429.8215,1451.2940712793456,1466.3248540362156
M1842,long_history,Macro,1924-09-01,1426.0,1472.766609355566,1424.7332,1448.7498818262206,1465.5615941485203
M1842,long_history,Macro,1924-10-01,1459.0,1472.766609355566,1445.0864,1458.9265175684081,1468.6145879229343
M1842,long_history,Macro,1924-11-01,1466.0,1500.8110111802014,1455.2631,1478.0370363518196,1493.978833990476
M1842,long_history,Macro,1924-12-01,1460.0,1503.5271381296222,1450.1748,1476.8509714085612,1495.5242972685776
M1842,long_history,Macro,1925-01-01,1388.0,1486.010443032192,1373.8499,1429.9301482739083,1469.1863607082225
M1842,long_history,Macro,1925-02-01,1406.0,1446.1870397006944,1409.4681,1427.8275896745658,1440.6792107963715
M1842,long_history,Macro,1925-03-01,1420.0,1392.8608728586162,1414.5565,1403.7086957066517,1396.1152288683004
M1842,long_history,Macro,1925-04-01,1435.0,1419.4404425134878,1424.7332,1422.0867984051815,1420.2343523327538
M1842,long_history,Macro,1925-05-01,1450.0,1419.4404425134878,1445.0864,1432.263434147369,1423.2873461071679
M1842,long_history,Macro,1925-06-01,1451.0,1500.8110111802014,1445.0864,1472.9487184807258,1492.4523294738744
M18681,cold_start,Micro,1904-04-01,5930.0,5597.299261863044,5634.3237,5615.811496165898,5602.852993189057
M18681,cold_start,Micro,1904-05-01,6740.0,5788.527810991776,5634.3237,5711.425770730263,5765.397259948479
M18681,cold_start,Micro,1904-06-01,7420.0,6264.611267681886,5557.6665,5911.138885794067,6158.5696019436655
M18681,cold_start,Micro,1904-07-01,7720.0,6941.323603419987,5940.953,6441.138364209994,6791.268068278084
M18681,cold_start,Micro,1904-08-01,7940.0,7527.260395849916,5710.9814,6619.120920581208,7254.81861430446
M18681,cold_start,Micro,1904-09-01,8220.0,7469.422041508265,5979.282,6724.352134035382,7245.901130301557
M18681,cold_start,Micro,1904-10-01,8430.0,7744.0769727768975,5787.6387,6765.857822325948,7450.611239848645
M18681,cold_start,Micro,1904-11-01,8680.0,7831.816236939534,6324.241,7078.028723938517,7605.680031867355
M18681,cold_start,Micro,1904-12-01,7740.0,8132.005948768527,6209.255,7170.630415790513,7843.5933010821545
M18681,cold_start,Micro,1905-01-01,7260.0,7233.7107418904525,6400.8984,6817.304589695226,7108.788957267042
M18681,cold_start,Micro,1905-02-01,7760.0,6997.286331288764,6477.5557,6737.420997675632,6919.326743411856
M18681,cold_start,Micro,1905-03-01,8560.0,7341.396022525892,6400.8984,6871.147230012946,7200.321445807164
M18681,cold_start,Micro,1905-04-01,7150.0,8244.263104724567,6707.5283,7475.895712518533,8013.75291147682
M18681,cold_start,Micro,1905-05-01,7870.0,7115.941180679181,6784.1855,6950.063363777091,7066.1778722296485
M18681,cold_start,Micro,1905-06-01,8920.0,7765.419848206376,6707.5283,7236.474084259438,7606.736143436357
M18681,cold_start,Micro,1905-07-01,9840.0,8797.460469219342,6822.5146,7809.987558828421,8501.218657137222
M18681,cold_start,Micro,1905-08-01,10420.0,9596.67449991982,7014.1577,8305.416107381785,9209.29698215841
M18681,cold_start,Micro,1905-09-01,10290.0,10136.723684021601,6209.255,8172.9892834170505,9547.603376047267
M18742,cold_start,Micro,1904-04-01,2000.0,1862.8620040584858,1868.659,1865.7605308378365,1863.7315620922911
M18742,cold_start,Micro,1904-05-01,2340.0,2026.2977908361288,1844.3907,1935.3442689532208,1999.0117525818034
M18742,cold_start,Micro,1904-06-01,2280.0,2270.7250828018446,1965.7323,2118.228691303266,2224.976183662818
M18742,cold_start,Micro,1904-07-01,2200.0,2248.677280032118,2014.2689,2131.4731004652776,2213.5160383690973
M18742,cold_start,Micro,1904-08-01,2420.0,2257.850561066916,2038.5372,2148.1938962561144,2224.953586037738
M18742,cold_start,Micro,1904-09-01,2210.0,2374.836820217824,2038.5371,2206.686964796412,2324.391875798432
M18742,cold_start,Micro,1904-10-01,2190.0,2231.1011991901223,2147.7446,2189.422914048186,2218.597731958089
M18742,cold_start,Micro,1904-11-01,2120.0,2240.2744802249204,2111.342,2175.8082606202724,2220.934632654073
M18742,cold_start,Micro,1904-12-01,1810.0,2123.257628142581,2099.208,2111.2328179775404,2119.6502095071314
M18742,cold_start,Micro,1905-01-01,1580.0,1905.8139481815654,1977.8665,1941.840201629845,1916.621848630112
M18742,cold_start,Micro,1905-02-01,1590.0,1663.6961523078587,1905.0615,1784.3788378726795,1699.900976287852
M18742,cold_start,Micro,1905-03-01,1970.0,1676.3456556536032,1856.5249,1766.4352789986765,1703.3725670711879
M18742,cold_start,Micro,1905-04-01,2110.0,2006.1984167355322,1929.3298,1967.7641253599536,1994.6681293228587
M18742,cold_start,Micro,1905-05-01,2540.0,2085.565299568655,2038.5371,2062.0512044718275,2078.511083246638
M18742,cold_start,Micro,1905-06-01,2560.0,2400.5339888436997,2281.2202,2340.8771018437246,2382.6369349507386
M18742,cold_start,Micro,1905-07-01,2360.0,2482.9373480233353,2523.9033,2503.4203341679176,2489.0822560737415
M18742,cold_start,Micro,1905-08-01,2270.0,2374.836820217824,2572.4397,2473.6382587417247,2404.4772639820258
M18742,cold_start,Micro,1905-09-01,2370.0,2340.2539202465514,2608.8423,2474.5481027014007,2380.5421871900376
M18959,cold_start,Micro,1904-04-01,5800.0,6616.072494378776,7092.5337,6854.303092892513,6687.541747175085
M18959,cold_start,Micro,1904-05-01,6000.0,6260.151905717527,6987.199,6623.675562233764,6369.209075914587
M18959,cold_start,Micro,1904-06-01,6400.0,6180.542837066883,7478.7607,6829.651789627192,6375.275620491227
M18959,cold_start,Micro,1904-07-01,6400.0,6505.109251849953,7338.3145,6921.711852487477,6630.090056455273
M18959,cold_start,Micro,1904-08-01,6900.0,6653.177015739246,7970.3223,7311.749640682123,6850.748803222109
M18959,cold_start,Micro,1904-09-01,7300.0,6901.11532926808,7478.7607,7189.93803572779,6987.762238862244
M18959,cold_start,Micro,1904-10-01,7300.0,7124.7135844072445,7513.8726,7319.293071500497,7183.087479363346
M18959,cold_start,Micro,1904-11-01,7100.0,7248.002652039876,7268.092,7258.047224457438,7251.016121421395
M18959,cold_start,Micro,1904-12-01,7000.0,7051.842675889539,8040.546,7546.19428716352,7200.1481836857965
M18959,cold_start,Micro,1905-01-01,7000.0,6881.749734600073,7513.872,7197.810902456286,6976.568084956937
M18959,cold_start,Micro,1905-02-01,6200.0,7228.695911914333,7057.4224,7143.059137597791,7203.004928447496
M18959,cold_start,Micro,1905-03-01,5400.0,6729.322853392867,6284.968,6507.145313415183,6662.669603606593
M18959,cold_start,Micro,1905-04-01,7500.0,5904.174935685418,6214.745,6059.460026436459,5950.760487324793
M18959,cold_start,Micro,1905-05-01,7600.0,7080.035254153024,6214.745,6647.390185670261,6950.241758022258
M18959,cold_start,Micro,1905-06-01,7800.0,7067.168927905324,6987.199,7027.184073327662,7055.173544774214
M18959,cold_start,Micro,1905-07-01,7700.0,7488.0879600577,7022.3105,7255.19925346635,7418.221445736545
M18959,cold_start,Micro,1905-08-01,8000.0,7475.554999266033,7408.538,7442.046542601766,7465.502511094878
M18959,cold_start,Micro,1905-09-01,7900.0,7678.384848231205,7654.3184,7666.351603803103,7674.774948144963
M18978,cold_start,Micro,1904-04-01,2620.0,2594.7212055195887,2625.8064,2610.263801001982,2599.383996371338
M18978,cold_start,Micro,1904-05-01,2780.0,2594.7212055195887,2744.0862,2669.403693580107,2617.125970248291
M18978,cold_start,Micro,1904-06-01,2740.0,2743.627260109354,2708.6023,2726.1147775156146,2738.373545848811
M18978,cold_start,Micro,1904-07-01,2790.0,2748.827152044323,2732.2583,2740.5427264127866,2746.3418548724408
M18978,cold_start,Micro,1904-08-01,2920.0,2781.61020025803,2767.7422,2774.676193879015,2779.5300166548727
M18978,cold_start,Micro,1904-09-01,3020.0,2905.004176192691,2767.7422,2836.3731818463457,2884.4148961993346
M18978,cold_start,Micro,1904-10-01,2520.0,3077.5621838239817,2886.0217,2981.7919561698036,3048.8311460453065
M18978,cold_start,Micro,1904-11-01,2510.0,2639.098121435183,2968.8174,2803.9577521238416,2688.5560350558435
M18978,cold_start,Micro,1904-12-01,2340.0,2636.614356449635,3027.957,2832.2856938498176,2695.315775980237
M18978,cold_start,Micro,1905-01-01,2200.0,2534.9731337160006,3027.957,2781.4650824830005,2608.9207366566475
M18978,cold_start,Micro,1905-02-01,1940.0,2507.751330222743,3027.957,2767.8541807363717,2585.7822036873786
M18978,cold_start,Micro,1905-03-01,2170.0,2113.351796053127,3181.7207,2647.5362495890636,2273.6071443209394
M18978,cold_start,Micro,1905-04-01,1600.0,2190.801967984163,3512.9033,2851.852644148332,2389.117219661539
M18978,cold_start,Micro,1905-05-01,1500.0,1855.747759163907,3465.5918,2660.6697780194536,2097.2244014416647
M18978,cold_start,Micro,1905-06-01,1520.0,1741.5352556574821,3654.8389,2698.187061422491,2028.530797386985
M18978,cold_start,Micro,1905-07-01,1580.0,1635.088569299031,3572.0432,2603.5658910948277,1925.631802458864
M18978,cold_start,Micro,1905-08-01,1520.0,1630.173440841074,3536.5593,2583.3663835064744,1916.131372468819
M18978,cold_start,Micro,1905-09-01,1480.0,1685.4727170520719,3524.7314,2605.102081182286,1961.3615262911362
M19219,cold_start,Micro,1904-04-01,4900.0,4733.581857270693,4485.726,4609.653965744721,4696.403526433996
M19219,cold_start,Micro,1904-05-01,5900.0,5077.26078473396,4517.3154,4797.28810721073,4993.269018098084
M19219,cold_start,Micro,1904-06-01,6500.0,5848.965297408876,4327.7773,5088.371320579437,5620.787128774107
M19219,cold_start,Micro,1904-07-01,6300.0,6357.216406956258,4580.495,5468.855762071878,6090.708225697976
M19219,cold_start,Micro,1904-08-01,7000.0,6363.473586770625,4422.547,5393.010230885313,6072.334628833157
M19219,cold_start,Micro,1904-09-01,7000.0,6775.029210938523,4296.188,5535.608599609886,6403.203051953995
M19219,cold_start,Micro,1904-10-01,6600.0,6863.530267317125,4454.136,5658.833248892937,6502.121210617995
M19219,cold_start,Micro,1904-11-01,6600.0,6574.026535058955,4201.419,5387.722740185727,6218.135445425112
M19219,cold_start,Micro,1904-12-01,5200.0,6562.545913141793,4296.188,5429.366950711521,6222.592248826774
M19219,cold_start,Micro,1905-01-01,4600.0,5455.49812161465,4390.957,4923.227576432325,5295.816958059952
M19219,cold_start,Micro,1905-02-01,4500.0,5303.509172399425,4675.2637,4989.386422137212,5209.272347320762
M19219,cold_start,Micro,1905-03-01,4800.0,4559.778474058001,4706.853,4633.3157507008755,4581.839657050863
M19219,cold_start,Micro,1905-04-01,6100.0,4739.945511655316,5212.287,4976.116310515158,4810.7967635203
M19219,cold_start,Micro,1905-05-01,6400.0,5784.143546444263,5907.259,5845.701167753381,5802.610881665124
M19219,cold_start,Micro,1905-06-01,7600.0,6214.859859680587,5844.079,6029.469480621543,6159.242758169906
M19219,cold_start,Micro,1905-07-01,8700.0,7061.551938729617,5717.7207,6389.636320927309,6859.977290010019
M19219,cold_start,Micro,1905-08-01,8600.0,8104.98965435252,5654.542,6879.7658232700105,7737.422541648862
M19219,cold_start,Micro,1905-09-01,8300.0,8129.634026109942,5496.5933,6813.1136439143465,7734.677935865327
M19244,cold_start,Micro,1904-04-01,4600.0,4723.308637978243,4200.923,4462.115744770372,4644.950770015881
M19244,cold_start,Micro,1904-05-01,5200.0,4928.783020280602,4200.923,4564.852935921551,4819.6039949728865
M19244,cold_start,Micro,1904-06-01,6400.0,5170.723542045016,4200.923,4685.823196803758,5025.25343847264
M19244,cold_start,Micro,1904-07-01,5900.0,5881.65150291164,4394.069,5137.860175283945,5658.514129037394
M19244,cold_start,Micro,1904-08-01,6200.0,5901.5792831810295,4128.493,5015.036223621764,5635.616377520282
M19244,cold_start,Micro,1904-09-01,6200.0,6039.696892288297,4200.923,5120.3098719253985,5763.880786179428
M19244,cold_start,Micro,1904-10-01,5700.0,6051.133808014389,4997.65,5524.391855179069,5893.1112587848875
M19244,cold_start,Micro,1904-11-01,5000.0,5710.743749847953,4901.0767,5305.910205002101,5589.293686394198
M19244,cold_start,Micro,1904-12-01,4600.0,5290.855159244345,4683.7876,4987.321378450297,5199.795061627225
M19244,cold_start,Micro,1905-01-01,3600.0,4887.728114526628,5118.366,5003.047162732064,4922.323841195291
M19244,cold_start,Micro,1905-02-01,3800.0,3977.3557586047323,4538.9277,4258.141746489866,4061.591567177304
M19244,cold_start,Micro,1905-03-01,4600.0,4001.4243931657124,5118.366,4559.895302051606,4168.965678038512
M19244,cold_start,Micro,1905-04-01,3600.0,4495.705614133732,4538.928,4517.31691839499,4502.18900541211
M19244,cold_start,Micro,1905-05-01,4400.0,3959.8280104091855,5118.366,4539.097110673343,4133.608752695464
M19244,cold_start,Micro,1905-06-01,4800.0,4498.127974681806,4876.9336,4687.530784215904,4554.948817542036
M19244,cold_start,Micro,1905-07-01,4500.0,4529.991081054065,5166.6523,4848.321712402032,4625.490282665487
M19244,cold_start,Micro,1905-08-01,3800.0,4643.036482182261,5021.793,4832.414725466131,4699.8499917885165
M19244,cold_start,Micro,1905-09-01,3400.0,4321.13866153252,4997.6494,4659.3940377975105,4422.615323240143
M1926,long_history,Macro,1924-01-01,1269.0,1265.0570367767566,1266.4008,1265.7288968063472,1265.258594785634
M1926,long_history,Macro,1924-02-01,1268.0,1266.2411468773869,1262.1511,1264.196134962131,1265.6276524580837
M1926,long_history,Macro,1924-03-01,1282.0,1266.2411468773869,1270.6504,1268.4457687511936,1266.9025395430447
M1926,long_history,Macro,1924-04-01,1282.0,1266.2411468773869,1274.9,1270.5705856457248,1267.5399907149197
M1926,long_history,Macro,1924-05-01,1287.0,1266.2411468773869,1283.3994,1274.8202804699436,1268.8148930586697
M1926,long_history,Macro,1924-06-01,1284.0,1266.2411468773869,1279.1497,1272.695402540256,1268.1774266280056
M1926,long_history,Macro,1924-07-01,1233.0,1266.2411468773869,1249.4021,1257.821623243381,1263.7152989424587
M1926,long_history,Macro,1924-08-01,1257.0,1266.2411468773869,1249.4021,1257.821623243381,1263.7152989424587
M1926,long_history,Macro,1924-09-01,1269.0,1266.2411468773869,1262.1511,1264.196134962131,1265.6276524580837
M1926,long_history,Macro,1924-10-01,1275.0,1250.6742938103198,1257.9014,1254.28783049891,1251.7583609204125
M1926,long_history,Macro,1924-11-01,1288.0,1266.2411468773869,1270.6504,1268.4457687511936,1266.9025395430447
M1926,long_history,Macro,1924-12-01,1290.0,1268.9572738268078,1274.9,1271.9286491204352,1269.8486986219273
M1926,long_history,Macro,1925-01-01,1256.0,1265.0570367767566,1262.1511,1263.604079911816,1264.621158872548
M1926,long_history,Macro,1925-02-01,1263.0,1266.2411468773869,1257.9014,1262.0712570324436,1264.9901860274197
M1926,long_history,Macro,1925-03-01,1270.0,1266.2411468773869,1266.4006,1266.320890821506,1266.2650731123806
M1926,long_history,Macro,1925-04-01,1278.0,1266.2411468773869,1266.4006,1266.320890821506,1266.2650731123806
M1926,long_history,Macro,1925-05-01,1287.0,1266.2411468773869,1270.6504,1268.4457687511936,1266.9025395430447
M1926,long_history,Macro,1925-06-01,1284.0,1266.2411468773869,1274.9001,1270.570646680881,1267.5400059737087
M1940,long_history,Macro,1924-01-01,1820.0,1813.5848933198224,1818.0239,1815.804409550536,1814.2507726030992
M1940,long_history,Macro,1924-02-01,1820.0,1801.8058918129602,1829.7532,1815.7795328205425,1805.9979902187508
M1940,long_history,Macro,1924-03-01,1830.0,1801.8058918129602,1818.0239,1809.914908797105,1804.2386213222665
M1940,long_history,Macro,1924-04-01,1830.0,1801.8058918129602,1829.7532,1815.7795328205425,1805.9979902187508
M1940,long_history,Macro,1924-05-01,1850.0,1801.8058918129602,1835.6177,1818.711783797105,1806.877659408204
M1940,long_history,Macro,1924-06-01,1880.0,1801.8058918129602,1829.7532,1815.7795328205425,1805.9979902187508
M1940,long_history,Macro,1924-07-01,1900.0,1894.9394880650716,1829.7532,1862.3463309465983,1885.1615470330455
M1940,long_history,Macro,1924-08-01,1930.0,1912.3996622674736,1841.4823,1876.9409810360805,1901.7620640015714
M1940,long_history,Macro,1924-09-01,1910.0,1912.3996622674736,1847.3469,1879.8732930477993,1902.6417637086026
M1940,long_history,Macro,1924-10-01,1910.0,1912.3996622674736,1853.2114,1882.8055440243618,1903.5214328980558
M1940,long_history,Macro,1924-11-01,1910.0,1912.3996622674736,1853.2114,1882.8055440243618,1903.5214328980558
M1940,long_history,Macro,1924-12-01,1930.0,2082.373312192481,1841.4823,1961.9278059985843,2046.239666437828
M1940,long_history,Macro,1925-01-01,1920.0,1924.1786637743357,1841.4823,1882.8304817895116,1911.7742152824044
M1940,long_history,Macro,1925-02-01,1920.0,1912.3996622674736,1841.4823,1876.9409810360805,1901.7620640015714
M1940,long_history,Macro,1925-03-01,1930.0,1923.1377722326008,1847.3469,1885.2423480303628,1911.7691571789608
M1940,long_history,Macro,1925-04-01,1930.0,1923.1377722326008,1853.2114,1888.1745990069253,1912.648826368414
M1940,long_history,Macro,1925-05-01,1930.0,1923.1377722326008,1841.4823,1882.310036018644,1910.8894574719295
M1940,long_history,Macro,1925-06-01,1960.0,1976.9767885958827,1841.4823,1909.229544200285,1956.6526213807192
M19797,cold_start,Micro,1904-04-01,5000.0,5326.861216899547,5093.2666,5210.063909231023,5291.8220245989905
M19797,cold_start,Micro,1904-05-01,4800.0,5175.827889377636,4992.4097,5084.118778673193,5148.3151561663035
M19797,cold_start,Micro,1904-06-01,4800.0,4991.741427071896,4715.0537,4853.397569004698,4950.238269651737
M19797,cold_start,Micro,1904-07-01,4700.0,5082.042911222803,4563.7686,4822.9057329551515,5004.301782156571
M19797,cold_start,Micro,1904-08-01,4400.0,5034.545123336485,4538.5547,4786.549905418242,4960.146557961012
M19797,cold_start,Micro,1904-09-01,4200.0,4712.179207471985,4488.126,4600.152592017243,4678.571259456657
M19797,cold_start,Micro,1904-10-01,4000.0,4644.30664059842,4538.5547,4591.4306640492105,4628.443847633657
M19797,cold_start,Micro,1904-11-01,4000.0,4150.802382245824,4563.7686,4357.285468466662,4212.747332526138
M19797,cold_start,Micro,1904-12-01,4000.0,4132.326499025009,4538.5547,4335.440593262505,4193.260727296258
M19797,cold_start,Micro,1905-01-01,4000.0,4125.9307328827745,4538.5547,4332.242710191387,4187.824326075359
M19797,cold_start,Micro,1905-02-01,3700.0,4125.9307328827745,4614.1973,4370.063999253887,4199.170761622234
M19797,cold_start,Micro,1905-03-01,3200.0,3887.032440150121,4614.1973,4250.61485288756,3996.1072127994785
M19797,cold_start,Micro,1905-04-01,3200.0,3494.3589668191917,4765.4824,4129.920694347096,3685.0275094916256
M19797,cold_start,Micro,1905-05-01,3500.0,3421.7788005117536,4790.6963,4106.237544787127,3627.116472622491
M19797,cold_start,Micro,1905-06-01,3900.0,3565.16300356421,4992.4097,4278.78633576648,3779.2500032248913
M19797,cold_start,Micro,1905-07-01,3700.0,3936.7937308115843,5244.552,4590.672744312042,4132.957471482816
M19797,cold_start,Micro,1905-08-01,3200.0,3639.671681388443,5496.694,4568.182764522347,3918.2250185356456
M19797,cold_start,Micro,1905-09-01,3100.0,3363.75565193733,5547.122,4455.438861124915,3691.2606635217307
M19963,cold_start,Micro,1904-04-01,1670.0,1627.8778442578039,1661.7217,1644.799761972652,1632.9544226240162
M19963,cold_start,Micro,1904-05-01,1800.0,1681.2215387289252,1661.7217,1671.4716092082126,1678.2965629244693
M19963,cold_start,Micro,1904-06-01,1910.0,1764.526160181777,1648.9392,1706.732684583076,1747.1881327609558
M19963,cold_start,Micro,1904-07-01,1900.0,1899.8546165230287,1661.7217,1780.7881481052643,1864.1346790494574
M19963,cold_start,Micro,1904-08-01,1890.0,1917.3147907254306,1648.9392,1783.1269998549028,1877.0584687230614
M19963,cold_start,Micro,1904-09-01,2020.0,1912.3996622674736,1636.1566,1774.2781392392055,1870.9632206177823
M19963,cold_start,Micro,1904-10-01,2200.0,2000.819716510865,1674.5042,1837.661933450745,1951.8723876963447
M19963,cold_start,Micro,1904-11-01,2240.0,2151.396599772783,1687.2866,1919.3416104332664,2081.7801121262014
M19963,cold_start,Micro,1904-12-01,2250.0,2179.034165200677,1674.5042,1926.769157795651,2103.354669082685
M19963,cold_start,Micro,1905-01-01,2280.0,2183.181911300161,1700.0691,1941.625501548518,2110.7150005816993
M19963,cold_start,Micro,1905-02-01,2240.0,2171.4029097932994,1700.0691,1935.7360007950872,2100.7028493008675
M19963,cold_start,Micro,1905-03-01,2240.0,2171.4029097932994,1738.4165,1954.9097068497747,2106.454955013758
M19963,cold_start,Micro,1905-04-01,2310.0,2180.5761908280974,1763.9814,1972.2788180702987,2118.086991207789
M19963,cold_start,Micro,1905-05-01,2320.0,2197.8520810724567,1789.5464,1993.6992338956034,2136.6062452299475
M19963,cold_start,Micro,1905-06-01,2320.0,2290.9935502172193,1802.3289,2046.6612038195472,2217.6938524014336
M19963,cold_start,Micro,1905-07-01,2440.0,2300.1668312520173,1827.8938,2064.0303150400714,2229.3258885954647
M19963,cold_start,Micro,1905-08-01,2630.0,2349.732690020626,1879.0237,2114.3781858306256,2279.1263631776883
M19963,cold_start,Micro,1905-09-01,2760.0,2493.2595573303665,1904.5886,2198.9240901886205,2404.958917187843
M20573,cold_start,Micro,1904-04-01,1340.0,1437.2833159172192,1322.4944,1379.888850341422,1420.0649792962379
M20573,cold_start,Micro,1904-05-01,1360.0,1437.2833159172192,1330.2283,1383.755793700797,1421.2250745110816
M20573,cold_start,Micro,1904-06-01,1350.0,1437.2833159172192,1330.2283,1383.755793700797,1421.2250745110816
M20573,cold_start,Micro,1904-07-01,1310.0,1419.4404425134878,1330.2283,1374.8343569989315,1406.05863211791
M20573,cold_start,Micro,1904-08-01,1290.0,1392.8608728586162,1330.2283,1361.5445721714955,1383.4659979112691
M20573,cold_start,Micro,1904-09-01,1300.0,1266.2411468773869,1330.2283,1298.234709180881,1275.8392308272244
M20573,cold_start,Micro,1904-10-01,1320.0,1266.2411468773869,1330.2283,1298.234709180881,1275.8392308272244
M20573,cold_start,Micro,1904-11-01,1360.0,1335.616079479472,1307.0266,1321.3213454037987,1331.3276684120435
M20573,cold_start,Micro,1904-12-01,1380.0,1338.332206428893,1283.8251,1311.0786398355403,1330.1561517096764
M20573,cold_start,Micro,1905-01-01,1380.0,1404.6398743654784,1283.825,1344.2324127686766,1386.517638938196
M20573,cold_start,Micro,1905-02-01,1400.0,1392.8608728586162,1307.0266,1349.9437420933705,1379.985742784316
M20573,cold_start,Micro,1905-03-01,1430.0,1392.8608728586162,1330.2283,1361.5445721714955,1383.4659979112691
M20573,cold_start,Micro,1905-04-01,1420.0,1392.8608728586162,1368.8978,1380.8793500035267,1389.2664282091207
M20573,cold_start,Micro,1905-05-01,1380.0,1392.8608728586162,1368.8978,1380.8793500035267,1389.2664282091207
M20573,cold_start,Micro,1905-06-01,1380.0,1392.8608728586162,1368.8978,1380.8793500035267,1389.2664282091207
M20573,cold_start,Micro,1905-07-01,1440.0,1392.8608728586162,1407.5671,1400.2140057652455,1395.0668279893941
M20573,cold_start,Micro,1905-08-01,1500.0,1420.9052746832515,1376.6316,1398.7684332400631,1414.2642344573264
M20573,cold_start,Micro,1905-09-01,1510.0,1509.6600242339257,1392.0994,1450.8796947341502,1492.0259314875088
M21023,short,Demographic,1914-01-01,1541.3,1543.1034669377025,1535.1316,1539.1175293672886,1541.907691770094
M21023,short,Demographic,1914-02-01,1515.2,1531.3244654308403,1535.1316,1533.2280286138575,1531.8955404892613
M21023,short,Demographic,1914-03-01,1486.5,1531.3244654308403,1535.1316,1533.2280286138575,1531.8955404892613
M21023,short,Demographic,1914-04-01,1486.0,1500.8110111802014,1535.1316,1517.9713014885383,1505.9591043762182
M21023,short,Demographic,1914-05-01,1488.8,1500.8110111802014,1540.2488,1520.5298952385383,1506.7266825012182
M21023,short,Demographic,1914-06-01,1521.9,1500.8110111802014,1535.1316,1517.9713014885383,1505.9591043762182
M21023,short,Demographic,1914-07-01,1532.5,1531.3244654308403,1530.0144,1530.6694348638575,1531.1279623642613
M21023,short,Demographic,1914-08-01,1527.4,1531.3244654308403,1535.1316,1533.2280286138575,1531.8955404892613
M21023,short,Demographic,1914-09-01,1530.1,1531.3244654308403,1530.0144,1530.6694348638575,1531.1279623642613
M21023,short,Demographic,1914-10-01,1530.1,1531.3244654308403,1530.0144,1530.6694348638575,1531.1279623642613
M21023,short,Demographic,1914-11-01,1557.5,1531.3244654308403,1535.1316,1533.2280286138575,1531.8955404892613
M21023,short,Demographic,1914-12-01,1574.2,1534.0405923802612,1535.1316,1534.586092088568,1534.204248396269
M21023,short,Demographic,1915-01-01,1557.3,1543.1034669377025,1530.0144,1536.5589356172886,1541.140113645094
M21023,short,Demographic,1915-02-01,1551.9,1586.6237416418383,1530.0144,1558.3190729693565,1578.1323471436094
M21023,short,Demographic,1915-03-01,1550.5,1531.3244654308403,1530.0144,1530.6694348638575,1531.1279623642613
M21023,short,Demographic,1915-04-01,1536.6,1531.3244654308403,1535.1316,1533.2280286138575,1531.8955404892613
M21023,short,Demographic,1915-05-01,1560.2,1531.3244654308403,1535.1316,1533.2280286138575,1531.8955404892613
M21023,short,Demographic,1915-06-01,1560.4,1531.3244654308403,1524.8973,1528.1109021490138,1530.3603994980504
M21060,short,Demographic,1914-01-01,2170.0,2029.7144470195315,2060.1318,2044.9231414785158,2034.277055357227
M21060,short,Demographic,1914-02-01,2420.0,2116.7901449822516,2100.2122,2108.501151592688,2114.3034530688983
M21060,short,Demographic,1914-03-01,2380.0,2257.5503704692796,2084.18,2170.8651510549525,2231.544829059044
M21060,short,Demographic,1914-04-01,2290.0,2321.6184882092866,2116.2441,2218.9313144171433,2290.8123604857064
M21060,short,Demographic,1914-05-01,2330.0,2294.343849744847,2212.437,2253.3904307317985,2282.0578423514794
M21060,short,Demographic,1914-06-01,2250.0,2344.2118822257567,2164.3408,2254.276351269128,2317.231222938768
M21060,short,Demographic,1914-07-01,2620.0,2309.628982254484,2228.4692,2269.049110267867,2297.455020658499
M21060,short,Demographic,1914-08-01,2580.0,2530.814279275678,2084.18,2307.4971054581515,2463.819151544483
M21060,short,Demographic,1914-09-01,2780.0,2529.7747269329952,2084.18,2306.9773292868103,2462.935532053202
M21060,short,Demographic,1914-10-01,2330.0,2648.776184406101,2068.1477,2358.461944742113,2561.681924713936
M21060,short,Demographic,1914-11-01,2450.0,2437.7161785048606,2084.18,2260.948055072743,2384.685765889288
M21060,short,Demographic,1914-12-01,2390.0,2577.674603028006,2028.0674,2302.8709929202532,2495.233526099196
M21060,short,Demographic,1915-01-01,2330.0,2450.3235707602607,2020.0513,2235.1874201457554,2385.7827255759094
M21060,short,Demographic,1915-02-01,2400.0,2457.684667238276,1955.9227,2206.803698365232,2382.4203948869094
M21060,short,Demographic,1915-03-01,2250.0,2388.8626125364085,2036.0834,2212.472993279923,2335.945726759463
M21060,short,Demographic,1915-04-01,2150.0,2359.1948410230925,2012.0352,2185.6149986365463,2307.1209127211914
M21060,short,Demographic,1915-05-01,2420.0,2208.168878273013,2004.0192,2106.0940216560375,2177.5464212879206
M21060,short,Demographic,1915-06-01,2670.0,2302.2011007799315,2084.1797,2193.190394139966,2269.497888787942
M21134,short,Demographic,1914-01-01,1749.0,1715.7585420974758,1702.2719,1709.0151963417065,1713.7355505777764
M21134,short,Demographic,1914-02-01,1650.0,1777.4539051275513,1664.0186,1720.7362299075257,1760.4386178203329
M21134,short,Demographic,1914-03-01,1732.0,1650.6358461194923,1606.6385,1628.6371979620899,1644.0362577757874
M21134,short,Demographic,1914-04-01,1731.0,1703.9795405906136,1695.8964,1699.9379514476504,1702.7670699512405
M21134,short,Demographic,1914-05-01,1851.0,1699.0644121326566,1740.5251,1719.794779308516,1705.283546699477
M21134,short,Demographic,1914-06-01,1754.0,1782.3690335855083,1734.1495,1758.2592848591603,1775.1361150711198
M21134,short,Demographic,1914-07-01,1659.0,1806.7210202709173,1683.1453,1744.9331419713963,1788.1846689880924
M21134,short,Demographic,1914-08-01,1727.0,1650.6358461194923,1676.7698,1663.7028107550586,1654.555941613678
M21134,short,Demographic,1914-09-01,1777.0,1699.0644121326566,1695.8964,1697.4803872186721,1698.589210761977
M21134,short,Demographic,1914-10-01,1788.0,1782.3690335855083,1689.5208,1735.9448927693165,1768.4417943924088
M21134,short,Demographic,1914-11-01,1874.0,1777.4539051275513,1727.7739,1752.6139154544007,1770.0019265361532
M21134,short,Demographic,1914-12-01,1878.0,1902.5707434724495,1740.5251,1821.5479449784123,1878.263928338301
M21134,short,Demographic,1915-01-01,1902.0,1929.0937922322928,1715.023,1822.0583707255214,1896.9831718837772
M21134,short,Demographic,1915-02-01,1827.0,1912.3996622674736,1676.7697,1794.584657793893,1877.055170080673
M21134,short,Demographic,1915-03-01,1944.0,1819.266066015362,1689.5208,1754.3934089842435,1799.8042719577843
M21134,short,Demographic,1915-04-01,1951.0,1983.3595423084632,1695.8964,1839.6279523065755,1940.2400714114126
M21134,short,Demographic,1915-05-01,1927.0,2011.5578264759922,1715.023,1863.2903878473712,1967.0776009909216
M21134,short,Demographic,1915-06-01,1960.0,1912.3996622674736,1695.8964,1804.1480122860805,1879.9241733765714
M21283,short,Demographic,1914-01-01,6500.0,4483.824892483407,4249.7295,4366.777192335454,4448.710631267146
M21283,short,Demographic,1914-02-01,4100.0,5066.622307548981,4601.3257,4833.973995571365,4996.827813955697
M21283,short,Demographic,1914-03-01,1900.0,4786.242654573735,4203.869,4495.055897599368,4698.886639688457
M21283,short,Demographic,1914-04-01,3000.0,4497.785763308403,5105.7905,4801.788145326076,4588.986490120737
M21283,short,Demographic,1914-05-01,2400.0,4282.270651514369,4494.3184,4388.294505444685,4314.077819900495
M21283,short,Demographic,1914-06-01,4300.0,4545.814062747486,4096.862,4321.337939576868,4478.471250210363
M21283,short,Demographic,1914-07-01,2800.0,4288.013286724544,4448.458,4368.235647268522,4312.080031508831
M21283,short,Demographic,1914-08-01,4200.0,3338.817579982529,4005.141,3671.9793466318897,3438.7661221843687
M21283,short,Demographic,1914-09-01,6500.0,4041.939582754756,4112.1484,4077.044010127378,4052.4709109665428
M21283,short,Demographic,1914-10-01,2400.0,4703.678887926747,3699.4048,4201.541836541499,4553.037821339298
M21283,short,Demographic,1914-11-01,3500.0,4187.997013301653,3852.273,4020.1349812602016,4137.638403689218
M21283,short,Demographic,1914-12-01,4100.0,4843.732973365799,3852.273,4348.002961292274,4695.013969743742
M21283,short,Demographic,1915-01-01,5400.0,4138.456498994704,4188.5825,4163.5195092629765,4145.9754386962795
M21283,short,Demographic,1915-02-01,3100.0,4720.540155681484,4402.5977,4561.568905965742,4672.8487807667625
M21283,short,Demographic,1915-03-01,3000.0,3611.2358612420703,4096.862,3854.04883882416,3684.0797789307603
M21283,short,Demographic,1915-04-01,3900.0,3730.2783221694544,4448.458,4089.368164990977,3838.0053116370054
M21283,short,Demographic,1915-05-01,5600.0,3614.330695056259,3745.2651,3679.7979158875046,3633.9708857196956
M21283,short,Demographic,1915-06-01,8400.0,4317.34102558105,4096.862,4207.10142099365,4284.269168618894
M21323,short,Demographic,1914-01-01,5300.0,5146.721698747662,4736.3975,4941.559579842581,5085.173099697232
M21323,short,Demographic,1914-02-01,5900.0,5198.680709032287,4541.265,4869.972922875519,5100.068422013383
M21323,short,Demographic,1914-03-01,6500.0,5824.590841328216,4488.047,5156.318858164108,5624.109246378984
M21323,short,Demographic,1914-04-01,7800.0,6214.069741704367,4896.052,5555.060749758433,6016.367056327618
M21323,short,Demographic,1914-05-01,7700.0,6965.450966985161,4984.748,5975.099506930081,6668.345541175669
M21323,short,Demographic,1914-06-01,4500.0,7422.777379151943,4559.0044,5990.8908868415965,6993.211480286965
M21323,short,Demographic,1914-07-01,6200.0,5752.891329518719,4399.3506,5076.12095772811,5549.860217981537
M21323,short,Demographic,1914-08-01,5900.0,6240.427028721553,5002.4873,5621.457166704527,6054.736082323477
M21323,short,Demographic,1914-09-01,4800.0,6034.108317904499,4559.0044,5296.556356217874,5812.842778226637
M21323,short,Demographic,1914-10-01,3400.0,5502.820862299879,4683.1797,5093.0002748999395,5379.874722700992
M21323,short,Demographic,1914-11-01,3100.0,4372.1932808544525,4612.222,4492.207724411601,4408.197662749722
M21323,short,Demographic,1914-12-01,3600.0,3794.246743311116,4949.2695,4371.758137280558,3967.50017370898
M21323,short,Demographic,1915-01-01,4800.0,4244.839983563624,4399.3506,4322.095284750561,4268.0165739197055
M21323,short,Demographic,1915-02-01,3500.0,4724.748046465528,4559.0044,4641.876220498389,4699.886547503512
M21323,short,Demographic,1915-03-01,5900.0,3842.0181963236846,4896.052,4369.034977068092,4000.1232427540385
M21323,short,Demographic,1915-04-01,3500.0,5490.365699037861,4505.786,4998.075915925181,5342.678764104057
M21323,short,Demographic,1915-05-01,2200.0,4164.037015321231,4346.133,4255.084913910616,4191.3513848980465
M21323,short,Demographic,1915-06-01,3400.0,4180.888560957528,4399.3506,4290.119573447514,4213.657864704524
M21370,short,Demographic,1914-01-01,3090.0,2905.004176192691,2818.8606,2861.932385947908,2892.0826513262878
M21370,short,Demographic,1914-02-01,3020.0,3077.5621838239817,3018.426,3047.9941046073036,3068.6917722660096
M21370,short,Demographic,1914-03-01,2830.0,3077.5621838239817,3043.3716,3060.466882927616,3072.43362407265
M21370,short,Demographic,1914-04-01,4980.0,2807.5395048053497,2993.4805,2900.509986777675,2835.43067381111
M21370,short,Demographic,1914-05-01,2710.0,3502.432579377066,3060.002,3281.217266251033,3436.0679976462875
M21370,short,Demographic,1914-06-01,2320.0,3246.9178039897365,2752.3389,2999.628335588618,3172.7309939869792
M21370,short,Demographic,1914-07-01,2160.0,3431.7298728470087,2627.6104,3029.6701122047543,3311.1119629648797
M21370,short,Demographic,1914-08-01,2410.0,2967.443304330135,2494.567,2731.0050994306926,2896.511867274365
M21370,short,Demographic,1914-09-01,2520.0,3108.1162249305435,2519.5127,2813.8144601215217,3019.8257015913528
M21370,short,Demographic,1914-10-01,2300.0,3102.607383563064,2694.1323,2898.369853890907,3041.3361490754796
M21370,short,Demographic,1914-11-01,1670.0,2447.606680669471,2735.7085,2591.6575883816104,2490.82197129366
M21370,short,Demographic,1914-12-01,1950.0,2134.2071380814514,2877.0674,2505.6372604469757,2245.63618699814
M21370,short,Demographic,1915-01-01,2340.0,2367.4471728786007,2926.9585,2647.2028344861756,2451.3738896714203
M21370,short,Demographic,1915-02-01,2480.0,2456.6613135588095,2918.643,2687.6521899825298,2525.958594796473
M21370,short,Demographic,1915-03-01,2360.0,2492.5926482505174,2910.3281,2701.4603866252587,2555.2529758664555
M21370,short,Demographic,1915-04-01,1980.0,2599.637430803178,2877.0674,2738.352406807839,2641.251935811608
M21370,short,Demographic,1915-05-01,1790.0,2201.109334423374,2885.3823,2543.245829321062,2303.7503073067433
M21370,short,Demographic,1915-06-01,1880.0,1945.9166432870136,2768.9692,2357.4429407841317,2069.37454474318
M21456,cold_start,Demographic,1904-08-01,1015.0,985.2169429935548,982.24396,983.730450256543,984.7709951724513
M21456,cold_start,Demographic,1904-09-01,1051.0,1034.7792069007892,1004.2345,1019.5068519855508,1030.1975034779757
M21456,cold_start,Demographic,1904-10-01,1077.0,1079.033037359689,1029.8901,1054.4615870392195,1071.661602263548
M21456,cold_start,Demographic,1904-11-01,1077.0,1079.033037359689,1022.55994,1050.7964869415632,1070.5620844412824
M21456,cold_start,Demographic,1904-12-01,1087.0,1081.7491643091098,1026.225,1053.9870699475237,1073.420536000634
M21456,cold_start,Demographic,1905-01-01,1103.0,1090.8120388665511,1033.5552,1062.1836073239006,1082.2235124555139
M21456,cold_start,Demographic,1905-02-01,1120.0,1079.033037359689,1044.5504,1061.7917261993757,1073.8606531668684
M21456,cold_start,Demographic,1905-03-01,1140.0,1134.8144149018203,1037.2202,1086.0173148727852,1120.1752909966253
M21456,cold_start,Demographic,1905-04-01,1106.0,1134.8144149018203,1029.8901,1082.3522758102852,1119.0757731743597
M21456,cold_start,Demographic,1905-05-01,1135.0,1134.8144149018203,1026.225,1080.519695243879,1118.5259990044378
M21456,cold_start,Demographic,1905-06-01,1066.0,1134.8144149018203,996.9043,1065.8593558884102,1114.1278971977972
M21456,cold_start,Demographic,1905-07-01,1037.0,1134.8144149018203,985.90906,1060.361736259504,1112.4786204643988
M21456,cold_start,Demographic,1905-08-01,1048.0,1048.7396317657156,982.24396,1015.4917946426234,1038.7652806287879
M21456,cold_start,Demographic,1905-09-01,1093.0,1079.033037359689,996.9043,1037.9686671173445,1066.7137262869855
M21456,cold_start,Demographic,1905-10-01,1124.0,1079.033037359689,1040.8854,1059.9592066681257,1073.3108942557355
M21456,cold_start,Demographic,1905-11-01,1101.0,1134.8144149018203,1033.5552,1084.1847953415352,1119.6255320854925
M21456,cold_start,Demographic,1905-12-01,1111.0,1137.5305418512412,1026.225,1081.8777587185893,1120.8347069114457
M21456,cold_start,Demographic,1906-01-01,1138.0,1146.5934164086825,1040.8854,1093.7393961926225,1130.7372164473802
M21457,cold_start,Demographic,1904-11-01,1019.0,1034.7792069007892,1010.7507,1022.764939143754,1031.1749357289523
M21457,cold_start,Demographic,1904-12-01,1019.0,1051.4557587151364,1017.9191,1034.6874435665527,1046.4252763775926
M21457,cold_start,Demographic,1905-01-01,1026.0,1060.5186332725777,1017.9191,1039.2188808452734,1054.1287197514177
M21457,cold_start,Demographic,1905-02-01,1018.0,1048.7396317657156,1017.9191,1033.3293800918423,1044.1165684705848
M21457,cold_start,Demographic,1905-03-01,1019.0,1034.7792069007892,1017.9191,1026.349167659379,1032.2502073353976
M21457,cold_start,Demographic,1905-04-01,1026.0,1048.7396317657156,1017.9191,1033.3293800918423,1044.1165684705848
M21457,cold_start,Demographic,1905-05-01,1034.0,1048.7396317657156,1017.9191,1033.3293800918423,1044.1165684705848
M21457,cold_start,Demographic,1905-06-01,1038.0,1048.7396317657156,1017.9191,1033.3293800918423,1044.1165684705848
M21457,cold_start,Demographic,1905-07-01,1032.0,1079.033037359689,1017.9191,1048.4760828888288,1069.865963225462
M21457,cold_start,Demographic,1905-08-01,1035.0,1048.7396317657156,1017.9191,1033.3293800918423,1044.1165684705848
M21457,cold_start,Demographic,1905-09-01,1034.0,1048.7396317657156,1017.9191,1033.3293800918423,1044.1165684705848
M21457,cold_start,Demographic,1905-10-01,1034.0,1048.7396317657156,1021.5033,1035.1214638320766,1044.6541813856238
M21457,cold_start,Demographic,1905-11-01,1039.0,1048.7396317657156,1021.5033,1035.1214638320766,1044.6541813856238
M21457,cold_start,Demographic,1905-12-01,1043.0,1081.7491643091098,1021.5033,1051.6262301037737,1072.712284047509
M21457,cold_start,Demographic,1906-01-01,1037.0,1090.8120388665511,1021.5033,1056.1576673824943,1080.4157274213342
M21457,cold_start,Demographic,1906-02-01,1032.0,1048.7396317657156,1021.5033,1035.1214638320766,1044.6541813856238
M21457,cold_start,Demographic,1906-03-01,1038.0,1048.7396317657156,1028.6719,1038.705753382858,1045.7294682508582
M21457,cold_start,Demographic,1906-04-01,1041.0,1079.033037359689,1025.0875,1052.0602808868757,1070.9412195731184
M21460,cold_start,Demographic,1903-11-01,7690.0,8051.271164021588,7788.9834,7920.127281229545,8011.928023598039
M21460,cold_start,Demographic,1903-12-01,7130.0,7970.125325269002,7336.9443,7653.534830603251,7875.148274525527
M21460,cold_start,Demographic,1904-01-01,6920.0,7371.082611689493,6989.2217,7180.152145688497,7313.80352071732
M21460,cold_start,Demographic,1904-02-01,6830.0,7209.575140834706,6919.6777,7064.626437604853,7166.090529865751
M21460,cold_start,Demographic,1904-03-01,6860.0,7343.950360896994,7197.8555,7270.902914823497,7322.036151489008
M21460,cold_start,Demographic,1904-04-01,7180.0,7197.143170723626,7649.8945,7423.518850986813,7265.05594804477
M21460,cold_start,Demographic,1904-05-01,7300.0,7350.667624003665,7928.0728,7639.3701889549575,7437.278417903116
M21460,cold_start,Demographic,1904-06-01,7320.0,7590.909514224443,7997.617,7794.263350862222,7651.915665215777
M21460,cold_start,Demographic,1904-07-01,7310.0,7595.856482264157,7928.0728,7761.964618085203,7645.6889474245345
M21460,cold_start,Demographic,1904-08-01,7310.0,7554.904498324249,7858.5283,7706.716409318375,7600.448120450613
M21460,cold_start,Demographic,1904-09-01,7350.0,7545.713536547413,7719.439,7632.576250695582,7571.772399619989
M21460,cold_start,Demographic,1904-10-01,7400.0,7581.750392029365,7580.35,7581.050244842807,7581.540445529648
M21460,cold_start,Demographic,1904-11-01,7280.0,7488.31924310739,7302.1724,7395.245803194321,7460.397284375657
M21460,cold_start,Demographic,1904-12-01,6860.0,7423.144160757626,6850.133,7136.638486628814,7337.192556175233
M21460,cold_start,Demographic,1905-01-01,6580.0,6894.142617529733,6259.005,6576.573750171116,6798.871993943242
M21460,cold_start,Demographic,1905-02-01,6610.0,6689.085350169093,6398.0938,6543.589550084546,6645.436658971855
M21460,cold_start,Demographic,1905-03-01,6980.0,6715.517278632708,6745.8164,6730.666842441355,6720.062184396396
M21460,cold_start,Demographic,1905-04-01,7280.0,7002.044643236367,7163.083,7082.563825524434,7026.200471164975
M21530,long_history,Demographic,1929-03-01,8800.0,8873.4377573064,8708.434,8790.935675528199,8848.68723042919
M21530,long_history,Demographic,1929-04-01,8300.0,8959.328294213932,8356.578,8657.953209606967,8868.915866488092
M21530,long_history,Demographic,1929-05-01,8400.0,8618.230088471255,7762.821,8190.5254446262525,8489.918792974004
M21530,long_history,Demographic,1929-06-01,7900.0,8504.981992186835,7498.9287,8001.955351562167,8354.07404882756
M21530,long_history,Demographic,1929-07-01,7700.0,8196.817103848152,7147.073,7671.945173017826,8039.35557342718
M21530,long_history,Demographic,1929-08-01,7700.0,8108.016572563059,6839.199,7473.607895656529,7917.693969491101
M21530,long_history,Demographic,1929-09-01,7900.0,8068.4092023316125,6641.2803,7354.844737884556,7854.33989961859
M21530,long_history,Demographic,1929-10-01,7800.0,8270.457829901126,6509.3345,7389.896151278688,8006.289362935489
M21530,long_history,Demographic,1929-11-01,7500.0,8226.512960318612,6597.2983,7411.905650081181,7982.130803868477
M21530,long_history,Demographic,1929-12-01,7800.0,8002.351368365808,6641.2803,7321.815820901655,7798.1907407476565
M21530,long_history,Demographic,1930-01-01,8300.0,8047.99685594701,7301.0103,7674.50355492663,7935.948938883084
M21530,long_history,Demographic,1930-02-01,8400.0,8552.518899495606,7344.992,7948.755543497803,8371.389965938453
M21530,long_history,Demographic,1930-03-01,7700.0,8611.555567616446,7344.992,7978.273877558223,8421.571133841167
M21530,long_history,Demographic,1930-04-01,7100.0,8225.154669788499,7147.073,7686.113955987999,8063.442504476475
M21530,long_history,Demographic,1930-05-01,6500.0,7651.607692037611,6465.3525,7058.480115550055,7473.669455712438
M21530,long_history,Demographic,1930-06-01,6700.0,7281.864908398492,5981.5503,6631.707600683621,7086.817777119188
M21530,long_history,Demographic,1930-07-01,7100.0,7246.01217988,5761.6406,6503.82640244,7023.356507683157
M21530,long_history,Demographic,1930-08-01,7200.0,7523.456129342793,5585.7124,6554.584265843272,7232.794582499969
M21563,short,Demographic,1912-11-01,1337.59,1335.616079479472,1335.6145,1335.6152907162987,1335.615845902278
M21563,short,Demographic,1912-12-01,1350.2,1338.332206428893,1344.8257,1341.5789450113216,1339.306237158895
M21563,short,Demographic,1913-01-01,1347.35,1404.6398743654784,1354.0367,1379.3383087647703,1397.049407737024
M21563,short,Demographic,1913-02-01,1349.55,1392.8608728586162,1344.8257,1368.843278226183,1385.6556036241598
M21563,short,Demographic,1913-03-01,1343.62,1392.8608728586162,1335.6145,1364.2376874058705,1384.2739202745504
M21563,short,Demographic,1913-04-01,1344.79,1392.8608728586162,1335.6145,1364.2376874058705,1384.2739202745504
M21563,short,Demographic,1913-05-01,1350.86,1392.8608728586162,1344.8257,1368.843278226183,1385.6556036241598
M21563,short,Demographic,1913-06-01,1347.11,1392.8608728586162,1344.8257,1368.843278226183,1385.6556036241598
M21563,short,Demographic,1913-07-01,1333.79,1392.8608728586162,1335.6145,1364.2376874058705,1384.2739202745504
M21563,short,Demographic,1913-08-01,1325.4,1392.8608728586162,1326.4034,1359.6321576207142,1382.8922674425191
M21563,short,Demographic,1913-09-01,1316.48,1392.8608728586162,1326.4034,1359.6321576207142,1382.8922674425191
M21563,short,Demographic,1913-10-01,1331.77,1335.616079479472,1335.6145,1335.6152907162987,1335.615845902278
M21563,short,Demographic,1913-11-01,1348.89,1335.616079479472,1349.4312,1342.5236159116112,1337.688355667903
M21563,short,Demographic,1913-12-01,1358.66,1395.576999808037,1358.6423,1377.109666896206,1390.0368060380035
M21563,short,Demographic,1914-01-01,1360.63,1404.6398743654784,1363.2479,1383.9438995850828,1398.4310910866334
M21563,short,Demographic,1914-02-01,1359.81,1392.8608728586162,1358.6423,1375.7516034214955,1387.7280981309957
M21563,short,Demographic,1914-03-01,1354.18,1392.8608728586162,1344.8257,1368.843278226183,1385.6556036241598
M21563,short,Demographic,1914-04-01,1359.52,1392.8608728586162,1344.8257,1368.843278226183,1385.6556036241598
M21579,short,Demographic,1907-03-01,4662.1,6241.287471197447,6619.065,6430.176206301849,6297.954152763925
M21579,short,Demographic,1907-04-01,6219.81,5036.334853299362,6741.965,5889.149848524681,5292.17936407399
M21579,short,Demographic,1907-05-01,5341.37,6142.413441727751,6443.493,6292.9533028951255,6187.575412284995
M21579,short,Demographic,1907-06-01,5548.97,5463.434228721397,6303.035,5883.234692485698,5589.374416678813
M21579,short,Demographic,1907-07-01,6080.0,5788.590073846005,6303.0356,6045.812859188627,5865.756946069886
M21579,short,Demographic,1907-08-01,6577.29,6168.787201468583,6478.6074,6323.697311671791,6215.260258943608
M21579,short,Demographic,1907-09-01,5608.67,6268.126087341265,6548.836,6408.481012420632,6310.232613693201
M21579,short,Demographic,1907-10-01,5741.67,5745.537462410259,6250.364,5997.950615970754,5821.261469513564
M21579,short,Demographic,1907-11-01,5385.23,5792.749865600972,6373.264,6083.007012878611,5879.82707081942
M21579,short,Demographic,1907-12-01,4388.2,5415.541258415649,6022.12,5718.830687801575,5506.528123852521
M21579,short,Demographic,1908-01-01,5944.1,4735.452623845779,6127.463,5431.45775723539,4944.254176069694
M21579,short,Demographic,1908-02-01,5341.2,5942.669823877053,5987.006,5964.837841626027,5949.320253615808
M21579,short,Demographic,1908-03-01,5053.8,5162.927334465,6232.8066,5697.866987545,5323.409254803063
M21579,short,Demographic,1908-04-01,5491.55,5314.815347605894,6548.836,5931.825642552947,5499.918484918136
M21579,short,Demographic,1908-05-01,5220.95,5443.06980134898,6443.493,5943.28148270574,5593.13331796304
M21579,short,Demographic,1908-06-01,5100.48,5301.568920426649,6513.7217,5907.645300057075,5483.391870936871
M21579,short,Demographic,1908-07-01,6272.89,5314.463780034688,6513.7217,5914.092729861094,5494.352501603704
M21579,short,Demographic,1908-08-01,5773.79,5914.312429143014,6443.493,6178.902796602757,5993.689551587969
M21778,long_history,Demographic,1924-01-01,7826.0,7995.108311145714,8110.7197,8052.914018854107,8012.45009670042
M21778,long_history,Demographic,1924-02-01,7548.0,7772.857525997583,8058.728,7915.792776670667,7815.738101199509
M21778,long_history,Demographic,1924-03-01,7516.0,7544.850308758989,8058.728,7801.789168051369,7621.931966546704
M21778,long_history,Demographic,1924-04-01,7384.0,7544.850308758989,8006.7363,7775.793318441994,7614.133260492016
M21778,long_history,Demographic,1924-05-01,7830.0,7639.762047451315,8162.7114,7901.2367366162825,7718.204478614868
M21778,long_history,Demographic,1924-06-01,8228.0,7913.717866689791,8422.671,8168.194382563645,7990.060821451948
M21778,long_history,Demographic,1924-07-01,8469.0,8322.7413289995,8318.687,8320.713926218501,8322.1331081652
M21778,long_history,Demographic,1924-08-01,8331.0,8538.288355585115,8448.667,8493.477673886307,8524.845151075473
M21778,long_history,Demographic,1924-09-01,7904.0,8305.115546631658,8344.684,8324.899570190828,8311.05085135566
M21778,long_history,Demographic,1924-10-01,7948.0,8010.30550326003,8188.707,8099.506267255015,8037.065830114776
M21778,long_history,Demographic,1924-11-01,8241.0,8010.30550326003,8292.691,8151.498454755015,8052.663486364776
M21778,long_history,Demographic,1924-12-01,8125.0,8295.512434059108,8240.699,8268.105826404553,8287.290549418993
M21778,long_history,Demographic,1925-01-01,7849.0,7912.838796429574,8136.716,8024.777308371037,7946.4204232542015
M21778,long_history,Demographic,1925-02-01,7799.0,7722.700903459188,8084.7236,7903.712268135844,7777.004386104373
M21778,long_history,Demographic,1925-03-01,8157.0,7763.401213987934,7980.74,7872.070724181467,7796.00211587412
M21778,long_history,Demographic,1925-04-01,8107.0,8170.7196443011535,7954.7446,8062.732136603701,8138.323489648169
M21778,long_history,Demographic,1925-05-01,8413.0,8135.6921776952995,7954.7446,8045.218403300774,8108.550143033192
M21778,long_history,Demographic,1925-06-01,8855.0,8346.081207393217,7980.74,8163.410720884109,8291.28011026861
M21806,long_history,Demographic,1924-01-01,7982.0,7856.33458636735,7953.852,7905.0933185743,7870.962279271624
M21806,long_history,Demographic,1924-02-01,8079.0,8002.437124800727,8011.909,8007.173152244113,8003.857933033744
M21806,long_history,Demographic,1924-03-01,8110.0,8167.498982247809,8011.909,8089.704080967655,8144.1605118637635
M21806,long_history,Demographic,1924-04-01,8083.0,8172.414110705766,8069.9663,8121.190209649758,8157.0469892170895
M21806,long_history,Demographic,1924-05-01,8129.0,8167.498982247809,8128.024,8147.76145401453,8161.5777481918885
M21806,long_history,Demographic,1924-06-01,8228.0,8167.498982247809,8186.081,8176.790018467655,8170.286366355951
M21806,long_history,Demographic,1924-07-01,8317.0,8320.689673596044,8273.167,8296.928332891772,8313.561320212888
M21806,long_history,Demographic,1924-08-01,8167.0,8337.947478701102,8128.024,8232.985702241176,8306.458970177187
M21806,long_history,Demographic,1924-09-01,8123.0,8320.689673596044,8011.909,8166.299426641772,8274.372599509763
M21806,long_history,Demographic,1924-10-01,8169.0,8172.414110705766,8040.9375,8106.675805352883,8152.692619099902
M21806,long_history,Demographic,1924-11-01,8179.0,8315.774545138087,8011.909,8163.8418624127935,8270.1947403205
M21806,long_history,Demographic,1924-12-01,8153.0,8323.429237670596,8011.909,8167.669208679048,8276.701228973132
M21806,long_history,Demographic,1925-01-01,8103.0,8133.886824633915,7924.823,8029.355033410708,8102.527311681016
M21806,long_history,Demographic,1925-02-01,8182.0,8126.798671719063,7953.852,8040.325361250157,8100.856751820579
M21806,long_history,Demographic,1925-03-01,8224.0,8315.774545138087,8011.909,8163.8418624127935,8270.1947403205
M21806,long_history,Demographic,1925-04-01,8257.0,8320.689673596044,8040.9375,8180.813586798022,8278.726847556638
M21806,long_history,Demographic,1925-05-01,8298.0,8315.774545138087,8069.9663,8192.870426865918,8278.903358484562
M21806,long_history,Demographic,1925-06-01,8383.0,8333.032350243146,8157.0527,8245.042542309073,8306.635481105113
M2191,short,Macro,1907-01-01,3910.0,4060.7189453461306,4003.4658,4032.0923828293153,4052.131001005149
M2191,short,Macro,1907-02-01,3850.0,3967.8749348925544,4059.4585,4013.666715493152,3981.612517900859
M2191,short,Macro,1907-03-01,4130.0,3924.1733444245206,4129.449,4026.81128158726,3954.9647621944364
M2191,short,Macro,1907-04-01,4040.0,4115.061634970423,4185.4414,4150.251520610212,4125.618612869392
M2191,short,Macro,1907-05-01,4130.0,4064.295514880284,4171.4434,4117.8694371276415,4080.367740382617
M2191,short,Macro,1907-06-01,4120.0,4105.304614891473,4199.44,4152.372278148861,4119.424938282752
M2191,short,Macro,1907-07-01,4170.0,4121.581496603752,4227.436,4174.508765880001,4137.459689593659
M2191,short,Macro,1907-08-01,4140.0,4156.21809047554,4269.43,4212.824133128395,4173.1999276854585
M2191,short,Macro,1907-09-01,4080.0,4165.97511055449,4241.434,4203.70459629287,4177.293992897098
M2191,short,Macro,1907-10-01,3920.0,4059.3803864223273,4241.434,4150.407234226788,4086.6884773847596
M2191,short,Macro,1907-11-01,4110.0,3989.0669450627897,4213.4375,4101.252222531395,4022.7225283033717
M2191,short,Macro,1907-12-01,4000.0,4117.777761919844,4129.449,4123.613490334922,4119.5285170654615
M2191,short,Macro,1908-01-01,3770.0,4060.7189453461306,4045.4604,4053.0896972824403,4058.4301953410863
M2191,short,Macro,1908-02-01,3750.0,3921.857813805269,4143.4473,4032.6525397151345,3955.096231578229
M2191,short,Macro,1908-03-01,3750.0,3878.156223337235,4199.44,4038.7980823717426,3926.34880546165
M2191,short,Macro,1908-04-01,3840.0,3791.816483538635,4297.427,4044.6216206755676,3867.6580246797153
M2191,short,Macro,1908-05-01,4020.0,3852.5057531628277,4269.43,4060.967964472039,3915.044440969654
M2191,short,Macro,1908-06-01,4020.0,3989.644894163064,4269.43,4129.537534972157,4031.612710819855
M21932,long_history,Demographic,1924-01-01,1610.0,1639.656845764666,1617.577,1628.616936065927,1636.3448850620757
M21932,long_history,Demographic,1924-02-01,1620.0,1645.7207176615352,1624.6716,1635.196174260455,1642.5633699000005
M21932,long_history,Demographic,1924-03-01,1620.0,1645.7207176615352,1638.8608,1642.2907787526426,1644.6917420923833
M21932,long_history,Demographic,1924-04-01,1630.0,1645.7207176615352,1645.9556,1645.8381420338926,1645.7559510767583
M21932,long_history,Demographic,1924-05-01,1650.0,1645.7207176615352,1638.8608,1642.2907787526426,1644.6917420923833
M21932,long_history,Demographic,1924-06-01,1660.0,1645.7207176615352,1638.8608,1642.2907787526426,1644.6917420923833
M21932,long_history,Demographic,1924-07-01,1680.0,1645.7207176615352,1645.9556,1645.8381420338926,1645.7559510767583
M21932,long_history,Demographic,1924-08-01,1680.0,1699.0644121326566,1645.9556,1672.5099892694534,1691.0980913772114
M21932,long_history,Demographic,1924-09-01,1660.0,1699.0644121326566,1653.0502,1676.0572915155471,1692.1622851027973
M21932,long_history,Demographic,1924-10-01,1680.0,1645.7207176615352,1645.9556,1645.8381420338926,1645.7559510767583
M21932,long_history,Demographic,1924-11-01,1700.0,1699.0644121326566,1645.9556,1672.5099892694534,1691.0980913772114
M21932,long_history,Demographic,1924-12-01,1710.0,1701.7805390820774,1645.9556,1673.8680527441638,1693.406799284219
M21932,long_history,Demographic,1925-01-01,1670.0,1710.8434136395188,1645.9556,1678.3994900228845,1701.1102426580442
M21932,long_history,Demographic,1925-02-01,1700.0,1699.0644121326566,1645.9556,1672.5099892694534,1691.0980913772114
M21932,long_history,Demographic,1925-03-01,1680.0,1699.0644121326566,1653.0502,1676.0572915155471,1692.1622851027973
M21932,long_history,Demographic,1925-04-01,1700.0,1699.0644121326566,1667.2395,1683.151957042891,1694.2906878127583
M21932,long_history,Demographic,1925-05-01,1700.0,1699.0644121326566,1660.1448,1679.604593761641,1693.2264788283833
M21932,long_history,Demographic,1925-06-01,1700.0,1699.0644121326566,1674.3341,1686.6992592889846,1695.3548815383442
M21943,long_history,Demographic,1924-01-01,3680.0,3683.507925288767,3661.7117,3672.609797605321,3680.238511397796
M21943,long_history,Demographic,1924-02-01,3730.0,3683.507925288767,3661.7117,3672.609797605321,3680.238511397796
M21943,long_history,Demographic,1924-03-01,3760.0,3755.1158782024427,3676.3584,3715.7371383199716,3743.302292858795
M21943,long_history,Demographic,1924-04-01,3760.0,3755.1158782024427,3691.0054,3723.0606246480966,3745.49931434317
M21943,long_history,Demographic,1924-05-01,3790.0,3755.1158782024427,3720.299,3737.707475234034,3749.89335731192
M21943,long_history,Demographic,1924-06-01,3820.0,3791.816483538635,3749.5925,3770.704506417755,3785.482914816434
M21943,long_history,Demographic,1924-07-01,3790.0,3791.816483538635,3749.5925,3770.704506417755,3785.482914816434
M21943,long_history,Demographic,1924-08-01,3810.0,3863.484074800328,3734.9458,3799.214937790789,3844.203345904498
M21943,long_history,Demographic,1924-09-01,3800.0,3863.484074800328,3749.5925,3806.5383020486015,3846.400367388873
M21943,long_history,Demographic,1924-10-01,3770.0,3863.484074800328,3720.299,3791.8915735329765,3842.006324420123
M21943,long_history,Demographic,1924-11-01,3760.0,3791.816483538635,3661.7117,3726.764076730255,3772.300785910184
M21943,long_history,Demographic,1924-12-01,3730.0,3794.532610488056,3632.418,3713.475289619028,3770.215450848442
M21943,long_history,Demographic,1925-01-01,3700.0,4013.3311148322564,3647.065,3830.198028119253,3958.391201025387
M21943,long_history,Demographic,1925-02-01,3740.0,3989.1953621002194,3661.7117,3825.453516011047,3940.0728326875305
M21943,long_history,Demographic,1925-03-01,3780.0,4013.3311148322564,3661.7117,3837.5213923770657,3960.588222509762
M21943,long_history,Demographic,1925-04-01,3800.0,4013.3311148322564,3691.0054,3852.168242963003,3964.982265478512
M21943,long_history,Demographic,1925-05-01,3810.0,4013.3311148322564,3691.0054,3852.168242963003,3964.982265478512
M21943,long_history,Demographic,1925-06-01,3810.0,4013.3311148322564,3720.299,3866.8150935489407,3969.376308447262
M22005,long_history,Demographic,1924-01-01,1660.0,1710.8434136395188,1678.7227,1694.7830349447595,1706.0253122381223
M22005,long_history,Demographic,1924-02-01,1670.0,1645.7207176615352,1689.2148,1667.4677807057676,1652.2448426783208
M22005,long_history,Demographic,1924-03-01,1680.0,1699.0644121326566,1689.2148,1694.1396279413284,1697.586982978774
M22005,long_history,Demographic,1924-04-01,1680.0,1699.0644121326566,1699.7068,1699.385599621016,1699.1607744826802
M22005,long_history,Demographic,1924-05-01,1690.0,1699.0644121326566,1694.4608,1696.7626137811721,1698.373878730727
M22005,long_history,Demographic,1924-06-01,1690.0,1699.0644121326566,1699.7068,1699.385599621016,1699.1607744826802
M22005,long_history,Demographic,1924-07-01,1680.0,1699.0644121326566,1689.2148,1694.1396279413284,1697.586982978774
M22005,long_history,Demographic,1924-08-01,1670.0,1699.0644121326566,1689.2148,1694.1396279413284,1697.586982978774
M22005,long_history,Demographic,1924-09-01,1700.0,1699.0644121326566,1699.7068,1699.385599621016,1699.1607744826802
M22005,long_history,Demographic,1924-10-01,1720.0,1699.0644121326566,1710.1989,1704.6316323358596,1700.7345965041645
M22005,long_history,Demographic,1924-11-01,1740.0,1699.0644121326566,1725.9368,1712.500589855391,1703.095283760024
M22005,long_history,Demographic,1924-12-01,1740.0,1701.7805390820774,1731.1829,1716.4817002051013,1706.1908874189846
M22005,long_history,Demographic,1925-01-01,1710.0,1710.8434136395188,1720.6908,1715.7671047689782,1712.3205392889035
M22005,long_history,Demographic,1925-02-01,1700.0,1699.0644121326566,1715.4448,1707.2546181757034,1701.5214922561177
M22005,long_history,Demographic,1925-03-01,1710.0,1699.0644121326566,1710.1989,1704.6316323358596,1700.7345965041645
M22005,long_history,Demographic,1925-04-01,1710.0,1699.0644121326566,1715.4448,1707.2546181757034,1701.5214922561177
M22005,long_history,Demographic,1925-05-01,1710.0,1699.0644121326566,1720.6908,1709.8776040155471,1702.3083880080708
M22005,long_history,Demographic,1925-06-01,1700.0,1699.0644121326566,1720.6908,1709.8776040155471,1702.3083880080708
M22323,short,Demographic,1911-01-01,2880.0,2900.0890477347343,2957.939,2929.0140062892424,2908.766547508118
M22323,short,Demographic,1911-02-01,3000.0,2809.7039804668198,2957.939,2883.821472655285,2831.939240330391
M22323,short,Demographic,1911-03-01,2960.0,2905.004176192691,2969.3157,2937.159925010408,2914.6509191485534
M22323,short,Demographic,1911-04-01,2940.0,2905.004176192691,2980.6924,2942.8482795025957,2916.3574315997253
M22323,short,Demographic,1911-05-01,2890.0,2900.0890477347343,2980.6924,2940.3907152736174,2912.179572410462
M22323,short,Demographic,1911-06-01,3060.0,2900.0890477347343,2969.3157,2934.70236078143,2910.47305995929
M22323,short,Demographic,1911-07-01,3030.0,3077.5621838239817,2957.939,3017.750574333866,3059.6187131839783
M22323,short,Demographic,1911-08-01,2950.0,3077.5621838239817,2992.069,3034.8156378104286,3064.738250537494
M22323,short,Demographic,1911-09-01,3010.0,2905.004176192691,2957.939,2931.4715705182207,2912.9444066973815
M22323,short,Demographic,1911-10-01,2950.0,3072.647055366025,2957.939,3015.293010104888,3055.4408539947153
M22323,short,Demographic,1911-11-01,2990.0,2900.0890477347343,2957.939,2929.0140062892424,2908.766547508118
M22323,short,Demographic,1911-12-01,2890.0,2902.805174684155,2923.8088,2913.3070062873903,2905.9557485791884
M22323,short,Demographic,1912-01-01,2950.0,2900.0890477347343,2946.5623,2923.325651797055,2907.060035056946
M22323,short,Demographic,1912-02-01,2980.0,2900.0890477347343,2935.1855,2917.6372973048674,2905.3535531233524
M22323,short,Demographic,1912-03-01,3020.0,2900.0890477347343,2935.1855,2917.6372973048674,2905.3535531233524
M22323,short,Demographic,1912-04-01,2950.0,3072.647055366025,2946.5623,3009.6046556127003,3053.7343415435435
M22323,short,Demographic,1912-05-01,2980.0,2900.0890477347343,2935.1855,2917.6372973048674,2905.3535531233524
M22323,short,Demographic,1912-06-01,3070.0,2900.0890477347343,2935.1855,2917.6372973048674,2905.3535531233524
M22338,long_history,Demographic,1924-01-01,1409.2,1404.6398743654784,1375.8307,1390.2352814210203,1400.3185117409303
M22338,long_history,Demographic,1924-02-01,1397.1,1392.8608728586162,1390.3643,1391.612565335558,1392.4863836534566
M22338,long_history,Demographic,1924-03-01,1412.8,1392.8608728586162,1395.2087,1394.0348065464955,1393.2130682237691
M22338,long_history,Demographic,1924-04-01,1402.0,1392.8608728586162,1385.5197,1389.1902630894642,1391.7596990831441
M22338,long_history,Demographic,1924-05-01,1408.4,1392.8608728586162,1380.6752,1386.7680218785267,1391.0330297716207
M22338,long_history,Demographic,1924-06-01,1438.2,1419.4404425134878,1395.2087,1407.3245913739315,1415.80570243041
M22338,long_history,Demographic,1924-07-01,1422.9,1392.8608728586162,1385.5197,1389.1902630894642,1391.7596990831441
M22338,long_history,Demographic,1924-08-01,1395.1,1392.8608728586162,1385.5197,1389.1902630894642,1391.7596990831441
M22338,long_history,Demographic,1924-09-01,1402.9,1392.8608728586162,1390.3643,1391.612565335558,1392.4863836534566
M22338,long_history,Demographic,1924-10-01,1401.1,1392.8608728586162,1380.6752,1386.7680218785267,1391.0330297716207
M22338,long_history,Demographic,1924-11-01,1403.6,1392.8608728586162,1375.8307,1384.3457806675892,1390.3063604600973
M22338,long_history,Demographic,1924-12-01,1393.8,1508.9955064203402,1380.6752,1444.835338659389,1489.7474682990862
M22338,long_history,Demographic,1925-01-01,1406.6,1404.6398743654784,1375.8307,1390.2352814210203,1400.3185117409303
M22338,long_history,Demographic,1925-02-01,1412.0,1392.8608728586162,1385.5197,1389.1902630894642,1391.7596990831441
M22338,long_history,Demographic,1925-03-01,1410.9,1392.8608728586162,1390.3643,1391.612565335558,1392.4863836534566
M22338,long_history,Demographic,1925-04-01,1406.3,1392.8608728586162,1390.3643,1391.612565335558,1392.4863836534566
M22338,long_history,Demographic,1925-05-01,1407.9,1392.8608728586162,1385.5198,1389.1903241246205,1391.7597143419332
M22338,long_history,Demographic,1925-06-01,1437.5,1419.4404425134878,1390.3643,1404.902350162994,1415.0790178600976
M22352,long_history,Demographic,1924-01-01,4308.0,4303.9787021206175,4325.555,4314.766938950934,4307.2152097908065
M22352,long_history,Demographic,1924-02-01,4316.0,4307.555271654772,4355.698,4331.626756921136,4314.776717234681
M22352,long_history,Demographic,1924-03-01,4283.0,4307.555271654772,4325.555,4316.555223718011,4310.255293894837
M22352,long_history,Demographic,1924-04-01,4266.0,4307.555271654772,4280.34,4293.947557702386,4303.473006297181
M22352,long_history,Demographic,1924-05-01,4288.0,4307.555271654772,4250.197,4278.876024499261,4298.951521922181
M22352,long_history,Demographic,1924-06-01,4393.0,4307.555271654772,4310.4834,4309.019335046136,4307.994490672181
M22352,long_history,Demographic,1924-07-01,4442.0,4362.2594958877535,4340.627,4351.443224506376,4359.014626680372
M22352,long_history,Demographic,1924-08-01,4352.0,4391.556814367196,4370.77,4381.163416949223,4388.438831762898
M22352,long_history,Demographic,1924-09-01,4296.0,4378.228644186904,4340.627,4359.427798655952,4372.588402734649
M22352,long_history,Demographic,1924-10-01,4331.0,4312.470400112728,4340.627,4326.548676618864,4316.693895271601
M22352,long_history,Demographic,1924-11-01,4325.0,4307.555271654772,4295.4116,4301.483446374261,4305.733748484681
M22352,long_history,Demographic,1924-12-01,4319.0,4310.271398604193,4325.555,4317.913287192721,4312.564001801846
M22352,long_history,Demographic,1925-01-01,4346.0,4525.493333414239,4280.34,4402.916588582119,4488.720358792729
M22352,long_history,Demographic,1925-02-01,4319.0,4529.069902948393,4310.4834,4419.7766506929465,4496.281927271759
M22352,long_history,Demographic,1925-03-01,4331.0,4529.069902948393,4340.627,4434.8484280366965,4500.803472681915
M22352,long_history,Demographic,1925-04-01,4297.0,4529.069902948393,4310.4834,4419.7766506929465,4496.281927271759
M22352,long_history,Demographic,1925-05-01,4323.0,4529.069902948393,4325.555,4427.3125393648215,4498.542730494415
M22352,long_history,Demographic,1925-06-01,4408.0,4529.069902948393,4310.4834,4419.7766506929465,4496.281927271759
M22437,long_history,Demographic,1924-01-01,4722.4,4731.967022425776,4617.4097,4674.688345197263,4714.783419257223
M22437,long_history,Demographic,1924-02-01,4714.3,4755.950660862764,4586.211,4671.080799181382,4730.489702358351
M22437,long_history,Demographic,1924-03-01,4754.9,4763.455674562761,4617.4097,4690.432671265755,4741.548773573659
M22437,long_history,Demographic,1924-04-01,4772.9,4763.455674562761,4648.6084,4706.03203650013,4746.228583143971
M22437,long_history,Demographic,1924-05-01,4812.1,4808.272742140067,4695.4062,4751.839496070033,4791.342804940151
M22437,long_history,Demographic,1924-06-01,4913.5,4822.179670581174,4773.403,4797.791251306212,4814.863157005717
M22437,long_history,Demographic,1924-07-01,4999.0,4914.146477069794,4835.8003,4874.9733850192715,4902.394561661669
M22437,long_history,Demographic,1924-08-01,4950.6,5065.238053395632,4789.002,4927.120003260316,5023.802687183163
M22437,long_history,Demographic,1924-09-01,4922.1,4960.905679155589,4711.006,4835.955769265294,4923.420706188501
M22437,long_history,Demographic,1924-10-01,4979.6,4960.905679155589,4742.2046,4851.555134499669,4928.100515758813
M22437,long_history,Demographic,1924-11-01,4946.9,4960.905679155589,4726.6055,4843.755573952794,4925.760672008813
M22437,long_history,Demographic,1924-12-01,4892.9,4963.6218061050095,4726.6055,4845.113637427505,4928.069379915821
M22437,long_history,Demographic,1925-01-01,4818.8,5150.931658312225,4679.807,4915.369393609238,5080.26297890133
M22437,long_history,Demographic,1925-02-01,4758.1,5092.778747176507,4617.4097,4855.094207572629,5021.473385295344
M22437,long_history,Demographic,1925-03-01,4755.8,5034.702501891645,4664.208,4849.455254852072,4979.128352193836
M22437,long_history,Demographic,1925-04-01,4724.8,5029.787373433688,4711.006,4870.396616404344,4981.970146324886
M22437,long_history,Demographic,1925-05-01,4740.4,5029.787373433688,4726.6055,4878.196421091844,4984.310112145198
M22437,long_history,Demographic,1925-06-01,4761.8,5029.787373433688,4804.6016,4917.194467966844,4996.009514000667
M22626,long_history,Demographic,1926-01-01,5560.0,5782.548149973689,5556.7456,5669.646877721219,5748.6778293331045
M22626,long_history,Demographic,1926-02-01,5610.0,5708.3731562356925,5592.595,5650.484185539721,5691.006526062058
M22626,long_history,Demographic,1926-03-01,5600.0,5852.324740607849,5592.595,5722.459977725799,5813.365372778391
M22626,long_history,Demographic,1926-04-01,5640.0,5647.45461310718,5592.595,5620.024913975465,5639.225764402822
M22626,long_history,Demographic,1926-05-01,5660.0,5883.096285851461,5664.2954,5773.695848003856,5850.276191118274
M22626,long_history,Demographic,1926-06-01,5680.0,5883.096285851461,5592.595,5737.845750347606,5839.521186235462
M22626,long_history,Demographic,1926-07-01,5470.0,5814.036802110673,5413.3457,5613.691252617837,5753.933173883916
M22626,long_history,Demographic,1926-08-01,5500.0,5587.785014516322,5431.2705,5509.527761164411,5564.307875131843
M22626,long_history,Demographic,1926-09-01,5730.0,5656.84449825711,5700.145,5678.4947588941795,5663.339613069325
M22626,long_history,Demographic,1926-10-01,5840.0,5793.29106892927,5843.5454,5818.41823954276,5800.829268941443
M22626,long_history,Demographic,1926-11-01,5840.0,5970.127141181081,5843.5454,5906.836275668666,5951.139930355482
M22626,long_history,Demographic,1926-12-01,5780.0,5972.843268130502,5807.696,5890.269534455876,5948.07119685624
M22626,long_history,Demographic,1927-01-01,5630.0,5800.706298183759,5628.4453,5714.5758053418795,5774.867199159321
M22626,long_history,Demographic,1927-02-01,5670.0,5903.402514191193,5718.0703,5810.736413345597,5875.602708351577
M22626,long_history,Demographic,1927-03-01,5660.0,5875.220854189621,5718.0703,5796.645583344811,5851.648297350241
M22626,long_history,Demographic,1927-04-01,5690.0,5905.992399433233,5700.1455,5803.0689536228665,5875.115390104186
M22626,long_history,Demographic,1927-05-01,5720.0,5905.992399433233,5753.9204,5829.9564047947415,5883.181613248717
M22626,long_history,Demographic,1927-06-01,5670.0,5905.992399433233,5682.22,5794.1063071384915,5872.426608365905
M22835,long_history,Demographic,1924-01-01,7136.0,7293.487036565687,7238.2373,7265.862170626593,7285.19957678396
M22835,long_history,Demographic,1924-02-01,7239.0,7180.851620179703,7288.855,7234.853300324226,7197.052124223061
M22835,long_history,Demographic,1924-03-01,7180.3,7420.428033808205,7238.2373,7329.332669247853,7393.0994244401
M22835,long_history,Demographic,1924-04-01,7112.4,7221.551930708449,7187.62,7204.586023947974,7216.462207508432
M22835,long_history,Demographic,1924-05-01,7067.0,7221.551930708449,7137.003,7179.277430197974,7208.869678211557
M22835,long_history,Demographic,1924-06-01,7187.7,7221.551930708449,7162.3115,7191.931727072974,7212.665942859994
M22835,long_history,Demographic,1924-07-01,7142.3,7221.551930708449,7187.62,7204.586023947974,7216.462207508432
M22835,long_history,Demographic,1924-08-01,7063.9,7221.551930708449,7187.62,7204.586023947974,7216.462207508432
M22835,long_history,Demographic,1924-09-01,7073.8,7221.551930708449,7187.62,7204.586023947974,7216.462207508432
M22835,long_history,Demographic,1924-10-01,7208.2,7169.630896562612,7238.2373,7203.934100625056,7179.921857781346
M22835,long_history,Demographic,1924-11-01,7254.3,7373.422128120325,7288.855,7331.138554294537,7360.73705597259
M22835,long_history,Demographic,1924-12-01,7211.5,7423.144160757626,7288.855,7355.999570613189,7403.000783714296
M22835,long_history,Demographic,1925-01-01,7076.8,7257.071296707682,7238.2373,7247.654300697592,7254.246197904656
M22835,long_history,Demographic,1925-02-01,7131.2,7144.435880321698,7212.9287,7178.682295629599,7154.7098293281315
M22835,long_history,Demographic,1925-03-01,7158.3,7185.136190850444,7238.2373,7211.686747768972,7193.101357926003
M22835,long_history,Demographic,1925-04-01,7130.3,7147.704630036939,7212.9287,7180.31667048722,7157.488266586087
M22835,long_history,Demographic,1925-05-01,7172.0,7147.704630036939,7162.3115,7155.00807673722,7149.895737289212
M22835,long_history,Demographic,1925-06-01,7225.8,7180.2210623924875,7162.3115,7171.266292914994,7177.534704791427
M22856,long_history,Demographic,1924-01-01,2396.8,2381.5015160583935,2405.4563,2393.4789074432592,2385.094739577369
M22856,long_history,Demographic,1924-02-01,2408.1,2388.8626125364085,2386.2126,2387.5376295103915,2388.4651359391505
M22856,long_history,Demographic,1924-03-01,2410.9,2388.8626125364085,2405.4563,2397.1594556822665,2391.3516715836818
M22856,long_history,Demographic,1924-04-01,2388.0,2388.8626125364085,2424.6997,2406.781159783829,2394.238176710635
M22856,long_history,Demographic,1924-05-01,2390.3,2388.8626125364085,2424.6997,2406.781159783829,2394.238176710635
M22856,long_history,Demographic,1924-06-01,2431.6,2388.8626125364085,2424.6997,2406.781159783829,2394.238176710635
M22856,long_history,Demographic,1924-07-01,2392.3,2388.8626125364085,2424.6997,2406.781159783829,2394.238176710635
M22856,long_history,Demographic,1924-08-01,2369.7,2388.8626125364085,2415.0781,2401.970368768204,2392.7949394059474
M22856,long_history,Demographic,1924-09-01,2360.1,2388.8626125364085,2424.6997,2406.781159783829,2394.238176710635
M22856,long_history,Demographic,1924-10-01,2366.5,2388.8626125364085,2415.0781,2401.970368768204,2392.7949394059474
M22856,long_history,Demographic,1924-11-01,2347.6,2388.8626125364085,2405.4563,2397.1594556822665,2391.3516715836818
M22856,long_history,Demographic,1924-12-01,2333.2,2391.5787394858294,2405.4563,2398.517519156977,2393.6603794906896
M22856,long_history,Demographic,1925-01-01,2342.4,2381.5015160583935,2405.4563,2393.4789074432592,2385.094739577369
M22856,long_history,Demographic,1925-02-01,2356.3,2388.8626125364085,2415.0781,2401.970368768204,2392.7949394059474
M22856,long_history,Demographic,1925-03-01,2354.7,2388.8626125364085,2405.4563,2397.1594556822665,2391.3516715836818
M22856,long_history,Demographic,1925-04-01,2362.7,2388.8626125364085,2424.6997,2406.781159783829,2394.238176710635
M22856,long_history,Demographic,1925-05-01,2378.0,2388.8626125364085,2434.3215,2411.5920728697665,2395.6814750504786
M22856,long_history,Demographic,1925-06-01,2386.7,2388.8626125364085,2434.3215,2411.5920728697665,2395.6814750504786
M23276,long_history,Demographic,1924-01-01,978.1,996.9959445004168,967.1488,982.0723741056772,992.5188794855106
M23276,long_history,Demographic,1924-02-01,976.0,985.2169429935548,967.1488,976.1828733522461,982.5067282046779
M23276,long_history,Demographic,1924-03-01,976.3,985.2169429935548,982.62317,983.9200559694336,984.8278799380763
M23276,long_history,Demographic,1924-04-01,966.6,985.2169429935548,982.62317,983.9200559694336,984.8278799380763
M23276,long_history,Demographic,1924-05-01,976.0,985.2169429935548,990.3604,987.7886777956055,985.9884634341701
M23276,long_history,Demographic,1924-06-01,990.6,985.2169429935548,1001.9662,993.5915647584961,987.7293386783107
M23276,long_history,Demographic,1924-07-01,985.7,1034.7792069007892,990.3604,1012.5698097492227,1028.1163877553195
M23276,long_history,Demographic,1924-08-01,987.4,985.2169429935548,982.62317,983.9200559694336,984.8278799380763
M23276,long_history,Demographic,1924-09-01,986.8,985.2169429935548,974.886,980.0514646608399,983.6673117007716
M23276,long_history,Demographic,1924-10-01,981.7,985.2169429935548,974.886,980.0514646608399,983.6673117007716
M23276,long_history,Demographic,1924-11-01,973.1,985.2169429935548,971.0174,978.117169006543,983.0870199527247
M23276,long_history,Demographic,1924-12-01,965.5,987.9330699429756,967.1488,977.5409368269566,984.8154361116856
M23276,long_history,Demographic,1925-01-01,960.7,996.9959445004168,974.886,985.940965414271,993.6794629816044
M23276,long_history,Demographic,1925-02-01,957.0,985.2169429935548,971.0174,978.117169006543,983.0870199527247
M23276,long_history,Demographic,1925-03-01,958.9,985.2169429935548,986.4918,985.8543821413086,985.4081869449122
M23276,long_history,Demographic,1925-04-01,943.7,985.2169429935548,990.3604,987.7886777956055,985.9884634341701
M23276,long_history,Demographic,1925-05-01,943.7,985.2169429935548,1009.70337,997.4601560670899,988.8899069156154
M23276,long_history,Demographic,1925-06-01,951.4,985.2169429935548,1009.70337,997.4601560670899,988.8899069156154
M23422,long_history,Demographic,1924-01-01,6671.2,6607.207097344785,6580.4336,6593.820345547392,6603.191096219631
M23422,long_history,Demographic,1924-02-01,6694.9,6669.551866294208,6599.452,6634.502007365854,6659.036933029764
M23422,long_history,Demographic,1924-03-01,6712.3,6696.6831150088565,6618.4707,6657.576909066928,6684.951277640341
M23422,long_history,Demographic,1924-04-01,6665.2,6691.7679865509,6656.508,6674.13789952545,6686.478984857328
M23422,long_history,Demographic,1924-05-01,6729.3,6691.7679865509,6656.508,6674.13789952545,6686.478984857328
M23422,long_history,Demographic,1924-06-01,6753.5,6691.7679865509,6656.508,6674.13789952545,6686.478984857328
M23422,long_history,Demographic,1924-07-01,6787.1,6691.7679865509,6675.5264,6683.6471768692,6689.331768060453
M23422,long_history,Demographic,1924-08-01,6689.8,6809.498103738122,6656.508,6733.002958119061,6786.5495844664665
M23422,long_history,Demographic,1924-09-01,6652.9,6713.541382316026,6618.4707,6666.0060427205135,6699.280804851435
M23422,long_history,Demographic,1924-10-01,6703.9,6696.6831150088565,6580.4336,6638.558354379428,6679.245711234091
M23422,long_history,Demographic,1924-11-01,6642.2,6691.7679865509,6580.4336,6636.10079015045,6675.067852044828
M23422,long_history,Demographic,1924-12-01,6614.4,6694.484113500321,6580.4336,6637.45885362516,6677.376559951836
M23422,long_history,Demographic,1925-01-01,6668.7,6607.207097344785,6599.452,6603.329622891142,6606.043879422756
M23422,long_history,Demographic,1925-02-01,6669.5,6664.636737836251,6618.4707,6641.553720480626,6657.711857043627
M23422,long_history,Demographic,1925-03-01,6664.5,6691.7679865509,6656.508,6674.13789952545,6686.478984857328
M23422,long_history,Demographic,1925-04-01,6672.2,6691.7679865509,6675.5264,6683.6471768692,6689.331768060453
M23422,long_history,Demographic,1925-05-01,6742.6,6691.7679865509,6694.545,6693.15645421295,6692.184551263578
M23422,long_history,Demographic,1925-06-01,6737.0,6691.7679865509,6694.545,6693.15645421295,6692.184551263578
M23428,long_history,Demographic,1924-01-01,6457.8,6460.957088085247,6461.658,6461.307645605124,6461.062304169335
M23428,long_history,Demographic,1924-02-01,6530.7,6454.43106208207,6461.658,6458.044632603534,6455.515182066635
M23428,long_history,Demographic,1924-03-01,6583.7,6520.181556741147,6461.658,6490.919879933073,6511.4031025268505
M23428,long_history,Demographic,1924-04-01,6583.9,6671.346694458642,6504.4507,6587.898689026196,6646.312353864065
M23428,long_history,Demographic,1924-05-01,6524.2,6642.927671310401,6461.658,6552.2929372177005,6615.7372999107165
M23428,long_history,Demographic,1924-06-01,6492.1,6642.927671310401,6376.0737,6509.5007008895755,6602.899592391185
M23428,long_history,Demographic,1924-07-01,6510.1,6642.927671310401,6354.6777,6498.8027028427005,6599.690241805248
M23428,long_history,Demographic,1924-08-01,6305.9,6548.566051510429,6333.2812,6440.923650755214,6516.273392319022
M23428,long_history,Demographic,1924-09-01,6487.2,6442.134876754276,6290.489,6366.311823142763,6419.388009498947
M23428,long_history,Demographic,1924-10-01,6494.5,6525.096685199103,6376.0737,6450.585207833927,6502.743254196582
M23428,long_history,Demographic,1924-11-01,6418.0,6525.096685199103,6376.0737,6450.585207833927,6502.743254196582
M23428,long_history,Demographic,1924-12-01,6419.3,6460.774543055855,6418.866,6439.820376996678,6454.488317652165
M23428,long_history,Demographic,1925-01-01,6391.4,6398.833947450535,6418.866,6408.850079194017,6401.838811387643
M23428,long_history,Demographic,1925-02-01,6521.7,6454.43106208207,6418.866,6436.648636509784,6449.096358824448
M23428,long_history,Demographic,1925-03-01,6506.3,6548.6005798893875,6461.658,6505.129391507194,6535.559272202855
M23428,long_history,Demographic,1925-04-01,6582.4,6600.041073310066,6461.658,6530.849638217533,6579.283691610432
M23428,long_history,Demographic,1925-05-01,6512.8,6614.991072580006,6440.262,6527.626639805629,6588.781779368787
M23428,long_history,Demographic,1925-06-01,6489.1,6642.927671310401,6440.262,6541.5949391708255,6612.527888289623
M23568,short,Demographic,1911-05-01,9548.8413553,9457.734626558344,9400.256,9428.995242966672,9449.11288472303
M23568,short,Demographic,1911-06-01,10038.066122,9858.359924130144,9752.767,9805.56326284632,9842.520974573123
M23568,short,Demographic,1911-07-01,9303.2060493,9825.328594233117,9341.505,9583.416738522808,9752.755135176276
M23568,short,Demographic,1911-08-01,9634.6510263,9485.798966381704,9488.385,9487.091866003353,9486.18693392445
M23568,short,Demographic,1911-09-01,9933.5975923,9778.78013033323,9694.015,9736.397389385365,9766.065405705122
M23568,short,Demographic,1911-10-01,9659.62938,9837.815251396209,9723.391,9780.602938198104,9820.651630678965
M23568,short,Demographic,1911-11-01,9703.5431629,9785.4251162317,9870.27,9827.84732374085,9798.151876140695
M23568,short,Demographic,1911-12-01,9435.2667024,9675.405389611382,9547.137,9611.271054180692,9656.1651378103
M23568,short,Demographic,1912-01-01,9172.4431136,9173.377900105988,9459.009,9316.193344584244,9216.222533449465
M23568,short,Demographic,1912-02-01,9701.08885,9263.274514058518,9547.137,9405.205616404259,9305.853893590367
M23568,short,Demographic,1912-03-01,9262.190439,9763.918874699219,9605.888,9684.90328500586,9740.214222205273
M23568,short,Demographic,1912-04-01,9698.4991627,9372.622797604405,9840.894,9606.758176145951,9442.863411166869
M23568,short,Demographic,1912-05-01,9379.1880975,9719.313098960609,9870.27,9794.791315105304,9741.956661460268
M23568,short,Demographic,1912-06-01,10232.057286,9550.84738926618,10075.9,9813.37388994559,9629.605412712192
M23568,short,Demographic,1912-07-01,9536.2318366,9970.664053630584,9605.888,9788.275874471543,9915.947624296934
M23568,short,Demographic,1912-08-01,9682.149472,9874.373136954478,9694.015,9784.193892695988,9847.319461333183
M23568,short,Demographic,1912-09-01,10071.845425,9805.18222713224,9929.021,9867.101855753619,9823.75816454678
M23568,short,Demographic,1912-10-01,10023.909822,9942.573594752766,9899.6455,9921.109551282632,9936.134454953915
M23617,long_history,Demographic,1926-05-01,5757.607347,5980.49624418753,5992.6426,5986.569411156264,5982.318230899245
M23617,long_history,Demographic,1926-06-01,5970.522407,5904.693720939218,5934.0825,5919.388120235234,5909.102089556149
M23617,long_history,Demographic,1926-07-01,5941.052532,5986.8094478108815,6031.6826,6009.246032499191,5993.5404720455
M23617,long_history,Demographic,1926-08-01,5846.304246,5952.586747023563,5953.6025,5953.094643043031,5952.739140243466
M23617,long_history,Demographic,1926-09-01,6139.947714,5903.597738917755,6031.6826,5967.640178052628,5922.810519486342
M23617,long_history,Demographic,1926-10-01,6121.476491,6031.3728727577545,6148.8022,6090.087559425752,6048.987315379248
M23617,long_history,Demographic,1926-11-01,6097.770489,6202.710277454822,6168.3223,6185.516271539911,6197.55208788738
M23617,long_history,Demographic,1926-12-01,5997.234167,6103.511508165133,6168.3223,6135.916886895066,6113.233133991144
M23617,long_history,Demographic,1927-01-01,5968.303573,6015.667718268064,6129.282,6072.4749724152825,6032.709955547386
M23617,long_history,Demographic,1927-02-01,5903.244336,6096.63944711995,6070.722,6083.68080754435,6092.751867454302
M23617,long_history,Demographic,1927-03-01,5918.98585,6004.790432934697,6070.722,6037.756300451723,6014.680205396837
M23617,long_history,Demographic,1927-04-01,6099.08942,5998.477229311345,6031.6826,6015.079923249423,6003.458086320894
M23617,long_history,Demographic,1927-05-01,6030.057352,6052.195148084024,6012.1626,6032.178872870138,6046.19027772689
M23617,long_history,Demographic,1927-06-01,6082.954579,6080.104645247991,6051.202,6065.653396842746,6075.769307347512
M23617,long_history,Demographic,1927-07-01,6023.133309,6117.378291174132,6226.8823,6172.130307696441,6133.803957165981
M23617,long_history,Demographic,1927-08-01,6062.652621,6047.280019626068,6129.282,6088.281123094284,6059.58041170169
M23617,long_history,Demographic,1927-09-01,6155.050511,6081.502720413387,6090.242,6085.872453956694,6082.813689304504
M23617,long_history,Demographic,1927-10-01,6236.258232,6236.534353353884,6187.8423,6212.188319255067,6229.230591952365
M23628,short,Demographic,1913-11-01,5350.27761,5685.0354413739315,5737.8804,5711.457906233841,5692.962193038936
M23628,short,Demographic,1913-12-01,5613.72165,5506.503752141936,5737.8804,5622.192061617843,5541.21025719174
M23628,short,Demographic,1914-01-01,5535.34582,5721.841781890821,5781.5146,5751.67821516416,5730.792748493917
M23628,short,Demographic,1914-02-01,5725.85452,5609.378849655649,5803.3315,5706.355196312199,5638.471778066677
M23628,short,Demographic,1914-03-01,5667.34291,5848.050779407953,5846.9653,5847.5080557196015,5847.888023336604
M23628,short,Demographic,1914-04-01,5891.52306,5848.050779407953,5650.612,5749.3312979071015,5818.434959371761
M23628,short,Demographic,1914-05-01,6245.09428,5922.032777587501,5781.5146,5851.773713012501,5900.955094836096
M23628,short,Demographic,1914-06-01,5887.3993,6068.813555594244,5759.6973,5914.255410609621,6022.446173134013
M23628,short,Demographic,1914-07-01,5704.02433,5884.173538017109,5694.246,5789.209815883554,5855.6844702051685
M23628,short,Demographic,1914-08-01,5977.88337,5819.245577525705,5803.3315,5811.288560247227,5816.858496756225
M23628,short,Demographic,1914-09-01,5916.44429,5884.173538017109,5803.3315,5843.752540492929,5872.0472631739185
M23628,short,Demographic,1914-10-01,5784.90817,5815.114054276321,5737.88,5776.49696854441,5803.528952970812
M23628,short,Demographic,1914-11-01,5335.68483,5732.646759833452,5650.612,5691.6292881198515,5720.341542733435
M23628,short,Demographic,1914-12-01,5600.78397,5543.792390711487,5694.246,5619.019242230744,5566.36049499539
M23628,short,Demographic,1915-01-01,4641.21573,5534.9274862641805,5825.1484,5680.03796188209,5578.460641156586
M23628,short,Demographic,1915-02-01,4502.37272,5051.3989840414915,5759.6973,5405.548124833245,5157.643787314175
M23628,short,Demographic,1915-03-01,4295.99878,4971.604935250595,5890.5996,5431.102272312797,5109.454160783319
M23628,short,Demographic,1915-04-01,4504.38103,4605.488466188274,5934.2334,5269.860932312888,4804.800267060815
M23730,short,Demographic,1913-11-01,4980.28437,5167.694160685521,5102.379,5135.036533467761,5157.896909141286
M23730,short,Demographic,1913-12-01,5005.66122,5004.228107856423,5004.2563,5004.242227756336,5004.232380447491
M23730,short,Demographic,1914-01-01,5090.12117,5064.525446094148,5004.2563,5034.390896875198,5055.485117949557
M23730,short,Demographic,1914-02-01,5164.869,5108.16825743722,5004.2563,5056.212302546735,5092.581507591169
M23730,short,Demographic,1914-03-01,5203.60398,5115.673271137216,5020.6104,5068.1418113498585,5101.413833201009
M23730,short,Demographic,1914-04-01,5103.77119,5262.806245160155,5102.379,5182.592575705077,5238.742180944726
M23730,short,Demographic,1914-05-01,4869.06399,5117.566642949085,5053.3174,5085.442012880792,5107.9292661356285
M23730,short,Demographic,1914-06-01,5007.03799,5046.724370185481,5004.2563,5025.490358920866,5040.35420342719
M23730,short,Demographic,1914-07-01,5095.00581,5100.929226689089,5069.6714,5085.300306703919,5096.240587314633
M23730,short,Demographic,1914-08-01,5246.55239,5115.673271137216,5020.6104,5068.1418113498585,5101.413833201009
M23730,short,Demographic,1914-09-01,5134.9865,5241.253700442203,5069.6714,5155.462543580476,5215.516390004779
M23730,short,Demographic,1914-10-01,4996.91391,5086.790598113585,5053.3174,5070.053990463042,5081.769628025453
M23730,short,Demographic,1914-11-01,4946.66651,5110.450442674111,5036.964,5073.707154930806,5099.427492972214
M23730,short,Demographic,1914-12-01,5127.73334,4968.536934562966,5118.7324,5043.634678218983,4991.066269866803
M23730,short,Demographic,1915-01-01,5112.2006,5069.440574552104,5069.6714,5069.555980635427,5069.475232998196
M23730,short,Demographic,1915-02-01,4971.102,5093.424212989093,5086.0254,5089.724801807046,5092.314389634479
M23730,short,Demographic,1915-03-01,5071.97473,5001.511980907002,5086.0254,5043.768685766001,5014.188992364702
M23730,short,Demographic,1915-04-01,5199.23011,5100.929226689089,5086.0254,5093.477308657044,5098.693651279476
M24084,short,Demographic,1913-11-01,2174.44316,1790.4332502317138,1732.7231,1761.578197381482,1781.77674048016
M24084,short,Demographic,1913-12-01,2180.28968,2150.756012320569,1809.7332,1980.244583308722,2099.602601927562
M24084,short,Demographic,1914-01-01,2153.79401,2211.1824998685743,1825.135,2018.1587548170996,2153.2753885601633
M24084,short,Demographic,1914-02-01,1818.76943,2111.875016524295,1925.248,2018.5615316996475,2083.8809954909634
M24084,short,Demographic,1914-03-01,2181.12203,1903.129656976143,2171.6797,2037.4046722380715,1943.4121615547217
M24084,short,Demographic,1914-04-01,2392.62837,2134.049135562131,2317.9985,2226.0238353591903,2161.641563811796
M24084,short,Demographic,1914-05-01,2476.30499,2261.802983054092,2217.8857,2239.844362620796,2255.2153969241035
M24084,short,Demographic,1914-06-01,2388.32845,2478.684735438523,2133.1748,2305.9297700630113,2426.8582519293855
M24084,short,Demographic,1914-07-01,2248.08997,2369.9216917598674,2156.2776,2263.0996398252464,2337.8750883865123
M24084,short,Demographic,1914-08-01,2414.19572,2302.69919830124,2033.0619,2167.8805439748385,2262.2536081068356
M24084,short,Demographic,1914-09-01,2052.75392,2357.2607393758285,2094.67,2225.965330625414,2317.8721289577356
M24084,short,Demographic,1914-10-01,2205.57833,2070.6734687122503,1986.8558,2028.7646518365939,2058.100829753069
M24084,short,Demographic,1914-11-01,2287.82639,2260.003772057099,2063.8657,2161.9347473566745,2230.5830707504874
M24084,short,Demographic,1914-12-01,2404.58128,2304.9172277293524,2171.6797,2238.2984576146764,2284.93159669495
M24084,short,Demographic,1915-01-01,2759.28257,2396.383461466429,2171.6797,2284.031574483214,2362.6778953714647
M24084,short,Demographic,1915-02-01,2364.95918,2595.959841623871,2048.4639,2322.2118544056857,2513.835457665447
M24084,short,Demographic,1915-03-01,2637.45818,2416.5537137713295,2102.3706,2259.4621596200395,2369.426247525943
M24084,short,Demographic,1915-04-01,2601.76256,2530.814279275678,2133.1748,2331.994541981589,2471.168364190967
M24097,short,Demographic,1913-11-01,6194.59255,6551.819180123546,6496.343,6524.080976780523,6543.497780155796
M24097,short,Demographic,1913-12-01,6493.59302,6574.808085104668,6546.702,6560.755116771084,6570.5922434327185
M24097,short,Demographic,1914-01-01,6534.30754,6497.509839925603,6546.702,6522.105994181551,6504.888735030513
M24097,short,Demographic,1914-02-01,6257.2424,6532.041528501248,6546.702,6539.371838469374,6534.240670319811
M24097,short,Demographic,1914-03-01,6743.71081,6517.079264865239,6521.5225,6519.300862901369,6517.745768690141
M24097,short,Demographic,1914-04-01,6421.43788,6621.738726897894,6546.702,6584.220437667696,6610.48328895696
M24097,short,Demographic,1914-05-01,6576.30766,6537.917932675354,6521.5225,6529.720196806427,6535.458636328739
M24097,short,Demographic,1914-06-01,6581.49919,6619.906201037963,6571.882,6595.894018487732,6612.702558479926
M24097,short,Demographic,1914-07-01,6668.10723,6671.346694458642,6571.882,6621.614265198071,6656.426977887502
M24097,short,Demographic,1914-08-01,6705.47258,6673.179220318572,6571.882,6622.530528128036,6657.9846248684435
M24097,short,Demographic,1914-09-01,6517.41065,6673.179220318572,6571.882,6622.530528128036,6657.9846248684435
M24097,short,Demographic,1914-10-01,6725.54471,6647.8427997683575,6546.702,6597.272474102929,6632.671750896854
M24097,short,Demographic,1914-11-01,6771.31837,6528.210463565483,6496.343,6512.276618501492,6523.430371081443
M24097,short,Demographic,1914-12-01,6484.92947,6793.6254644552155,6546.702,6670.163806446358,6756.587015880684
M24097,short,Demographic,1915-01-01,6478.7774,6612.122225802742,6622.241,6617.1817183701205,6613.640134608112
M24097,short,Demographic,1915-02-01,6347.42996,6475.74279430062,6546.702,6511.222471369059,6486.386746249277
M24097,short,Demographic,1915-03-01,6614.8415,6465.63877144456,6597.0615,6531.35014744103,6485.352220864595
M24097,short,Demographic,1915-04-01,6680.50781,6525.096685199103,6622.241,6573.668948068302,6539.668425095019
M24098,short,Demographic,1913-11-01,5478.87167,5719.949470254586,5764.4697,5742.209598408543,5726.627520907805
M24098,short,Demographic,1913-12-01,5779.18737,5591.134154989803,5742.5513,5666.842712260526,5613.846783206177
M24098,short,Demographic,1914-01-01,5608.18379,5726.397189043571,5742.5513,5734.474229287411,5728.82036215188
M24098,short,Demographic,1914-02-01,5655.27296,5714.557225129989,5742.5513,5728.55424733062,5718.756392825335
M24098,short,Demographic,1914-03-01,5718.86923,5793.924082453331,5764.4697,5779.196904507915,5789.505941276738
M24098,short,Demographic,1914-04-01,5680.93296,5793.924082453331,5786.3877,5790.155888882915,5792.7936610033
M24098,short,Demographic,1914-05-01,5683.76254,5789.008953995374,5808.3057,5798.657309028937,5791.9035215406
M24098,short,Demographic,1914-06-01,5730.50762,5789.008953995374,5874.06,5831.534506294562,5801.766680720288
M24098,short,Demographic,1914-07-01,5617.43618,5816.918451159341,5895.9785,5856.448483392171,5828.777473036222
M24098,short,Demographic,1914-08-01,5908.69662,5793.924082453331,5808.3057,5801.114873257915,5796.081380729863
M24098,short,Demographic,1914-09-01,5690.66257,5876.039809324994,5808.3057,5842.172736693747,5865.879748570776
M24098,short,Demographic,1914-10-01,5771.68791,5793.924082453331,5874.06,5833.99207052354,5805.94453990955
M24098,short,Demographic,1914-11-01,5739.05942,5724.864598712543,5830.2236,5777.544115762521,5740.6684782416
M24098,short,Demographic,1914-12-01,5779.01278,5791.725080944795,5764.4697,5778.097403753647,5787.636789994483
M24098,short,Demographic,1915-01-01,5851.41125,5721.833628156821,5654.879,5688.35626720341,5711.790456491892
M24098,short,Demographic,1915-02-01,5694.05399,5868.183228053792,5764.469,5816.326233167521,5852.626154001974
M24098,short,Demographic,1915-03-01,5767.3164,5793.924082453331,5874.06,5833.99207052354,5805.94453990955
M24098,short,Demographic,1915-04-01,5645.47571,5793.924082453331,5742.5513,5768.23767599229,5786.218221550175
M24232,medium,Demographic,1917-03-01,1172.154417,1142.0048313053326,1164.5114,1153.2580919221975,1145.3808186456656
M24232,medium,Demographic,1917-04-01,1177.836176,1142.0048313053326,1164.5114,1153.2580919221975,1145.3808186456656
M24232,medium,Demographic,1917-05-01,1174.33858,1186.2505372042692,1172.7997,1179.5251099107284,1184.232909016207
M24232,medium,Demographic,1917-06-01,1182.953265,1142.0048313053326,1176.9438,1159.4743394807913,1147.245686809728
M24232,medium,Demographic,1917-07-01,1202.292501,1186.2505372042692,1164.5114,1175.3809448716659,1182.9896686597617
M24232,medium,Demographic,1917-08-01,1190.066328,1221.9987328468237,1168.6555,1195.3271252124744,1213.9972627635502
M24232,medium,Demographic,1917-09-01,1187.076688,1186.2505372042692,1156.223,1171.2367798326034,1181.7464130445273
M24232,medium,Demographic,1917-10-01,1194.627935,1186.2505372042692,1152.0789,1169.164697313072,1181.1247852369102
M24232,medium,Demographic,1917-11-01,1171.792479,1221.9987328468237,1147.9347,1184.966712614818,1210.8891389842533
M24232,medium,Demographic,1917-12-01,1174.539085,1144.7209582547534,1160.3672,1152.5440728773767,1147.067898745056
M24232,medium,Demographic,1918-01-01,1188.662281,1153.7838328121948,1143.7905,1148.7871800779724,1152.2848461472017
M24232,medium,Demographic,1918-02-01,1193.923994,1186.2505372042692,1135.5022,1160.876367234947,1178.6382892652305
M24232,medium,Demographic,1918-03-01,1212.805107,1221.9987328468237,1152.0789,1187.0387951343494,1211.5107515330815
M24232,medium,Demographic,1918-04-01,1245.331078,1221.9987328468237,1147.9347,1184.966712614818,1210.8891389842533
M24232,medium,Demographic,1918-05-01,1236.521018,1221.9987328468237,1143.7905,1182.8946300952869,1210.2675111766362
M24232,medium,Demographic,1918-06-01,1217.513277,1221.9987328468237,1156.223,1189.1108776538806,1212.1323793406987
M24232,medium,Demographic,1918-07-01,1216.997552,1237.7111822028273,1160.3672,1199.0391848514137,1226.109589100919
M24232,medium,Demographic,1918-08-01,1224.133192,1221.9987328468237,1147.9347,1184.966712614818,1210.8891389842533
M24374,long_history,Demographic,1926-05-01,12823.64018,12257.91972465499,13101.541,12679.730370139994,12384.462967128618
M24374,long_history,Demographic,1926-06-01,12783.55161,12186.268792409206,13555.555,12870.911739954603,12391.661725500951
M24374,long_history,Demographic,1926-07-01,12629.13173,12470.727637818378,13620.414,13045.570850159189,12643.180625934685
M24374,long_history,Demographic,1926-08-01,12361.25568,12430.115656275644,13069.111,12749.613492200322,12525.96512912336
M24374,long_history,Demographic,1926-09-01,11058.39543,12417.731024038536,11934.077,12175.904086238017,12345.183064768695
M24374,long_history,Demographic,1926-10-01,11055.25231,11340.756584496472,11771.93,11556.343135998235,11405.432647603253
M24374,long_history,Demographic,1926-11-01,12453.73257,10936.377452929504,13198.83,12067.603765527252,11275.745419951018
M24374,long_history,Demographic,1926-12-01,13050.55314,12146.278488214235,13523.125,12834.701744107118,12352.805587052413
M24374,long_history,Demographic,1927-01-01,12950.34852,11686.64513056265,13458.266,12572.455377781325,11952.388229142316
M24374,long_history,Demographic,1927-02-01,13765.42169,12593.22322533178,13587.984,13090.603800165889,12742.437495438264
M24374,long_history,Demographic,1927-03-01,14166.34568,12785.973887807058,13296.118,13041.046025934778,12862.495651315689
M24374,long_history,Demographic,1927-04-01,13033.57907,14531.005025459874,13717.703,14124.354075229938,14409.009789219019
M24374,long_history,Demographic,1927-05-01,13561.81036,14244.375717788429,13847.421,14045.898308112965,14184.832641370165
M24374,long_history,Demographic,1927-06-01,13437.0836,14001.884200451062,14074.428,14038.155967413031,14012.765877024029
M24374,long_history,Demographic,1927-07-01,14442.34825,13115.649455017594,13490.695,13303.172383758796,13171.906406882143
M24374,long_history,Demographic,1927-08-01,13631.52663,14629.770010466626,13036.682,13833.225825545813,14390.806828232571
M24374,long_history,Demographic,1927-09-01,11839.66571,14162.787561912312,12193.514,13178.150616893656,13867.396527234841
M24374,long_history,Demographic,1927-10-01,12684.39887,12083.184711171747,12258.372,12170.778390742124,12109.462863870986
M24383,long_history,Demographic,1926-05-01,7762.73078,7835.283523151331,7885.8857,7860.584632669415,7842.8739292489445
M24383,long_history,Demographic,1926-06-01,8073.08004,7881.897601743489,7854.839,7868.368234465494,7877.8387915600915
M24383,long_history,Demographic,1926-07-01,7951.21101,8094.726516933741,7947.9795,8021.35300456062,8072.714560878056
M24383,long_history,Demographic,1926-08-01,7860.94871,7852.201745273029,7916.9326,7884.567181230264,7861.911400474262
M24383,long_history,Demographic,1926-09-01,8482.47847,7913.371243282819,8351.588,8132.479566953909,7979.103838040397
M24383,long_history,Demographic,1926-10-01,8047.33603,8421.73418419734,8320.541,8371.13759991117,8406.555233325551
M24383,long_history,Demographic,1926-11-01,7921.02596,8051.271164021588,8320.541,8185.906089823295,8091.661666176164
M24383,long_history,Demographic,1926-12-01,7745.83598,7964.970805397842,8196.354,8080.6621605114215,7999.6783095881665
M24383,long_history,Demographic,1927-01-01,7832.41945,7704.786009286141,8041.1196,7872.9528190961955,7755.23607664322
M24383,long_history,Demographic,1927-02-01,8087.87621,7847.850094600137,7979.0264,7913.438230893818,7867.526584316367
M24383,long_history,Demographic,1927-03-01,8116.48836,8101.379320319136,8010.0728,8055.726037112693,8087.683408599391
M24383,long_history,Demographic,1927-04-01,7783.50476,8109.5130490112515,8010.0728,8059.792901458751,8094.59707798769
M24383,long_history,Demographic,1927-05-01,7592.5824,7850.07005522884,8010.0728,7930.071404567545,7874.070533272639
M24383,long_history,Demographic,1927-06-01,7682.14646,7667.583976285104,8196.354,7931.968745955051,7746.8995048423385
M24383,long_history,Demographic,1927-07-01,7723.87292,7851.828472118416,8103.2134,7977.520925512334,7889.536256964717
M24383,long_history,Demographic,1927-08-01,7503.79053,7833.492114526323,8041.1196,7937.305871716287,7864.6362660973755
M24383,long_history,Demographic,1927-09-01,8086.75678,7667.583976285104,8351.588,8009.585933455051,7770.1846610923385
M24383,long_history,Demographic,1927-10-01,7738.68049,8114.761340482388,8382.635,8248.698053053693,8154.9424030819055
M24432,short,Demographic,1913-11-01,3579.69315,3584.1446945005664,3508.8027,3546.473714437783,3572.843424895794
M24432,short,Demographic,1913-12-01,3653.3009,3649.327306608402,3542.7588,3596.043047835451,3633.342028976517
M24432,short,Demographic,1914-01-01,3672.04241,3688.423053746724,3508.8027,3598.612894060862,3661.480030255028
M24432,short,Demographic,1914-02-01,3846.21234,3683.507925288767,3633.3086,3658.4082595193836,3675.9780743860774
M24432,short,Demographic,1914-03-01,3707.88951,3806.0481277476847,3542.7588,3674.4034584050924,3766.5547269449075
M24432,short,Demographic,1914-04-01,3672.41928,3760.0310066603993,3565.3962,3662.7136234473874,3730.835803903527
M24432,short,Demographic,1914-05-01,3736.41964,3735.8952539283623,3599.3523,3667.6237744251184,3715.4138589055146
M24432,short,Demographic,1914-06-01,3633.5236,3755.1158782024427,3599.3523,3677.234086562159,3731.7513895384827
M24432,short,Demographic,1914-07-01,3638.32173,3735.8952539283623,3542.7588,3639.327021495431,3706.9247841984834
M24432,short,Demographic,1914-08-01,3657.00201,3688.423053746724,3633.3086,3660.865823748362,3680.1559335753404
M24432,short,Demographic,1914-09-01,3732.9222,3683.507925288767,3542.7588,3613.1333571756336,3662.3955548548274
M24432,short,Demographic,1914-10-01,3767.92167,3755.1158782024427,3610.6711,3682.893510390284,3733.449204479889
M24432,short,Demographic,1914-11-01,3692.04855,3760.0310066603993,3610.671,3685.35095254895,3737.6270026339957
M24432,short,Demographic,1914-12-01,3861.01783,3733.6962524198266,3497.484,3615.590069569288,3698.264434185759
M24432,short,Demographic,1915-01-01,4055.01413,3842.748733083877,3576.715,3709.7319104872513,3802.8436863048896
M24432,short,Demographic,1915-02-01,4098.10577,3989.644894163064,3678.5835,3834.114195128407,3942.9856966596985
M24432,short,Demographic,1915-03-01,4327.70177,4033.346484631098,3644.6274,3838.986963018674,3975.038664768465
M24432,short,Demographic,1915-04-01,4502.91069,4232.77225498275,3621.9897,3927.38100053825,4141.1548786494
M24678,long_history,Demographic,1926-05-01,5187.175415,5411.934882284892,5235.498,5323.716464579946,5385.469418008565
M24678,long_history,Demographic,1926-06-01,5249.740292,5276.525536989735,5235.498,5256.0117919323675,5270.371474507681
M24678,long_history,Demographic,1926-07-01,5255.329624,5416.850010742849,5215.4385,5316.144243652674,5386.63830502986
M24678,long_history,Demographic,1926-08-01,5365.575843,5374.856221698528,5215.4385,5295.147349130514,5350.943584342187
M24678,long_history,Demographic,1926-09-01,5743.741747,5551.826497557555,5456.1514,5503.988932372527,5537.4752524161095
M24678,long_history,Demographic,1926-10-01,5855.347843,5755.024770559132,5576.5073,5665.766047388941,5728.247190229169
M24678,long_history,Demographic,1926-11-01,5558.006583,5896.174169109374,5476.211,5686.192553304687,5833.179745403125
M24678,long_history,Demographic,1926-12-01,5415.635255,5693.355215538006,5315.7354,5504.545283550253,5636.712284769806
M24678,long_history,Demographic,1927-01-01,5476.675113,5582.588239281523,5255.5576,5419.072928234511,5533.533682588513
M24678,long_history,Demographic,1927-02-01,5400.652284,5611.309843090213,5215.4385,5413.374159826357,5551.929162525119
M24678,long_history,Demographic,1927-03-01,5327.415361,5613.899728332252,5175.32,5394.609776275502,5548.112803750384
M24678,long_history,Demographic,1927-04-01,5439.553062,5486.146151386874,5215.4385,5350.792313974687,5445.540024577282
M24678,long_history,Demographic,1927-05-01,5426.03539,5564.28110103584,5155.2607,5359.77092161167,5502.928059415621
M24678,long_history,Demographic,1927-06-01,5332.445977,5564.28110103584,5115.1416,5339.71135129917,5496.9101761148395
M24678,long_history,Demographic,1927-07-01,5275.909858,5439.746124324621,5195.379,5317.562515287311,5403.091090441553
M24678,long_history,Demographic,1927-08-01,5332.000614,5439.746124324621,5155.2607,5297.503433256061,5397.0733292110845
M24678,long_history,Demographic,1927-09-01,5615.088633,5503.890479607452,5395.973,5449.9318120693515,5487.702903760085
M24678,long_history,Demographic,1927-10-01,5670.875981,5769.787155448788,5516.329,5643.058128505644,5731.768483986939
M24960,medium,Demographic,1915-05-01,1309.952433,1266.2411468773869,1301.7451,1283.9931320324436,1271.5667546309353
M24960,medium,Demographic,1915-06-01,1315.9699541,1335.616079479472,1297.3915,1316.50377948583,1329.8824016884107
M24960,medium,Demographic,1915-07-01,1321.9306544,1335.616079479472,1306.0989,1320.8574782162987,1331.1885082557935
M24960,medium,Demographic,1915-08-01,1296.9172177,1335.616079479472,1306.0989,1320.8574782162987,1331.1885082557935
M24960,medium,Demographic,1915-09-01,1314.6311731,1266.2411468773869,1306.0989,1286.170011915256,1272.2198155440212
M24960,medium,Demographic,1915-10-01,1318.7436683,1335.616079479472,1314.8062,1325.2111159116112,1332.4945995643873
M24960,medium,Demographic,1915-11-01,1311.689559,1335.616079479472,1306.0989,1320.8574782162987,1331.1885082557935
M24960,medium,Demographic,1915-12-01,1318.4013354,1338.332206428893,1306.0989,1322.215541691009,1333.4972161628014
M24960,medium,Demographic,1916-01-01,1321.6501512,1347.3950809863343,1306.0989,1326.7469789697298,1341.2006595366265
M24960,medium,Demographic,1916-02-01,1336.9828249,1335.616079479472,1306.0989,1320.8574782162987,1331.1885082557935
M24960,medium,Demographic,1916-03-01,1344.6361998,1335.616079479472,1306.0989,1320.8574782162987,1331.1885082557935
M24960,medium,Demographic,1916-04-01,1308.7081787,1392.8608728586162,1306.0989,1349.4798749058705,1379.846582628066
M24960,medium,Demographic,1916-05-01,1337.7138315,1323.485940256531,1306.0989,1314.7924086048279,1320.8778899162937
M24960,medium,Demographic,1916-06-01,1348.7317335,1392.8608728586162,1310.4525,1351.6566937535267,1380.499628282363
M24960,medium,Demographic,1916-07-01,1364.3184366,1392.8608728586162,1310.4525,1351.6566937535267,1380.499628282363
M24960,medium,Demographic,1916-08-01,1355.2012257,1392.8608728586162,1314.8062,1353.833512601183,1381.1526739366598
M24960,medium,Demographic,1916-09-01,1352.5126929,1392.8608728586162,1319.1599,1356.0103924839955,1381.8057348497457
M24960,medium,Demographic,1916-10-01,1350.1267192,1392.8608728586162,1327.8672,1360.364030179308,1383.1118261583395
M24962,medium,Demographic,1915-05-01,5951.61483,5870.7731132958315,5897.066,5883.919515632291,5874.7170828248945
M24962,medium,Demographic,1915-06-01,5998.37876,5870.7731132958315,5876.08,5873.426595710416,5871.569194641301
M24962,medium,Demographic,1915-07-01,6004.44668,5903.597738917755,5876.08,5889.838908521378,5899.470126419936
M24962,medium,Demographic,1915-08-01,5915.84404,5871.124680867038,5918.052,5894.588219339768,5878.163803444014
M24962,medium,Demographic,1915-09-01,5961.71757,5870.7731132958315,5876.08,5873.426595710416,5871.569194641301
M24962,medium,Demographic,1915-10-01,5899.53182,5871.124680867038,5897.066,5884.095299417893,5875.01591526042
M24962,medium,Demographic,1915-11-01,5984.74273,5975.581115729573,5897.066,5936.323516849161,5963.803884893575
M24962,medium,Demographic,1915-12-01,5946.0477,5978.297242678994,5855.0938,5916.6954963394965,5959.816755398239
M24962,medium,Demographic,1916-01-01,5914.5457,5839.284461158847,5876.08,5857.682269641924,5844.803840324865
M24962,medium,Demographic,1916-02-01,5810.77854,5863.268099595835,5918.052,5890.659928704168,5871.485709363492
M24962,medium,Demographic,1916-03-01,5915.02722,5821.482012046092,5897.066,5859.273965007421,5832.819646762616
M24962,medium,Demographic,1916-04-01,5761.03789,5875.688241753788,5876.08,5875.8841599393945,5875.747053830564
M24962,medium,Demographic,1916-05-01,5914.88138,5821.482012046092,5918.052,5869.766884929296,5835.9675349462095
M24962,medium,Demographic,1916-06-01,5891.07645,5903.597738917755,5876.08,5889.838908521378,5899.470126419936
M24962,medium,Demographic,1916-07-01,5934.81138,5909.910942541107,5897.066,5903.488430254929,5907.984237683379
M24962,medium,Demographic,1916-08-01,5942.25254,5871.124680867038,5939.038,5905.081383402268,5881.311752662764
M24962,medium,Demographic,1916-09-01,5923.2228,5898.6826104597985,5918.052,5908.367184136149,5901.588043597861
M24962,medium,Demographic,1916-10-01,5981.22041,5871.124680867038,5918.052,5894.588219339768,5878.163803444014
M24981,medium,Demographic,1915-05-01,5968.71583,5912.827449631333,5681.389,5797.108304893792,5878.111767245227
M24981,medium,Demographic,1915-06-01,5959.89527,5968.65180818634,5881.126,5924.88889237442,5955.522982270889
M24981,medium,Demographic,1915-07-01,6011.14544,6011.572934565633,5836.74,5924.156584470316,5985.34804174407
M24981,medium,Demographic,1915-08-01,6149.88358,6083.370093586366,5703.582,5893.476062418184,6026.401933064037
M24981,medium,Demographic,1915-09-01,6124.31283,5997.501739541642,5836.74,5917.120986958321,5973.387525973677
M24981,medium,Demographic,1915-10-01,6104.61375,6150.811719982832,5881.126,6015.968848272666,6110.3589072979075
M24981,medium,Demographic,1915-11-01,6623.22539,6239.07328728608,5858.933,6049.0031963774145,6182.052321048637
M24981,medium,Demographic,1915-12-01,6416.85176,6326.42792273723,5903.319,6114.87338519674,6262.961598096177
M24981,medium,Demographic,1916-01-01,6132.69387,6389.715195782255,5947.7046,6168.709892813003,6323.413617098511
M24981,medium,Demographic,1916-02-01,6391.79304,6247.452987160092,5925.5117,6086.482352955046,6199.161821312641
M24981,medium,Demographic,1916-03-01,6325.70443,6268.348616828375,5881.126,6074.737296695437,6210.26526961662
M24981,medium,Demographic,1916-04-01,6037.34978,6230.322182638001,5792.354,6011.338093272126,6164.627004656364
M24981,medium,Demographic,1916-05-01,6146.4631,6124.718801122691,5814.547,5969.632838061345,6078.193048825381
M24981,medium,Demographic,1916-06-01,6149.95837,6161.334715168533,5725.7754,5943.555052896767,6096.000840901066
M24981,medium,Demographic,1916-07-01,6028.37007,6150.460152411626,5947.7046,6049.082371127688,6120.046830233477
M24981,medium,Demographic,1916-08-01,6433.58942,6105.710509673669,5903.319,6004.514678664959,6075.35179699215
M24981,medium,Demographic,1916-09-01,6289.11016,6253.454926460981,5903.319,6078.386887058616,6200.934551261366
M24981,medium,Demographic,1916-10-01,6253.7072,6232.616258650866,5903.319,6067.967553153558,6183.221683622768
M25020,medium,Demographic,1915-05-01,6551.32296,6609.223553823929,6559.265,6584.24434527134,6601.729852293309
M25020,medium,Demographic,1915-06-01,6464.41963,6619.906201037963,6634.371,6627.138647393982,6622.075971565863
M25020,medium,Demographic,1915-07-01,6508.66214,6537.917932675354,6559.265,6548.591534697052,6541.12007431702
M25020,medium,Demographic,1915-08-01,6683.23309,6614.991072580006,6609.336,6612.163505040004,6614.142863353162
M25020,medium,Demographic,1915-09-01,6547.29907,6645.242621588178,6609.336,6627.289279544089,6639.856680010108
M25020,medium,Demographic,1915-10-01,6436.27798,6647.8427997683575,6634.371,6641.106946759179,6645.822080486698
M25020,medium,Demographic,1915-11-01,6328.09596,6609.223553823929,6634.371,6621.797323786965,6612.995721433934
M25020,medium,Demographic,1915-12-01,6417.90562,6468.354898393981,6684.4424,6576.39864060324,6500.768045470822
M25020,medium,Demographic,1916-01-01,6468.91673,6403.749075908491,6634.371,6519.060084829245,6438.342415205811
M25020,medium,Demographic,1916-02-01,6462.0932,6521.469331174739,6684.4424,6602.95585699362,6545.915313334466
M25020,medium,Demographic,1916-03-01,6658.03889,6481.5623107967185,6634.371,6557.966702273359,6504.483664860805
M25020,medium,Demographic,1916-04-01,6796.18775,6621.738726897894,6659.4067,6640.572732589571,6627.3889896405535
M25020,medium,Demographic,1916-05-01,6874.34892,6814.413232196079,6659.4067,6736.909985238664,6791.162319144011
M25020,medium,Demographic,1916-06-01,6896.67434,6812.682733270921,6659.4067,6736.044735776086,6789.691395057627
M25020,medium,Demographic,1916-07-01,6746.24249,6836.186627961205,6609.336,6722.761282730602,6802.159085427181
M25020,medium,Demographic,1916-08-01,6738.87822,6718.456510773983,6634.371,6676.413802261992,6705.84373484148
M25020,medium,Demographic,1916-09-01,6693.87496,6696.6831150088565,6659.4067,6678.044926645053,6691.091719534872
M25020,medium,Demographic,1916-10-01,6818.09181,6668.264091860616,6684.4424,6676.353237336558,6670.690859917461
M25088,medium,Demographic,1915-05-01,6282.80495,5980.847811758736,6009.138,5994.992997676243,5985.091428569144
M25088,medium,Demographic,1915-06-01,5985.72707,6232.616258650866,6009.138,6120.877221122308,6199.094608427456
M25088,medium,Demographic,1915-07-01,5848.87039,6028.998222194979,5987.9795,6008.48885719124,6022.845449314951
M25088,medium,Demographic,1915-08-01,5922.97446,5970.126080975027,5987.9795,5979.052786581264,5972.804129277993
M25088,medium,Demographic,1915-09-01,6012.31062,5952.586747023563,5987.9795,5970.283119605531,5957.895695419247
M25088,medium,Demographic,1915-10-01,6061.32371,5960.239550761465,6030.297,5995.268212880732,5970.748173811308
M25088,medium,Demographic,1915-11-01,6089.79856,6029.299034502253,6030.297,6029.797954751126,6029.448734990978
M25088,medium,Demographic,1915-12-01,6308.43843,6061.322733781036,5945.661,6003.4919332967675,6043.973505842787
M25088,medium,Demographic,1916-01-01,6158.66547,6193.369592580825,6009.138,6101.253888087287,6165.734942267921
M25088,medium,Demographic,1916-02-01,6350.91502,6171.910525284798,5987.9795,6079.945008736149,6144.320906941297
M25088,medium,Demographic,1916-03-01,6247.08514,6249.804025031125,6030.297,6140.050450015562,6216.877976940519
M25088,medium,Demographic,1916-04-01,6153.58928,6207.325036148761,6136.0923,6171.708660652505,6196.640160120978
M25088,medium,Demographic,1916-05-01,6118.17581,6230.8260061523715,6136.0923,6183.459145654311,6216.615984624048
M25088,medium,Demographic,1916-06-01,6169.17208,6161.334715168533,6093.7744,6127.554564615517,6151.200731037785
M25088,medium,Demographic,1916-07-01,6270.91385,6174.500410526837,6136.0923,6155.296347841544,6168.739228342343
M25088,medium,Demographic,1916-08-01,6364.18729,6250.097951109853,6114.933,6182.515528289301,6229.823248677751
M25088,medium,Demographic,1916-09-01,6390.3898,6253.454926460981,6136.0923,6194.773605808616,6235.850566886366
M25088,medium,Demographic,1916-10-01,6345.68202,6369.4452812319805,6347.6816,6358.56346092849,6366.180771762028
M25105,medium,Demographic,1915-05-01,6715.575974,6671.346694458642,6732.0513,6701.698981994946,6680.4524295476585
M25105,medium,Demographic,1915-06-01,6757.069595,6696.6831150088565,6664.506,6680.594487191928,6691.856551077841
M25105,medium,Demographic,1915-07-01,6742.554876,6696.6831150088565,6709.536,6703.109623910678,6698.6111287145595
M25105,medium,Demographic,1915-08-01,6695.490639,6691.7679865509,6709.536,6700.6520596817,6694.433269525297
M25105,medium,Demographic,1915-09-01,6757.961036,6691.7679865509,6687.021,6689.394491322325,6691.0559501893595
M25105,medium,Demographic,1915-10-01,6740.562478,6691.7679865509,6664.506,6678.13692296295,6687.678691888578
M25105,medium,Demographic,1915-11-01,6667.435849,6691.7679865509,6687.021,6689.394491322325,6691.0559501893595
M25105,medium,Demographic,1915-12-01,6728.219595,6694.484113500321,6709.536,6702.01012315641,6696.741977432304
M25105,medium,Demographic,1916-01-01,6693.070168,6648.264122711028,6687.021,6667.642559402389,6654.077665925468
M25105,medium,Demographic,1916-02-01,6666.524229,6664.636737836251,6709.536,6687.086435324376,6671.371708117846
M25105,medium,Demographic,1916-03-01,6715.437875,6691.7679865509,6754.5664,6723.16719640045,6701.1877861268595
M25105,medium,Demographic,1916-04-01,6695.304339,6691.7679865509,6709.536,6700.6520596817,6694.433269525297
M25105,medium,Demographic,1916-05-01,6743.372978,6691.7679865509,6754.5664,6723.16719640045,6701.1877861268595
M25105,medium,Demographic,1916-06-01,6740.263976,6691.7679865509,6732.0513,6711.909628041075,6697.810527826078
M25105,medium,Demographic,1916-07-01,6783.746672,6691.7679865509,6754.5664,6723.16719640045,6701.1877861268595
M25105,medium,Demographic,1916-08-01,6839.41467,6809.498103738122,6777.0815,6793.289823353436,6804.635644036779
M25105,medium,Demographic,1916-09-01,6832.276274,6831.271499503248,6732.0513,6781.661384517249,6816.3885138355745
M25105,medium,Demographic,1916-10-01,6773.530373,6831.271499503248,6754.5664,6792.918952876624,6819.765772136356
M2512,long_history,Macro,1924-01-01,1550.0,1616.2456165524318,1555.4349,1585.8402765379346,1607.1240206515984
M2512,long_history,Macro,1924-02-01,1590.0,1604.4666150455696,1608.7031,1606.5848700227848,1605.1021037457656
M2512,long_history,Macro,1924-03-01,1590.0,1590.4214414505373,1608.7031,1599.5622832252686,1593.163706189988
M2512,long_history,Macro,1924-04-01,1580.0,1645.7207176615352,1619.3568,1632.5387645924864,1641.766143947852
M2512,long_history,Macro,1924-05-01,1580.0,1604.4666150455696,1630.0105,1617.2385565462223,1608.2982097027968
M2512,long_history,Macro,1924-06-01,1480.0,1586.6237416418383,1555.4349,1571.0293390826378,1581.9454269775938
M2512,long_history,Macro,1924-07-01,1480.0,1561.0254158491564,1534.1276,1547.5764896628593,1556.9907440967831
M2512,long_history,Macro,1924-08-01,1450.0,1505.7261396381584,1507.4933,1506.6097128854854,1505.9912268711457
M2512,long_history,Macro,1924-09-01,1560.0,1518.6538845839327,1598.0496,1558.3517225654039,1530.5632451336476
M2512,long_history,Macro,1924-10-01,1570.0,1554.0824672925287,1624.6836,1589.3830305212643,1564.672642364665
M2512,long_history,Macro,1924-11-01,1580.0,1554.0824672925287,1624.6836,1589.3830305212643,1564.672642364665
M2512,long_history,Macro,1924-12-01,1570.0,1607.1827419949905,1608.7031,1607.9429334974952,1607.4108116527732
M2512,long_history,Macro,1925-01-01,1530.0,1616.2456165524318,1582.0691,1599.1573541746534,1611.1191530978874
M2512,long_history,Macro,1925-02-01,1570.0,1604.4666150455696,1619.3568,1611.9117132845035,1606.7001567242812
M2512,long_history,Macro,1925-03-01,1580.0,1549.1673388345716,1630.0105,1589.5889184407233,1561.2938249234485
M2512,long_history,Macro,1925-04-01,1580.0,1604.4666150455696,1635.3374,1619.9020086946598,1609.0972361920547
M2512,long_history,Macro,1925-05-01,1590.0,1604.4666150455696,1640.6642,1622.565399807941,1609.8962626813125
M2512,long_history,Macro,1925-06-01,1500.0,1627.8778442578039,1571.4154,1599.6466247656208,1619.408493668938
M25175,medium,Demographic,1915-05-01,6224.9484964,6145.545023953669,6231.6636,6188.60429908621,6158.462843114526
M25175,medium,Demographic,1915-06-01,6239.1625421,6230.8260061523715,6190.9336,6210.879799951186,6224.8421809131105
M25175,medium,Demographic,1915-07-01,6251.766186,6213.638239772113,6211.299,6212.468533948557,6213.287389060202
M25175,medium,Demographic,1915-08-01,6236.7117116,6225.910877694415,6211.299,6218.604852909708,6223.7191312941595
M25175,medium,Demographic,1915-09-01,6231.2513877,6225.910877694415,6190.9336,6208.422235722208,6220.664321723847
M25175,medium,Demographic,1915-10-01,6227.5906298,6225.910877694415,6231.6636,6228.787225956583,6226.7738187941595
M25175,medium,Demographic,1915-11-01,6228.728109,6225.910877694415,6231.6636,6228.787225956583,6226.7738187941595
M25175,medium,Demographic,1915-12-01,6217.9233607,6228.627004643836,6231.6636,6230.145289431293,6229.082526701167
M25175,medium,Demographic,1916-01-01,6232.1978073,6174.795990542778,6272.393,6223.594528474514,6189.435600750424
M25175,medium,Demographic,1916-02-01,6262.0623099,6198.779628979766,6272.393,6235.586347693008,6209.821693421864
M25175,medium,Demographic,1916-03-01,6322.6314293,6244.8888965731685,6252.0283,6248.458608442834,6245.9598223411
M25175,medium,Demographic,1916-04-01,6210.654762,6244.8888965731685,6272.393,6258.640981489709,6249.014570876257
M25175,medium,Demographic,1916-05-01,6336.594153,6230.8260061523715,6272.393,6251.609536279311,6237.061114018579
M25175,medium,Demographic,1916-06-01,6327.2263698,6249.804025031125,6313.123,6281.463535953062,6259.301927135832
M25175,medium,Demographic,1916-07-01,6321.9498041,6249.804025031125,6313.123,6281.463535953062,6259.301927135832
M25175,medium,Demographic,1916-08-01,6345.6119313,6244.8888965731685,6313.123,6279.005971724084,6255.124067946569
M25175,medium,Demographic,1916-09-01,6319.841199,6244.8888965731685,6333.4883,6289.188588911584,6258.178816481725
M25175,medium,Demographic,1916-10-01,6327.6705244,6244.8888965731685,6333.4883,6289.188588911584,6258.178816481725
M25190,medium,Demographic,1915-05-01,6110.15652,6383.24118060376,6323.949,6353.59519967688,6374.347410739759
M25190,medium,Demographic,1915-06-01,5590.9998,6141.558946696681,6232.298,6186.928399129591,6155.16983125468
M25190,medium,Demographic,1915-07-01,5695.75569,5840.965606007988,6186.472,6013.7188869883685,5892.791651337259
M25190,medium,Demographic,1915-08-01,5598.69929,5878.6047488440145,6209.385,6043.994757234507,5928.221812396319
M25190,medium,Demographic,1915-09-01,5466.35362,5891.572742961105,6140.6465,6016.109613668053,5928.933816380221
M25190,medium,Demographic,1915-10-01,5584.85554,5616.532295784439,6323.949,5970.24075726722,5722.644858643336
M25190,medium,Demographic,1915-11-01,5715.34671,5635.124054570747,6438.5137,6036.818863222874,5755.63254599451
M25190,medium,Demographic,1915-12-01,5010.48455,5806.653697930344,6461.4263,6134.039983730797,5904.869632498605
M25190,medium,Demographic,1916-01-01,5455.35127,5329.726722531163,6346.8623,5838.294513609331,5482.297072061646
M25190,medium,Demographic,1916-02-01,5663.50476,5614.251593628431,6415.6006,6014.926089782965,5734.454003509948
M25190,medium,Demographic,1916-03-01,5050.72087,5873.564010645587,6507.252,6190.407981885293,5968.617238638593
M25190,medium,Demographic,1916-04-01,5158.15364,5305.624385829058,6484.339,5894.981626508279,5482.43160686095
M25190,medium,Demographic,1916-05-01,5560.15512,5250.699031071887,6369.775,5810.236966707818,5418.560423969698
M25190,medium,Demographic,1916-06-01,5597.4437,5443.591805050836,6438.5137,5941.052738462919,5592.830133902587
M25190,medium,Demographic,1916-07-01,5591.13454,5643.690405529037,6415.6006,6029.645495733268,5759.476993625463
M25190,medium,Demographic,1916-08-01,5391.88825,5548.473792920174,6507.2515,6027.862628881961,5692.290492536836
M25190,medium,Demographic,1916-09-01,5463.37615,5388.67968196068,6507.2515,5947.965573402214,5556.465498221266
M25190,medium,Demographic,1916-10-01,5455.63431,5535.204221391569,6369.775,5952.48956186766,5660.389835741428
M25666,medium,Demographic,1923-01-01,13600.0,14528.007487697601,14011.063,14269.53548213005,14450.466032511713
M25666,medium,Demographic,1923-02-01,16300.0,13949.032405324462,14603.08,14276.056241724731,14047.139702728919
M25666,medium,Demographic,1923-03-01,14400.0,16144.724160744996,12967.986,14556.355244434999,15668.213534680122
M25666,medium,Demographic,1923-04-01,9700.0,13969.336495585923,8823.869,11396.60281810546,13197.516465583974
M25666,medium,Demographic,1923-05-01,8400.0,10821.30026630646,6991.436,8906.368150731356,10246.820680462055
M25666,medium,Demographic,1923-06-01,6500.0,7651.832368195284,6089.3154,6870.573898941392,7417.454851833179
M25666,medium,Demographic,1923-07-01,9200.0,8815.663102376882,8344.617,8580.140144938441,8745.006263973475
M25666,medium,Demographic,1923-08-01,7500.0,9194.905849040613,7245.157,8220.031537801557,8902.443653325146
M25666,medium,Demographic,1923-09-01,8100.0,8695.816236220257,8401.0,8548.408118110128,8651.593825201282
M25666,medium,Demographic,1923-10-01,11700.0,9287.617738707955,10318.007,9802.812287322728,9442.17612770645
M25666,medium,Demographic,1923-11-01,14300.0,11796.74809661467,12094.057,11945.402368619834,11841.344402630284
M25666,medium,Demographic,1923-12-01,17900.0,14113.80964169543,16520.086,15316.947789597714,14474.751134894243
M25666,medium,Demographic,1924-01-01,14200.0,14825.043023614224,13757.342,14291.192410244612,14664.887888431467
M25666,medium,Demographic,1924-02-01,17700.0,15060.994940047929,14659.462,14860.228427055215,15000.765132634491
M25666,medium,Demographic,1924-03-01,17200.0,16193.460033633335,13108.943,14651.201696504168,15730.782581322712
M25666,medium,Demographic,1924-04-01,10400.0,16503.67616946938,8795.678,12649.67695192219,15347.476428619288
M25666,medium,Demographic,1924-05-01,7900.0,15726.77077963323,7047.8184,11387.294569504116,14424.928014250747
M25666,medium,Demographic,1924-06-01,7100.0,8834.493298953534,5976.5503,7405.521795961142,8405.801909090973
M25777,medium,Demographic,1914-06-01,5399.29147,5325.195607069024,5409.3477,5367.271631659512,5337.818426653202
M25777,medium,Demographic,1914-07-01,5440.81229,5391.947309398441,5409.3477,5400.647482824221,5394.557373633206
M25777,medium,Demographic,1914-08-01,5501.438,5391.947309398441,5429.5317,5410.739523839846,5397.5850225589875
M25777,medium,Demographic,1914-09-01,5528.47281,5396.862437856397,5449.716,5423.289129084449,5404.790469638876
M25777,medium,Demographic,1914-10-01,5578.18996,5427.6384826918975,5449.716,5438.677151502199,5430.95010774905
M25777,medium,Demographic,1914-11-01,5591.58372,5538.623236802966,5429.5317,5484.077487542108,5522.259560852834
M25777,medium,Demographic,1914-12-01,5620.26212,5541.339363752387,5429.5317,5485.435551016819,5524.568268759842
M25777,medium,Demographic,1915-01-01,5675.62561,5578.996428289327,5429.5317,5504.2640832852885,5556.576773616241
M25777,medium,Demographic,1915-02-01,5721.82953,5697.700412106463,5429.5317,5563.616075193857,5657.475159860806
M25777,medium,Demographic,1915-03-01,5760.12671,5724.864598712543,5449.716,5587.290209512521,5683.5923063666
M25777,medium,Demographic,1915-04-01,5801.00591,5719.949470254586,5449.716,5584.832645283543,5679.414447177336
M25777,medium,Demographic,1915-05-01,5823.97129,5719.949470254586,5409.3477,5564.648563252293,5673.35921036093
M25777,medium,Demographic,1915-06-01,5865.93105,5719.949470254586,5409.3477,5564.648563252293,5673.35921036093
M25777,medium,Demographic,1915-07-01,5896.19721,5802.06519712625,5409.3477,5605.706426688124,5743.1575782018435
M25777,medium,Demographic,1915-08-01,5907.98867,5802.06519712625,5409.3477,5605.706426688124,5743.1575782018435
M25777,medium,Demographic,1915-09-01,5919.18452,5802.06519712625,5389.1636,5595.614385672499,5740.1299903112185
M25777,medium,Demographic,1915-10-01,5919.74436,5835.438007165469,5348.7954,5592.116708660859,5762.441642028149
M25777,medium,Demographic,1915-11-01,5966.29812,5835.438007165469,5348.7954,5592.116708660859,5762.441642028149
M25796,medium,Demographic,1914-06-01,2237.35666,2457.684667238276,2193.33,2325.507372681638,2418.0314788712844
M25796,medium,Demographic,1914-07-01,2192.3886,2359.1948410230925,2110.563,2234.8789146521713,2321.900087525879
M25796,medium,Demographic,1914-08-01,2141.73988,2276.791481843457,2036.0725,2156.4319958045407,2240.6836482388135
M25796,medium,Demographic,1914-09-01,2083.66919,2194.0804687802583,1961.582,2077.831250015129,2159.2057031507197
M25796,medium,Demographic,1914-10-01,2033.6751,2170.1073599617685,1903.645,2036.8761897465092,2130.138008897191
M25796,medium,Demographic,1914-11-01,1977.09772,2170.1073599617685,1837.4313,2003.7693171879155,2120.2059715436753
M25796,medium,Demographic,1914-12-01,1922.59529,2156.0357771248314,1754.6641,1955.3499198124157,2095.8300260346223
M25796,medium,Demographic,1915-01-01,1860.43518,2036.661412173926,1638.79,1837.725725618213,1976.980712310728
M25796,medium,Demographic,1915-02-01,1856.90614,1887.0980841043008,1572.5763,1729.8371890248068,1839.9198308392417
M25796,medium,Demographic,1915-03-01,1873.72382,1864.722781443942,1539.4694,1702.0960708977523,1815.9347743836008
M25796,medium,Demographic,1915-04-01,1877.64525,1949.7226490039382,1514.6393,1732.1809656152504,1884.460159246121
M25796,medium,Demographic,1915-05-01,1890.97994,1967.18282320634,1522.916,1745.04941941567,1900.5428081726548
M25796,medium,Demographic,1915-06-01,1905.76536,1967.18282320634,1539.4695,1753.3261528141074,1903.0258251404282
M25796,medium,Demographic,1915-07-01,1912.91982,1967.18282320634,1514.6393,1740.9110527164512,1899.3013073181626
M25796,medium,Demographic,1915-08-01,1902.6893,1967.18282320634,1498.0858,1732.6343193180137,1896.8182750916
M25796,medium,Demographic,1915-09-01,1918.01581,1967.18282320634,1481.5325,1724.3576469547324,1894.3352733826157
M25796,medium,Demographic,1915-10-01,1941.20494,1929.6281012610286,1456.7021,1693.1651248492644,1858.6892113892573
M25796,medium,Demographic,1915-11-01,1952.97423,2013.133027046463,1440.1488,1726.6409153787004,1927.1853965978921
M25822,medium,Demographic,1914-06-01,6629.24844,6457.183843017795,6535.9487,6496.566286743273,6468.998600549501
M25822,medium,Demographic,1914-07-01,6686.15723,6500.5799670024035,6584.007,6542.293401469951,6513.094046170793
M25822,medium,Demographic,1914-08-01,6699.48405,6577.356880973297,6584.007,6580.6818584553985,6578.354423046053
M25822,medium,Demographic,1914-09-01,6734.09983,6600.351249679307,6632.0654,6616.208339683404,6605.108437715693
M25822,medium,Demographic,1914-10-01,6802.59732,6572.44175251534,6632.0654,6602.25359110142,6581.385365126321
M25822,medium,Demographic,1914-11-01,6828.53222,6722.996495324486,6584.007,6653.501665630993,6702.148095244564
M25822,medium,Demographic,1914-12-01,6825.92919,6725.08919712209,6584.007,6654.548016529795,6703.926891772527
M25822,medium,Demographic,1915-01-01,6838.5534,6657.095810567671,6584.007,6620.5513232525855,6646.132513201271
M25822,medium,Demographic,1915-02-01,6849.1354,6695.24182145802,6559.9775,6627.609680260261,6674.952191305724
M25822,medium,Demographic,1915-03-01,6845.22592,6764.846478433671,6535.9487,6650.397604451211,6730.511840652996
M25822,medium,Demographic,1915-04-01,6788.54693,6807.767604812964,6535.9487,6671.858167640858,6766.994798075395
M25822,medium,Demographic,1915-05-01,6768.44467,6831.271499503248,6535.9487,6683.610114985999,6786.973108562137
M25822,medium,Demographic,1915-06-01,6739.75119,6831.271499503248,6535.9487,6683.610114985999,6786.973108562137
M25822,medium,Demographic,1915-07-01,6745.07278,6713.541382316026,6559.9775,6636.7594606892635,6690.506818035029
M25822,medium,Demographic,1915-08-01,6801.93631,6691.7679865509,6559.9775,6625.8727628067,6671.999431634672
M25822,medium,Demographic,1915-09-01,6783.2617,6809.498103738122,6559.9775,6684.737821400311,6772.07003124381
M25822,medium,Demographic,1915-10-01,6762.00332,6831.271499503248,6559.9775,6695.624519282874,6790.577417644168
M25822,medium,Demographic,1915-11-01,6756.21839,6713.541382316026,6511.9194,6612.7304079548885,6683.29813883581
M2599,medium,Macro,1918-11-01,1496.7,1672.794995827178,1497.9772,1585.3860843393702,1646.5723254325935
M2599,medium,Macro,1918-12-01,1497.1,1788.929629388902,1497.9772,1643.4534011202322,1745.286763960059
M2599,medium,Macro,1919-01-01,1497.9,1673.8358873689128,1497.9772,1585.9065301102378,1647.4570832430682
M2599,medium,Macro,1919-02-01,1498.3,1500.8110111802014,1497.9772,1499.394092015882,1500.3859384826635
M2599,medium,Macro,1919-03-01,1498.7,1500.8110111802014,1506.0743,1503.442676000257,1501.6005228332494
M2599,medium,Macro,1919-04-01,1498.4,1531.3244654308403,1506.0743,1518.6994031255763,1527.5369589462925
M2599,medium,Macro,1919-05-01,1497.7,1500.8110111802014,1514.1715,1507.491259984632,1502.8150919250463
M2599,medium,Macro,1919-06-01,1496.9,1500.8110111802014,1510.1229,1505.4669679924446,1502.2078073791479
M2599,medium,Macro,1919-07-01,1496.2,1500.8110111802014,1514.1715,1507.491259984632,1502.8150919250463
M2599,medium,Macro,1919-08-01,1495.8,1500.8110111802014,1591.0946,1545.9528078361946,1514.3535593322729
M2599,medium,Macro,1919-09-01,1332.3,1500.8110111802014,1550.6086,1525.7098268791633,1508.2806680969213
M2599,medium,Macro,1919-10-01,1288.4,1477.6817378135231,1587.0459,1532.3638181255114,1494.0863771659087
M2599,medium,Macro,1919-11-01,1284.0,1354.9806383693597,1635.629,1495.304833344836,1397.0779029655184
M2599,medium,Macro,1919-12-01,1452.9,1295.5368434816794,1688.2606,1491.8987317994333,1354.445422184037
M2599,medium,Macro,1920-01-01,1471.9,1464.1789743029424,1692.3092,1578.2440892022523,1498.398517928009
M2599,medium,Macro,1920-02-01,1477.2,1452.3999727960802,1655.8721,1554.13602155429,1482.9207904753011
M2599,medium,Macro,1920-03-01,1495.0,1500.8110111802014,1696.3579,1598.5844606682258,1530.1430490783666
M2599,medium,Macro,1920-04-01,1494.9,1500.8110111802014,1696.3578,1598.5843996330696,1530.1430338195776
M26060,short,Demographic,1908-03-01,4679.0,4609.742660877036,4713.8906,4661.816642938518,4625.364879909543
M26060,short,Demographic,1908-04-01,4655.0,4617.876389569151,4791.878,4704.877159628326,4643.9766694150285
M26060,short,Demographic,1908-05-01,4636.0,4612.961261111194,4835.2036,4724.082437196223,4646.297650557797
M26060,short,Demographic,1908-06-01,4643.0,4612.961261111194,4887.1953,4750.078286805598,4654.096417647641
M26060,short,Demographic,1908-07-01,4659.0,4689.637176146279,4921.856,4805.746566588765,4724.47004210715
M26060,short,Demographic,1908-08-01,4659.0,4689.637176146279,4965.1826,4827.40989666689,4730.969004509494
M26060,short,Demographic,1908-09-01,4680.0,4699.258241017435,5051.835,4875.546600977467,4752.144773419507
M26060,short,Demographic,1908-10-01,4756.0,4699.258241017435,5121.157,4910.207733789967,4762.543149884351
M26060,short,Demographic,1908-11-01,4883.0,4704.173369475391,5147.1523,4925.662856612696,4770.620240030646
M26060,short,Demographic,1908-12-01,5043.0,4872.045536441909,5173.1484,5022.596986970954,4917.210996014685
M26060,short,Demographic,1909-01-01,5163.0,4988.932333681341,5199.144,5094.038188325046,5020.464126695547
M26060,short,Demographic,1909-02-01,5243.0,5057.733039695636,5242.47,5150.1016272696925,5085.443628174885
M26060,short,Demographic,1909-03-01,5327.0,5235.248800558814,5294.4614,5264.8551131700315,5244.130730963274
M26060,short,Demographic,1909-04-01,5421.0,5235.248800558814,5320.457,5277.8529159044065,5248.030083990618
M26060,short,Demographic,1909-05-01,5515.0,5404.9961665485125,5363.783,5384.389684836757,5398.814246449048
M26060,short,Demographic,1909-06-01,5592.0,5404.9961665485125,5407.1094,5406.052770774257,5405.313208851392
M26060,short,Demographic,1909-07-01,5672.0,5469.580893597327,5459.1006,5464.340739767414,5468.0088718624165
M26060,short,Demographic,1909-08-01,5712.0,5623.533937576383,5502.4277,5562.980835975692,5605.36804371727
M26088,short,Demographic,1908-03-01,2650.0,2987.350209037434,2700.919,2844.134577174967,2944.38552558221
M26088,short,Demographic,1908-04-01,2840.0,2932.517035161043,2803.811,2868.1640351586466,2913.2111656779025
M26088,short,Demographic,1908-05-01,3210.0,2819.266054675861,3086.7646,2953.015351556681,2859.3908559471383
M26088,short,Demographic,1908-06-01,3260.0,3238.7595844835405,3215.38,3227.0697336480202,3235.2526536469472
M26088,short,Demographic,1908-07-01,3490.0,3238.7325198742988,3232.5283,3235.630420093399,3237.801914354092
M26088,short,Demographic,1908-08-01,3830.0,3451.7280815924114,3078.1904,3264.9592556399557,3395.697446013706
M26088,short,Demographic,1908-09-01,4220.0,3643.7792880017896,3301.1233,3472.4512895087073,3592.3809128679277
M26088,short,Demographic,1908-10-01,4060.0,4094.6013644101436,3241.1028,3667.8520738066345,3966.576595539638
M26088,short,Demographic,1908-11-01,3870.0,3974.0231629663826,3086.7646,3530.3939057019415,3840.934397994082
M26088,short,Demographic,1908-12-01,3930.0,3932.7802966524723,2958.1494,3445.464855357486,3786.585694781555
M26088,short,Demographic,1909-01-01,3840.0,3881.7988458645946,3069.6157,3475.707284260422,3759.9714017974056
M26088,short,Demographic,1909-02-01,3330.0,3833.182126938604,3078.1902,3455.6861562427393,3719.933354040392
M26088,short,Demographic,1909-03-01,2910.0,3482.8477696861146,3129.6362,3306.2420000774323,3429.866069321088
M26088,short,Demographic,1909-04-01,3000.0,3081.9817582974233,3043.8928,3062.937290281524,3076.268448410232
M26088,short,Demographic,1909-05-01,3420.0,2971.7599351140975,3001.021,2986.390465603924,2976.1491125715925
M26088,short,Demographic,1909-06-01,3230.0,3366.749308451012,2889.5547,3128.1519979755058,3295.170139722423
M26088,short,Demographic,1909-07-01,3170.0,3305.4765830880456,2812.3855,3058.9310405674605,3231.5129447459326
M26088,short,Demographic,1909-08-01,3430.0,3254.4748802936997,2855.2573,3054.8661022562246,3194.592252985973
M26224,medium,Demographic,1914-06-01,3530.08627,3480.5195650497576,3532.0234,3506.2715012748786,3488.2451581243254
M26224,medium,Demographic,1914-07-01,3518.48786,3480.5195650497576,3509.2363,3494.8779465873786,3484.827128339169
M26224,medium,Demographic,1914-08-01,3498.82262,3480.5195650497576,3509.2363,3494.8779465873786,3484.827128339169
M26224,medium,Demographic,1914-09-01,3478.15136,3418.053079891343,3497.8428,3457.947926664421,3430.0215705443607
M26224,medium,Demographic,1914-10-01,3456.27238,3418.053079891343,3497.8428,3457.947926664421,3430.0215705443607
M26224,medium,Demographic,1914-11-01,3424.38016,3418.053079891343,3486.4492,3452.251149320671,3428.3125251342044
M26224,medium,Demographic,1914-12-01,3414.86881,3420.7692068407637,3475.0554,3447.912313381319,3428.9121876310555
M26224,medium,Demographic,1915-01-01,3397.42532,3418.053079891343,3463.6619,3440.8574725628587,3424.894434313892
M26224,medium,Demographic,1915-02-01,3373.10517,3418.053079891343,3463.6616,3440.857350492546,3424.8943732787357
M26224,medium,Demographic,1915-03-01,3361.12803,3376.3357685260307,3475.0554,3425.695594223953,3391.1437650635326
M26224,medium,Demographic,1915-04-01,3375.8268,3376.3357685260307,3486.449,3431.392371567703,3392.8527494385326
M26224,medium,Demographic,1915-05-01,3372.05746,3376.3357685260307,3475.0554,3425.695594223953,3391.1437650635326
M26224,medium,Demographic,1915-06-01,3351.85575,3376.3357685260307,3440.8745,3408.6051401223904,3386.016628833064
M26224,medium,Demographic,1915-07-01,3335.91783,3376.3357685260307,3452.268,3414.3019174661404,3387.725613208064
M26224,medium,Demographic,1915-08-01,3340.77546,3349.6816604119517,3452.268,3400.974863409101,3365.069621311097
M26224,medium,Demographic,1915-09-01,3312.62536,3349.6816604119517,3475.0554,3412.3685401669136,3368.4877731665656
M26224,medium,Demographic,1915-10-01,3308.49378,3349.6816604119517,3497.8428,3423.762216924726,3371.905863986878
M26224,medium,Demographic,1915-11-01,3305.96239,3349.6816604119517,3520.63,3435.155771612226,3375.3238937720344
M26246,long_history,Demographic,1927-11-01,2771.803949,2753.8748197188206,2922.974,2838.4244704062853,2779.239733235607
M26246,long_history,Demographic,1927-12-01,2825.940952,2718.892769996578,2982.1094,2850.501072498289,2758.3752912646696
M26246,long_history,Demographic,1928-01-01,2836.456046,3062.7454291402546,3041.2449,3051.995151093565,3059.5203518297635
M26246,long_history,Demographic,1928-02-01,2834.516588,3062.7454291402546,3075.0364,3068.89090304669,3064.589077415701
M26246,long_history,Demographic,1928-03-01,2860.917847,3062.7454291402546,3117.276,3090.0106540232523,3070.925014915701
M26246,long_history,Demographic,1928-04-01,2813.325224,3090.8392093490447,3184.859,3137.8490480338974,3104.942179265048
M26246,long_history,Demographic,1928-05-01,2898.851339,3062.7454291402546,3227.0984,3144.921908906065,3087.398403587576
M26246,long_history,Demographic,1928-06-01,2920.81844,3181.2242766169593,3286.234,3233.7290816678546,3196.9757242357437
M26246,long_history,Demographic,1928-07-01,2957.225569,3181.2242766169593,3320.0256,3250.624955691292,3202.0445108568374
M26246,long_history,Demographic,1928-08-01,2941.374287,3181.2242766169593,3167.9634,3174.5938277616046,3179.2351541673843
M26246,long_history,Demographic,1928-09-01,2903.220635,3181.2242766169593,3032.7969,3107.0105758084796,3158.960190788478
M26246,long_history,Demographic,1928-10-01,2868.425473,3181.2242766169593,3015.901,3098.5625777616046,3156.425797477931
M26246,long_history,Demographic,1928-11-01,2864.712796,3090.8392093490447,3108.8281,3099.8336671745224,3093.5375772142665
M26246,long_history,Demographic,1928-12-01,2896.383119,3090.8392093490447,3159.5154,3125.17729510421,3101.140665593173
M26246,long_history,Demographic,1929-01-01,2846.886444,3181.2242766169593,3260.8901,3221.0572066678546,3193.1741800462905
M26246,long_history,Demographic,1929-02-01,2871.966441,3062.7454291402546,3294.6816,3178.7135348826273,3097.535885277029
M26246,long_history,Demographic,1929-03-01,2862.387437,3090.8392093490447,3370.713,3230.7760499870224,3132.8202920580165
M26246,long_history,Demographic,1929-04-01,2904.767237,3090.8392093490447,3429.8481,3260.3436769401474,3141.690561833407
M26325,cold_start,Demographic,1904-11-01,4438.64,6508.8234893522795,7695.888,7102.355836473014,6686.883266730688
M26325,cold_start,Demographic,1904-12-01,4804.06,8032.790310681113,5363.0723,6697.931288153057,7632.33264054379
M26325,cold_start,Demographic,1905-01-01,6968.63,7733.917257232578,6878.2,7306.0587262725385,7605.559771186754
M26325,cold_start,Demographic,1905-02-01,8647.17,6865.817500479796,7551.59,7208.703672114898,6968.683400798452
M26325,cold_start,Demographic,1905-03-01,4804.06,8776.675265223796,6493.406,7635.040513471273,8434.184900733195
M26325,cold_start,Demographic,1905-04-01,4895.47,7335.823583297149,6445.3066,6890.565111961074,7202.246066310389
M26325,cold_start,Demographic,1905-05-01,4783.18,6308.574153324271,7311.0938,6809.833951662135,6458.952092825631
M26325,cold_start,Demographic,1905-06-01,4895.47,5595.641138004983,7407.2925,6501.4668092368665,5867.388839374548
M26325,cold_start,Demographic,1905-07-01,4037.45,5985.731130339735,6421.257,6203.493983138617,6051.059998386431
M26325,cold_start,Demographic,1905-08-01,4783.18,4468.656427914116,7816.136,6142.396329191433,4970.778495953561
M26325,cold_start,Demographic,1905-09-01,8095.17,4645.109076991637,7407.293,6026.201022870819,5059.436709583517
M26325,cold_start,Demographic,1905-10-01,4037.45,6079.523511825268,6950.349,6514.936316459509,6210.1473532155405
M26325,cold_start,Demographic,1905-11-01,10014.31,4734.264686278877,6733.9023,5734.0835150144385,5034.2103715206395
M26325,cold_start,Demographic,1905-12-01,11454.4,6954.532726731619,7311.0938,7132.813238365809,7008.016880221877
M26325,cold_start,Demographic,1906-01-01,10014.31,8382.165292533915,6493.406,7437.785527126332,8098.851423946797
M26325,cold_start,Demographic,1906-02-01,6592.62,8419.32594085623,7840.186,8129.75598800624,8332.455003829358
M26325,cold_start,Demographic,1906-03-01,11454.4,6552.925927291643,7695.888,7124.407055442696,6724.370338979147
M26325,cold_start,Demographic,1906-04-01,12110.9,6937.251778427002,7094.6475,7015.949619682251,6960.86115521764
M26337,medium,Demographic,1922-04-01,1366.0,1392.8608728586162,1349.6337,1371.2472699254017,1386.3767950304098
M26337,medium,Demographic,1922-05-01,1348.0,1392.8608728586162,1349.6337,1371.2472699254017,1386.3767950304098
M26337,medium,Demographic,1922-06-01,1333.0,1392.8608728586162,1349.6337,1371.2472699254017,1386.3767950304098
M26337,medium,Demographic,1922-07-01,1307.0,1392.8608728586162,1354.5593,1373.7100995152455,1387.1156561143941
M26337,medium,Demographic,1922-08-01,1326.0,1323.485940256531,1359.485,1341.4854628040466,1328.8858092278172
M26337,medium,Demographic,1922-09-01,1337.0,1335.616079479472,1359.485,1347.5505324155174,1339.196427567317
M26337,medium,Demographic,1922-10-01,1334.0,1335.616079479472,1364.4106,1350.0133620053612,1339.9352733925123
M26337,medium,Demographic,1922-11-01,1343.0,1392.8608728586162,1359.485,1376.1729291050892,1387.8545019395895
M26337,medium,Demographic,1922-12-01,1352.0,1395.576999808037,1369.3363,1382.4566517594872,1391.640901496988
M26337,medium,Demographic,1923-01-01,1360.0,1404.6398743654784,1369.3363,1386.9880890382078,1399.344344870813
M26337,medium,Demographic,1923-02-01,1356.0,1392.8608728586162,1369.3363,1381.0985882847767,1389.33219358998
M26337,medium,Demographic,1923-03-01,1354.0,1392.8608728586162,1379.1877,1386.0243084996205,1390.8099157579488
M26337,medium,Demographic,1923-04-01,1346.0,1392.8608728586162,1369.3363,1381.0985882847767,1389.33219358998
M26337,medium,Demographic,1923-05-01,1358.0,1392.8608728586162,1379.1877,1386.0243084996205,1390.8099157579488
M26337,medium,Demographic,1923-06-01,1350.0,1392.8608728586162,1374.262,1383.5614178746205,1390.0710394151754
M26337,medium,Demographic,1923-07-01,1358.0,1392.8608728586162,1374.262,1383.5614178746205,1390.0710394151754
M26337,medium,Demographic,1923-08-01,1353.0,1392.8608728586162,1384.1134,1388.4871380894642,1391.5487615831441
M26337,medium,Demographic,1923-09-01,1361.0,1392.8608728586162,1389.0391,1390.949967679308,1392.2876074083395
M26366,medium,Demographic,1919-04-01,5100.0,5457.675485678911,5228.1616,5342.918553386331,5423.248467026294
M26366,medium,Demographic,1919-05-01,4500.0,5743.984734573396,5638.946,5691.465267677323,5728.2289433327
M26366,medium,Demographic,1919-06-01,4800.0,5046.047006041562,5788.3213,5417.1841475520305,5157.388185115797
M26366,medium,Demographic,1919-07-01,5400.0,4967.150097232361,6535.202,5751.1761228349305,5202.357917120164
M26366,medium,Demographic,1919-08-01,6000.0,5547.0110632064325,6535.202,6041.106605821966,5695.2397381981245
M26366,medium,Demographic,1919-09-01,6800.0,6033.192075139434,6833.954,6433.573088350967,6153.306403516956
M26366,medium,Demographic,1919-10-01,6300.0,6797.144330716473,6460.514,6628.829245436362,6746.649829546503
M26366,medium,Demographic,1919-11-01,6700.0,7054.980183517385,6124.418,6589.699076133693,6915.39587571634
M26366,medium,Demographic,1919-12-01,6800.0,6672.187100608917,6609.89,6641.038618663833,6662.842617060549
M26366,medium,Demographic,1920-01-01,7100.0,6745.695644095011,6385.826,6565.760907985005,6691.7152598831035
M26366,medium,Demographic,1920-02-01,6600.0,6707.375561306623,6087.074,6397.224890028312,6614.330384337193
M26366,medium,Demographic,1920-03-01,6700.0,6433.831671536082,5900.3535,6167.092593580541,6353.8099603564515
M26366,medium,Demographic,1920-04-01,6300.0,6480.399378707392,5676.29,6078.344708884946,6359.783014381753
M26366,medium,Demographic,1920-05-01,6800.0,6357.806746957111,6161.7617,6259.784232853555,6328.400017140107
M26366,medium,Demographic,1920-06-01,5900.0,6600.449297929694,5975.042,6287.745645058597,6506.638250896491
M26366,medium,Demographic,1920-07-01,6300.0,6069.479239183838,5750.9775,5910.228389123169,6021.704020786732
M26366,medium,Demographic,1920-08-01,5800.0,6275.419446182227,5788.3213,6031.870367622363,6202.3547592353625
M26366,medium,Demographic,1920-09-01,6700.0,6029.859607654028,6199.106,6114.4827823426385,6055.246572267643
M26421,medium,Demographic,1922-04-01,2240.0,2262.7030723507023,2235.6167,2249.159885784726,2258.6401407949725
M26421,medium,Demographic,1922-05-01,2240.0,2262.7030723507023,2235.6167,2249.159885784726,2258.6401407949725
M26421,medium,Demographic,1922-06-01,2180.0,2262.7030723507023,2235.6167,2249.159885784726,2258.6401407949725
M26421,medium,Demographic,1922-07-01,2180.0,2262.7030723507023,2254.093,2258.3980449644137,2261.411564134816
M26421,medium,Demographic,1922-08-01,2220.0,2218.0523420400505,2244.855,2231.4536612544002,2222.072762218418
M26421,medium,Demographic,1922-09-01,2230.0,2218.0523420400505,2244.855,2231.4536612544002,2222.072762218418
M26421,medium,Demographic,1922-10-01,2220.0,2218.0523420400505,2235.6167,2226.8345206294002,2220.687020030918
M26421,medium,Demographic,1922-11-01,2240.0,2218.0523420400505,2244.855,2231.4536612544002,2222.072762218418
M26421,medium,Demographic,1922-12-01,2240.0,2220.7684689894713,2235.6167,2228.1925841041107,2222.995727937926
M26421,medium,Demographic,1923-01-01,2200.0,2274.482073857564,2254.093,2264.2875457178443,2271.423715415648
M26421,medium,Demographic,1923-02-01,2200.0,2262.7030723507023,2254.093,2258.3980449644137,2261.411564134816
M26421,medium,Demographic,1923-03-01,2200.0,2262.7030723507023,2254.093,2258.3980449644137,2261.411564134816
M26421,medium,Demographic,1923-04-01,2180.0,2316.5420887139844,2254.093,2285.3175531460547,2307.1747280436057
M26421,medium,Demographic,1923-05-01,2150.0,2218.0523420400505,2254.093,2236.0726798090877,2223.458443370762
M26421,medium,Demographic,1923-06-01,2160.0,2149.4297384696065,2254.093,2201.7613780238657,2165.129230335884
M26421,medium,Demographic,1923-07-01,2150.0,2149.4297384696065,2244.855,2197.1423594691782,2163.7435491835404
M26421,medium,Demographic,1923-08-01,2120.0,2149.4297384696065,2263.331,2206.3803965785532,2166.514942005806
M26421,medium,Demographic,1923-09-01,2140.0,2112.4077725010447,2263.331,2187.8694135942724,2135.046270932529
M26651,medium,Demographic,1922-01-01,12980.0,12247.409007729077,12778.547,12512.977941364537,12327.079761061903
M26651,medium,Demographic,1922-02-01,13250.0,12918.663460685797,12743.917,12831.29022643665,12892.451588067304
M26651,medium,Demographic,1922-03-01,13600.0,13038.379383808313,12778.547,12908.463129404157,12999.404580729255
M26651,medium,Demographic,1922-04-01,13380.0,13247.59318106274,12813.178,13030.38545771887,13182.430888473644
M26651,medium,Demographic,1922-05-01,13390.0,13363.954599914432,12951.698,13157.826421050966,13302.116170669457
M26651,medium,Demographic,1922-06-01,13350.0,13332.459022781935,12917.068,13124.763691078468,13270.150472099021
M26651,medium,Demographic,1922-07-01,13340.0,13302.766978824491,12986.328,13144.547551912245,13255.30127282113
M26651,medium,Demographic,1922-08-01,13200.0,13010.553329208386,12986.328,12998.440727104193,13006.919670647441
M26651,medium,Demographic,1922-09-01,13070.0,13015.468457666342,13159.479,13087.473486645671,13037.070064016392
M26651,medium,Demographic,1922-10-01,12960.0,13052.381089873661,13194.109,13123.245232436831,13073.640381470737
M26651,medium,Demographic,1922-11-01,12950.0,12790.243779364808,13159.4795,12974.861635776153,12845.6292095304
M26651,medium,Demographic,1922-12-01,13010.0,13044.35981909678,13194.109,13119.234597048391,13066.822301310389
M26651,medium,Demographic,1923-01-01,13180.0,12277.013069590172,13194.109,12735.561222295086,12414.577564229772
M26651,medium,Demographic,1923-02-01,13070.0,12731.990649224681,13228.74,12980.36544179984,12806.503209067543
M26651,medium,Demographic,1923-03-01,13000.0,13060.920369601625,13090.219,13075.569559800813,13065.315151075445
M26651,medium,Demographic,1923-04-01,12940.0,12767.287481960275,13090.219,12928.753115980136,12815.727196580297
M26651,medium,Demographic,1923-05-01,12860.0,12571.830255040119,13159.479,12865.65438533256,12659.977591784102
M26651,medium,Demographic,1923-06-01,12860.0,12669.622192895802,13090.219,12879.920471447902,12732.711700875496
M26652,medium,Demographic,1922-01-01,5160.0,5150.949552996663,5180.921,5165.935225717081,5155.445303640914
M26652,medium,Demographic,1922-02-01,4970.0,5153.380646715699,5180.921,5167.1507725766,5157.511733302094
M26652,medium,Demographic,1922-03-01,4790.0,5037.808570073082,5233.4307,5135.61961706779,5067.15193299962
M26652,medium,Demographic,1922-04-01,4610.0,4937.338076016581,5320.946,5129.141938398916,4994.879271352375
M26652,medium,Demographic,1922-05-01,4610.0,4965.706020950552,5303.4424,5134.574201881525,5016.366536265001
M26652,medium,Demographic,1922-06-01,4500.0,4765.99471397584,5303.4424,5034.71854839417,4846.611925336496
M26652,medium,Demographic,1922-07-01,4610.0,4585.892704414381,5250.9336,4918.413149082191,4685.648874435818
M26652,medium,Demographic,1922-08-01,4540.0,4765.99471397584,5233.4307,4999.71268901917,4836.110155316965
M26652,medium,Demographic,1922-09-01,4650.0,4804.131481571763,5320.946,5062.538641176507,4881.65366607428
M26652,medium,Demographic,1922-10-01,4620.0,4722.749739759197,5320.946,5021.847770270224,4812.479185533599
M26652,medium,Demographic,1922-11-01,4760.0,4666.441025800513,5355.952,5011.196587119006,4769.867755231217
M26652,medium,Demographic,1922-12-01,4680.0,4795.53146598769,5355.952,5075.741807212595,4879.594629390318
M26652,medium,Demographic,1923-01-01,4790.0,4708.3758906318635,5268.4365,4988.406207034682,4792.3850099667725
M26652,medium,Demographic,1923-02-01,4680.0,4774.772717761828,5198.424,4986.5982729434145,4838.320420937398
M26652,medium,Demographic,1923-03-01,4770.0,4768.370803020717,5268.4365,5018.403663229108,4843.380685497297
M26652,medium,Demographic,1923-04-01,4600.0,4768.370803020717,5338.4487,5053.409766744733,4853.882516551985
M26652,medium,Demographic,1923-05-01,4580.0,4662.608699964834,5233.4307,4948.019682013667,4748.23204340761
M26652,medium,Demographic,1923-06-01,4520.0,4662.608699964834,5303.4424,4983.025541388667,4758.733813427141
M26676,medium,Demographic,1922-01-01,2830.0,2905.004176192691,2876.4404,2890.7223029400957,2900.719644734491
M26676,medium,Demographic,1922-02-01,2670.0,2802.038221900452,2867.0403,2834.539252551788,2811.7885494064
M26676,medium,Demographic,1922-03-01,2670.0,2748.827152044323,2867.0403,2807.933717623724,2766.5591400286908
M26676,medium,Demographic,1922-04-01,2510.0,2748.827152044323,2857.6401,2803.2336443815366,2765.1491058490033
M26676,medium,Demographic,1922-05-01,2330.0,2634.845508850371,2867.0403,2750.942896026748,2669.674743313831
M26676,medium,Demographic,1922-06-01,2330.0,2524.75814935202,2857.6401,2691.199143035385,2574.6904535605454
M26676,medium,Demographic,1922-07-01,2250.0,2465.818395930391,2829.4397,2647.6290465980082,2520.3616216482546
M26676,medium,Demographic,1922-08-01,2200.0,2426.320367501162,2829.4397,2627.8800323833934,2486.7882974834097
M26676,medium,Demographic,1922-09-01,2230.0,2284.925210535572,2838.8398,2561.882527142786,2368.012417724768
M26676,medium,Demographic,1922-10-01,2340.0,2270.8368010428176,2848.24,2559.5383956385963,2357.4473038356136
M26676,medium,Demographic,1922-11-01,2320.0,2310.3348294720467,2885.8403,2598.0875807516486,2396.660673166474
M26676,medium,Demographic,1922-12-01,2170.0,2395.454315601103,2857.6401,2626.5472261599266,2464.782194872266
M26676,medium,Demographic,1923-01-01,2080.0,2208.941510487113,2857.6401,2533.2908236029316,2306.2463105253746
M26676,medium,Demographic,1923-02-01,2110.0,2171.1469123044512,2867.04,2519.093475683476,2275.530905732221
M26676,medium,Demographic,1923-03-01,1940.0,2157.0585028116966,2867.04,2512.0492709370983,2263.55575766338
M26676,medium,Demographic,1923-04-01,1900.0,2078.4687054842184,2857.6401,2468.054421101484,2195.344426272914
M26676,medium,Demographic,1923-05-01,1840.0,1972.097951664297,2895.2405,2433.6692150899607,2110.5693612095747
M26676,medium,Demographic,1923-06-01,1860.0,1874.0492269542285,2867.04,2370.544633008364,2022.997873184532
M26715,short,Demographic,1907-06-01,997.98052,1034.7792069007892,1010.98474,1022.8819740558633,1031.210046202585
M26715,short,Demographic,1907-07-01,996.1968513,1034.7792069007892,1003.6053,1019.1922462726602,1030.1031278676242
M26715,short,Demographic,1907-08-01,1011.9762684,1034.7792069007892,1025.7437,1030.2614296222696,1033.423882872507
M26715,short,Demographic,1907-09-01,1007.3216314,1034.7792069007892,1025.7437,1030.2614296222696,1033.423882872507
M26715,short,Demographic,1907-10-01,1030.3300656,1034.7792069007892,1018.3642,1026.5717018390665,1032.316964537546
M26715,short,Demographic,1907-11-01,983.5996232,1048.7396317657156,1003.6053,1026.1724587051235,1041.9694890028113
M26715,short,Demographic,1907-12-01,990.5074863,987.9330699429756,1003.6053,995.7691777937534,990.2839114534825
M26715,short,Demographic,1908-01-01,990.4761065,1046.5582084076514,1003.6053,1025.0817470260913,1040.115279148457
M26715,short,Demographic,1908-02-01,998.1257588,1034.7792069007892,1007.29504,1021.0371254230508,1030.6565946644992
M26715,short,Demographic,1908-03-01,1006.595797,1034.7792069007892,1007.29504,1021.0371254230508,1030.6565946644992
M26715,short,Demographic,1908-04-01,1014.9926174,1034.7792069007892,1010.98474,1022.8819740558633,1031.210046202585
M26715,short,Demographic,1908-05-01,999.1065616,1034.7792069007892,1010.98474,1022.8819740558633,1031.210046202585
M26715,short,Demographic,1908-06-01,990.2045122,1034.7792069007892,1010.98474,1022.8819740558633,1031.210046202585
M26715,short,Demographic,1908-07-01,1000.653534,1034.7792069007892,1018.3642,1026.5717018390665,1032.316964537546
M26715,short,Demographic,1908-08-01,1015.7414101,1034.7792069007892,1036.8127,1035.795975520707,1035.0842374867648
M26715,short,Demographic,1908-09-01,1005.453474,1034.7792069007892,1040.5026,1037.6408851886758,1035.6377195424288
M26715,short,Demographic,1908-10-01,1015.6601863,1034.7792069007892,1025.7437,1030.2614296222696,1033.423882872507
M26715,short,Demographic,1908-11-01,995.747622,1034.7792069007892,1003.6053,1019.1922462726602,1030.1031278676242
M26718,short,Demographic,1913-06-01,3907.3,4301.939435707882,4204.744,4253.341788166441,4287.360190273575
M26718,short,Demographic,1913-07-01,3897.7,3987.4436536759545,4085.9663,4036.7049811348525,4002.2220641206554
M26718,short,Demographic,1913-08-01,4010.5,3966.251643505719,4117.64,4041.9458901122343,3988.9599541087678
M26718,short,Demographic,1913-09-01,4327.2,3997.778622855179,4426.4634,4212.121000880715,4062.081372883934
M26718,short,Demographic,1913-10-01,4194.29,4221.337264891465,3888.003,4054.6700972894823,4171.33711461087
M26718,short,Demographic,1913-11-01,3994.4,4242.529275061701,4568.997,4405.7631726871,4291.499493177446
M26718,short,Demographic,1913-12-01,4104.14,4065.3883504428695,4291.8486,4178.618491627685,4099.35744162644
M26718,short,Demographic,1914-01-01,4252.61,4113.438343583588,4386.8706,4250.154474526169,4154.453231694488
M26718,short,Demographic,1914-02-01,4794.52,4224.638526290635,4553.1597,4388.899097129693,4273.916746370478
M26718,short,Demographic,1914-03-01,4987.02,4679.581835484535,4838.2275,4758.904687273518,4703.37869102123
M26718,short,Demographic,1914-04-01,4310.36,4728.456060912077,4988.6797,4858.567874206039,4767.489653728391
M26718,short,Demographic,1914-05-01,4305.15,4331.731385483,4743.205,4537.4682318039995,4393.452451586332
M26718,short,Demographic,1914-06-01,4391.82,4331.867340690795,4466.0557,4398.961502376647,4351.995625817644
M26718,short,Demographic,1914-07-01,4779.63,4355.857031250756,4347.2783,4351.567675781628,4354.570273438143
M26718,short,Demographic,1914-08-01,3833.58,4617.876389569151,4561.078,4589.477257284576,4609.356674297841
M26718,short,Demographic,1914-09-01,4527.68,4075.2755274980473,4426.4634,4250.869453202149,4127.953741830372
M26718,short,Demographic,1914-10-01,4250.22,4534.235433131251,4632.3457,4583.290568128125,4548.951985837344
M26718,short,Demographic,1914-11-01,4415.94,4242.529275061701,4751.1235,4496.826405108975,4318.818462904009
M27141,short,Industry,1912-08-01,3103.0,2905.004176192691,3062.9,2983.9520392682207,2928.6885473223815
M27141,short,Industry,1912-09-01,3355.0,3125.8275076624386,3062.9,3094.3637050030943,3116.388379071667
M27141,short,Industry,1912-10-01,3036.0,3279.6406816735503,3054.124,3166.8823525555254,3245.81320124869
M27141,short,Industry,1912-11-01,3017.0,3154.456097048977,3054.1238,3104.2899381729258,3139.4062738002244
M27141,short,Industry,1912-12-01,2955.0,3175.0433071009293,3071.6763,3123.3597883160896,3159.5382758795404
M27141,short,Industry,1913-01-01,2891.0,2900.0890477347343,3019.019,2959.5540453517424,2917.9285653303837
M27141,short,Industry,1913-02-01,3005.0,2905.004176192691,3027.7954,2966.3997931744707,2923.4228918048034
M27141,short,Industry,1913-03-01,3150.0,3077.5621838239817,3001.4668,3039.514490349491,3066.147887988666
M27141,short,Industry,1913-04-01,3076.0,3077.5621838239817,2966.3618,3021.962000115116,3060.8821409183533
M27141,short,Industry,1913-05-01,3027.0,3077.5621838239817,3019.019,3048.290613396366,3068.780731006244
M27141,short,Industry,1913-06-01,2889.0,3102.8002377662765,3010.2427,3056.521456773763,3088.9166095720384
M27141,short,Industry,1913-07-01,2469.0,2926.018352282054,3036.5713,2981.2948206722767,2942.6013172131834
M27141,short,Industry,1913-08-01,2004.0,2731.892683545221,2975.1382,2853.5154335694856,2768.379532966563
M27141,short,Industry,1913-09-01,2007.0,2541.312815168294,2940.0332,2740.673009146647,2601.1208977758624
M27141,short,Industry,1913-10-01,1953.0,2426.6088530178354,2913.7046,2670.1567214307925,2499.6732196452385
M27141,short,Industry,1913-11-01,1899.0,2191.0329455112196,2869.8235,2530.4282159196723,2292.8515449443025
M27141,short,Industry,1913-12-01,1804.0,2045.687749992005,2922.4807,2484.084231441315,2177.2067188408605
M27141,short,Industry,1914-01-01,1823.0,1961.6170282973355,2869.8235,2415.72025731273,2097.848015312501
M27387,long_history,Industry,1931-02-01,1661.0,1960.2575290712614,1663.0468,1811.6521410004743,1915.6759157017832
M27387,long_history,Industry,1931-03-01,1662.0,2013.6012235423827,1663.0468,1838.3239882360351,1961.0180560022363
M27387,long_history,Industry,1931-04-01,1662.0,2157.004224820501,1663.0468,1910.0254888750942,2082.910607088637
M27387,long_history,Industry,1931-05-01,1663.0,2157.004224820501,1663.0468,1910.0254888750942,2082.910607088637
M27387,long_history,Industry,1931-06-01,1660.0,2157.004224820501,1663.0468,1910.0254888750942,2082.910607088637
M27387,long_history,Industry,1931-07-01,1666.0,2103.6605303493798,1663.0468,1883.3536416395336,2037.568466788184
M27387,long_history,Industry,1931-08-01,1661.0,2157.004224820501,1663.0468,1910.0254888750942,2082.910607088637
M27387,long_history,Industry,1931-09-01,1665.0,2157.004224820501,1663.0468,1910.0254888750942,2082.910607088637
M27387,long_history,Industry,1931-10-01,1669.0,2157.004224820501,1663.0468,1910.0254888750942,2082.910607088637
M27387,long_history,Industry,1931-11-01,1663.0,2013.6012235423827,1663.0468,1838.3239882360351,1961.0180560022363
M27387,long_history,Industry,1931-12-01,1669.0,2013.6012235423827,1667.6663,1840.6337416540039,1961.7109881311426
M27387,long_history,Industry,1932-01-01,1677.0,2032.74132152726,1667.6663,1850.2037906464425,1977.9800714182884
M27387,long_history,Industry,1932-02-01,1689.0,2013.6012235423827,1663.0468,1838.3239882360351,1961.0180560022363
M27387,long_history,Industry,1932-03-01,1690.0,2013.6012235423827,1676.9055,1845.2533705602539,1963.0968829065332
M27387,long_history,Industry,1932-04-01,1683.0,2013.6012235423827,1676.9055,1845.2533705602539,1963.0968829065332
M27387,long_history,Industry,1932-05-01,1699.0,2013.6012235423827,1681.525,1847.5631239782226,1963.7897997766504
M27387,long_history,Industry,1932-06-01,1686.0,2013.6012235423827,1676.9055,1845.2533705602539,1963.0968829065332
M27387,long_history,Industry,1932-07-01,1685.0,2013.6012235423827,1676.9055,1845.2533705602539,1963.0968829065332
M27427,medium,Industry,1919-02-01,1207.0,1237.7111822028273,1206.9379,1222.3245242068824,1233.095184804044
M27427,medium,Industry,1919-03-01,1207.0,1237.7111822028273,1214.5768,1226.143982214695,1234.2410283099034
M27427,medium,Industry,1919-04-01,1206.0,1237.7111822028273,1210.7573,1224.2342532107887,1233.6681065569737
M27427,medium,Industry,1919-05-01,1218.0,1237.7111822028273,1206.9379,1222.3245242068824,1233.095184804044
M27427,medium,Industry,1919-06-01,1219.0,1237.7111822028273,1214.5768,1226.143982214695,1234.2410283099034
M27427,medium,Industry,1919-07-01,1217.0,1237.7111822028273,1210.7573,1224.2342532107887,1233.6681065569737
M27427,medium,Industry,1919-08-01,1221.0,1237.7111822028273,1214.5768,1226.143982214695,1234.2410283099034
M27427,medium,Industry,1919-09-01,1221.0,1237.7111822028273,1210.7573,1224.2342532107887,1233.6681065569737
M27427,medium,Industry,1919-10-01,1223.0,1237.7111822028273,1206.9379,1222.3245242068824,1233.095184804044
M27427,medium,Industry,1919-11-01,1224.0,1237.7111822028273,1214.5768,1226.143982214695,1234.2410283099034
M27427,medium,Industry,1919-12-01,1222.0,1353.8458157645514,1214.5768,1284.211298995557,1332.9554668373687
M27427,medium,Industry,1920-01-01,1222.0,1249.4901837096895,1210.7573,1230.1237539642198,1243.6802578378065
M27427,medium,Industry,1920-02-01,1225.0,1237.7111822028273,1210.7573,1224.2342532107887,1233.6681065569737
M27427,medium,Industry,1920-03-01,1226.0,1237.7111822028273,1203.1184,1220.4147952029762,1232.5222783099034
M27427,medium,Industry,1920-04-01,1225.0,1237.7111822028273,1203.1184,1220.4147952029762,1232.5222783099034
M27427,medium,Industry,1920-05-01,1219.0,1237.7111822028273,1199.2991,1218.5051272342262,1231.9493718157628
M27427,medium,Industry,1920-06-01,1218.0,1237.7111822028273,1210.7573,1224.2342532107887,1233.6681065569737
M27427,medium,Industry,1920-07-01,1208.0,1237.7111822028273,1206.9379,1222.3245242068824,1233.095184804044
M2743,cold_start,Macro,1904-05-01,1287.3,1179.060120800757,1169.5175,1174.2887884277222,1177.62873024412
M2743,cold_start,Macro,1904-06-01,1368.1,1219.7234449012685,1157.1743,1188.4488806537593,1210.3410847822893
M2743,cold_start,Macro,1904-07-01,1424.6,1289.0983775033537,1141.7454,1215.4218694157394,1266.9954311805852
M2743,cold_start,Macro,1904-08-01,1449.5,1361.910023949565,1092.3726,1227.1412912716573,1321.479416353224
M2743,cold_start,Macro,1904-09-01,1478.6,1385.0392973162432,1046.0854,1215.5623732674967,1334.1962292568928
M2743,cold_start,Macro,1904-10-01,1442.2,1438.3654641583214,1002.88446,1220.6249623037702,1373.0433227572296
M2743,cold_start,Macro,1904-11-01,1523.5,1458.518992169326,950.4258,1204.4723867096632,1382.305016634943
M2743,cold_start,Macro,1904-12-01,1575.6,1491.748573369386,950.4258,1221.0871773096928,1410.5501606549938
M2743,cold_start,Macro,1905-01-01,1606.4,1521.4390257407879,910.3104,1215.8747252727376,1429.7697417038885
M2743,cold_start,Macro,1905-02-01,1603.8,1585.5858252469286,901.05304,1243.319432398855,1482.9059104442645
M2743,cold_start,Macro,1905-03-01,1726.1,1585.5858252469286,984.3696,1284.9777270765894,1495.4034080028582
M2743,cold_start,Macro,1905-04-01,1785.9,1643.8446481760068,947.34,1295.5923375157377,1539.3689641331996
M2743,cold_start,Macro,1905-05-01,1941.5,1737.9465905269049,919.5679,1328.7572308103274,1615.1897826119318
M2743,cold_start,Macro,1905-06-01,2067.7,1938.93709924986,910.3105,1424.6237925448518,1784.643119445389
M2743,cold_start,Macro,1905-07-01,2199.3,1991.1105717992493,931.9111,1461.5108217882967,1832.2306528994793
M2743,cold_start,Macro,1905-08-01,2181.1,2176.0512456895203,941.16846,1558.6098513603852,1990.8188365460535
M2743,cold_start,Macro,1905-09-01,2108.4,2158.475164847525,968.9407,1563.707919337825,1980.0450003498886
M2743,cold_start,Macro,1905-10-01,2021.4,2047.9154668505623,953.51166,1500.7135622827032,1883.7548954802048
M27462,cold_start,Industry,1905-02-01,1095.0,1134.8144149018203,1106.3561,1120.5852470016914,1130.5456675835394
M27462,cold_start,Industry,1905-03-01,1104.0,1134.8144149018203,1106.3561,1120.5852470016914,1130.5456675835394
M27462,cold_start,Industry,1905-04-01,1111.0,1134.8144149018203,1106.3561,1120.5852470016914,1130.5456675835394
M27462,cold_start,Industry,1905-05-01,1111.0,1134.8144149018203,1113.9861,1124.4002494430977,1131.6901683159613
M27462,cold_start,Industry,1905-06-01,1096.0,1134.8144149018203,1110.1711,1122.4927787399727,1131.1179332085394
M27462,cold_start,Industry,1905-07-01,1111.0,1134.8144149018203,1113.9861,1124.4002494430977,1131.6901683159613
M27462,cold_start,Industry,1905-08-01,1115.0,1134.8144149018203,1117.8011,1126.307781181379,1132.2624339409613
M27462,cold_start,Industry,1905-09-01,1103.0,1134.8144149018203,1117.8011,1126.307781181379,1132.2624339409613
M27462,cold_start,Industry,1905-10-01,1126.0,1134.8144149018203,1125.4312,1130.1227836227852,1133.4069346733831
M27462,cold_start,Industry,1905-11-01,1113.0,1134.8144149018203,1121.6162,1128.2153129196602,1132.8346843071722
M27462,cold_start,Industry,1905-12-01,1214.0,1137.5305418512412,1125.4312,1131.4808470974956,1135.715642580391
M27462,cold_start,Industry,1906-01-01,1209.0,1231.5024464081307,1129.2462,1180.3743311142216,1216.164011819958
M27462,cold_start,Industry,1906-02-01,1161.0,1219.7234449012685,1125.4312,1172.5772986225093,1205.5796101729143
M27462,cold_start,Industry,1906-03-01,1109.0,1134.8144149018203,1148.3213,1141.5678519821602,1136.8404521294378
M27462,cold_start,Industry,1906-04-01,1129.0,1134.8144149018203,1140.6912,1137.7527885055977,1135.695936138227
M27462,cold_start,Industry,1906-05-01,1184.0,1134.8144149018203,1136.8762,1135.8453178024727,1135.123685772016
M27462,cold_start,Industry,1906-06-01,1219.0,1179.060120800757,1117.8011,1148.4306341308472,1169.8712839550576
M27462,cold_start,Industry,1906-07-01,1416.0,1214.8083164433115,1117.8011,1166.3047319521245,1200.257250251229
M2757,cold_start,Macro,1904-05-01,1030.0,1134.8144149018203,1157.0776,1145.9460258102852,1138.1538981743597
M2757,cold_start,Macro,1904-06-01,1030.0,1109.436137765804,1185.6475,1147.5417993516521,1120.8678392933164
M2757,cold_start,Macro,1904-07-01,1030.0,1053.6547602236726,1192.7899,1123.22233860793,1074.5250337389498
M2757,cold_start,Macro,1904-08-01,1020.0,1048.7396317657156,1192.7899,1120.7647743789516,1070.3471745496863
M2757,cold_start,Macro,1904-09-01,1040.0,1048.7396317657156,1185.6475,1117.193546351608,1069.275809193241
M2757,cold_start,Macro,1904-10-01,1060.0,1079.033037359689,1174.9338,1126.983437625157,1093.418163542845
M2757,cold_start,Macro,1904-11-01,1040.0,1079.033037359689,1207.0748,1143.0539332306257,1098.2393152762434
M2757,cold_start,Macro,1904-12-01,1030.0,1081.7491643091098,1174.9338,1128.3415010998674,1095.7268714498528
M2757,cold_start,Macro,1905-01-01,1050.0,1060.5186332725777,1192.7899,1126.6542751323827,1080.3593258305193
M2757,cold_start,Macro,1905-02-01,1010.0,1086.2234537632012,1174.9338,1130.578645826913,1099.5300174858305
M2757,cold_start,Macro,1905-03-01,960.0,1041.9696233043014,1203.5037,1122.7366427068382,1066.199738280336
M2757,cold_start,Macro,1905-04-01,1130.0,992.407359397067,1174.9338,1083.670598643846,1019.7863372746165
M2757,cold_start,Macro,1905-05-01,1170.0,1083.948165817646,1189.2188,1136.583457908823,1099.738753444999
M2757,cold_start,Macro,1905-06-01,1160.0,1139.7295433597774,1185.6475,1162.6885021486387,1146.6172340481937
M2757,cold_start,Macro,1905-07-01,1160.0,1134.8144149018203,1189.2188,1162.0165824509102,1142.9750651665472
M2757,cold_start,Macro,1905-08-01,1110.0,1134.8144149018203,1178.505,1156.6597098923164,1141.3680095024847
M2757,cold_start,Macro,1905-09-01,1090.0,1134.8144149018203,1203.5037,1169.1590385055977,1145.117811138227
M2757,cold_start,Macro,1905-10-01,1080.0,1134.8144149018203,1192.7899,1163.802165947004,1143.5107402153753
M27570,short,Industry,1912-02-01,3002.0,3149.5409685910204,3132.524,3141.032447186135,3146.9884243765864
M27570,short,Industry,1912-03-01,2975.0,3118.3131309507417,3116.377,3117.345042037871,3118.0227347944588
M27570,short,Industry,1912-04-01,2971.0,2945.755123319451,3108.3035,3027.029295058163,2970.137399255127
M27570,short,Industry,1912-05-01,2894.0,2915.6019409191995,3108.3035,3011.9527038580372,2944.5071942149134
M27570,short,Industry,1912-06-01,2868.0,2915.6019409191995,3108.3035,3011.9527038580372,2944.5071942149134
M27570,short,Industry,1912-07-01,2835.0,2830.1320021092415,3100.23,2965.1809912889958,2870.646717173715
M27570,short,Industry,1912-08-01,2836.0,2797.1230934424952,3108.3035,2952.713280119685,2843.800173859715
M27570,short,Industry,1912-09-01,2836.0,2797.1230934424952,3116.377,2956.7500232837474,2845.0112029124493
M27570,short,Industry,1912-10-01,2838.0,2850.9621098057773,3116.377,2983.669531465389,2890.7743668212393
M27570,short,Industry,1912-11-01,2820.0,2850.9621098057773,3124.4507,2987.706396699764,2891.9854263915518
M27570,short,Industry,1912-12-01,2822.0,2799.839220391916,3148.6711,2974.2551814850203,2852.1640270303947
M27570,short,Industry,1913-01-01,2820.0,2781.61020025803,3156.7446,2969.17741458214,2837.880388969326
M27570,short,Industry,1913-02-01,2750.0,2835.449216621312,3164.8184,3000.133787998156,2884.8546124484283
M27570,short,Industry,1913-03-01,2734.0,2743.9120235863666,3180.9653,2962.4386778088083,2809.470025956615
M27570,short,Industry,1913-04-01,2722.0,2743.9120235863666,3189.0388,2966.475420972871,2810.681055009349
M27570,short,Industry,1913-05-01,2704.0,2743.9120235863666,3172.8918,2958.401934644746,2808.2590274214585
M27570,short,Industry,1913-06-01,2699.0,2743.9120235863666,3180.9653,2962.4386778088083,2809.470025956615
M27570,short,Industry,1913-07-01,2677.0,2743.9120235863666,3197.1123,2970.5121641369333,2811.8920840620835
M2760,cold_start,Macro,1904-05-01,5281.97,5081.875469655628,5159.871,5120.873281702814,5093.574862097909
M2760,cold_start,Macro,1904-06-01,5347.04,5205.562527148746,5144.043,5174.802747949373,5196.334654424091
M2760,cold_start,Macro,1904-07-01,5456.03,5227.115071866699,5175.699,5201.407145308349,5219.402730520288
M2760,cold_start,Macro,1904-08-01,5499.17,5432.553611149854,5175.699,5304.1264149499275,5394.02548891097
M2760,cold_start,Macro,1904-09-01,5615.36,5432.553611149854,5191.5264,5312.0399891686775,5396.399573383626
M2760,cold_start,Macro,1904-10-01,5672.05,5569.000181822014,5207.3545,5388.177337004758,5514.753364997931
M2760,cold_start,Macro,1904-11-01,5738.62,5623.533937576383,5191.527,5407.530396522567,5558.732911881332
M2760,cold_start,Macro,1904-12-01,5851.78,5720.970409905952,5175.699,5448.334814327976,5639.179767853653
M2760,cold_start,Macro,1905-01-01,5885.12,5768.88135769121,5128.2153,5448.54834486123,5672.7815148773725
M2760,cold_start,Macro,1905-02-01,5929.59,5792.864996128198,5191.527,5492.1959257984745,5702.664311650376
M2760,cold_start,Macro,1905-03-01,6066.84,5795.454881370238,5207.3545,5501.404686778869,5707.239859613921
M2760,cold_start,Macro,1905-04-01,6117.37,5877.082297306884,5191.527,5534.304576387817,5774.249017652259
M2760,cold_start,Macro,1905-05-01,6331.95,5921.831940044842,5191.5264,5556.679153616171,5812.286152944366
M2760,cold_start,Macro,1905-06-01,6442.75,6161.614266468419,5175.6987,5668.656498468585,6013.726984896594
M2760,cold_start,Macro,1905-07-01,6602.04,6215.825744317754,5128.216,5672.020782315127,6052.684304545091
M2760,cold_start,Macro,1905-08-01,6548.2,6393.587672152259,5128.216,5760.901746232379,6203.781943204421
M2760,cold_start,Macro,1905-09-01,6496.42,6552.020460423082,5112.3877,5832.204077867791,6336.075545656496
M2760,cold_start,Macro,1905-10-01,6312.04,6552.020460423082,5096.56,5824.290259508416,6333.701400148683
M27710,cold_start,Industry,1905-02-01,1233.0,1295.0967368689228,1170.4729,1232.7848186297738,1276.403164448936
M27710,cold_start,Industry,1905-03-01,1246.0,1282.1336252614303,1161.5378,1221.8357335291525,1264.0442638452628
M27710,cold_start,Industry,1905-04-01,1313.0,1282.1336252614303,1166.0054,1224.06949817759,1264.7143993433097
M27710,cold_start,Industry,1905-05-01,1391.0,1333.6656844597842,1143.6681,1238.6668876400483,1305.1660484656213
M27710,cold_start,Industry,1905-06-01,1405.0,1338.5808129177412,1130.2657,1234.4232799940269,1307.3335621959004
M27710,cold_start,Industry,1905-07-01,1353.0,1406.4773309059954,1098.9937,1252.7354916248728,1360.35479132869
M27710,cold_start,Industry,1905-08-01,1296.0,1379.8977612511237,1098.9937,1239.4457067974367,1337.762157122049
M27710,cold_start,Industry,1905-09-01,1279.0,1315.4379571069956,1072.189,1193.813460975373,1278.9506174227822
M27710,cold_start,Industry,1905-10-01,1324.0,1266.2411468773869,1027.5143,1146.8777145519748,1230.4321263350369
M27710,cold_start,Industry,1905-11-01,1360.0,1335.616079479472,1023.0469,1179.3314772397362,1288.7306988075513
M27710,cold_start,Industry,1905-12-01,1360.0,1338.332206428893,991.77466,1165.053432316009,1286.3485802985435
M27710,cold_start,Industry,1906-01-01,1370.0,1404.6398743654784,906.89307,1155.766470385864,1329.97785927511
M27710,cold_start,Industry,1906-02-01,1319.0,1392.8608728586162,884.5558,1138.7083294957142,1316.615122056777
M27710,cold_start,Industry,1906-03-01,1272.0,1392.8608728586162,862.2185,1127.5396893589955,1313.264520860488
M27710,cold_start,Industry,1906-04-01,1240.0,1266.2411468773869,795.2067,1030.723936475803,1195.5859883345486
M27710,cold_start,Industry,1906-05-01,1222.0,1266.2411468773869,786.27185,1026.2564987316623,1194.2457554854275
M27710,cold_start,Industry,1906-06-01,1226.0,1266.2411468773869,781.8044,1024.022764600803,1193.5756352461697
M27710,cold_start,Industry,1906-07-01,1201.0,1250.6742938103198,746.0647,998.3694955379724,1174.9828558544946
M27829,medium,Industry,1919-01-01,5440.0,5090.437052875958,5256.051,5173.243917062979,5115.279148753159
M27829,medium,Industry,1919-02-01,4650.0,5322.859775518043,5289.5293,5306.194536196521,5317.860252549712
M27829,medium,Industry,1919-03-01,5900.0,4836.7528223381405,5523.875,5180.313911169071,4939.821197815545
M27829,medium,Industry,1919-04-01,5330.0,5630.186559559263,6059.5234,5844.854998529631,5694.587103457405
M27829,medium,Industry,1919-05-01,6450.0,5481.845134644379,6093.002,5787.42354388469,5573.518681830535
M27829,medium,Industry,1919-06-01,6700.0,6192.750357009054,6628.6504,6410.700373817027,6258.135410879571
M27829,medium,Industry,1919-07-01,6430.0,6142.57629126032,6595.1724,6368.874327270785,6210.465726477523
M27829,medium,Industry,1919-08-01,7090.0,6282.924692771008,6494.7383,6388.831487010504,6314.696743249889
M27829,medium,Industry,1919-09-01,6340.0,6648.176951247039,6461.26,6554.718358436019,6620.13943443889
M27829,medium,Industry,1919-10-01,7180.0,6399.869554017094,6260.3916,6330.130577789797,6378.947897769999
M27829,medium,Industry,1919-11-01,7280.0,6693.243195200448,5825.1772,6259.210220647099,6563.033327248507
M27829,medium,Industry,1919-12-01,7330.0,6940.063684908046,5858.6553,6399.359479172773,6777.852472015589
M27829,medium,Industry,1920-01-01,8200.0,6995.846742180098,6159.958,6577.902374996299,6870.46344423199
M27829,medium,Industry,1920-02-01,8270.0,7880.846612518766,6026.046,6953.446255478133,7602.62654202767
M27829,medium,Industry,1920-03-01,9330.0,7817.452112970509,5992.5674,6905.009747891505,7543.719427860871
M27829,medium,Industry,1920-04-01,9800.0,8762.491674049394,6126.4795,7444.485583118447,8367.089907805266
M27829,medium,Industry,1920-05-01,9920.0,9150.193628403742,6126.4795,7638.336560295621,8696.636569006463
M27829,medium,Industry,1920-06-01,10060.0,9544.49283379,6427.782,7986.13753017625,9076.986267119937
M27843,medium,Industry,1920-10-01,5686.0,5273.059017744444,5790.627,5531.842985434721,5350.694220258559
M27843,medium,Industry,1920-11-01,5710.0,5525.113020965825,5686.1035,5605.608268295413,5549.2616561998575
M27843,medium,Industry,1920-12-01,5900.0,5534.637648185071,5727.913,5631.275367061286,5563.629012676061
M27843,medium,Industry,1921-01-01,6002.0,5843.385317758674,5665.1987,5754.292024113713,5816.65736628628
M27843,medium,Industry,1921-02-01,5703.0,5785.35446301962,5184.3887,5484.87156744731,5695.20961876199
M27843,medium,Industry,1921-03-01,6437.0,5710.743749847953,5456.1504,5583.447070236476,5672.554794792635
M27843,medium,Industry,1921-04-01,5322.0,6134.962932112861,4954.4355,5544.699239493931,5957.8838365342135
M27843,medium,Industry,1921-05-01,6031.0,5414.071029171117,5017.15,5215.610465757433,5354.532884561075
M27843,medium,Industry,1921-06-01,5914.0,5901.1520074554865,4724.483,5312.817458805868,5724.651691688727
M27843,medium,Industry,1921-07-01,6090.0,5807.2519535965375,4724.483,5265.867431876393,5644.83664590862
M27843,medium,Industry,1921-08-01,6378.0,5877.082297306884,4933.531,5405.306529512817,5735.54961579679
M27843,medium,Industry,1921-09-01,6371.0,6275.953221752232,5247.1025,5761.527880407366,6121.625668176897
M27843,medium,Industry,1921-10-01,7116.0,6251.5124180193225,6083.295,6167.403669947162,6226.279818011737
M27843,medium,Industry,1921-11-01,6869.0,6748.315956513086,5853.3413,6300.828632553418,6614.069783739249
M27843,medium,Industry,1921-12-01,7097.0,6728.767482651902,5874.246,6301.506788200952,6600.589323144743
M27843,medium,Industry,1922-01-01,7661.0,6784.1366919590755,5978.77,6381.453355745163,6663.331739923027
M27843,medium,Industry,1922-02-01,7038.0,7423.544875165852,5477.0557,6450.300269614176,7131.571554535506
M27843,medium,Industry,1922-03-01,7745.0,7025.622654249834,5602.4844,6314.053514624917,6812.151936776422
M27897,short,Industry,1910-01-01,2101.0,2386.41664451635,2348.9888,2367.7027070238,2380.8024754756166
M27897,short,Industry,1910-02-01,2381.0,2161.973631269653,2292.1582,2227.0659171973266,2181.501317047955
M27897,short,Industry,1910-03-01,2482.0,2311.3743818147295,2355.3032,2333.3388022354898,2317.963726251505
M27897,short,Industry,1910-04-01,2363.0,2497.6256562150643,2380.561,2439.0933456856574,2480.0659752632737
M27897,short,Industry,1910-05-01,2362.0,2393.777740994365,2330.0452,2361.911453504995,2384.217854747554
M27897,short,Industry,1910-06-01,2705.0,2393.777740994365,2418.4478,2406.1127474503073,2397.478261241695
M27897,short,Industry,1910-07-01,2201.0,2584.8692581621904,2374.2466,2479.5579200967204,2553.275862846065
M27897,short,Industry,1910-08-01,2421.0,2368.6473455428736,2386.8755,2377.7614169120616,2371.3815852641774
M27897,short,Industry,1910-09-01,2638.0,2398.0303535791772,2380.561,2389.2956943677136,2395.4099680227696
M27897,short,Industry,1910-10-01,2470.0,2525.893610825692,2513.1655,2519.529569084721,2523.9844227174635
M27897,short,Industry,1910-11-01,2368.0,2570.705863493773,2431.077,2500.891383895324,2549.761544028301
M27897,short,Industry,1910-12-01,2430.0,2460.4007941876966,2367.9321,2414.1664615469736,2446.5304943954798
M27897,short,Industry,1911-01-01,2309.0,2386.41664451635,2348.9888,2367.7027070238,2380.8024754756166
M27897,short,Industry,1911-02-01,2642.0,2393.777740994365,2393.19,2393.4838412003073,2393.6895954702104
M27897,short,Industry,1911-03-01,2648.0,2594.7212055195887,2342.6743,2468.6977609629193,2556.9141782561037
M27897,short,Industry,1911-04-01,2466.0,2594.7212055195887,2279.5293,2437.1252511972943,2547.4424375334474
M27897,short,Industry,1911-05-01,2522.0,2570.705863493773,2399.5044,2485.1051290125115,2545.025643149395
M27897,short,Industry,1911-06-01,2720.0,2570.705863493773,2386.8755,2478.7906758875115,2543.131325522442
M28099,medium,Industry,1914-02-01,10080.0,10022.169817418175,10033.177,10027.673287615336,10023.82090730545
M28099,medium,Industry,1914-03-01,10070.0,10022.169817418175,10033.177,10027.673287615336,10023.82090730545
M28099,medium,Industry,1914-04-01,10160.0,9957.787657587596,10033.177,9995.482207700048,9969.096071449458
M28099,medium,Industry,1914-05-01,10040.0,10106.7561763405,10033.177,10069.9664670765,10095.719312389425
M28099,medium,Industry,1914-06-01,10160.0,10008.122486808563,10033.177,10020.649622310531,10011.88067628728
M28099,medium,Industry,1914-07-01,10180.0,10138.073401597465,10100.514,10119.293536736233,10132.439539795347
M28099,medium,Industry,1914-08-01,10280.0,10183.493102360475,10100.514,10142.003387117737,10171.046285443905
M28099,medium,Industry,1914-09-01,10220.0,10226.84041721457,10100.514,10163.677044544784,10207.891503069884
M28099,medium,Industry,1914-10-01,10300.0,10232.638564431008,10066.846,10149.742133778003,10207.769635235109
M28099,medium,Industry,1914-11-01,10150.0,10221.925288756613,10100.514,10161.219480315805,10203.713643880621
M28099,medium,Industry,1914-12-01,10020.0,10174.809301357793,10167.851,10171.329943647646,10173.765518458813
M28099,medium,Industry,1915-01-01,10120.0,10233.017618228572,10134.182,10183.599629426786,10218.192294830225
M28099,medium,Industry,1915-02-01,10210.0,10048.571914217184,10100.514,10074.542793046092,10056.363275522108
M28099,medium,Industry,1915-03-01,9950.0,10181.42071645156,10167.851,10174.63565119453,10179.385221288514
M28099,medium,Industry,1915-04-01,9840.0,10093.991614980194,10167.851,10130.921100458847,10105.070485037853
M28099,medium,Industry,1915-05-01,10000.0,9884.778449797648,10201.519,10043.148502242573,9932.289465531127
M28099,medium,Industry,1915-06-01,10050.0,10034.480580198106,10201.519,10117.999567442803,10059.536276371515
M28099,medium,Industry,1915-07-01,10010.0,10048.571914217184,10268.855,10158.713691483592,10081.614496225233
M28181,short,Industry,1913-02-01,9555.0,9563.164339331624,9490.901,9527.032853259563,9552.324942338131
M28181,short,Industry,1913-03-01,9560.0,9690.325530397682,9471.844,9581.084640198842,9657.553312166156
M28181,short,Industry,1913-04-01,9638.0,9645.034218413746,9471.844,9558.438984206874,9619.05569697981
M28181,short,Industry,1913-05-01,9663.0,9706.264241810537,9471.844,9589.05399590527,9671.101216867082
M28181,short,Industry,1913-06-01,9640.0,9665.888058284558,9433.727,9549.80731039228,9631.063931573124
M28181,short,Industry,1913-07-01,9621.0,9660.972929826601,9357.494,9509.233535225801,9615.451135860425
M28181,short,Industry,1913-08-01,9699.0,9706.264241810537,9376.553,9541.40848809277,9656.807515695207
M28181,short,Industry,1913-09-01,9734.0,9706.264241810537,9433.727,9569.99540215527,9665.383687570207
M28181,short,Industry,1913-10-01,9755.0,9711.179370268494,9433.727,9572.452966384248,9669.56154675947
M28181,short,Industry,1913-11-01,9825.0,9706.264241810537,9395.611,9550.93778496777,9659.666402413957
M28181,short,Industry,1913-12-01,9819.0,9707.647844445246,9224.088,9465.867867535122,9635.11394902846
M28181,short,Industry,1914-01-01,9671.0,9505.383413309402,9205.031,9355.207331654701,9460.330662055181
M28181,short,Industry,1914-02-01,9791.0,9711.179370268494,9185.973,9448.576013259248,9632.39846082197
M28181,short,Industry,1914-03-01,9819.0,9731.96004958028,9185.973,9458.96635291514,9650.062038236989
M28181,short,Industry,1914-04-01,9909.0,9791.427080952903,9147.856,9469.641763132702,9694.891485606842
M28181,short,Industry,1914-05-01,9966.0,9916.300039092723,9185.973,9551.136347671361,9806.751029322566
M28181,short,Industry,1914-06-01,9996.0,10008.078483399097,9147.856,9577.9674643558,9879.045177686108
M28181,short,Industry,1914-07-01,10015.0,9996.474009648431,9128.799,9562.636418886716,9866.322732419918
M2839,short,Macro,1912-01-01,1416.1,1535.348014548752,1492.7622,1514.055110790001,1528.9601495246425
M2839,short,Macro,1912-02-01,1292.1,1442.1984443751762,1492.7622,1467.480325703213,1449.7830148771031
M2839,short,Macro,1912-03-01,1353.7,1372.823511773091,1517.4359,1445.1297124295143,1394.5153872288072
M2839,short,Macro,1912-04-01,1424.7,1442.1984443751762,1517.4359,1479.8171787305569,1453.4840799405797
M2839,short,Macro,1912-05-01,1371.4,1424.3555709714449,1529.7728,1477.064199059941,1440.1681624497517
M2839,short,Macro,1912-06-01,1362.8,1437.2833159172192,1480.4253,1458.8543044429846,1443.7546155267066
M2839,short,Macro,1912-07-01,1417.5,1437.2833159172192,1480.4253,1458.8543044429846,1443.7546155267066
M2839,short,Macro,1912-08-01,1456.4,1419.4404425134878,1517.4359,1468.4381777997128,1434.1397783581444
M2839,short,Macro,1912-09-01,1419.2,1465.3277177418545,1505.0991,1485.2134194178022,1471.2934373999124
M2839,short,Macro,1912-10-01,1464.3,1472.766609355566,1529.7727,1501.2696572168456,1481.3175298174656
M2839,short,Macro,1912-11-01,1483.6,1474.2314415253297,1566.7834,1520.5074443954773,1488.1142576451632
M2839,short,Macro,1912-12-01,1573.5,1503.5271381296222,1554.4465,1528.9868356663737,1511.1650595976791
M2839,short,Macro,1913-01-01,1442.6,1521.4390257407879,1517.4359,1519.4374694133626,1520.8385741013494
M2839,short,Macro,1913-02-01,1525.0,1534.4458461942847,1505.099,1519.7724226088612,1530.043831325689
M2839,short,Macro,1913-03-01,1525.8,1509.6600242339257,1505.0991,1507.3795726638377,1508.975897918173
M2839,short,Macro,1913-04-01,1578.6,1531.3244654308403,1492.7622,1512.043336231045,1525.5401327744175
M2839,short,Macro,1913-05-01,1475.3,1504.7448957759686,1492.7622,1498.7535514036094,1502.9474985677766
M2839,short,Macro,1913-06-01,1637.5,1534.4458461942847,1505.099,1519.7724226088612,1530.043831325689
M28664,medium,Industry,1918-01-01,936.8,1146.5934164086825,985.5234,1066.0583964367631,1122.4329104171068
M28664,medium,Industry,1918-02-01,906.1,976.6303695044821,911.60913,944.1197501819286,966.8771928629895
M28664,medium,Industry,1918-03-01,1066.1,990.1320714515117,1034.7996,1012.4658159991934,996.832200919332
M28664,medium,Industry,1918-04-01,1073.2,1083.948165817646,1084.0757,1084.011924705698,1083.9672995875771
M28664,medium,Industry,1918-05-01,1075.2,1083.948165817646,1075.863,1079.9056014635105,1082.7353965114053
M28664,medium,Industry,1918-06-01,1067.8,1079.033037359689,1075.863,1077.448037234532,1078.5575373221418
M28664,medium,Industry,1918-07-01,955.2,1079.033037359689,977.31067,1028.1718531525007,1063.7746851492902
M28664,medium,Industry,1918-08-01,914.8,976.6303695044821,911.60913,944.1197501819286,966.8771928629895
M28664,medium,Industry,1918-09-01,1040.2,990.1320714515117,1030.6931,1010.4125933429434,996.216234122457
M28664,medium,Industry,1918-10-01,1070.4,1083.948165817646,1075.863,1079.9056014635105,1082.7353965114053
M28664,medium,Industry,1918-11-01,1075.5,1083.948165817646,1075.863,1079.9056014635105,1082.7353965114053
M28664,medium,Industry,1918-12-01,1059.0,1081.7491643091098,1067.6503,1074.6997164318987,1079.6343421529778
M28664,medium,Industry,1919-01-01,918.5,1077.3103369195214,981.417,1029.3636645535107,1062.926341313234
M28664,medium,Industry,1919-02-01,884.9,976.6303695044821,903.3964,940.0133964221629,965.6452897868177
M28664,medium,Industry,1919-03-01,1042.3,990.1320714515117,1026.5868,1008.3594317218497,995.600282584371
M28664,medium,Industry,1919-04-01,1048.5,1083.948165817646,1071.7566,1077.8523788072605,1082.1194297145303
M28664,medium,Industry,1919-05-01,1050.2,1083.948165817646,1079.9694,1081.9587630846042,1083.3513480494912
M28664,medium,Industry,1919-06-01,1034.8,1079.033037359689,1075.863,1077.448037234532,1078.5575373221418
M28787,medium,Industry,1918-01-01,1035.0,1090.8120388665511,1053.1511,1071.981580956713,1085.1629045453576
M28787,medium,Industry,1918-02-01,1045.6,1048.7396317657156,1044.589,1046.6643105117641,1048.1170414930457
M28787,medium,Industry,1918-03-01,1037.1,1079.033037359689,1053.1511,1066.092080203282,1075.1507532645246
M28787,medium,Industry,1918-04-01,1029.7,1079.033037359689,1053.1511,1066.092080203282,1075.1507532645246
M28787,medium,Industry,1918-05-01,1036.7,1048.7396317657156,1048.8701,1048.804874476608,1048.759207630741
M28787,medium,Industry,1918-06-01,1028.2,1048.7396317657156,1044.589,1046.6643105117641,1048.1170414930457
M28787,medium,Industry,1918-07-01,1020.7,1048.7396317657156,1048.8701,1048.804874476608,1048.759207630741
M28787,medium,Industry,1918-08-01,1017.3,1048.7396317657156,1048.8701,1048.804874476608,1048.759207630741
M28787,medium,Industry,1918-09-01,1005.2,1034.7792069007892,1048.8701,1041.8246620441446,1036.8928464955538
M28787,medium,Industry,1918-10-01,1009.5,1034.7792069007892,1053.1511,1043.965164973832,1037.53499737446
M28787,medium,Industry,1918-11-01,1016.1,1034.7792069007892,1040.3079,1037.543534114457,1035.6085142201632
M28787,medium,Industry,1918-12-01,1008.4,1037.49533385021,1044.589,1041.0421615540113,1038.5593882648661
M28787,medium,Industry,1919-01-01,994.6,1046.5582084076514,1053.1511,1049.8546657272632,1047.5471486552929
M28787,medium,Industry,1919-02-01,1007.6,1034.7792069007892,1053.1511,1043.965164973832,1037.53499737446
M28787,medium,Industry,1919-03-01,1005.7,1034.7792069007892,1053.1511,1043.965164973832,1037.53499737446
M28787,medium,Industry,1919-04-01,1014.6,1034.7792069007892,1048.8701,1041.8246620441446,1036.8928464955538
M28787,medium,Industry,1919-05-01,1017.0,1034.7792069007892,1061.7134,1048.2462929035196,1038.8193449086398
M28787,medium,Industry,1919-06-01,997.4,1034.7792069007892,1053.1511,1043.965164973832,1037.53499737446
M28858,medium,Industry,1918-01-01,996.0,1046.5582084076514,989.67444,1018.1163234421069,1038.0256490215038
M28858,medium,Industry,1918-02-01,1008.0,1034.7792069007892,1005.2598,1020.0195167804727,1030.3513120717257
M28858,medium,Industry,1918-03-01,1015.0,1034.7792069007892,1013.05255,1023.9158790851602,1031.5202116078585
M28858,medium,Industry,1918-04-01,1013.0,1034.7792069007892,1013.05255,1023.9158790851602,1031.5202116078585
M28858,medium,Industry,1918-05-01,1015.0,1034.7792069007892,1016.9489,1025.864060237504,1032.1046690053195
M28858,medium,Industry,1918-06-01,1015.0,1034.7792069007892,1013.05255,1023.9158790851602,1031.5202116078585
M28858,medium,Industry,1918-07-01,997.0,1034.7792069007892,997.4671,1016.1231544757852,1029.1823972768038
M28858,medium,Industry,1918-08-01,1005.0,1034.7792069007892,1009.1562,1021.9676979328165,1030.9357542103976
M28858,medium,Industry,1918-09-01,1013.0,1034.7792069007892,1020.8453,1027.8122413898477,1032.6891264027804
M28858,medium,Industry,1918-10-01,1013.0,1034.7792069007892,1020.8453,1027.8122413898477,1032.6891264027804
M28858,medium,Industry,1918-11-01,1012.0,1034.7792069007892,1024.7417,1029.7604530597696,1033.2735838002413
M28858,medium,Industry,1918-12-01,1011.0,1150.9138404625132,1020.8453,1085.8795581707097,1131.4035649302457
M28858,medium,Industry,1919-01-01,995.0,1046.5582084076514,997.4671,1022.0126552292163,1039.1945485576366
M28858,medium,Industry,1919-02-01,1001.0,1034.7792069007892,1013.05255,1023.9158790851602,1031.5202116078585
M28858,medium,Industry,1919-03-01,1004.0,1034.7792069007892,1020.8453,1027.8122413898477,1032.6891264027804
M28858,medium,Industry,1919-04-01,1002.0,1034.7792069007892,1020.8453,1027.8122413898477,1032.6891264027804
M28858,medium,Industry,1919-05-01,1002.0,1034.7792069007892,1024.7417,1029.7604530597696,1033.2735838002413
M28858,medium,Industry,1919-06-01,1000.0,1034.7792069007892,1020.8453,1027.8122413898477,1032.6891264027804
M28963,medium,Industry,1918-01-01,11612.0,11344.963442258733,11699.571,11522.267365660617,11398.154716935549
M28963,medium,Industry,1918-02-01,11611.0,11738.305520112819,11699.571,11718.93840458766,11732.495483111523
M28963,medium,Industry,1918-03-01,11562.0,11792.049072830838,11846.551,11819.299927040418,11800.224377921839
M28963,medium,Industry,1918-04-01,11609.0,11820.510752354327,11875.947,11848.229008989663,11828.82635141524
M28963,medium,Industry,1918-05-01,11626.0,11820.510752354327,11846.551,11833.530766802163,11824.416805516803
M28963,medium,Industry,1918-06-01,11693.0,11820.510752354327,11846.551,11833.530766802163,11824.416805516803
M28963,medium,Industry,1918-07-01,11731.0,11800.675524521497,11875.947,11838.311395073248,11811.966407757336
M28963,medium,Industry,1918-08-01,11602.0,11814.68953577978,11787.76,11801.22465070239,11810.650167912814
M28963,medium,Industry,1918-09-01,11581.0,11814.68953577978,11523.196,11668.94291242114,11770.965597600314
M28963,medium,Industry,1918-10-01,11302.0,11805.590652979454,11464.404,11634.997474927226,11754.4128216341
M28963,medium,Industry,1918-11-01,10994.0,11526.180771442023,11611.385,11568.78276853351,11538.961419397596
M28963,medium,Industry,1918-12-01,10319.0,11299.4033725246,11493.801,11396.6020768873,11328.563057075598
M28963,medium,Industry,1919-01-01,9627.0,10590.874207844487,11493.801,11042.337494547242,10726.313267097503
M28963,medium,Industry,1919-02-01,9898.0,10174.121199745028,11581.988,10878.054740497515,10385.301359627025
M28963,medium,Industry,1919-03-01,10277.0,10329.095157931011,11493.8,10911.447481309257,10503.800952600735
M28963,medium,Industry,1919-04-01,10365.0,10499.647667878533,11581.988,11040.817974564266,10661.998857540504
M28963,medium,Industry,1919-05-01,10596.0,10734.987221215155,11728.968,11231.977497326327,10884.084352876633
M28963,medium,Industry,1919-06-01,10589.0,10991.748302985474,11728.968,11360.358038211487,11102.331272381403
M29167,long_history,Industry,1924-01-01,8950.0,9103.560586654508,9027.633,9065.596699577254,9092.171518187582
M29167,long_history,Industry,1924-02-01,9010.0,8976.535325220433,9075.908,9026.221764172717,8991.441256906119
M29167,long_history,Industry,1924-03-01,9020.0,9119.260429822,9075.908,9097.5843164735,9112.75759581745
M29167,long_history,Industry,1924-04-01,9090.0,9131.747086985091,9124.185,9127.965828648796,9130.612709484203
M29167,long_history,Industry,1924-05-01,9070.0,9131.747086985091,9124.185,9127.965828648796,9130.612709484203
M29167,long_history,Industry,1924-06-01,9100.0,9131.747086985091,9172.461,9152.104012242546,9137.854164562328
M29167,long_history,Industry,1924-07-01,9060.0,9131.747086985091,9220.736,9176.241707555046,9145.09549757014
M29167,long_history,Industry,1924-08-01,9120.0,9131.747086985091,9220.736,9176.241707555046,9145.09549757014
M29167,long_history,Industry,1924-09-01,9030.0,9131.747086985091,9220.736,9176.241707555046,9145.09549757014
M29167,long_history,Industry,1924-10-01,9130.0,9131.747086985091,9220.736,9176.241707555046,9145.09549757014
M29167,long_history,Industry,1924-11-01,9190.0,9136.662215443048,9244.875,9190.768607721524,9152.89420636878
M29167,long_history,Industry,1924-12-01,9130.0,9202.10278963971,9244.875,9223.488894819855,9208.518694435941
M29167,long_history,Industry,1925-01-01,9130.0,9130.758350374297,9244.875,9187.816675187149,9147.875921060342
M29167,long_history,Industry,1925-02-01,9200.0,9131.747086985091,9269.013,9200.379891148796,9152.336952648266
M29167,long_history,Industry,1925-03-01,9180.0,9195.804058547044,9317.289,9256.546560523522,9214.026833554051
M29167,long_history,Industry,1925-04-01,9350.0,9131.747086985091,9365.565,9248.656258336296,9166.819862804516
M29167,long_history,Industry,1925-05-01,9300.0,9293.074650495144,9269.013,9281.043672903823,9289.46538163181
M29167,long_history,Industry,1925-06-01,9290.0,9293.074650495144,9317.289,9305.181856497573,9296.706836709935
M29285,long_history,Industry,1924-01-01,2001.0,2063.3540132478092,2006.8873,2035.1206711746859,2054.8840228329036
M29285,long_history,Industry,1924-02-01,1989.0,2058.0653407693753,1994.6875,2026.3764203846877,2048.558664653969
M29285,long_history,Industry,1924-03-01,2082.0,2030.2487560482675,2019.0873,2024.6680181608526,2028.5745407855588
M29285,long_history,Industry,1924-04-01,2076.0,2018.04815550442,2037.3871,2027.7176202326787,2020.9489949228978
M29285,long_history,Industry,1924-05-01,2123.0,2079.76817901369,2049.5872,2064.6776686084077,2075.2410319956207
M29285,long_history,Industry,1924-06-01,2134.0,2074.8530505557333,2061.7869,2068.3199578950544,2072.8931288610456
M29285,long_history,Industry,1924-07-01,2134.0,2074.8530505557333,2061.7869,2068.3199578950544,2072.8931288610456
M29285,long_history,Industry,1924-08-01,2171.0,2074.8530505557333,2080.087,2077.469982309117,2075.6381544958112
M29285,long_history,Industry,1924-09-01,2183.0,2180.497620094739,2073.9868,2127.2422182504943,2164.520999541466
M29285,long_history,Industry,1924-10-01,2159.0,2218.0523420400505,2067.8867,2142.9695303950252,2195.5275046500587
M29285,long_history,Industry,1924-11-01,2174.0,2149.4297384696065,2073.9868,2111.7082774379282,2138.113300160103
M29285,long_history,Industry,1924-12-01,2175.0,2220.7684689894713,2073.9868,2147.3776426978607,2198.7512211019884
M29285,long_history,Industry,1925-01-01,2100.0,2192.2766216016007,2031.2871,2111.7818654883004,2168.1282130781574
M29285,long_history,Industry,1925-02-01,2118.0,2074.8530505557333,2025.1873,2050.0201532075544,2067.403199661827
M29285,long_history,Industry,1925-03-01,2138.0,2112.4077725010447,2043.487,2077.94741652396,2102.0696779149507
M29285,long_history,Industry,1925-04-01,2115.0,2112.4077725010447,2055.687,2084.0473921098974,2103.8996644872163
M29285,long_history,Industry,1925-05-01,2183.0,2112.4077725010447,2073.9868,2093.1972944536474,2106.6446290868257
M29285,long_history,Industry,1925-06-01,2207.0,2218.0523420400505,2073.9868,2146.0195792231502,2196.4425131949806
M29353,cold_start,Industry,1904-02-01,8110.3,8010.570853492843,7980.299,7995.434840808921,8006.030147343917
M29353,cold_start,Industry,1904-03-01,8058.3,8223.218532155928,8014.5493,8118.883924281089,8191.9182474497275
M29353,cold_start,Industry,1904-04-01,8016.8,8038.222306871517,8014.5493,8026.385811638884,8034.671455957978
M29353,cold_start,Industry,1904-05-01,8079.7,8038.222306871517,7980.299,8009.260567498259,8029.53388271579
M29353,cold_start,Industry,1904-06-01,8048.0,8167.498982247809,7946.049,8056.773905186405,8134.281483543451
M29353,cold_start,Industry,1904-07-01,7850.4,8038.222306871517,7946.049,7992.135567498259,8024.396309473603
M29353,cold_start,Industry,1904-08-01,7808.5,7954.336904044378,7946.049,7950.192866084689,7953.093717070534
M29353,cold_start,Industry,1904-09-01,7629.1,7954.336904044378,7911.799,7933.067866084689,7947.956265898659
M29353,cold_start,Industry,1904-10-01,7650.0,7914.7295338129325,7809.048,7861.888692687717,7898.877281475368
M29353,cold_start,Industry,1904-11-01,7673.4,7922.863262505048,7774.7974,7848.830312893149,7900.653377621479
M29353,cold_start,Industry,1904-12-01,7534.8,7876.503437125926,7809.048,7842.775644344213,7866.385099291413
M29353,cold_start,Industry,1905-01-01,7553.4,7470.909723703428,7911.799,7691.354275914215,7537.043162608852
M29353,cold_start,Industry,1905-02-01,7356.9,7612.097133678849,7911.799,7761.947980901925,7657.052461087959
M29353,cold_start,Industry,1905-03-01,7437.3,7634.461086615502,7911.799,7773.129957370251,7676.061821084115
M29353,cold_start,Industry,1905-04-01,7572.6,7634.461086615502,7911.799,7773.129957370251,7676.061821084115
M29353,cold_start,Industry,1905-05-01,7526.6,7634.461086615502,7946.049,7790.254957370251,7681.19927225599
M29353,cold_start,Industry,1905-06-01,7412.1,7626.327357923386,8014.5493,7820.438337164818,7684.5607493520665
M29353,cold_start,Industry,1905-07-01,7453.8,7581.471696220805,7911.799,7746.635262172902,7631.020839248622
M29421,long_history,Industry,1924-01-01,3737.0,3826.7834694641356,3838.7358,3832.7596546539426,3828.5763738492033
M29421,long_history,Industry,1924-02-01,3794.0,3755.1158782024427,3822.2607,3788.6883101949716,3765.1876078002015
M29421,long_history,Industry,1924-03-01,3831.0,3791.816483538635,3822.2607,3807.0386128630676,3796.3831223359653
M29421,long_history,Industry,1924-04-01,3876.0,3791.816483538635,3822.2607,3807.0386128630676,3796.3831223359653
M29421,long_history,Industry,1924-05-01,3939.0,3909.5011958876134,3855.2112,3882.356188764119,3901.3576937505654
M29421,long_history,Industry,1924-06-01,3987.0,3914.41632434557,3904.6367,3909.526521547785,3912.9494323343597
M29421,long_history,Industry,1924-07-01,4015.0,3914.41632434557,3888.1616,3901.28897271966,3910.478118857797
M29421,long_history,Industry,1924-08-01,4058.0,4028.4313561731415,3921.112,3974.7717083600082,4012.333461829202
M29421,long_history,Industry,1924-09-01,4079.0,4028.4313561731415,3954.0625,3991.2469280865707,4017.2760277471707
M29421,long_history,Industry,1924-10-01,4113.0,4028.4313561731415,3987.0132,4007.7222698834457,4022.2186547002957
M29421,long_history,Industry,1924-11-01,4121.0,4121.581496603752,4003.4885,4062.5350109971887,4103.867587542878
M29421,long_history,Industry,1924-12-01,4127.0,4124.297623553173,3987.0132,4055.6554035734616,4103.704981973322
M29421,long_history,Industry,1925-01-01,4071.0,4339.519558363219,3987.0132,4163.266370978485,4286.643626561861
M29421,long_history,Industry,1925-02-01,4124.0,4280.895017715949,3954.0625,4117.478758857975,4231.870140058557
M29421,long_history,Industry,1925-03-01,4166.0,4352.853147976324,3970.5378,4161.6954948866,4295.505864256438
M29421,long_history,Industry,1925-04-01,4206.0,4387.489741848111,3970.5378,4179.013791822494,4324.946969047458
M29421,long_history,Industry,1925-05-01,4258.0,4450.99504920525,3987.0132,4219.0041163995,4381.397793777588
M29421,long_history,Industry,1925-06-01,4313.0,4450.99504920525,4003.4885,4227.241787297938,4383.869107254151
M29519,long_history,Industry,1924-01-01,1223.0,1278.020148384249,1236.0,1257.0100741921246,1271.7171352818852
M29519,long_history,Industry,1924-02-01,1212.0,1266.2411468773869,1230.2244,1248.232756055881,1260.838635734451
M29519,long_history,Industry,1924-03-01,1229.0,1266.2411468773869,1230.2244,1248.232756055881,1260.838635734451
M29519,long_history,Industry,1924-04-01,1259.0,1250.6742938103198,1247.5513,1249.112781670785,1250.2058401684594
M29519,long_history,Industry,1924-05-01,1274.0,1250.6742938103198,1259.1027,1254.8884774715661,1251.9385519604516
M29519,long_history,Industry,1924-06-01,1288.0,1250.6742938103198,1264.8784,1257.776355889535,1252.8049154858422
M29519,long_history,Industry,1924-07-01,1291.0,1253.2780352698944,1270.654,1261.9660440021348,1255.8844439930822
M29519,long_history,Industry,1924-08-01,1295.0,1253.2780352698944,1270.654,1261.9660440021348,1255.8844439930822
M29519,long_history,Industry,1924-09-01,1288.0,1253.2780352698944,1270.654,1261.9660440021348,1255.8844439930822
M29519,long_history,Industry,1924-10-01,1282.0,1266.2411468773869,1270.654,1268.447599805881,1266.903088859451
M29519,long_history,Industry,1924-11-01,1280.0,1266.2411468773869,1270.654,1268.447599805881,1266.903088859451
M29519,long_history,Industry,1924-12-01,1273.0,1268.9572738268078,1259.1027,1264.0299674798102,1267.4790849744663
M29519,long_history,Industry,1925-01-01,1235.0,1278.020148384249,1236.0,1257.0100741921246,1271.7171352818852
M29519,long_history,Industry,1925-02-01,1228.0,1266.2411468773869,1212.8972,1239.569181837131,1258.239560417068
M29519,long_history,Industry,1925-03-01,1238.0,1266.2411468773869,1224.4486,1245.3448776379123,1259.9722722090603
M29519,long_history,Industry,1925-04-01,1267.0,1250.6742938103198,1236.0,1243.33714690516,1248.4731588940454
M29519,long_history,Industry,1925-05-01,1283.0,1250.6742938103198,1253.3269,1252.0005990535974,1251.072188435061
M29519,long_history,Industry,1925-06-01,1301.0,1250.6742938103198,1264.8784,1257.776355889535,1252.8049154858422
M29571,long_history,Industry,1924-01-01,1808.0,1813.5848933198224,1816.0056,1814.7952542770986,1813.948007710521
M29571,long_history,Industry,1924-02-01,1866.0,1801.8058918129602,1825.271,1813.538443953355,1805.325657455079
M29571,long_history,Industry,1924-03-01,1877.0,1801.8058918129602,1825.271,1813.538443953355,1805.325657455079
M29571,long_history,Industry,1924-04-01,1816.0,1894.9394880650716,1834.5363,1864.737871473942,1885.8790152947643
M29571,long_history,Industry,1924-05-01,1857.0,1819.266066015362,1825.271,1822.268531054556,1820.1668055271202
M29571,long_history,Industry,1924-06-01,1931.0,1812.5440017780875,1816.0056,1814.2748085062312,1813.0632499000465
M29571,long_history,Industry,1924-07-01,1882.0,1899.8546165230287,1769.679,1834.7667858005768,1880.3282673062934
M29571,long_history,Industry,1924-08-01,1914.0,1912.3996622674736,1825.271,1868.8353291806118,1899.3303623414151
M29571,long_history,Industry,1924-09-01,1873.0,1923.1377722326008,1825.271,1874.2043841631753,1908.4577558117733
M29571,long_history,Industry,1924-10-01,1904.0,1923.1377722326008,1825.271,1874.2043841631753,1908.4577558117733
M29571,long_history,Industry,1924-11-01,1942.0,1923.1377722326008,1825.271,1874.2043841631753,1908.4577558117733
M29571,long_history,Industry,1924-12-01,1968.0,1998.6207150023288,1806.7402,1902.6804746886644,1969.838655115261
M29571,long_history,Industry,1925-01-01,1939.0,2007.68358955977,1816.0056,1911.8446023970725,1978.9318995144765
M29571,long_history,Industry,1925-02-01,1946.0,1923.1377722326008,1825.271,1874.2043841631753,1908.4577558117733
M29571,long_history,Industry,1925-03-01,1937.0,2006.6426980180352,1834.5363,1920.5894764504237,1980.8267437547831
M29571,long_history,Industry,1925-04-01,1942.0,1912.3996622674736,1834.5363,1873.467958575143,1900.7201633668058
M29571,long_history,Industry,1925-05-01,1971.0,2006.6426980180352,1825.271,1915.9568470558925,1979.4369427293925
M29571,long_history,Industry,1925-06-01,1987.0,2013.133027046463,1806.7402,1909.9366307107316,1982.174120352775
M29643,long_history,Industry,1924-01-01,2310.0,2274.482073857564,2276.8274,2275.6547332178443,2274.833871665648
M29643,long_history,Industry,1924-02-01,2310.0,2388.8626125364085,2276.8274,2332.8450025572665,2372.057329542666
M29643,long_history,Industry,1924-03-01,2320.0,2388.8626125364085,2276.8274,2332.8450025572665,2372.057329542666
M29643,long_history,Industry,1924-04-01,2330.0,2388.8626125364085,2276.8274,2332.8450025572665,2372.057329542666
M29643,long_history,Industry,1924-05-01,2340.0,2388.8626125364085,2284.6248,2336.7436841978915,2373.226946241885
M29643,long_history,Industry,1924-06-01,2380.0,2388.8626125364085,2292.422,2340.6423658385165,2374.3965629411036
M29643,long_history,Industry,1924-07-01,2390.0,2388.8626125364085,2300.2195,2344.5410474791415,2375.5661491227443
M29643,long_history,Industry,1924-08-01,2380.0,2388.8626125364085,2276.8274,2332.8450025572665,2372.057329542666
M29643,long_history,Industry,1924-09-01,2370.0,2388.8626125364085,2292.422,2340.6423658385165,2374.3965629411036
M29643,long_history,Industry,1924-10-01,2370.0,2388.8626125364085,2284.6248,2336.7436841978915,2373.226946241885
M29643,long_history,Industry,1924-11-01,2370.0,2388.8626125364085,2276.8274,2332.8450025572665,2372.057329542666
M29643,long_history,Industry,1924-12-01,2380.0,2558.8362624614147,2284.6248,2421.730509160395,2517.7045486781403
M29643,long_history,Industry,1925-01-01,2380.0,2381.5015160583935,2284.6248,2333.0631359588842,2366.9700142355723
M29643,long_history,Industry,1925-02-01,2380.0,2388.8626125364085,2292.422,2340.6423658385165,2374.3965629411036
M29643,long_history,Industry,1925-03-01,2370.0,2442.7016288996906,2284.6248,2363.663192379533,2418.990110150675
M29643,long_history,Industry,1925-04-01,2370.0,2388.8626125364085,2292.422,2340.6423658385165,2374.3965629411036
M29643,long_history,Industry,1925-05-01,2380.0,2388.8626125364085,2292.422,2340.6423658385165,2374.3965629411036
M29643,long_history,Industry,1925-06-01,2420.0,2388.8626125364085,2292.422,2340.6423658385165,2374.3965629411036
M29666,long_history,Industry,1924-01-01,5493.0,5457.293902065294,5573.1626,5515.228249860772,5474.6742430250315
M29666,long_history,Industry,1924-02-01,5586.0,5481.277540502282,5573.1626,5527.220069079266,5495.060335696471
M29666,long_history,Industry,1924-03-01,5603.0,5553.367281251093,5520.586,5536.976609375546,5548.450140723586
M29666,long_history,Industry,1924-04-01,5619.0,5558.28240970905,5573.1626,5565.722503682649,5560.514474522224
M29666,long_history,Industry,1924-05-01,5706.0,5625.229124874439,5573.1626,5599.195861265344,5617.419182412805
M29666,long_history,Industry,1924-06-01,5839.0,5724.864598712543,5573.1626,5649.013598184396,5702.109335175193
M29666,long_history,Industry,1924-07-01,5763.0,5806.980325584206,5546.874,5676.927174510853,5767.964404676263
M29666,long_history,Industry,1924-08-01,5819.0,5724.864598712543,5546.874,5635.869311075021,5698.16603683535
M29666,long_history,Industry,1924-09-01,5745.0,5719.949470254586,5573.1626,5646.556033955418,5697.93147598593
M29666,long_history,Industry,1924-10-01,5766.0,5719.949470254586,5573.1626,5646.556033955418,5697.93147598593
M29666,long_history,Industry,1924-11-01,5819.0,5753.322280293805,5573.1626,5663.242438975028,5726.298364519266
M29666,long_history,Industry,1924-12-01,5853.0,5722.665597204007,5520.586,5621.625767352003,5692.353709283563
M29666,long_history,Industry,1925-01-01,5762.0,5770.576544989265,5573.1626,5671.869571322757,5740.9644895104075
M29666,long_history,Industry,1925-02-01,5779.0,5745.817266593809,5573.1626,5659.48993212503,5719.91910287427
M29666,long_history,Industry,1925-03-01,5771.0,5753.322280293805,5546.874,5650.098151865653,5722.3550661794225
M29666,long_history,Industry,1925-04-01,5783.0,5789.008953995374,5546.874,5667.941488716437,5752.688738825756
M29666,long_history,Industry,1925-05-01,5855.0,5789.008953995374,5546.874,5667.941488716437,5752.688738825756
M29666,long_history,Industry,1925-06-01,5928.0,5871.124680867038,5599.451,5735.287926371018,5830.373703346358
M29724,long_history,Industry,1924-01-01,2800.0,2814.6191089247764,2808.986,2811.802596454576,2813.7741734942633
M29724,long_history,Industry,1924-02-01,2780.0,2781.61020025803,2808.986,2795.2981421212025,2785.716601127529
M29724,long_history,Industry,1924-03-01,2780.0,2743.9120235863666,2808.986,2776.449053785371,2753.673150956615
M29724,long_history,Industry,1924-04-01,2780.0,2743.9120235863666,2836.2576,2790.084795972871,2757.7638797163804
M29724,long_history,Industry,1924-05-01,2790.0,2797.7510399496487,2863.5295,2830.640290482637,2807.617833420092
M29724,long_history,Industry,1924-06-01,2790.0,2781.61020025803,2890.8013,2836.20573489464,2797.98887895956
M29724,long_history,Industry,1924-07-01,2820.0,2781.61020025803,2890.8013,2836.20573489464,2797.98887895956
M29724,long_history,Industry,1924-08-01,2870.0,2781.61020025803,2918.073,2849.8415991524525,2802.079638236904
M29724,long_history,Industry,1924-09-01,2850.0,2809.7039804668198,2945.3447,2877.52435351466,2830.050110691719
M29724,long_history,Industry,1924-10-01,2830.0,2809.7039804668198,2945.3447,2877.52435351466,2830.050110691719
M29724,long_history,Industry,1924-11-01,2780.0,2781.61020025803,2890.8013,2836.20573489464,2797.98887895956
M29724,long_history,Industry,1924-12-01,2780.0,2746.6281505357874,2836.2576,2791.442859447581,2760.0725876233882
M29724,long_history,Industry,1925-01-01,2770.0,2743.9120235863666,2808.986,2776.449053785371,2753.673150956615
M29724,long_history,Industry,1925-02-01,2740.0,2743.9120235863666,2768.0786,2755.9953184338083,2747.5370425581773
M29724,long_history,Industry,1925-03-01,2750.0,2743.9120235863666,2768.0786,2755.9953184338083,2747.5370425581773
M29724,long_history,Industry,1925-04-01,2740.0,2743.9120235863666,2768.0786,2755.9953184338083,2747.5370425581773
M29724,long_history,Industry,1925-05-01,2760.0,2743.9120235863666,2754.4426,2749.177325269746,2745.4916324019273
M29724,long_history,Industry,1925-06-01,2780.0,2743.9120235863666,2781.7144,2762.8131895275583,2749.582391679271
M29790,long_history,Industry,1924-01-01,1590.0,1657.4997191683974,1585.4584,1621.4790465959175,1646.6935326554426
M29790,long_history,Industry,1924-02-01,1580.0,1645.7207176615352,1590.8328,1618.276740666705,1637.4875337183598
M29790,long_history,Industry,1924-03-01,1590.0,1604.4666150455696,1596.2073,1600.3369452180973,1603.2277293561172
M29790,long_history,Industry,1924-04-01,1590.0,1645.7207176615352,1601.5817,1623.6511913502989,1639.099868923438
M29790,long_history,Industry,1924-05-01,1630.0,1645.7207176615352,1617.705,1631.7128368581114,1641.518356472266
M29790,long_history,Industry,1924-06-01,1520.0,1627.8778442578039,1456.4719,1542.1748840429645,1602.1669622968677
M29790,long_history,Industry,1924-07-01,1290.0,1564.9593004449237,1268.3667,1416.6629998318367,1520.4704102609978
M29790,long_history,Industry,1924-08-01,1460.0,1408.306805211438,1472.5952,1440.4510100275938,1417.950081915074
M29790,long_history,Industry,1924-09-01,1560.0,1470.2428461998115,1558.5863,1514.4145749553745,1483.4943678782383
M29790,long_history,Industry,1924-10-01,1590.0,1554.0824672925287,1596.2073,1575.1448713415768,1560.4012037660323
M29790,long_history,Industry,1924-11-01,1610.0,1595.3365699084943,1601.5817,1598.4591174737784,1596.273343333353
M29790,long_history,Industry,1924-12-01,1580.0,1648.436844610956,1580.084,1614.260414492978,1638.1839216790784
M29790,long_history,Industry,1925-01-01,1580.0,1616.2456165524318,1580.084,1598.164800463716,1610.8213778293327
M29790,long_history,Industry,1925-02-01,1570.0,1604.4666150455696,1585.4584,1594.9624945345035,1601.615394151039
M29790,long_history,Industry,1925-03-01,1580.0,1604.4666150455696,1590.8328,1597.6496893587223,1602.421546494789
M29790,long_history,Industry,1925-04-01,1570.0,1604.4666150455696,1590.8328,1597.6496893587223,1602.421546494789
M29790,long_history,Industry,1925-05-01,1590.0,1604.4666150455696,1601.5817,1603.024140042316,1604.0338816998672
M29790,long_history,Industry,1925-06-01,1510.0,1627.8778442578039,1445.723,1536.8004333593708,1600.5546270917896
M29812,long_history,Industry,1924-01-01,1450.0,1486.010443032192,1472.9656,1479.4880096020333,1484.0537160549022
M29812,long_history,Industry,1924-02-01,1450.0,1474.2314415253297,1472.9656,1473.5985088486023,1474.0415647740695
M29812,long_history,Industry,1924-03-01,1440.0,1474.2314415253297,1472.9656,1473.5985088486023,1474.0415647740695
M29812,long_history,Industry,1924-04-01,1450.0,1474.2314415253297,1479.1029,1476.6671733993835,1474.9621732945773
M29812,long_history,Industry,1924-05-01,1450.0,1474.2314415253297,1472.9656,1473.5985088486023,1474.0415647740695
M29812,long_history,Industry,1924-06-01,1470.0,1500.8110111802014,1472.9656,1486.8882936760383,1496.6341989807104
M29812,long_history,Industry,1924-07-01,1470.0,1474.2314415253297,1479.1029,1476.6671733993835,1474.9621732945773
M29812,long_history,Industry,1924-08-01,1470.0,1474.2314415253297,1497.515,1485.8732280868835,1477.7239835973116
M29812,long_history,Industry,1924-09-01,1440.0,1474.2314415253297,1491.3777,1482.8045635361023,1476.803390335593
M29812,long_history,Industry,1924-10-01,1420.0,1500.8110111802014,1491.3777,1496.0943483635383,1499.3960245422338
M29812,long_history,Industry,1924-11-01,1490.0,1472.766609355566,1491.3777,1482.0721474512206,1475.5582829912937
M29812,long_history,Industry,1924-12-01,1400.0,1503.5271381296222,1503.6523,1503.5897409398112,1503.5459342314682
M29812,long_history,Industry,1925-01-01,1410.0,1484.5456108624282,1497.515,1491.030312755433,1486.4910275338455
M29812,long_history,Industry,1925-02-01,1400.0,1472.766609355566,1503.6523,1488.2094765527831,1477.3994847735203
M29812,long_history,Industry,1925-03-01,1370.0,1419.4404425134878,1497.515,1458.4777285809628,1431.151634437246
M29812,long_history,Industry,1925-04-01,1400.0,1419.4404425134878,1485.2402,1452.340338444244,1429.3104173962304
M29812,long_history,Industry,1925-05-01,1400.0,1419.4404425134878,1485.2402,1452.340338444244,1429.3104173962304
M29812,long_history,Industry,1925-06-01,1390.0,1419.4404425134878,1491.3777,1455.4090640301815,1430.2310411755273
M30102,long_history,Industry,1924-01-01,4087.0,4225.903848377475,4122.5938,4174.248799188737,4210.407370241948
M30102,long_history,Industry,1924-02-01,4075.0,4064.295514880284,4084.065,4074.180228143267,4067.2609288591793
M30102,long_history,Industry,1924-03-01,4116.0,4064.295514880284,4122.5938,4093.444632440142,4073.0402867693356
M30102,long_history,Industry,1924-04-01,4181.0,4131.338516682703,4122.5938,4126.966133341351,4130.026838301392
M30102,long_history,Industry,1924-05-01,4216.0,4234.395546369586,4161.1226,4197.759052481668,4223.404610410242
M30102,long_history,Industry,1924-06-01,4251.0,4244.016611240741,4199.6514,4221.833989214121,4237.361873460881
M30102,long_history,Industry,1924-07-01,4248.0,4239.101482782785,4199.6514,4219.376424985143,4233.184014271617
M30102,long_history,Industry,1924-08-01,4253.0,4239.101482782785,4199.6514,4219.376424985143,4233.184014271617
M30102,long_history,Industry,1924-09-01,4242.0,4239.101482782785,4180.3867,4209.744100766393,4230.294304798961
M30102,long_history,Industry,1924-10-01,4240.0,4229.480417911629,4180.3867,4204.9335683308145,4222.116399658478
M30102,long_history,Industry,1924-11-01,4235.0,4229.480417911629,4161.1226,4195.3014882526895,4219.226751220978
M30102,long_history,Industry,1924-12-01,4214.0,4232.19654486105,4141.8584,4187.027471649275,4218.645871725643
M30102,long_history,Industry,1925-01-01,4134.0,4447.418479671096,4064.8005,4256.1095083902355,4390.02580049387
M30102,long_history,Industry,1925-02-01,4126.0,4357.768276434281,4045.5361,4201.65220462339,4310.933479305077
M30102,long_history,Industry,1925-03-01,4154.0,4352.853147976324,4064.8005,4208.82684254285,4309.645268553313
M30102,long_history,Industry,1925-04-01,4241.0,4387.489741848111,4084.065,4235.777341627181,4341.976021781833
M30102,long_history,Industry,1925-05-01,4276.0,4465.531242534363,4103.329,4284.430172048431,4411.200945802646
M30102,long_history,Industry,1925-06-01,4304.0,4465.531242534363,4141.8584,4303.694820485931,4416.980364747958
M30154,long_history,Industry,1924-01-01,1863.0,1934.916773739463,1876.1304,1905.5235724166064,1926.0988133426063
M30154,long_history,Industry,1924-02-01,1865.0,1830.0041759804892,1876.1304,1853.0672735371195,1836.9231052474786
M30154,long_history,Industry,1924-03-01,1864.0,1812.5440017780875,1876.1304,1844.3371864359187,1822.081957175437
M30154,long_history,Industry,1924-04-01,1864.0,1812.5440017780875,1876.1304,1844.3371864359187,1822.081957175437
M30154,long_history,Industry,1924-05-01,1869.0,1812.5440017780875,1876.1304,1844.3371864359187,1822.081957175437
M30154,long_history,Industry,1924-06-01,1880.0,1812.5440017780875,1883.4022,1847.9731117288875,1823.172746970359
M30154,long_history,Industry,1924-07-01,1897.0,1905.6775980301989,1876.1304,1890.9039845619745,1901.2455139897318
M30154,long_history,Industry,1924-08-01,1895.0,1923.1377722326008,1876.1304,1899.6340716631753,1916.0866620617733
M30154,long_history,Industry,1924-09-01,1886.0,1923.1377722326008,1876.1304,1899.6340716631753,1916.0866620617733
M30154,long_history,Industry,1924-10-01,1877.0,1923.1377722326008,1876.1304,1899.6340716631753,1916.0866620617733
M30154,long_history,Industry,1924-11-01,1874.0,1923.1377722326008,1868.8586,1895.9982074053628,1914.9959027844295
M30154,long_history,Industry,1924-12-01,1876.0,1925.8538991820217,1868.8586,1897.3562708800732,1917.3046106914373
M30154,long_history,Industry,1925-01-01,1873.0,1988.7557901027449,1861.5867,1925.17123001231,1969.68042817913
M30154,long_history,Industry,1925-02-01,1872.0,1976.9767885958827,1854.315,1915.6458650010663,1958.5775176209536
M30154,long_history,Industry,1925-03-01,1881.0,1976.9767885958827,1854.315,1915.6458650010663,1958.5775176209536
M30154,long_history,Industry,1925-04-01,1870.0,1923.1377722326008,1854.315,1888.7263568194253,1912.814353712164
M30154,long_history,Industry,1925-05-01,1873.0,1830.0041759804892,1861.5868,1845.7954839863382,1834.741586692791
M30154,long_history,Industry,1925-06-01,1885.0,1905.6775980301989,1868.8586,1887.268120304162,1900.154754712388
M30305,long_history,Industry,1927-02-01,1767.62,1749.7185245883416,1759.4038,1754.5611665910458,1751.1713293961843
M30305,long_history,Industry,1927-03-01,1775.92,1749.7185245883416,1769.8145,1759.7664888566708,1752.7329138688406
M30305,long_history,Industry,1927-04-01,1793.98,1749.7185245883416,1775.0198,1762.3691499894833,1753.5137366227468
M30305,long_history,Industry,1927-05-01,1804.6,1774.0705112737505,1764.6091,1769.3398210665628,1772.6513103151099
M30305,long_history,Industry,1927-06-01,1807.45,1774.0705112737505,1759.4038,1766.7371599337503,1771.8705180787817
M30305,long_history,Industry,1927-07-01,1805.98,1774.0705112737505,1759.4038,1766.7371599337503,1771.8705180787817
M30305,long_history,Industry,1927-08-01,1800.13,1774.0705112737505,1769.8145,1771.9424821993753,1773.432102551438
M30305,long_history,Industry,1927-09-01,1792.26,1774.0705112737505,1775.0198,1774.5451433321878,1774.2129253053442
M30305,long_history,Industry,1927-10-01,1793.8,1774.0705112737505,1769.8145,1771.9424821993753,1773.432102551438
M30305,long_history,Industry,1927-11-01,1780.97,1774.0705112737505,1769.8145,1771.9424821993753,1773.432102551438
M30305,long_history,Industry,1927-12-01,1754.8,1776.7866382231714,1759.4038,1768.0952234084607,1774.1792259857896
M30305,long_history,Industry,1928-01-01,1727.68,2111.1308145221547,1764.6091,1937.8699726907648,2059.1525680762534
M30305,long_history,Industry,1928-02-01,1699.64,2013.6012235423827,1769.8145,1891.7078383336914,1977.0332079797754
M30305,long_history,Industry,1928-03-01,1713.83,2013.6012235423827,1775.0198,1894.3104994665039,1977.8140307336816
M30305,long_history,Industry,1928-04-01,1737.11,2013.6012235423827,1780.2252,1896.9132216344726,1978.5948229700098
M30305,long_history,Industry,1928-05-01,1736.06,2013.6012235423827,1780.2252,1896.9132216344726,1978.5948229700098
M30305,long_history,Industry,1928-06-01,1752.37,2013.6012235423827,1790.6359,1902.1185439000976,1980.1564379602441
M30305,long_history,Industry,1928-07-01,1752.71,2091.990716537278,1780.2252,1936.1079681319202,2045.2258920156708
M30325,medium,Industry,1916-02-01,1588.46,1645.7207176615352,1599.5074,1622.6140819752989,1638.7887422144536
M30325,medium,Industry,1916-03-01,1597.92,1645.7207176615352,1618.5492,1632.1349559987364,1641.6450044214848
M30325,medium,Industry,1916-04-01,1628.05,1645.7207176615352,1637.591,1641.6558300221739,1644.501266628516
M30325,medium,Industry,1916-05-01,1652.94,1645.7207176615352,1647.1118,1646.4162670338926,1645.9293977320317
M30325,medium,Industry,1916-06-01,1656.36,1645.7207176615352,1637.591,1641.6558300221739,1644.501266628516
M30325,medium,Industry,1916-07-01,1654.42,1645.7207176615352,1632.8306,1639.2756420338926,1643.7872010767583
M30325,medium,Industry,1916-08-01,1638.06,1645.7207176615352,1637.591,1641.6558300221739,1644.501266628516
M30325,medium,Industry,1916-09-01,1614.85,1645.7207176615352,1618.5492,1632.1349559987364,1641.6450044214848
M30325,medium,Industry,1916-10-01,1616.51,1645.7207176615352,1642.3513,1644.036018010455,1645.2153169214848
M30325,medium,Industry,1916-11-01,1594.3,1645.7207176615352,1651.8723,1648.79651605733,1646.6434632837895
M30325,medium,Industry,1916-12-01,1543.18,1648.436844610956,1642.3513,1645.3940814851655,1647.5240248284924
M30325,medium,Industry,1917-01-01,1478.03,1616.2456165524318,1618.5492,1617.3974054441846,1616.5911684787468
M30325,medium,Industry,1917-02-01,1396.9,1523.5690130418898,1618.5492,1571.0591036889136,1537.816055494786
M30325,medium,Industry,1917-03-01,1416.76,1495.5246112172545,1661.3931,1578.4588388117522,1520.4048886508774
M30325,medium,Industry,1917-04-01,1458.98,1490.6094827592974,1661.3931,1576.0012745827737,1516.227029461614
M30325,medium,Industry,1917-05-01,1463.85,1465.3277177418545,1661.3931,1563.3603920740522,1494.7375291967874
M30325,medium,Industry,1917-06-01,1498.45,1518.6538845839327,1642.3513,1580.5026014716539,1537.2085088055226
M30325,medium,Industry,1917-07-01,1507.44,1518.6538845839327,1613.7888,1566.2213514716539,1532.9241307537648
M3037,short,Macro,1905-07-01,10758.07,10617.55291575679,10634.314,10625.933684440895,10620.067195190148
M3037,short,Macro,1905-08-01,10725.32,10458.103788935316,10585.309,10521.706191342659,10477.18460731377
M3037,short,Macro,1905-09-01,10994.19,10629.848922321005,10511.8,10570.824363504253,10612.141603504106
M3037,short,Macro,1905-10-01,11398.01,10758.793749062439,10438.291,10598.54238234372,10710.718461117136
M3037,short,Macro,1905-11-01,11848.45,11448.727350278961,10462.794,10955.76064779573,11300.837437190243
M3037,short,Macro,1905-12-01,12205.35,11963.921474562074,10389.285,11176.603315406037,11727.726075643388
M3037,short,Macro,1906-01-01,11661.58,11972.282756067914,10217.763,11095.022725690207,11709.104771368666
M3037,short,Macro,1906-02-01,11609.73,12306.735938101634,9923.727,11115.231250300818,11949.28462941764
M3037,short,Macro,1906-03-01,11646.99,11781.413956466073,9727.703,10754.558540733036,11473.357380574287
M3037,short,Macro,1906-04-01,11650.19,11487.957057696965,9556.182,10522.069349160982,11198.190745136171
M3037,short,Macro,1906-05-01,11126.15,11748.037148484627,9237.642,10492.839375023563,11371.47781644631
M3037,short,Macro,1906-06-01,10853.01,10929.284898088252,9164.133,10046.708855294126,10664.512158492202
M3037,short,Macro,1906-07-01,10888.47,10831.598772480325,8919.103,9875.350655771414,10544.724435123902
M3037,short,Macro,1906-08-01,10984.67,10955.628470763802,8698.575,9827.101833038152,10617.070577102359
M3037,short,Macro,1906-09-01,10816.12,11030.129518485845,8600.563,9815.346497524173,10665.694685439532
M3037,short,Macro,1906-10-01,10850.6,10915.290781979205,8551.557,9733.423711302103,10560.730685190138
M3037,short,Macro,1906-11-01,10614.68,10873.862672464777,8404.539,9639.200867482388,10503.464179798186
M3037,short,Macro,1906-12-01,10720.2,11182.669495661665,8380.035,9781.352325955831,10762.274442406166
M30873,short,Industry,1912-01-01,10150.18,9606.351795377532,10655.376,10130.863885970015,9763.70554462559
M30873,short,Industry,1912-02-01,10062.56,9918.874350247806,10490.176,10204.525065748903,10004.569686968449
M30873,short,Industry,1912-03-01,10161.11,9803.771479503348,10324.977,10064.374021001673,9881.952339609097
M30873,short,Industry,1912-04-01,10219.38,9933.800251128827,10490.176,10211.988016189414,10017.256702717315
M30873,short,Industry,1912-05-01,10553.89,10208.572049107675,10556.256,10382.413954241338,10260.724718304025
M30873,short,Industry,1912-06-01,10620.81,10593.791575569123,10407.576,10500.68387372206,10565.85931384313
M30873,short,Industry,1912-07-01,11014.86,10473.34441108795,10308.457,10390.900721168975,10448.611426182571
M30873,short,Industry,1912-08-01,12251.2,10666.032102520889,10572.776,10619.404234854195,10652.043791049005
M30873,short,Industry,1912-09-01,12863.21,11584.486155059938,10638.856,11111.671300186219,11442.641723011886
M30873,short,Industry,1912-10-01,12143.14,11938.773207934932,10341.497,11140.135139123715,11699.181836119693
M30873,short,Industry,1912-11-01,12825.96,11992.011597160637,10490.176,11241.093689205318,11766.736346844355
M30873,short,Industry,1912-12-01,12516.62,12195.5255656174,10539.736,11367.630946871199,11947.157302063853
M30873,short,Industry,1913-01-01,12844.56,11560.155773229673,10589.296,11074.725835833586,11414.52681642491
M30873,short,Industry,1913-02-01,13177.67,12317.28375188059,10919.696,11618.490020471545,12107.64565687194
M30873,short,Industry,1913-03-01,12677.47,12830.669324545448,11068.375,11949.522162272724,12566.325273519882
M30873,short,Industry,1913-04-01,12533.24,12646.213472257534,10622.336,11634.274704878768,12342.631915286092
M30873,short,Industry,1913-05-01,12393.32,12331.152648494255,10572.775,11451.964019559628,12067.396133056056
M30873,short,Industry,1913-06-01,12721.89,12269.144766198504,10407.576,11338.360469036752,11989.909525878104
M30944,long_history,Industry,1926-01-01,12200.0,11577.984614785948,10707.446,11142.715451924225,11447.403987997744
M30944,long_history,Industry,1926-02-01,12200.0,10505.01693577498,10006.754,10255.88542101249,10430.277579002484
M30944,long_history,Industry,1926-03-01,12800.0,11692.922499227301,10050.548,10871.7351753949,11446.566399733832
M30944,long_history,Industry,1926-04-01,12400.0,11550.700261359583,9831.582,10691.141146304792,11292.832526843147
M30944,long_history,Industry,1926-05-01,13800.0,11842.756587398886,10269.514,11056.135129636943,11606.770223312491
M30944,long_history,Industry,1926-06-01,13100.0,12692.829109984747,10948.309,11820.568851867374,12431.15108137766
M30944,long_history,Industry,1926-07-01,15100.0,12939.352092188126,11035.8955,11987.623800000314,12653.833677773971
M30944,long_history,Industry,1926-08-01,15800.0,15391.111751803634,12393.485,13892.298551683067,14941.467816181528
M30944,long_history,Industry,1926-09-01,16100.0,15423.54766079615,12590.556,14007.051662429325,14998.598885700167
M30944,long_history,Industry,1926-10-01,16800.0,16564.34578158717,12481.072,14522.709023606085,15951.854803020971
M30944,long_history,Industry,1926-11-01,14200.0,18402.87203506028,11824.174,15113.52293159264,17416.067328434052
M30944,long_history,Industry,1926-12-01,14500.0,17443.623359400674,10970.206,14206.914707044087,16472.61086134995
M30944,long_history,Industry,1927-01-01,14800.0,15827.23173013602,10597.963,13212.59731038051,15042.841428623431
M30944,long_history,Industry,1927-02-01,13300.0,14683.796134259828,10138.135,12410.965449942414,14001.946928964606
M30944,long_history,Industry,1927-03-01,15400.0,14722.801506316742,10357.101,12539.95104612712,14067.946465916108
M30944,long_history,Industry,1927-04-01,14300.0,15817.332903876339,10072.445,12944.88910818817,14955.599789583952
M30944,long_history,Industry,1927-05-01,16000.0,14304.5979027106,10247.617,12276.1075451053,13696.050917499324
M30944,long_history,Industry,1927-06-01,15300.0,16676.61471304642,10904.517,13790.56565730446,15810.800118394145
M3097,long_history,Macro,1923-06-01,1423.741,1681.2215387289252,1692.859,1687.0402737589939,1682.967171444977
M3097,long_history,Macro,1923-07-01,1623.369,1550.8238874282524,1734.7615,1642.7926810188137,1578.414537712452
M3097,long_history,Macro,1923-08-01,1485.499,1577.493696504763,1684.4785,1630.9861060648814,1593.5414254763143
M3097,long_history,Macro,1923-09-01,1713.704,1578.8682892528877,1768.2836,1673.5759292944126,1607.2805995758922
M3097,long_history,Macro,1923-10-01,1604.526,1648.6802643796154,1776.6641,1712.6721634398077,1667.8778585117357
M3097,long_history,Macro,1923-11-01,1549.87,1632.792972715761,1793.425,1713.1090107719428,1656.8877902361312
M3097,long_history,Macro,1923-12-01,1552.094,1612.0978704529475,1759.9031,1686.0004733124113,1634.2686635178181
M3097,long_history,Macro,1924-01-01,1711.764,1560.9463403414338,1718.0005,1639.473414311342,1584.5044625324065
M3097,long_history,Macro,1924-02-01,1466.639,1630.837390975884,1667.7177,1649.2775211715357,1636.3694361380954
M3097,long_history,Macro,1924-03-01,1721.418,1578.8682892528877,1801.8054,1690.3368545873814,1612.308858853236
M3097,long_history,Macro,1924-04-01,1721.535,1648.6802643796154,1877.2297,1762.9550003538702,1682.9626973789232
M3097,long_history,Macro,1924-05-01,1452.809,1703.9795405906136,1818.5664,1761.2729734203067,1721.167582646553
M3097,long_history,Macro,1924-06-01,1403.405,1561.0254158491564,1676.0981,1618.561780190203,1578.286337358502
M3097,long_history,Macro,1924-07-01,1512.213,1495.5246112172545,1743.1421,1619.3333505305022,1532.667233011229
M3097,long_history,Macro,1924-08-01,1585.653,1536.2395938887973,1676.0981,1606.1688692100238,1557.2183886921966
M3097,long_history,Macro,1924-09-01,1868.445,1595.3365699084943,1751.5225,1673.4295154229972,1618.7644779769078
M3097,long_history,Macro,1924-10-01,1678.746,1782.3690335855083,1734.7615,1758.5652540974415,1775.2279119461198
M3097,long_history,Macro,1924-11-01,1654.413,1703.9795405906136,1634.1956,1669.0875486156192,1693.5119582569046
M31062,medium,Industry,1920-01-01,4000.0,4707.344729083867,4405.138,4556.241456338808,4662.013771674412
M31062,medium,Industry,1920-02-01,3900.0,4122.165351281016,4683.9443,4403.054843609258,4206.432223393552
M31062,medium,Industry,1920-03-01,3200.0,4070.382590792973,4265.7354,4168.058971177737,4099.685553736528
M31062,medium,Industry,1920-04-01,5100.0,3529.5394585383333,4349.377,3939.4582058316664,3652.5150949333647
M31062,medium,Industry,1920-05-01,6100.0,4901.019628332182,4237.8545,4569.437060259841,4801.544906738605
M31062,medium,Industry,1920-06-01,3300.0,4879.6838799297275,4906.9893,4893.336568871114,4883.779698819175
M31062,medium,Industry,1920-07-01,4200.0,4542.8604523840595,4209.974,4376.417286738904,4492.927539311608
M31062,medium,Industry,1920-08-01,5100.0,4555.592061244152,4293.6157,4424.603891950201,4516.295610455967
M31062,medium,Industry,1920-09-01,7300.0,4316.544228672988,3652.3613,3984.452778398994,4216.916842418915
M31062,medium,Industry,1920-10-01,8600.0,5780.001880196839,4014.8098,4897.4058473249825,5515.223094749345
M31062,medium,Industry,1920-11-01,7600.0,6947.013521308516,4405.138,5676.075852451133,6565.732245065364
M31062,medium,Industry,1920-12-01,10800.0,7230.653306683405,4795.467,6013.060051779203,6865.375379040271
M31062,medium,Industry,1921-01-01,12500.0,6962.196468350042,4934.87,5948.5332927687705,6658.097527882693
M31062,medium,Industry,1921-02-01,9100.0,8691.297774381404,4433.0186,6562.158164534452,8052.555928048413
M31062,medium,Industry,1921-03-01,7500.0,8111.133503909625,4014.8098,6062.971659181375,7496.684974905213
M31062,medium,Industry,1921-04-01,11200.0,7163.110884322407,4014.8098,5588.960349387766,6690.865748256078
M31062,medium,Industry,1921-05-01,8800.0,8394.647039893012,4014.8098,6204.728427173069,7737.671480491093
M31062,medium,Industry,1921-06-01,18500.0,7920.745563537584,4237.8545,6079.300027862542,7368.311951663197
M31075,long_history,Industry,1929-01-01,5980.0,5492.663730459146,5471.867,5482.265458979573,5489.544261222306
M31075,long_history,Industry,1929-02-01,5874.0,6270.813604594529,5343.87,5807.341860891014,6131.7721303116
M31075,long_history,Industry,1929-03-01,5798.0,6091.896368166102,5471.867,5781.88177783305,5998.8920032732185
M31075,long_history,Industry,1929-04-01,5280.0,6149.713375953065,5535.865,5842.789305164033,6057.636191337449
M31075,long_history,Industry,1929-05-01,5971.0,6003.784280572981,5759.8604,5881.822316067741,5967.1957034284405
M31075,long_history,Industry,1929-06-01,5634.0,6231.829102824729,5919.856,6075.84252992799,6185.033191990864
M31075,long_history,Industry,1929-07-01,6010.0,6170.326928529067,6207.849,6189.088024811408,6175.955318448926
M31075,long_history,Industry,1929-08-01,5847.0,6346.881554828024,6271.8477,6309.364605539012,6335.626482248352
M31075,long_history,Industry,1929-09-01,5954.0,6300.888586565517,6079.852,6190.370318673384,6267.733142818971
M31075,long_history,Industry,1929-10-01,5880.0,6300.888586565517,6335.846,6318.367388985884,6306.13225170569
M31075,long_history,Industry,1929-11-01,5178.0,6137.3902033974355,6207.849,6172.619662245593,6147.959102087039
M31075,long_history,Industry,1929-12-01,5279.0,5712.716181523115,6143.8506,5928.283383730308,5777.386391013398
M31075,long_history,Industry,1930-01-01,5188.0,5760.314947158314,6527.8413,6144.078127876031,5875.443913580661
M31075,long_history,Industry,1930-02-01,5380.0,5769.8562899265535,6207.849,5988.852705510151,5835.55527563679
M31075,long_history,Industry,1930-03-01,5660.0,5826.4153418848355,5983.8545,5905.134917036168,5850.031226637267
M31075,long_history,Industry,1930-04-01,5054.0,5963.380614232185,6047.8525,6005.616576647342,5976.051439577826
M31075,long_history,Industry,1930-05-01,5624.0,5704.255963278925,6207.849,5956.052542186338,5779.794997986306
M31075,long_history,Industry,1930-06-01,6143.0,6244.241763787902,6399.8447,6322.0432451752,6267.582244825186
M31662,medium,Industry,1923-01-01,8590.0,8186.9662361032915,8358.453,8272.709680551645,8212.689367094048
M31662,medium,Industry,1923-02-01,8320.0,8429.386471820902,8323.723,8376.55456403545,8413.536972727456
M31662,medium,Industry,1923-03-01,8330.0,8282.178324721648,8184.8,8233.489064704574,8267.571546716526
M31662,medium,Industry,1923-04-01,9030.0,8346.85093378667,8196.377,8271.613943455835,8324.279836687421
M31662,medium,Industry,1923-05-01,9020.0,9039.789614291423,8300.568,8670.178986833213,8928.906499296148
M31662,medium,Industry,1923-06-01,8890.0,9051.438469074683,8207.953,8629.69579703734,8924.915691877544
M31662,medium,Industry,1923-07-01,9340.0,8728.483793424302,8277.414,8502.948927962152,8660.823407027845
M31662,medium,Industry,1923-08-01,9510.0,9161.926437156324,8150.07,8655.998130687538,9010.14796962975
M31662,medium,Industry,1923-09-01,9280.0,9347.711266852095,8150.07,8748.890545535422,9168.065074871156
M31662,medium,Industry,1923-10-01,9210.0,9322.150246567455,8485.797,8903.973560783728,9196.697338488588
M31662,medium,Industry,1923-11-01,9350.0,9111.31621315396,8439.49,8775.403223764479,9010.542365165242
M31662,medium,Industry,1923-12-01,9450.0,9195.864317501973,8427.914,8811.889190000988,9080.67180366574
M31662,medium,Industry,1924-01-01,9410.0,9161.62699450263,8300.568,8731.097676938814,9032.468272475675
M31662,medium,Industry,1924-02-01,9520.0,9308.04415633266,8312.1455,8810.09483207258,9158.659432296825
M31662,medium,Industry,1924-03-01,9600.0,9469.485532161701,8254.262,8861.87362545585,9287.20198456401
M31662,medium,Industry,1924-04-01,9250.0,9658.083075563818,8335.299,8996.690951844408,9459.665536104247
M31662,medium,Industry,1924-05-01,9180.0,9327.331485620469,8265.838,8796.584688122733,9168.107495199274
M31662,medium,Industry,1924-06-01,9290.0,9136.662215443048,8370.029,8753.345756159024,9021.667277657842
M31715,short,Industry,1910-01-01,2417.56,2283.2111409746335,2222.4722,2252.841654471692,2274.1003194378136
M31715,short,Industry,1910-02-01,2459.034,2393.777740994365,2266.4814,2330.1295931534323,2374.6833088491167
M31715,short,Industry,1910-03-01,2613.897,2497.6256562150643,2275.2832,2386.4544296700324,2464.274288251555
M31715,short,Industry,1910-04-01,2373.879,2530.814279275678,2363.3018,2447.058018544089,2505.687407159717
M31715,short,Industry,1910-05-01,2574.734,2393.777740994365,2332.4954,2363.136551161245,2384.5854084584917
M31715,short,Industry,1910-06-01,2572.01,2530.814279275678,2363.3018,2447.058018544089,2505.687407159717
M31715,short,Industry,1910-07-01,2504.4,2594.7212055195887,2350.099,2472.4101633066693,2558.0279172697756
M31715,short,Industry,1910-08-01,2614.128,2565.7907350358164,2266.4814,2416.136090174158,2520.8943537843506
M31715,short,Industry,1910-09-01,2541.685,2594.7212055195887,2262.0803,2428.400763892607,2544.825097445557
M31715,short,Industry,1910-10-01,2895.134,2570.705863493773,2262.0806,2416.3932149500115,2524.412087241192
M31715,short,Industry,1910-11-01,2674.909,2899.804284257722,2306.0898,2602.9470640038608,2810.7471242850797
M31715,short,Industry,1910-12-01,2365.906,2751.543278993744,2341.2974,2546.420321137497,2690.0063977403856
M31715,short,Industry,1911-01-01,2460.833,2526.076925179686,2288.4858,2407.281382511718,2490.438274586327
M31715,short,Industry,1911-02-01,2517.994,2629.645616915402,2367.7026,2498.6741268170763,2590.3541698859044
M31715,short,Industry,1911-03-01,2769.59,2629.645616915402,2358.901,2494.2732479108263,2589.0339184210607
M31715,short,Industry,1911-04-01,3052.033,2743.627260109354,2433.7168,2588.672028492177,2697.140696727717
M31715,short,Industry,1911-05-01,2990.615,3099.3908772507893,2433.7168,2766.5538370628947,2999.539771297937
M31715,short,Industry,1911-06-01,2823.351,2930.7139857268016,2460.1223,2695.418150089963,2860.125259449813
M31724,medium,Industry,1921-01-01,4532.54,4255.116144335524,5249.014,4752.065152245887,4404.200895536758
M31724,medium,Industry,1921-02-01,5162.11,4488.287844936234,4856.124,4672.205934186867,4543.463308332519
M31724,medium,Industry,1921-03-01,3754.09,4923.057014712177,4698.968,4811.012394074838,4889.443677349101
M31724,medium,Industry,1921-04-01,6665.87,3965.2291766595627,4471.0913,4218.160242626656,4041.1084964496913
M31724,medium,Industry,1921-05-01,3329.26,5175.41128823308,4353.224,4764.3177046634155,5052.083237576244
M31724,medium,Industry,1921-06-01,6069.02,4110.162696785448,4266.7886,4188.475635502099,4133.656602814506
M31724,medium,Industry,1921-07-01,3364.53,4275.548007439085,4141.0635,4208.305742000793,4255.37535222166
M31724,medium,Industry,1921-08-01,4452.27,3868.011282747587,4125.348,3996.6797136394184,3906.6118364291992
M31724,medium,Industry,1921-09-01,5392.7,4642.522327868905,4031.0542,4336.788263543827,4550.802120778413
M31724,medium,Industry,1921-10-01,5457.63,5335.195957156241,4062.4856,4698.840776429683,5144.289427352337
M31724,medium,Industry,1921-11-01,4635.87,5039.977613522546,3952.476,4496.226843870648,4876.852431455101
M31724,medium,Industry,1921-12-01,3898.06,4853.8080811375285,3850.3247,4352.06639408439,4703.285575021587
M31724,medium,Industry,1922-01-01,3910.8,4214.243833542304,3748.1733,3981.208586693027,4144.333271694552
M31724,medium,Industry,1922-02-01,3142.69,3935.2696540738893,3763.8887,3849.5791629744444,3909.5625189510874
M31724,medium,Industry,1922-03-01,2923.92,3456.1231856040044,3693.1687,3574.64594338794,3491.6800495602793
M31724,medium,Industry,1922-04-01,2627.35,3642.4814891997007,3685.311,3663.8962621779756,3648.905957714277
M31724,medium,Industry,1922-05-01,4098.0,2888.6719637401707,3622.4487,3255.5603471044606,2998.738478749458
M31724,medium,Industry,1922-06-01,4547.35,4436.992478634227,3488.8657,3962.9291006452386,4294.7735018586245
M3177,medium,Macro,1920-12-01,6326.013,6477.987463086975,6866.105,6672.046221777862,6536.205115108304
M3177,medium,Macro,1921-01-01,6348.772,6312.390345852366,6997.245,6654.817731519934,6415.118585966699
M3177,medium,Macro,1921-02-01,7176.993,6573.129690096188,7184.587,6878.858302079344,6664.848346933323
M3177,medium,Macro,1921-03-01,7140.275,6993.0733961380865,7212.6885,7102.880936350293,7026.015707029874
M3177,medium,Macro,1921-04-01,7224.007,7066.287285323891,7296.9927,7181.639980552571,7100.893142720621
M3177,medium,Macro,1921-05-01,7149.209,7360.385000479244,7240.79,7300.587519770872,7342.445780680796
M3177,medium,Macro,1921-06-01,6403.977,7044.211420482162,7259.5244,7151.867917272331,7076.508418347338
M3177,medium,Macro,1921-07-01,7031.484,6763.575615518392,7203.3213,6983.448452290446,6829.537564206258
M3177,medium,Macro,1921-08-01,6329.686,6845.387753653135,7100.283,6972.835478389068,6883.622071073915
M3177,medium,Macro,1921-09-01,5959.553,6546.487669707149,6838.004,6692.245787978574,6590.215202844827
M3177,medium,Macro,1921-10-01,5863.128,6240.839709608252,6894.206,6567.522882147876,6338.844734612327
M3177,medium,Macro,1921-11-01,6258.134,6174.390918164738,7100.283,6637.337060644869,6313.274760908777
M3177,medium,Macro,1921-12-01,6530.106,6261.075438638259,7034.713,6647.894164631629,6377.121154092521
M3177,medium,Macro,1922-01-01,6654.587,6358.874440844374,7203.3213,6781.097864953437,6485.541565733343
M3177,medium,Macro,1922-02-01,7277.569,6732.868412511909,7390.664,7061.766237505954,6831.537760010123
M3177,medium,Macro,1922-03-01,6914.875,7243.389992658523,7484.3354,7363.862720938636,7279.531884384745
M3177,medium,Macro,1922-04-01,7207.678,7000.787303034076,7709.1465,7354.966893704538,7107.041277891465
M3177,medium,Macro,1922-05-01,6734.269,7365.3001289372005,7709.1465,7537.2233066561,7416.877179909121
M31895,long_history,Industry,1929-02-01,10900.0,11184.403736756418,10926.216,11055.309778534458,11145.675671360144
M31895,long_history,Industry,1929-03-01,10910.0,11184.403736756418,10981.398,11082.901087128208,11153.953015110144
M31895,long_history,Industry,1929-04-01,10870.0,11184.403736756418,11008.99,11096.696985565708,11158.091809055457
M31895,long_history,Industry,1929-05-01,10870.0,11184.403736756418,11036.581,11110.492395721958,11162.230358860144
M31895,long_history,Industry,1929-06-01,10880.0,11184.403736756418,11064.172,11124.287805878208,11166.369030735144
M31895,long_history,Industry,1929-07-01,10920.0,11184.403736756418,11091.764,11138.083704315708,11170.507824680457
M31895,long_history,Industry,1929-08-01,10920.0,11184.403736756418,11146.947,11165.675501190708,11178.78529050077
M31895,long_history,Industry,1929-09-01,10900.0,11184.403736756418,11091.764,11138.083704315708,11170.507824680457
M31895,long_history,Industry,1929-10-01,10880.0,11184.403736756418,11146.947,11165.675501190708,11178.78529050077
M31895,long_history,Industry,1929-11-01,10870.0,11184.403736756418,11146.947,11165.675501190708,11178.78529050077
M31895,long_history,Industry,1929-12-01,10870.0,11168.561623027721,11202.13,11185.345752920111,11173.596959651688
M31895,long_history,Industry,1930-01-01,10810.0,10741.957870857033,11229.721,10985.839286991017,10815.122320111292
M31895,long_history,Industry,1930-02-01,10830.0,11060.37403847294,11257.3125,11158.84326923647,11089.914856530126
M31895,long_history,Industry,1930-03-01,10800.0,11060.37403847294,11257.3125,11158.84326923647,11089.914856530126
M31895,long_history,Industry,1930-04-01,10820.0,11060.37403847294,11312.495,11186.43457783022,11098.192322350438
M31895,long_history,Industry,1930-05-01,10820.0,11060.37403847294,11367.679,11214.02637470522,11106.46978817075
M31895,long_history,Industry,1930-06-01,10770.0,11060.37403847294,11367.679,11214.02637470522,11106.46978817075
M31895,long_history,Industry,1930-07-01,10760.0,11060.37403847294,11367.679,11214.02637470522,11106.46978817075
M31939,medium,Industry,1916-11-01,11382.36,11463.741809051417,11342.039,11402.89043577571,11445.48644589683
M31939,medium,Industry,1916-12-01,11473.62,11390.00167206548,11409.151,11399.576519626491,11392.874223990035
M31939,medium,Industry,1917-01-01,11516.99,11240.690374092168,11476.264,11358.477022983585,11276.026393173655
M31939,medium,Industry,1917-02-01,11772.68,11574.262600889431,11476.264,11525.263136382215,11559.56278595133
M31939,medium,Industry,1917-03-01,11829.6,11861.806211118977,11442.707,11652.25662118449,11798.94140738082
M31939,medium,Industry,1917-04-01,11899.17,11870.905093919304,11476.264,11673.584382897152,11811.708905026722
M31939,medium,Industry,1917-05-01,11925.37,11842.658492304725,11476.264,11659.461082089863,11787.69929365433
M31939,medium,Industry,1917-06-01,11828.7,12169.413981707656,11476.264,11822.838826791329,12065.441459646821
M31939,medium,Industry,1917-07-01,11849.48,12150.05412128299,11509.82,11829.937216891496,12054.019147621793
M31939,medium,Industry,1917-08-01,11700.4,11785.738069556244,11543.376,11664.557023059373,11749.383828849372
M31939,medium,Industry,1917-09-01,11676.91,11785.738069556244,11543.376,11664.557023059373,11749.383828849372
M31939,medium,Industry,1917-10-01,11717.56,11785.738069556244,11543.376,11664.557023059373,11749.383828849372
M31939,medium,Industry,1917-11-01,11786.23,11772.689212406172,11610.488,11691.588746828085,11748.35919480306
M31939,medium,Industry,1917-12-01,11890.13,11758.20726418705,11677.602,11717.904413343525,11746.116433348057
M31939,medium,Industry,1918-01-01,11967.84,11344.963442258733,11811.827,11578.395295348117,11414.993095841799
M31939,medium,Industry,1918-02-01,11966.93,12099.402971605406,11811.827,11955.615060021453,12056.266695786471
M31939,medium,Industry,1918-03-01,11872.06,12161.28025301554,11878.939,12020.10985307027,12118.929157446022
M31939,medium,Industry,1918-04-01,11835.02,12166.195381473497,11811.827,11989.011264955498,12113.040244174348
M32031,short,Industry,1905-05-01,1408.015,2060.0853229846985,1821.814,1940.9496439142242,2024.3446192635563
M32031,short,Industry,1905-06-01,2005.8935,1595.2917563781878,1924.4514,1759.8715861969063,1644.6657175308346
M32031,short,Industry,1905-07-01,1875.7948,1960.6270694894006,1988.5997,1974.6134004673565,1964.8229870933344
M32031,short,Industry,1905-08-01,1408.015,1949.1356654621893,1905.2069,1927.1712873209385,1942.5463520198143
M32031,short,Industry,1905-09-01,1815.0534,1615.4749227431323,1866.7178,1741.096348090316,1653.16137476135
M32031,short,Industry,1905-10-01,1875.7948,1767.7702894585607,1937.2811,1852.5257086941242,1793.1969396432924
M32031,short,Industry,1905-11-01,1963.9434,1922.693490950098,1950.1107,1936.4021043617677,1926.8060993876616
M32031,short,Industry,1905-12-01,1454.0966,2066.4527330912683,1834.6436,1950.5481438893842,2031.6813563307032
M32031,short,Industry,1906-01-01,1963.9434,1648.807997046202,1828.2288,1738.5183784059136,1675.7211114541155
M32031,short,Industry,1906-02-01,1292.5196,1968.7607981815158,1892.3772,1930.5689977235704,1957.3032763546792
M32031,short,Industry,1906-03-01,1454.0966,1557.0732417400238,1898.792,1727.932616963762,1608.3310726176924
M32031,short,Industry,1906-04-01,1292.6786,1633.8543191355707,1866.7179,1750.2861073216916,1668.7838616949227
M32031,short,Industry,1906-05-01,1292.5196,1354.110878248599,1885.9624,1620.0366402961745,1433.8886251734186
M32031,short,Industry,1906-06-01,1865.8212,1478.8562052819598,1860.3031,1669.5796529339486,1536.0732456810722
M32031,short,Industry,1906-07-01,1547.6116,1830.8647344397634,1860.3031,1845.5839175128503,1835.2804954652054
M32031,short,Industry,1906-08-01,1865.8212,1594.9217225638467,1860.3031,1727.6124115748921,1634.728935370676
M32031,short,Industry,1906-09-01,1837.8415,1752.7795669086213,1873.1328,1812.9561897043106,1770.832572057875
M32031,short,Industry,1906-10-01,1547.6116,1818.8169530847465,1828.2288,1823.5228564251856,1820.2287240868784
M32070,long_history,Industry,1924-01-01,1158.18,2044.1576681831543,1274.4921,1659.324866806421,1928.7078308218922
M32070,long_history,Industry,1924-02-01,660.97,1353.096783694706,686.265,1019.6808991715717,1253.0720244412814
M32070,long_history,Industry,1924-03-01,424.43,921.5697304329544,453.42508,687.4974048893288,851.3480342957457
M32070,long_history,Industry,1924-04-01,443.27,603.5638648826636,526.9535,565.2586780468005,592.0723149354203
M32070,long_history,Industry,1924-05-01,730.93,560.9142983302648,772.0481,666.481197016695,592.5843740397095
M32070,long_history,Industry,1924-06-01,1079.52,783.5625530109448,1078.4165,930.9895284585974,827.7906517487563
M32070,long_history,Industry,1924-07-01,1433.7,1076.5539949871645,1409.2942,1242.9240922201448,1126.4650302605742
M32070,long_history,Industry,1924-08-01,1826.04,1306.6650638977392,1764.6815,1535.6732912262132,1375.3675443033128
M32070,long_history,Industry,1924-09-01,2210.65,1928.2311804427245,2156.8328,2042.5319720572998,1962.5214362376441
M32070,long_history,Industry,1924-10-01,2606.29,2305.7323879827504,2499.9653,2402.8488600070004,2334.8673417970567
M32070,long_history,Industry,1924-11-01,2493.73,2511.349944497541,2408.0547,2459.7023159987702,2495.855674258457
M32070,long_history,Industry,1924-12-01,1982.87,2424.905831340237,1832.0825,2128.4941754357433,2335.982334568889
M32070,long_history,Industry,1925-01-01,1347.58,2187.1937469660556,1237.7279,1712.4608261197466,2044.7738798674366
M32070,long_history,Industry,1925-02-01,766.54,1520.043589037806,655.6282,1087.8358814329654,1390.3812813339907
M32070,long_history,Industry,1925-03-01,554.63,978.8145238120992,428.91565,703.8650866130808,896.3296941782727
M32070,long_history,Industry,1925-04-01,548.96,697.8404481643188,484.06195,590.9511994239563,665.7736796457257
M32070,long_history,Industry,1925-05-01,837.25,639.6240285448531,735.28394,687.453982045864,653.9730191727932
M32070,long_history,Industry,1925-06-01,1125.9,946.3995598436495,1035.5249,990.9622310936998,959.7683612186647
M32089,cold_start,Industry,1904-04-01,3019.976,2684.5706604102975,2492.4717,2588.521170048899,2655.7558194053936
M32089,cold_start,Industry,1904-05-01,4905.131,3102.3247140079357,2723.8403,2913.082523019593,3045.5520872290112
M32089,cold_start,Industry,1904-06-01,2642.759,3239.4842935766706,2334.7202,2787.10225421021,3103.769687870248
M32089,cold_start,Industry,1904-07-01,1900.899,3299.0564059611083,2387.304,2843.1801805196164,3162.293556639208
M32089,cold_start,Industry,1904-08-01,4905.131,3527.8569586103185,2524.022,3025.9394656332843,3377.2817168207243
M32089,cold_start,Industry,1904-09-01,6157.849,3812.2839484289448,2429.371,3120.8275210894726,3604.847026330619
M32089,cold_start,Industry,1904-10-01,4903.711,3763.673774033889,2702.8066,3233.2402073294443,3604.5437284366185
M32089,cold_start,Industry,1904-11-01,6157.849,4592.254935006357,2576.6055,3584.4302018781787,4289.9075394819665
M32089,cold_start,Industry,1904-12-01,5810.274,5832.924355961784,2481.9548,4157.43959497308,5330.2789459757205
M32089,cold_start,Industry,1905-01-01,4903.711,5204.154827970304,2387.304,3795.7293915242144,4781.6272153470245
M32089,cold_start,Industry,1905-02-01,3341.921,4789.86847151299,2418.8542,3604.3613597799326,4434.21635630362
M32089,cold_start,Industry,1905-03-01,5810.274,4044.298585973472,2334.7202,3189.5094004086113,3787.86183640753
M32089,cold_start,Industry,1905-04-01,5730.772,4119.488929966923,2355.7537,3237.621296038149,3854.9286580988382
M32089,cold_start,Industry,1905-05-01,4726.304,5097.478624253825,2271.6196,3684.5491265800374,4673.599781055204
M32089,cold_start,Industry,1905-06-01,5730.772,4811.135235358642,2334.7202,3572.927725101196,4439.672988384924
M32089,cold_start,Industry,1905-07-01,7413.127,5386.781654379684,2481.9548,3934.3682441820297,4951.057649630935
M32089,cold_start,Industry,1905-08-01,4726.304,6238.786208872435,2481.9548,4360.3705214284055,5675.2615209497735
M32089,cold_start,Industry,1905-09-01,4434.547,5224.943493882345,2429.371,3827.1572938161726,4805.60763996601
M32122,cold_start,Industry,1904-04-01,2667.707,5843.627957230849,4988.205,5415.916517677924,5715.314537572003
M32122,cold_start,Industry,1904-05-01,3564.558,3341.9275549593117,4818.8525,4080.3900470109056,3563.4663025747905
M32122,cold_start,Industry,1904-06-01,5067.929,4592.332646122784,4187.629,4389.980776186392,4531.627097348898
M32122,cold_start,Industry,1904-07-01,4009.755,4372.9347583859235,5080.579,4726.756929974212,4479.081458690535
M32122,cold_start,Industry,1904-08-01,3564.558,4419.371302584135,4957.4136,4688.392438401443,4500.0776677433905
M32122,cold_start,Industry,1904-09-01,3858.301,4051.0157686914745,3664.1753,3857.5955308301122,3992.9897461611913
M32122,cold_start,Industry,1904-10-01,4416.941,4407.769049858472,4356.9814,4382.375247585485,4400.150933590639
M32122,cold_start,Industry,1904-11-01,3858.301,4297.771006908749,3294.6787,3796.2248589231244,4147.307168616578
M32122,cold_start,Industry,1904-12-01,4916.595,4970.875562187523,4049.0674,4509.971472500012,4832.60433528127
M32122,cold_start,Industry,1905-01-01,4416.941,4926.265627928575,3771.945,4349.105348143975,4753.117592821321
M32122,cold_start,Industry,1905-02-01,6519.509,4372.271425328655,3094.5347,3733.4030466487025,4180.610917828186
M32122,cold_start,Industry,1905-03-01,4916.595,5341.454090743107,3156.1172,4248.785639121554,5013.653579670704
M32122,cold_start,Industry,1905-04-01,3567.36,4750.764460160682,2863.599,3807.181790627216,4467.68967761119
M32122,cold_start,Industry,1905-05-01,5289.411,4153.16615135478,3633.3838,3893.27497020864,4075.198797010938
M32122,cold_start,Industry,1905-06-01,3567.36,4741.161170600245,3356.2612,4048.7112005344975,4533.426203994584
M32122,cold_start,Industry,1905-07-01,2486.295,3929.617349495395,3417.844,3673.73067181801,3852.8513828132736
M32122,cold_start,Industry,1905-08-01,5289.411,3817.1160188228578,2755.829,3286.472560192679,3657.923005647867
M32122,cold_start,Industry,1905-09-01,2699.41,4331.561213396385,2755.829,3543.6951574794425,4095.201421035365
M32141,cold_start,Industry,1904-01-01,4694.3,4152.8658727706015,5028.0894,4590.477614119676,4284.149431796418
M32141,cold_start,Industry,1904-02-01,3437.58,4848.770330040669,4855.369,4852.069735332834,4849.760200456444
M32141,cold_start,Industry,1904-03-01,3870.92,3948.7373191339143,5181.6187,4565.177985738832,4133.669580150547
M32141,cold_start,Industry,1904-04-01,6245.83,3991.7576105031267,4644.2656,4318.011617751563,4089.633861505783
M32141,cold_start,Industry,1904-05-01,3437.58,4814.459137226231,4721.031,4767.744949472491,4800.4449297282345
M32141,cold_start,Industry,1904-06-01,3907.67,3923.2838213326245,4701.84,4312.5618325413125,4040.0672491092937
M32141,cold_start,Industry,1904-07-01,5132.93,4409.722252712292,5008.8984,4709.310345106146,4499.59869263748
M32141,cold_start,Industry,1904-08-01,3907.67,4444.887783762875,4816.9863,4630.937055943938,4500.702589831257
M32141,cold_start,Industry,1904-09-01,2782.44,4417.237109977339,4836.1777,4626.7074221761695,4480.078240258083
M32141,cold_start,Industry,1904-10-01,5132.93,3743.4630288329704,5104.854,4424.15851636961,3947.6717239220875
M32141,cold_start,Industry,1904-11-01,4486.45,4086.8388445034566,4797.7954,4442.317127329853,4193.482329351376
M32141,cold_start,Industry,1904-12-01,2782.44,3936.068161580447,4740.2217,4338.144920633973,4056.6912015035364
M32141,cold_start,Industry,1905-01-01,3828.91,3615.685985483889,5028.0894,4321.88767047632,3827.546527602712
M32141,cold_start,Industry,1905-02-01,4173.35,3792.988793578704,5066.4717,4429.730236633102,3984.011238702055
M32141,cold_start,Industry,1905-03-01,3828.91,4022.5293266899453,4855.369,4438.949233657473,4147.455347608329
M32141,cold_start,Industry,1905-04-01,2574.35,4000.7617151455406,4893.751,4447.256345854021,4134.7101409791785
M32141,cold_start,Industry,1905-05-01,4173.35,2827.177357839728,5335.148,4081.162653529239,3203.372970960644
M32141,cold_start,Industry,1905-06-01,5145.25,4141.445797558626,5008.8984,4575.172117529313,4271.563705756864
M322,medium,Macro,1918-03-01,6159.0,5905.102534326591,5984.7734,5944.937985913295,5917.053218630728
M322,medium,Macro,1918-04-01,5433.0,5794.926771831106,5411.923,5603.424811696803,5737.476208204878
M322,medium,Macro,1918-05-01,5957.0,5612.532407860765,5788.798,5700.665129711632,5638.972248830088
M322,medium,Macro,1918-06-01,5702.0,5809.56097160503,5426.998,5618.279509240016,5752.1765695166205
M322,medium,Macro,1918-07-01,5751.0,5742.189289181494,5457.148,5599.668619200122,5699.433100394114
M322,medium,Macro,1918-08-01,5303.0,5725.136226724874,5140.573,5432.854734456187,5637.4517912513
M322,medium,Macro,1918-09-01,4797.0,5333.74316066789,4688.323,5011.0332014276955,5236.930221723957
M322,medium,Macro,1918-10-01,4042.0,4927.43311655809,4070.2485,4498.84082585717,4798.855441554845
M322,medium,Macro,1918-11-01,4482.0,4411.729786553303,4507.4233,4459.576563198527,4426.083843960932
M322,medium,Macro,1918-12-01,6049.0,4835.5196629034335,5638.048,5236.783757232966,4955.898927823388
M322,medium,Macro,1919-01-01,6010.0,5772.2754575004865,5713.423,5742.849154531494,5763.447627644945
M322,medium,Macro,1919-02-01,6384.0,5779.213308054277,6045.073,5912.143275120889,5819.092359209418
M322,medium,Macro,1919-03-01,6360.0,6204.455136396816,5894.323,6049.389189292158,6157.935364472451
M322,medium,Macro,1919-04-01,5784.0,6237.34659206389,5411.923,5824.634721813195,6113.533055402745
M322,medium,Macro,1919-05-01,6277.0,5898.534810850605,5758.648,5828.591380034677,5877.551830433952
M322,medium,Macro,1919-06-01,5840.0,6256.700910795096,5351.623,5804.161978835048,6120.939243414114
M322,medium,Macro,1919-07-01,6025.0,5969.911437492514,5426.998,5698.454742183757,5888.474465520981
M322,medium,Macro,1919-08-01,5328.0,5994.752007610675,5004.8984,5499.825222555337,5846.274008715168
M3223,medium,Macro,1920-12-01,7208.73,7915.986523165274,7975.2725,7945.6294920513865,7924.879438245171
M3223,medium,Macro,1921-01-01,7526.92,7234.023680989259,7853.5127,7543.76818815088,7326.947106379934
M3223,medium,Macro,1921-02-01,6530.39,7138.446441745026,7625.213,7381.829666185013,7211.461457905148
M3223,medium,Macro,1921-03-01,7497.76,6916.909947897669,7883.9526,7400.431292308209,7061.966351220832
M3223,medium,Macro,1921-04-01,6515.38,7238.762217066417,7899.173,7568.967534314459,7337.823861068955
M3223,medium,Macro,1921-05-01,6812.26,6943.293589123789,7640.433,7291.86334729627,7047.864614231784
M3223,medium,Macro,1921-06-01,6495.4,6869.4651195519755,7579.553,7224.509171104113,6975.978335017618
M3223,medium,Macro,1921-07-01,7325.42,6544.68703996997,7731.753,7138.219984828735,6722.7469234276
M3223,medium,Macro,1921-08-01,7689.61,7000.540990697116,7686.093,7343.316882067308,7103.373782522237
M3223,medium,Macro,1921-09-01,8523.78,7666.852881813052,7777.413,7722.132983875275,7683.43701008797
M3223,medium,Macro,1921-10-01,7382.98,8260.173606433827,7503.453,7881.813365716914,8146.665631875004
M3223,medium,Macro,1921-11-01,7918.41,7617.763354605744,7853.5127,7735.638024959122,7653.1258289539455
M3223,medium,Macro,1921-12-01,8258.99,7828.071978517334,7853.5127,7840.7923369149175,7831.8881592787975
M3223,medium,Macro,1922-01-01,8224.64,7998.582718939776,7975.2725,7986.9275899386375,7995.086204653498
M3223,medium,Macro,1922-02-01,8642.4,8098.244634787685,7990.4927,8044.368655284467,8082.081914178908
M3223,medium,Macro,1922-03-01,7477.38,8524.945634691689,8112.253,8318.599282189594,8463.041802183248
M3223,medium,Macro,1922-04-01,8422.61,7458.710973687099,7899.173,7678.941912624799,7524.780304196534
M3223,medium,Macro,1922-05-01,7402.06,8156.202750421491,7823.0728,7989.637752163871,8106.233275358268
M32331,cold_start,Industry,1904-03-01,5154.463,4969.689813720867,4294.873,4632.281430297933,4868.467298693988
M32331,cold_start,Industry,1904-04-01,4995.188,5034.34458322735,4455.644,4744.99431309805,4947.539514395592
M32331,cold_start,Industry,1904-05-01,4869.604,4981.840562554531,4616.4146,4799.1275566678905,4927.026697409633
M32331,cold_start,Industry,1904-06-01,5154.463,5031.353486899271,4685.3164,4858.334946574636,4979.4479492159435
M32331,cold_start,Industry,1904-07-01,5579.712,5079.50306378555,4731.251,4905.377020174024,5027.265287323186
M32331,cold_start,Industry,1904-08-01,4869.604,5407.236906339114,4708.283,5057.760054732057,5302.393863064029
M32331,cold_start,Industry,1904-09-01,4032.54,5010.316192964727,4731.2505,4870.783340622988,4968.456386090331
M32331,cold_start,Industry,1904-10-01,4004.093,4276.616702574757,5029.8247,4653.220704803003,4389.597952071357
M32331,cold_start,Industry,1904-11-01,4032.54,4196.990132892772,4960.923,4578.956492227636,4311.580040693231
M32331,cold_start,Industry,1904-12-01,3391.092,4117.234264778644,4983.8906,4550.562444889321,4247.23274322591
M32331,cold_start,Industry,1905-01-01,4004.093,3750.3653069425777,5144.6606,4447.512975736914,3959.509668616035
M32331,cold_start,Industry,1905-02-01,5171.551,4009.646174696707,5075.759,4542.7024818796035,4169.563079058607
M32331,cold_start,Industry,1905-03-01,3391.092,4775.483383684682,5144.6606,4960.0720141079655,4830.860033846824
M32331,cold_start,Industry,1905-04-01,4582.103,3922.3914194301865,5075.759,4499.0751042463435,4095.396537082065
M32331,cold_start,Industry,1905-05-01,5195.375,4480.81910836511,5075.759,4778.288948713805,4570.06007267675
M32331,cold_start,Industry,1905-06-01,4582.103,4747.29465604698,5190.5957,4968.9451795859895,4813.78987414384
M32331,cold_start,Industry,1905-07-01,3372.302,4761.618673021132,5787.7437,5274.681162682441,4915.537432126556
M32331,cold_start,Industry,1905-08-01,5195.375,3982.079552748181,5856.6455,4919.36253028034,4263.264507042985
M32390,cold_start,Industry,1904-03-01,4781.4,4540.41041094049,4519.9053,4530.157842188995,4537.3346891431665
M32390,cold_start,Industry,1904-04-01,3100.692,4801.548165464311,4899.439,4850.493565154031,4816.231834199352
M32390,cold_start,Industry,1904-05-01,3331.09,3414.1385899240154,3881.5977,3647.868123087008,3484.257486494007
M32390,cold_start,Industry,1904-06-01,4781.4,5019.386490030172,4347.3896,4683.388069233836,4918.586975998303
M32390,cold_start,Industry,1904-07-01,5858.477,4633.9857583117855,4847.6846,4740.835164312142,4666.040604525955
M32390,cold_start,Industry,1904-08-01,3331.09,5020.854185249296,4468.1504,4744.502287937148,4937.948652676746
M32390,cold_start,Industry,1904-09-01,3504.936,4301.268279481362,4174.874,4238.071151459431,4282.309177695877
M32390,cold_start,Industry,1904-10-01,3392.93,4175.622350646185,4933.9424,4554.782366729342,4289.370367678164
M32390,cold_start,Industry,1904-11-01,3504.936,3466.3762427338015,4537.1567,4001.7664905075258,3626.993353687013
M32390,cold_start,Industry,1904-12-01,2864.901,3829.66359147733,4657.9175,4243.79053597304,3953.9016748260433
M32390,cold_start,Industry,1905-01-01,3392.93,3216.382680282212,4882.1875,4049.2850901411057,3466.2534032398803
M32390,cold_start,Industry,1905-02-01,5506.324,3355.6764992848925,4657.9175,4006.7969898768215,3551.0126464624714
M32390,cold_start,Industry,1905-03-01,2864.901,4116.056669070946,4485.402,4300.729262269848,4171.458471444679
M32390,cold_start,Industry,1905-04-01,6943.635,3402.76203940298,4709.672,4056.21695720149,3598.798539156596
M32390,cold_start,Industry,1905-05-01,7739.079,4740.9500165614,4882.1875,4811.5687582807,4762.135639077191
M32390,cold_start,Industry,1905-06-01,6943.635,4250.892800212007,5227.2188,4739.055775106004,4397.341704887238
M32390,cold_start,Industry,1905-07-01,4657.489,6637.912578705714,4519.9053,5578.908926071606,6320.211531743607
M32390,cold_start,Industry,1905-08-01,7739.079,5344.518259402954,5554.998,5449.758153138977,5376.090276351886
M32475,cold_start,Industry,1904-03-01,1661.8,1623.21271357232,1516.478,1569.845370458035,1607.2025167415502
M32475,cold_start,Industry,1904-04-01,1631.0,1667.6908262241257,1345.3395,1506.5151518815942,1619.3381361283975
M32475,cold_start,Industry,1904-05-01,1766.0,1609.4320032950475,1388.1241,1498.7780744014299,1576.235830730478
M32475,cold_start,Industry,1904-06-01,1661.8,1746.08031921902,1407.1395,1576.6099227931038,1695.2392094465188
M32475,cold_start,Industry,1904-07-01,1348.5,1644.7879604646098,1378.6165,1511.7022077713673,1604.8622468636684
M32475,cold_start,Industry,1904-08-01,1766.0,1558.9576161203677,1364.3549,1461.6562372594026,1529.7672177208674
M32475,cold_start,Industry,1904-09-01,1159.7,1667.8781772485063,1383.3704,1525.6242692883156,1625.2020201192383
M32475,cold_start,Industry,1904-10-01,1569.1,1369.9575798694057,1378.6165,1374.2870174737654,1371.256423357745
M32475,cold_start,Industry,1904-11-01,1159.7,1575.9111607193365,1369.1086,1472.5099016487306,1544.8907891016706
M32475,cold_start,Industry,1904-12-01,1571.4,1263.5733460061276,1350.0933,1306.8333038624387,1276.551336414779
M32475,cold_start,Industry,1905-01-01,1569.1,1595.823890918314,1231.2471,1413.5354806154069,1541.1373800344732
M32475,cold_start,Industry,1905-02-01,1199.0,1623.7773125553827,1312.0625,1467.9199062776913,1577.0201028791066
M32475,cold_start,Industry,1905-03-01,1571.4,1476.61957191079,1216.9856,1346.8025838069575,1437.6744876866717
M32475,cold_start,Industry,1905-04-01,1747.4,1562.216195984644,1102.8932,1332.5546922306032,1493.3177570654632
M32475,cold_start,Industry,1905-05-01,1791.4,1783.8014910298718,1102.8932,1443.347339753217,1681.665257853907
M32475,cold_start,Industry,1905-06-01,1747.4,1790.5027622776236,946.0161,1368.2594377794367,1663.8297679799255
M32475,cold_start,Industry,1905-07-01,1475.3,1758.7412716030587,998.3085,1378.524871641373,1644.6763577180689
M32475,cold_start,Industry,1905-08-01,1791.4,1591.6149871795062,955.5238,1273.5693954452217,1496.2013218662523
M32495,cold_start,Industry,1904-03-01,2431.75,3088.120559571666,2640.3665,2864.2435073248953,3020.9574683116975
M32495,cold_start,Industry,1904-04-01,3070.28,2488.538821417877,2630.9365,2559.7376724276883,2509.898501134883
M32495,cold_start,Industry,1904-05-01,2659.25,3220.2554909273963,2593.2173,2906.7363880418234,3126.199772268756
M32495,cold_start,Industry,1904-06-01,2431.75,2589.566561284522,2546.0679,2567.817216189136,2583.0417638594217
M32495,cold_start,Industry,1904-07-01,2538.96,2433.315396459631,2640.3665,2536.840925768878,2464.3730796664677
M32495,cold_start,Industry,1904-08-01,2659.25,2488.2639134985134,2894.9734,2691.618651085194,2549.27035918858
M32495,cold_start,Industry,1904-09-01,2550.94,2574.772859238712,2725.2356,2650.0042274709185,2597.3423002259524
M32495,cold_start,Industry,1904-10-01,2315.86,2555.9574091478653,2715.8057,2635.8815366051826,2579.9346779026387
M32495,cold_start,Industry,1904-11-01,2550.94,2343.3776132900434,2876.1138,2609.745691410647,2423.2880550367718
M32495,cold_start,Industry,1904-12-01,1633.65,2526.772558196443,2913.833,2720.302783004471,2584.8316561564297
M32495,cold_start,Industry,1905-01-01,2315.86,1830.5933675029307,2621.5068,2226.0501017202155,1949.2304060786632
M32495,cold_start,Industry,1905-02-01,2631.75,2357.057943519015,2800.6748,2578.866374103258,2423.6004787978036
M32495,cold_start,Industry,1905-03-01,1633.65,2469.2000611801673,2923.2632,2696.2316223869584,2537.3095539562673
M32495,cold_start,Industry,1905-04-01,1307.17,2012.1781736350908,2678.086,2345.1320555675456,2112.0643687324055
M32495,cold_start,Industry,1905-05-01,1621.68,1619.471074846922,2696.9458,2158.208437814086,1781.0923142546494
M32495,cold_start,Industry,1905-06-01,1307.17,1791.7929130355515,2442.339,2117.0660121818382,1889.3748671935002
M32495,cold_start,Industry,1905-07-01,1606.23,1482.5474196442565,2282.0312,1882.2893348221282,1602.4699941976182
M32495,cold_start,Industry,1905-08-01,1631.28,1791.7929130355515,2225.4517,2008.6222865959007,1856.8417251036565
M3252,medium,Macro,1920-12-01,8830.069,8744.460311379513,8899.511,8821.985526783506,8767.717900414773
M3252,medium,Macro,1921-01-01,7615.614,8411.982221234959,8571.767,8491.87441139873,8435.949902698154
M3252,medium,Macro,1921-02-01,7233.457,7670.015391030081,6983.4688,7326.742070515041,7567.033468117757
M3252,medium,Macro,1921-03-01,9503.964,7592.426897128344,8269.233,7930.830147782922,7693.9478723247175
M3252,medium,Macro,1921-04-01,8140.974,9221.954839697282,8949.934,9085.944216723641,9181.151726047377
M3252,medium,Macro,1921-05-01,9521.82,8462.019413249207,8874.3,8668.159608968353,8523.861520793078
M3252,medium,Macro,1921-06-01,7886.823,9278.191822263108,7790.2227,8534.207239256553,9054.99649618927
M3252,medium,Macro,1921-07-01,8673.66,8160.636517697568,8395.289,8277.962790098783,8195.834497074184
M3252,medium,Macro,1921-08-01,9035.911,8626.729239131902,8697.822,8662.275752378451,8637.393193105869
M3252,medium,Macro,1921-09-01,9441.164,9133.919285364153,8798.666,8966.292650494575,9083.631319317343
M3252,medium,Macro,1921-10-01,7748.061,9191.18501948101,9126.41,9158.797587865505,9181.468814410422
M3252,medium,Macro,1921-11-01,8885.437,8183.51844662435,8294.445,8238.981879562176,8200.157549747884
M3252,medium,Macro,1921-12-01,9150.096,8809.740035953919,8899.51,8854.624900789458,8823.205544232707
M3252,medium,Macro,1922-01-01,9002.037,8954.344696388465,8571.766,8763.055160694232,8896.957884508322
M3252,medium,Macro,1922-02-01,7060.604,9102.89744738937,7008.6797,8055.788567444685,8788.76483223409
M3252,medium,Macro,1922-03-01,8758.628,7927.334746490431,8319.656,8123.4954982452155,7986.183020844992
M3252,medium,Macro,1922-04-01,9477.169,8599.806710292556,9353.311,8976.558628583778,8712.832285779923
M3252,medium,Macro,1922-05-01,8760.673,9616.679693408492,8949.934,9283.306643579246,9516.667851701906
M32676,short,Industry,1913-01-01,1550.0,1710.8434136395188,1698.1814,1704.512405061947,1708.9441202215207
M32676,short,Industry,1913-02-01,1610.0,1609.3817435035266,1698.1814,1653.7815699939508,1622.7017006059275
M32676,short,Industry,1913-03-01,1580.0,1595.3365699084943,1668.3887,1631.8626208917472,1606.2944004622593
M32676,short,Industry,1913-04-01,1490.0,1604.4666150455696,1668.3887,1636.4276434602848,1614.0549388287734
M32676,short,Industry,1913-05-01,1480.0,1578.8682892528877,1646.0442,1612.4562393530064,1588.9446773346813
M32676,short,Industry,1913-06-01,1450.0,1523.5690130418898,1660.9404,1592.254721364695,1544.1747285904892
M32676,short,Industry,1913-07-01,1470.0,1518.6538845839327,1660.9404,1589.7971571357164,1539.9968694012257
M32676,short,Industry,1913-08-01,1430.0,1518.6538845839327,1653.4923,1586.0730970771226,1538.8796513836476
M32676,short,Industry,1913-09-01,1390.0,1490.6094827592974,1653.4923,1572.050896164805,1515.0419098327077
M32676,short,Industry,1913-10-01,1370.0,1490.6094827592974,1675.8368,1583.2231373757425,1518.3935944030202
M32676,short,Industry,1913-11-01,1470.0,1437.2833159172192,1675.8368,1556.5600539547033,1473.0663525872535
M32676,short,Industry,1913-12-01,1500.0,1472.9589731492324,1698.1814,1585.5701848168037,1506.7423458047774
M32676,short,Industry,1914-01-01,1500.0,1565.8614687993909,1713.0776,1639.4695527590704,1587.9439184013575
M32676,short,Industry,1914-02-01,1540.0,1549.1673388345716,1683.2849,1616.2261254719733,1569.2849900845813
M32676,short,Industry,1914-03-01,1560.0,1549.1673388345716,1690.7332,1619.9502465657233,1570.4022233609485
M32676,short,Industry,1914-04-01,1490.0,1531.3244654308403,1698.1814,1614.7529309576075,1556.353014244144
M32676,short,Industry,1914-05-01,1540.0,1500.8110111802014,1668.3887,1584.5998415276008,1525.9476755432104
M32676,short,Industry,1914-06-01,1490.0,1531.3244654308403,1660.9404,1596.13244755917,1550.7668631210972
M32738,short,Industry,1906-02-01,1460.773603,1253.877923397058,1181.1664,1217.5221526164978,1242.97119216289
M32738,short,Industry,1906-03-01,1586.355154,1421.0681448618668,1307.72,1364.394057782496,1404.0659278933292
M32738,short,Industry,1906-04-01,1306.010968,1483.5677907891481,1458.3789,1470.973348519574,1479.789473367065
M32738,short,Industry,1906-05-01,1481.837688,1483.8030184455417,1717.5123,1600.6576737735522,1518.8594272509763
M32738,short,Industry,1906-06-01,2143.860024,1612.5387572422876,2277.9636,1945.2511901445814,1712.3524932164914
M32738,short,Industry,1906-07-01,2671.007627,2089.9834325344464,3230.1284,2660.055925251598,2261.0052047636545
M32738,short,Industry,1906-08-01,2309.488911,2559.364269271976,2651.598,2605.4810848313004,2573.199344457352
M32738,short,Industry,1906-09-01,2255.932608,2252.6752610624594,2024.8567,2138.765975257792,2218.5024875280906
M32738,short,Industry,1906-10-01,1893.520159,2222.065750191016,1783.8022,2002.933998142383,2156.3262306799415
M32738,short,Industry,1906-11-01,1426.950525,1923.9333260320673,1795.855,1859.8941532504086,1904.7215925081168
M32738,short,Industry,1906-12-01,1488.422821,1619.5349323116664,1434.2734,1526.904184905833,1591.7457141934321
M32738,short,Industry,1907-01-01,1378.048804,1492.4722553385511,1331.8253,1412.1487863606817,1468.3752207487062
M32738,short,Industry,1907-02-01,1159.827574,1515.4547556786247,1355.9308,1435.6927709057186,1491.5261755055421
M32738,short,Industry,1907-03-01,1783.54259,1330.6026280967014,1470.4316,1400.5171343608508,1351.5769921829776
M32738,short,Industry,1907-04-01,1583.523385,1724.6729447658206,1289.6409,1507.156906953223,1659.418139525557
M32738,short,Industry,1907-05-01,1912.640845,1641.6756692566119,1536.7216,1589.1986134368997,1625.932558614214
M32738,short,Industry,1907-06-01,1778.09624,1956.508731844122,1886.2502,1921.3794879923735,1945.96998310266
M32738,short,Industry,1907-07-01,2586.018065,1880.3221782608875,2886.626,2383.4740774116935,2031.2677785237076
M32770,cold_start,Industry,1904-11-01,3203.0,3608.2762121326514,2152.7502,2880.513228136638,3389.9473169338476
M32770,cold_start,Industry,1904-12-01,2133.0,4737.3279788999425,1753.5647,3245.4463380827838,4289.763511068858
M32770,cold_start,Industry,1905-01-01,2631.0,2664.992735906648,1839.1044,2252.0485530119176,2541.1094871417445
M32770,cold_start,Industry,1905-02-01,1529.0,3380.8285691505616,2138.4937,2759.661110747156,3194.47833162954
M32770,cold_start,Industry,1905-03-01,265.0,2373.0109058037087,2124.2368,2248.6238611049794,2335.694798497606
M32770,cold_start,Industry,1905-04-01,2080.0,763.0045003304512,1903.2593,1333.1318888371006,934.042716882446
M32770,cold_start,Industry,1905-05-01,2106.0,2269.89600653725,2109.9802,2189.9381155733126,2245.9086453515847
M32770,cold_start,Industry,1905-06-01,1610.0,2652.5056541619647,2109.9802,2381.24293938567,2571.126845832592
M32770,cold_start,Industry,1905-07-01,1589.0,2439.1948930961635,2145.6218,2292.4083596340192,2395.1589513680674
M32770,cold_start,Industry,1905-08-01,1070.0,2050.705659874351,1960.2856,2005.4956522028006,2037.142657572886
M32770,cold_start,Industry,1905-09-01,1525.0,1885.6525476406068,1917.5159,1901.584208390616,1890.4320458656098
M32770,cold_start,Industry,1905-10-01,1565.0,1685.4049594929434,1967.4141,1826.4095109964717,1727.7063371510333
M32770,cold_start,Industry,1905-11-01,1444.0,1729.609791562732,1774.9497,1752.279749296991,1736.4107849865254
M32770,cold_start,Industry,1905-12-01,1147.0,1618.4329670204804,1504.0737,1561.2533487446153,1601.2790906929945
M32770,cold_start,Industry,1906-01-01,2485.0,1359.0332433986296,1553.9719,1456.5025836133773,1388.2740515665696
M32770,cold_start,Industry,1906-02-01,2022.0,2106.6134109673926,1539.7153,1823.1643714993213,2021.578705230487
M32770,cold_start,Industry,1906-03-01,2458.0,1902.281266436933,1261.7112,1581.996224038779,1806.1957598210026
M32770,cold_start,Industry,1906-04-01,2816.0,2575.0866445072934,1012.22034,1793.653490710678,2340.656701420067
M33122,cold_start,Industry,1904-10-01,5512.4,6189.860995690437,5884.459,6037.159990032718,6144.050730614216
M33122,cold_start,Industry,1904-11-01,6358.5,5762.21134568891,6213.6597,5987.93550682883,5829.928655066043
M33122,cold_start,Industry,1904-12-01,5610.0,6280.214728139387,6131.3594,6205.787051569694,6257.886437375511
M33122,cold_start,Industry,1905-01-01,5512.4,5770.217591437256,6131.3594,5950.788483218628,5824.388871178699
M33122,cold_start,Industry,1905-02-01,5561.5,5683.577255302863,6419.41,6051.493705776431,5793.952227066027
M33122,cold_start,Industry,1905-03-01,5610.0,5496.564715323188,6295.96,5896.262338130344,5616.47405099346
M33122,cold_start,Industry,1905-04-01,5398.3,5730.331834471309,6337.11,6033.720848876279,5821.348587620925
M33122,cold_start,Industry,1905-05-01,5205.6,5570.539327521932,6378.26,5974.399546573466,5691.697442065518
M33122,cold_start,Industry,1905-06-01,5398.3,5377.296434641131,6398.835,5888.065697789316,5530.527225792618
M33122,cold_start,Industry,1905-07-01,4766.1,5570.4838362933915,6584.01,6077.246800959196,5722.512762314227
M33122,cold_start,Industry,1905-08-01,5205.6,5059.255565312694,6542.86,5801.057714296972,5281.796246629071
M33122,cold_start,Industry,1905-09-01,5534.5,5400.214466601837,6522.285,5961.249811425918,5568.525131084218
M33122,cold_start,Industry,1905-10-01,4766.1,5410.218995011617,6666.3105,6038.264770943309,5598.6327399981565
M33122,cold_start,Industry,1905-11-01,5469.0,5105.248533575201,6460.56,5782.904296084475,5308.545298949078
M33122,cold_start,Industry,1905-12-01,5107.4,5472.281640223134,6584.01,6028.145702924066,5639.040895654508
M33122,cold_start,Industry,1906-01-01,5469.0,5113.870892410299,6419.41,5766.64052433015,5309.701818607348
M33122,cold_start,Industry,1906-02-01,4858.9,5426.373825872148,6337.11,5881.741844576699,5562.984280311639
M33122,cold_start,Industry,1906-03-01,5107.4,5127.777304203139,6439.985,5783.881083742194,5324.608450271887
M33419,cold_start,Industry,1904-10-01,4894.01,4947.363950366857,5008.716,4978.039885339678,4956.566730858704
M33419,cold_start,Industry,1904-11-01,5711.46,4914.769672653331,5175.1685,5044.969064842291,4953.829551345176
M33419,cold_start,Industry,1904-12-01,5889.06,5774.968034812437,5326.4893,5550.728646312468,5707.696279297603
M33419,cold_start,Industry,1905-01-01,6548.33,5575.038062861751,5129.7725,5352.405261899626,5508.248234780145
M33419,cold_start,Industry,1905-02-01,6359.03,6194.590131447975,5220.565,5707.577536427112,6048.4863895628105
M33419,cold_start,Industry,1905-03-01,6142.65,6260.037739251178,4948.1875,5604.112619625589,6063.260227777565
M33419,cold_start,Industry,1905-04-01,4814.7,6069.815943365705,4978.452,5524.134045901603,5906.111374126474
M33419,cold_start,Industry,1905-05-01,5723.76,5259.453561737543,4902.7915,5081.122532821897,5205.954289683943
M33419,cold_start,Industry,1905-06-01,5174.26,5495.829531332651,4902.7915,5199.31051761945,5406.8738638397845
M33419,cold_start,Industry,1905-07-01,5217.38,5200.5989658151675,4887.659,5044.129072751333,5153.658046724143
M33419,cold_start,Industry,1905-08-01,4867.71,5333.74316066789,4902.791,5118.2670881464455,5269.100387739582
M33419,cold_start,Industry,1905-09-01,4050.39,5002.389024791956,4569.8857,4786.137383489728,4937.513581229413
M33419,cold_start,Industry,1905-10-01,5284.38,4397.337309676382,4978.452,4687.894729056941,4484.50453549055
M33419,cold_start,Industry,1905-11-01,5189.89,5365.549931072171,4872.5273,5119.038637411086,5291.59659180197
M33419,cold_start,Industry,1905-12-01,5750.47,5379.088718894665,5341.621,5360.354906322333,5373.4686361581225
M33419,cold_start,Industry,1906-01-01,5441.41,5778.160979937814,5205.4326,5491.7967985626565,5692.251774353393
M33419,cold_start,Industry,1906-02-01,5376.57,5649.482234608719,4933.0557,5291.26894933561,5542.01827344085
M33419,cold_start,Industry,1906-03-01,6120.26,5450.653301351454,5190.301,5320.477041300726,5411.600472164361
M33440,short,Industry,1913-02-01,4529.4,3405.700456418245,2818.2368,3111.968636412247,3317.5809226234774
M33440,short,Industry,1913-03-01,3371.1,4193.717525328039,2545.5042,3369.610837859332,3946.4855190874277
M33440,short,Industry,1913-04-01,3338.5,3483.818425423252,2753.3005,3118.5594812663135,3374.240748279686
M33440,short,Industry,1913-05-01,1603.5,3475.823996244834,2896.1604,3185.992198317729,3388.874469073734
M33440,short,Industry,1913-06-01,5669.6,2094.4899482587425,2558.4917,2326.4908237387463,2164.0902292132905
M33440,short,Industry,1913-07-01,3043.1,4046.4883932487023,2571.4788,3308.983576507164,3825.236966536788
M33440,short,Industry,1913-08-01,3744.7,3233.9913877091444,2649.4023,2941.696865729572,3146.30304942582
M33440,short,Industry,1913-09-01,2380.1,4134.405698439266,2506.5425,3320.474089454008,3890.2262279507204
M33440,short,Industry,1913-10-01,2102.6,3427.811762791221,2688.3643,3058.088010301861,3316.8946675619914
M33440,short,Industry,1913-11-01,2592.5,3311.2663111531224,3766.3071,3538.786720029686,3379.5224704371853
M33440,short,Industry,1913-12-01,2685.9,3510.2556347687932,4181.9,3846.0777685562716,3611.002323733162
M33440,short,Industry,1914-01-01,8086.7,2962.7660932743793,3194.8677,3078.8168845278146,2997.5813428574415
M33440,short,Industry,1914-02-01,3061.6,4315.383823962603,2753.3005,3534.342180535989,4081.071337038135
M33440,short,Industry,1914-03-01,6760.7,3813.8337293329655,2519.5298,3166.681757244608,3619.688143809974
M33440,short,Industry,1914-04-01,2445.9,4713.834118463245,2298.7463,3506.290228176935,4351.570951377353
M33440,short,Industry,1914-05-01,2961.7,3636.757552444112,2454.5933,3045.6754070814313,3459.4329149388236
M33440,short,Industry,1914-06-01,7420.2,5631.714772583294,2324.7207,3978.217737854147,5135.665686578613
M33440,short,Industry,1914-07-01,6002.0,4920.954871078515,2454.5933,3687.7740663986324,4551.000635778066
M33767,short,Industry,1913-02-01,1150.945,1312.6886193584844,1143.7861,1228.237376085492,1287.353258583618
M33767,short,Industry,1913-03-01,1216.136,1191.1623737938528,1149.8701,1170.5162454906763,1184.9685475099313
M33767,short,Industry,1913-04-01,995.034,1242.4807143718479,1076.8625,1159.6716315999865,1217.6379956438052
M33767,short,Industry,1913-05-01,1102.821,1131.341690267886,1186.374,1158.857856852693,1139.5965524503595
M33767,short,Industry,1913-06-01,1229.95,1119.8141431846543,1259.3816,1189.5978674907647,1140.7492635282454
M33767,short,Industry,1913-07-01,1306.807,1282.1689919231485,1326.3052,1304.2370838521992,1288.7894286571373
M33767,short,Industry,1913-08-01,1292.555,1242.6263106607844,1308.0533,1275.3398276936734,1252.4403718741669
M33767,short,Industry,1913-09-01,1151.455,1237.7111822028273,1277.6335,1257.6723635623512,1243.6995396624425
M33767,short,Industry,1913-10-01,1090.936,1162.4868128303567,1241.1296,1201.808225751116,1174.2832397583425
M33767,short,Industry,1913-11-01,1167.993,1178.1992621863603,1277.6334,1227.9163425189613,1193.1143923896564
M33767,short,Industry,1913-12-01,1133.534,1160.433407610757,1283.7175,1222.075468453816,1178.9260289154327
M33767,short,Industry,1914-01-01,1122.478,1182.4593937756908,1216.7937,1199.626547473783,1187.6095429368766
M33767,short,Industry,1914-02-01,1164.819,1154.967942912825,1137.7021,1146.3350456751625,1152.3780859485578
M33767,short,Industry,1914-03-01,1068.011,1157.7172806613362,1162.0381,1159.877683299418,1158.365413659792
M33767,short,Industry,1914-04-01,859.975,1134.8144149018203,1168.1221,1151.4682426071602,1139.8105754204535
M33767,short,Industry,1914-05-01,1020.89,990.1320714515117,1216.7937,1103.4628863116934,1024.1313189613243
M33767,short,Industry,1914-06-01,1080.934,1076.5576259831885,1320.2212,1198.3894086947194,1113.1071699519212
M33767,short,Industry,1914-07-01,1119.886,1106.8510315771618,1368.893,1237.8719879565497,1146.1573306980094
M3405,long_history,Macro,1928-01-01,5026.944849,5382.605827819346,5128.414,5255.5099451596725,5344.477099642539
M3405,long_history,Macro,1928-02-01,5323.157704,5791.610326557728,5266.68,5529.145251169489,5712.870852769382
M3405,long_history,Macro,1928-03-01,5260.865783,5894.2274247323585,5228.971,5561.599308069304,5794.439014147505
M3405,long_history,Macro,1928-04-01,5328.736513,5694.26533815669,5279.25,5486.757669078344,5632.013049640218
M3405,long_history,Macro,1928-05-01,5363.794543,5739.477727435169,5304.389,5521.9334437957095,5674.214454550363
M3405,long_history,Macro,1928-06-01,5333.74023,5761.569828523515,5279.25,5520.409914261758,5689.22186645202
M3405,long_history,Macro,1928-07-01,5337.104588,5739.477727435169,5266.68,5503.0789516082095,5668.558143515207
M3405,long_history,Macro,1928-08-01,5198.209896,5739.477727435169,5316.959,5528.2183559050845,5676.099952597238
M3405,long_history,Macro,1928-09-01,5407.402908,5599.153253682055,5266.68,5432.916714731653,5549.28234082506
M3405,long_history,Macro,1928-10-01,5236.322541,5864.012704146388,5329.529,5596.77075637007,5783.84018084865
M3405,long_history,Macro,1928-11-01,5279.244313,5694.26533815669,5203.832,5449.048684703344,5620.700366534749
M3405,long_history,Macro,1928-12-01,5040.896162,5703.786554141712,5103.275,5403.530728242731,5613.709842993112
M3405,long_history,Macro,1929-01-01,5227.476584,5527.235462879912,5228.971,5378.103327143081,5482.495846572926
M3405,long_history,Macro,1929-02-01,5268.864834,5931.934800310842,5354.668,5643.301384530421,5845.344836611872
M3405,long_history,Macro,1929-03-01,5485.507167,5694.26533815669,5404.9463,5549.605813609594,5650.867541827718
M3405,long_history,Macro,1929-04-01,5296.315131,5864.012704146388,5442.6553,5653.333988791945,5800.809113954118
M3405,long_history,Macro,1929-05-01,5356.630796,5739.477727435169,5480.3643,5609.9209926238345,5700.610755819895
M3405,long_history,Macro,1929-06-01,5401.72976,5797.261001816972,5455.225,5626.243049736611,5745.955665020989
M3419,medium,Macro,1922-08-01,6698.64176,6718.456510773983,6730.457,6724.456771011992,6720.256637673511
M3419,medium,Macro,1922-09-01,6652.44421,6696.6831150088565,6680.23,6688.456547738803,6694.215193655966
M3419,medium,Macro,1922-10-01,6675.10644,6691.7679865509,6680.23,6685.998983509825,6690.037334466703
M3419,medium,Macro,1922-11-01,6697.23064,6691.7679865509,6730.457,6711.11250890045,6697.571392083891
M3419,medium,Macro,1922-12-01,6678.29262,6694.484113500321,6730.457,6712.47057237516,6699.880099990898
M3419,medium,Macro,1923-01-01,6731.29313,6648.264122711028,6705.3438,6676.803936355514,6656.826079011405
M3419,medium,Macro,1923-02-01,6731.84322,6664.636737836251,6655.116,6659.876474386876,6663.208683215502
M3419,medium,Macro,1923-03-01,6757.21672,6691.7679865509,6705.3438,6698.55586827545,6693.804363275297
M3419,medium,Macro,1923-04-01,6735.20778,6691.7679865509,6705.3438,6698.55586827545,6693.804363275297
M3419,medium,Macro,1923-05-01,6811.47601,6691.7679865509,6680.23,6685.998983509825,6690.037334466703
M3419,medium,Macro,1923-06-01,6852.28102,6809.498103738122,6705.3438,6757.420926869061,6793.874962884435
M3419,medium,Macro,1923-07-01,6776.12595,6836.186627961205,6680.23,6758.208304214977,6812.793179665462
M3419,medium,Macro,1923-08-01,6892.38188,6831.271499503248,6655.116,6743.193855220374,6804.8482306324495
M3419,medium,Macro,1923-09-01,6854.21809,6836.186627961205,6680.23,6758.208304214977,6812.793179665462
M3419,medium,Macro,1923-10-01,6761.49185,6836.186627961205,6655.116,6745.651419449352,6809.026089821712
M3419,medium,Macro,1923-11-01,6884.72774,6718.456510773983,6655.116,6686.786360855742,6708.955490212574
M3419,medium,Macro,1923-12-01,6825.25104,6817.1293591455,6655.116,6736.1227850415,6792.827411328362
M3419,medium,Macro,1924-01-01,6834.86871,6770.909368356207,6604.8887,6687.899020115603,6746.006300505121
M3423,medium,Macro,1922-08-01,6049.80659,5986.8094478108815,5976.5664,5981.687927030441,5985.273015990812
M3423,medium,Macro,1922-09-01,6008.38546,6058.606606831615,6018.9536,6038.780110056432,6052.6586944201545
M3423,medium,Macro,1922-10-01,5999.86231,5981.894319352925,6018.9536,6000.423966317087,5987.453250063268
M3423,medium,Macro,1922-11-01,6049.78916,5981.894319352925,6061.3403,6021.617325692087,5993.81128228983
M3423,medium,Macro,1922-12-01,6032.67038,6061.322733781036,6061.3403,6061.3315329061425,6061.325434553724
M3423,medium,Macro,1923-01-01,6093.94678,6027.1179546946305,6018.9536,6023.03578398794,6025.8933401037175
M3423,medium,Macro,1923-02-01,6053.30881,6044.788389508267,6018.9536,6031.871001394758,6040.913209695309
M3423,medium,Macro,1923-03-01,6080.72947,6058.606606831615,5997.76,6028.183186228307,6049.479617271717
M3423,medium,Macro,1923-04-01,6050.37423,6094.48217759236,6061.3403,6077.911254811805,6089.51096179335
M3423,medium,Macro,1923-05-01,6045.84255,6066.572680428393,6061.3403,6063.956506229822,6065.787889203978
M3423,medium,Macro,1923-06-01,6151.06714,6058.606606831615,6018.9536,6038.780110056432,6052.6586944201545
M3423,medium,Macro,1923-07-01,6003.25739,6144.146948788274,5997.76,6070.9533572066375,6122.1889079348775
M3423,medium,Macro,1923-08-01,6168.53963,6028.998222194979,6061.3403,6045.169277113115,6033.849599705576
M3423,medium,Macro,1923-09-01,6131.16307,6213.638239772113,6061.3403,6137.489285901682,6190.79361464614
M3423,medium,Macro,1923-10-01,6045.52796,6144.146948788274,6061.3403,6102.7436404097625,6131.7260173098775
M3423,medium,Macro,1923-11-01,6143.45704,6105.710509673669,6018.9536,6062.332061477459,6092.6970118359
M3423,medium,Macro,1923-12-01,6103.34393,6153.176279361047,6018.9536,6086.064946321148,6133.0429160701715
M3423,medium,Macro,1924-01-01,6051.01731,6114.056371816685,6082.534,6098.2952757520925,6109.328104032464
M34365,cold_start,Industry,1905-01-01,2248.82,2347.322101212137,3003.8875,2675.6047761920063,2445.806915913129
M34365,cold_start,Industry,1905-02-01,2350.76,2575.5220580719456,3029.3442,2802.4331481765976,2643.595391206857
M34365,cold_start,Industry,1905-03-01,1925.07,2578.4318201386754,2876.604,2727.517912022463,2623.15767822139
M34365,cold_start,Industry,1905-04-01,2998.04,2238.4367024596995,2914.7893,2576.6130045501623,2339.889611397385
M34365,cold_start,Industry,1905-05-01,2286.25,2884.331443263019,2914.789,2899.5602528815098,2888.900110562629
M34365,cold_start,Industry,1905-06-01,2998.04,2483.6664219288305,2965.7026,2724.6845293237902,2555.97186635435
M34365,cold_start,Industry,1905-07-01,2398.75,3033.5849584655657,2787.5059,2910.545408920283,2996.673099705497
M34365,cold_start,Industry,1905-08-01,2286.25,2492.8469812921676,2940.2458,2716.5464154507713,2559.956829850296
M34365,cold_start,Industry,1905-09-01,2823.35,2520.1489419618533,2723.8643,2622.006599887177,2550.706251546482
M34365,cold_start,Industry,1905-10-01,2398.75,2811.2878588999406,2965.7026,2888.4952478093455,2834.4500877797936
M34365,cold_start,Industry,1905-11-01,2710.77,2559.931733868095,2749.3208,2654.6262673246724,2588.3401061120994
M34365,cold_start,Industry,1905-12-01,2416.12,2738.7510872323865,2838.419,2788.585016272443,2753.7012720479192
M34365,cold_start,Industry,1906-01-01,2710.77,2471.01828786536,2736.5925,2603.8054085811173,2510.854436287119
M34365,cold_start,Industry,1906-02-01,2377.48,2692.8212353798403,2851.1475,2771.9843481586704,2716.5701997310675
M34365,cold_start,Industry,1906-03-01,2416.12,2433.4635659200485,2876.604,2655.0337849131492,2499.934662135557
M34365,cold_start,Industry,1906-04-01,2719.82,2465.818395930391,2889.3325,2677.5754577308207,2529.3455388845828
M34365,cold_start,Industry,1906-05-01,2377.48,2692.8212353798403,2685.6792,2689.2502172992954,2691.749948266224
M34365,cold_start,Industry,1906-06-01,1993.94,2471.01828786536,2672.951,2571.9846077998673,2501.3082021562595
M34482,short,Industry,1905-06-01,9987.017,9058.387774222196,8885.721,8972.054238673598,9032.487762385743
M34482,short,Industry,1905-07-01,7983.295,9978.14496005742,8885.721,9431.93283159121,9814.281370345683
M34482,short,Industry,1905-08-01,8979.311,8473.411480241415,8885.721,8679.566091683208,8535.257912502078
M34482,short,Industry,1905-09-01,10938.306,9114.760395610294,8885.721,9000.240549367647,9080.404490565626
M34482,short,Industry,1905-10-01,7983.295,9971.773771406768,8954.603,9463.188155234635,9819.198135383254
M34482,short,Industry,1905-11-01,8501.423,8741.248397788624,9471.214,9106.231132488061,8850.74326702658
M34482,short,Industry,1905-12-01,9604.326,9430.998961500827,9023.484,9227.241668250414,9369.871822353829
M34482,short,Industry,1906-01-01,8501.423,9126.338002951978,9402.332,9264.335017100988,9167.737156024807
M34482,short,Industry,1906-02-01,5813.451,8564.120333085662,9781.181,9172.650498574081,8746.67940714625
M34482,short,Industry,1906-03-01,9604.326,7659.7100396873875,9092.365,8376.037637031193,7874.608392132717
M34482,short,Industry,1906-04-01,10168.217,9035.854302876001,9299.01,9167.432034250502,9075.327719944602
M34482,short,Industry,1906-05-01,5813.451,9576.979324762318,9436.773,9506.876381131158,9555.948539329222
M34482,short,Industry,1906-06-01,6657.523,8286.17666321668,9574.536,8930.35639801459,8479.430583656052
M34482,short,Industry,1906-07-01,7269.583,7958.653852387113,9195.6875,8577.170676193557,8144.20892394311
M34482,short,Industry,1906-08-01,6665.281,7681.356359428417,9471.214,8576.285113307958,7949.8350344204055
M34482,short,Industry,1906-09-01,6307.157,7440.075275087549,9815.622,8627.848672700024,7796.407367613479
M34482,short,Industry,1906-10-01,7229.434,7100.933226033857,9367.892,8234.412413798178,7440.977080019404
M34482,short,Industry,1906-11-01,8320.063,7463.860300195663,9540.096,8501.97800166033,7775.295659463189
M34506,short,Industry,1905-05-01,958.06,764.3957032555401,820.33203,792.36386725277,772.7861600841037
M34506,short,Industry,1905-06-01,745.37,950.1355758477605,749.76587,849.9507224941927,920.0801213675692
M34506,short,Industry,1905-07-01,1171.2,750.8940013085105,767.4075,759.1507360058177,753.3710232435816
M34506,short,Industry,1905-08-01,958.06,1083.948165817646,833.56323,958.7556991197605,1046.3904334376748
M34506,short,Industry,1905-09-01,1097.95,1045.9134489936428,824.74243,935.3279403171339,1012.7378040200847
M34506,short,Industry,1905-10-01,1171.2,1070.4464638706163,749.76587,910.1061665056206,1022.3443761869966
M34506,short,Industry,1905-11-01,887.17,1139.7295433597774,771.8178,955.7736767091856,1084.5427864163578
M34506,short,Industry,1905-12-01,1135.67,1035.127873996034,740.94507,888.0364711777045,991.000454676414
M34506,short,Industry,1906-01-01,887.17,1082.2254653774785,855.6152,968.9203193586611,1048.2339307271068
M34506,short,Industry,1906-02-01,743.02,1045.9134489936428,824.74243,935.3279403171339,1012.7378040200847
M34506,short,Industry,1906-03-01,1135.67,813.793362671777,873.2567,843.5250382694823,822.7128684028464
M34506,short,Industry,1906-04-01,957.21,1070.4464638706163,811.51135,940.9789082048394,1031.60620174852
M34506,short,Industry,1906-05-01,743.02,1045.9134489936428,842.384,944.1487105808058,1015.3840289956706
M34506,short,Industry,1906-06-01,917.98,813.793362671777,864.4359,839.1146378788573,821.3897482856589
M34506,short,Industry,1906-07-01,749.68,934.4231264917569,908.53986,921.4814912243941,930.5406481185794
M34506,short,Industry,1906-08-01,918.25,764.3957032555401,899.719,832.0573486980825,784.6942029918185
M34506,short,Industry,1906-09-01,658.52,927.2327100882446,899.71906,913.4758826320129,923.1056740584064
M34506,short,Industry,1906-10-01,749.64,771.5861196590523,785.049,778.3175654447605,773.6055564465227
M3461,medium,Macro,1919-11-01,5160.63252,5182.438205133648,5217.614,5200.0259873324485,5187.714564207351
M3461,medium,Macro,1919-12-01,4697.56405,5163.601787365116,5235.9854,5199.793569463808,5174.459346408787
M3461,medium,Macro,1920-01-01,4889.101,4890.6172670162,5125.754,5008.1855866331,4925.887775108301
M3461,medium,Macro,1920-02-01,5468.48797,4994.006967207006,5070.6387,5032.322819541003,5005.501747321267
M3461,medium,Macro,1920-03-01,4954.11281,5373.9224058455375,5144.126,5259.024191204018,5339.453002488239
M3461,medium,Macro,1920-04-01,5084.08111,5045.942298765197,4905.292,4975.617145476348,5024.844777192606
M3461,medium,Macro,1920-05-01,6166.21743,5154.2753446596835,5052.2666,5103.270973111092,5138.9740698162
M3461,medium,Macro,1920-06-01,6446.61313,5746.812460550059,5217.6133,5482.21287090003,5667.432620276144
M3461,medium,Macro,1920-07-01,6001.76159,5945.521151546259,5382.961,5664.241044523129,5861.137131646352
M3461,medium,Macro,1920-08-01,5728.48268,5851.749745989127,5585.0513,5718.400507760189,5811.745035555603
M3461,medium,Macro,1920-09-01,6515.76736,5759.377055561753,5621.795,5690.585988718376,5738.739784336865
M3461,medium,Macro,1920-10-01,6541.80565,6316.173352401445,5493.1924,5904.682867606973,6192.726231377166
M3461,medium,Macro,1920-11-01,5503.08762,6330.565829278366,5419.7046,5875.135209561058,6193.936704398331
M3461,medium,Macro,1920-12-01,5063.60168,5756.574382791623,5585.0513,5670.8128261614365,5730.845976837724
M3461,medium,Macro,1921-01-01,5822.58316,5247.039583965151,5382.961,5315.000260732575,5267.42779920241
M3461,medium,Macro,1921-02-01,5855.2455,5618.411385383398,5438.076,5528.243778629199,5591.361164392295
M3461,medium,Macro,1921-03-01,5447.81752,5667.319218937911,5272.7295,5470.024355562706,5608.130820960506
M3461,medium,Macro,1921-04-01,5488.2563,5588.689656052714,5199.241,5393.9654334951065,5530.272438113558
M34646,cold_start,Industry,1904-04-01,1704.0,2115.513054462419,1964.8433,2040.1781580905845,2092.9125977579
M34646,cold_start,Industry,1904-05-01,3466.0,1826.7978034849266,1798.331,1812.5644290862133,1822.5277972688284
M34646,cold_start,Industry,1904-06-01,1991.0,3007.8948053161644,1978.1641,2493.029433908082,2853.43519389374
M34646,cold_start,Industry,1904-07-01,1753.0,2054.9788316084932,1465.3068,1760.1427971519029,1966.528027375032
M34646,cold_start,Industry,1904-08-01,3466.0,2346.426796055165,1511.9302,1929.1784859182076,2221.2523121693516
M34646,cold_start,Industry,1904-09-01,1168.0,2803.7051369452242,1518.5906,2161.1478565585494,2610.93795588098
M34646,cold_start,Industry,1904-10-01,2561.0,1544.458011356809,1412.023,1478.2404802877795,1524.5927611913737
M34646,cold_start,Industry,1904-11-01,1168.0,2944.294619855546,1398.7019,2171.4982620762103,2712.4557247287767
M34646,cold_start,Industry,1904-12-01,2711.0,1330.9840404701322,1605.177,1468.0805212116286,1372.1129999513703
M34646,cold_start,Industry,1905-01-01,2561.0,2797.7653706992987,1338.7576,2068.261469529337,2578.914209503584
M34646,cold_start,Industry,1905-02-01,1183.0,2318.35879781538,1651.8003,1985.079545392065,2218.3750281919015
M34646,cold_start,Industry,1905-03-01,2711.0,1767.5345925475892,1398.7019,1583.1182484222322,1712.2097015170134
M34646,cold_start,Industry,1905-04-01,2857.0,2311.150246129093,1451.9858,1881.5680429864215,2182.2755912898074
M34646,cold_start,Industry,1905-05-01,1396.0,2641.6479722562076,1505.2698,2073.458873823416,2471.1912579851596
M34646,cold_start,Industry,1905-06-01,2857.0,1730.7298185267566,1551.8931,1641.3114424665032,1703.9043118121965
M34646,cold_start,Industry,1905-07-01,2246.0,2507.3144176707788,1651.8003,2079.5573553197646,2378.9873050689903
M34646,cold_start,Industry,1905-08-01,1396.0,2577.5823204189132,1511.9302,2044.7562481000816,2417.7345078785374
M34646,cold_start,Industry,1905-09-01,1985.0,1486.1255635331354,1471.9673,1479.0464243446927,1484.001833983634
M34707,cold_start,Industry,1904-03-01,983.533,738.379952053297,717.8528,728.116367628211,735.3008843551657
M34707,cold_start,Industry,1904-04-01,696.699,971.8334022037438,751.50214,861.6677692171063,938.7837184112683
M34707,cold_start,Industry,1904-05-01,928.245,849.475341972551,803.8456,826.6604615136192,842.6308839383871
M34707,cold_start,Industry,1904-06-01,983.533,971.2948118642067,815.062,893.1784117914783,947.859897945904
M34707,cold_start,Industry,1904-07-01,2029.417,1014.7549559294694,815.062,914.9084838241097,984.8010204013772
M34707,cold_start,Industry,1904-08-01,928.245,1793.4125744244418,852.4502,1322.931384868471,1652.2682190835296
M34707,cold_start,Industry,1904-09-01,563.869,1313.9015317072174,882.3607,1098.1311247403273,1249.1704126689083
M34707,cold_start,Industry,1904-10-01,1475.849,654.1303488289406,882.3607,768.245533301189,688.364907222373
M34707,cold_start,Industry,1904-11-01,563.869,1272.309249446746,886.0995,1079.2043683757167,1214.3777942807108
M34707,cold_start,Industry,1904-12-01,707.238,937.9345702493841,897.31604,917.6253051442234,931.8417968213516
M34707,cold_start,Industry,1905-01-01,1475.849,890.892425222519,919.7489,905.3206632948533,895.220902747735
M34707,cold_start,Industry,1905-02-01,1864.932,1260.2460411157554,859.92786,1060.086948780534,1200.1983164669468
M34707,cold_start,Industry,1905-03-01,707.238,1630.2757543339249,856.189,1243.2323901064156,1514.162751169188
M34707,cold_start,Industry,1905-04-01,905.161,1083.6760639303318,871.1443,977.4101755198534,1051.7963004589462
M34707,cold_start,Industry,1905-05-01,2509.606,1015.6622481160357,818.80084,917.231545200596,986.1330402931617
M34707,cold_start,Industry,1905-06-01,905.161,1824.9037903758378,874.88306,1349.8934235082315,1682.4006894708295
M34707,cold_start,Industry,1905-07-01,338.377,1491.3935924631419,874.88306,1183.1383245518834,1398.9170212450379
M34707,cold_start,Industry,1905-08-01,2509.606,498.12019139422546,837.49493,667.8075627381284,549.0264073750332
M34747,short,Industry,1905-05-01,3767.934,3221.722449639708,3476.4414,3349.081927944854,3259.9303297523456
M34747,short,Industry,1905-06-01,3172.231,3559.516049019609,3520.3086,3539.9123213848043,3553.634967350262
M34747,short,Industry,1905-07-01,3098.428,3307.9411623519077,3432.5747,3370.257934691579,3326.636218467872
M34747,short,Industry,1905-08-01,3767.934,3221.722449639708,3619.0088,3420.365619351104,3281.315400553127
M34747,short,Industry,1905-09-01,3851.688,3612.982331077817,3542.2417,3577.6120151482837,3602.371285127082
M34747,short,Industry,1905-10-01,3098.428,3734.4231151564272,3629.9756,3682.1993505469636,3718.7559857735887
M34747,short,Industry,1905-11-01,3108.256,3327.0550466011377,3586.109,3456.5819666599436,3365.913171446905
M34747,short,Industry,1905-12-01,3526.305,3224.438576589129,3509.3416,3366.890064661752,3267.174035217947
M34747,short,Industry,1906-01-01,3108.256,3542.8108264051057,3586.109,3564.459856561928,3549.305584280278
M34747,short,Industry,1906-02-01,2666.911,3307.9411623519077,3531.2754,3419.608276488454,3341.4413332139657
M34747,short,Industry,1906-03-01,3526.305,2815.5829109657298,3509.3416,3162.4622318500524,2919.646719438058
M34747,short,Industry,1906-04-01,3821.331,3436.877766709726,3432.5747,3434.726236870488,3436.2323321720173
M34747,short,Industry,1906-05-01,2666.911,3564.574691582183,3399.6748,3482.1247481348414,3539.839720755012
M34747,short,Industry,1906-06-01,2358.382,2945.3432139994015,3377.7415,3161.5423345387635,3010.202956264726
M34747,short,Industry,1906-07-01,2960.239,2671.7557140602603,3399.6748,3035.71525937388,2780.943589861378
M34747,short,Industry,1906-08-01,2358.382,3092.524711887195,3147.441,3119.9828149279724,3100.7621550064596
M34747,short,Industry,1906-09-01,3447.733,2702.625078739793,3026.8074,2864.716225893334,2751.252435092887
M34747,short,Industry,1906-10-01,2960.239,3393.4444524277437,2873.2734,3133.358944963872,3315.4188123956137
M34779,cold_start,Industry,1904-03-01,1351.347,1917.0830555165837,1797.2169,1857.1499872309482,1899.1031472379245
M34779,cold_start,Industry,1904-04-01,1889.438,1598.2464837495772,1817.7958,1708.0211300583824,1631.1788837457345
M34779,cold_start,Industry,1904-05-01,2094.451,1904.9489366844116,1948.1282,1926.5385552562684,1911.425834463
M34779,cold_start,Industry,1904-06-01,1351.347,2039.8768489312274,1879.5322,1959.7045377468637,2015.8251616794341
M34779,cold_start,Industry,1904-07-01,1962.686,1656.5019092231485,1810.9362,1733.7190332248556,1679.6670647342075
M34779,cold_start,Industry,1904-08-01,2094.451,1975.2511272099437,1893.2513,1934.2512349916906,1962.9511595444678
M34779,cold_start,Industry,1904-09-01,1930.11,2030.7821386297876,1776.6382,1903.7101611117687,1992.660545374382
M34779,cold_start,Industry,1904-10-01,2105.575,1976.9280390477036,1838.3745,1907.6512753832267,1956.1450282589076
M34779,cold_start,Industry,1904-11-01,1930.11,2071.574549759638,1865.813,1968.693769020444,2040.71031553788
M34779,cold_start,Industry,1904-12-01,1797.778,1990.3822759622517,1817.7958,1904.0890261647196,1964.494307126508
M34779,cold_start,Industry,1905-01-01,2105.575,1844.0939246722965,1817.7957,1830.9447894845857,1840.1492085300458
M34779,cold_start,Industry,1905-02-01,1854.469,2002.2313809657057,1906.9706,1954.6009810101966,1987.9422670825688
M34779,cold_start,Industry,1905-03-01,1797.778,1821.795918894993,1948.1282,1884.962046361559,1840.7457693419942
M34779,cold_start,Industry,1905-04-01,1937.16,1825.5928589281598,1810.9362,1818.2645080773611,1823.3943719834672
M34779,cold_start,Industry,1905-05-01,1878.617,1962.7715061540105,1913.8302,1938.3008531746614,1955.4303346742684
M34779,cold_start,Industry,1905-06-01,1937.16,1872.8923476668276,1865.813,1869.352667974039,1871.8304437589911
M34779,cold_start,Industry,1905-07-01,1578.881,1929.6281012610286,1817.7958,1873.7119388141082,1912.8532586304682
M34779,cold_start,Industry,1905-08-01,1878.617,1705.977065330204,1906.9706,1806.4738231924457,1736.1260987923922
M34786,cold_start,Industry,1905-01-01,4787.0,4054.8358014853966,3607.7505,3831.2931448833233,3987.7730289188376
M34786,cold_start,Industry,1905-02-01,5575.0,4258.205640072014,3445.4639,3851.834753629757,4136.294374139337
M34786,cold_start,Industry,1905-03-01,4515.0,5494.164922486044,3532.8489,4513.506899719585,5199.9675522772
M34786,cold_start,Industry,1905-04-01,4959.0,4666.561595551975,3432.9805,4049.7710321509876,4481.52443873871
M34786,cold_start,Industry,1905-05-01,4868.0,4724.0625085602505,3457.9475,4091.0050091629378,4534.145270948088
M34786,cold_start,Industry,1905-06-01,3353.0,4815.284083578,3520.3655,4167.824781046813,4621.046341646769
M34786,cold_start,Industry,1905-07-01,3899.0,3855.639102799533,3445.4639,3650.551484993516,3794.1128174577284
M34786,cold_start,Industry,1905-08-01,3091.0,3838.2139617934217,3070.9573,3454.5856185920234,3723.125483247065
M34786,cold_start,Industry,1905-09-01,2727.0,3396.196120975638,3495.3982,3445.7971571675066,3411.0764562472614
M34786,cold_start,Industry,1905-10-01,2091.0,3219.7636998165426,3570.2998,3395.0317522520213,3272.344127754218
M34786,cold_start,Industry,1905-11-01,1091.0,2931.6038580919817,3245.727,3088.6654544366156,2978.7223492024036
M34786,cold_start,Industry,1905-12-01,3616.0,2058.875765511454,3295.6611,2677.268449161977,2244.3935828136428
M34786,cold_start,Industry,1906-01-01,4101.0,3075.56611799841,3795.004,3435.285012124205,3183.481810650211
M34786,cold_start,Industry,1906-02-01,2969.0,3440.6655389590487,3520.3652,3480.5153866670244,3452.620517685504
M34786,cold_start,Industry,1906-03-01,5222.0,3277.663413986939,3682.6519,3480.157634727844,3338.4117290373356
M34786,cold_start,Industry,1906-04-01,4606.0,4334.708217369913,3021.023,3677.8655832943314,4137.655457664817
M34786,cold_start,Industry,1906-05-01,3939.0,4128.260602315705,3008.539,3568.3998324078525,3960.3023957574123
M34786,cold_start,Industry,1906-06-01,3363.0,4179.21654486231,3070.957,3625.086788056155,4012.977648338042
M34820,medium,Industry,1919-12-01,2610.0,3117.7438836297906,2605.858,2861.8008968930203,3040.9609937122755
M34820,medium,Industry,1920-01-01,2620.0,2816.9174745029136,2605.858,2711.387692329582,2785.25854595443
M34820,medium,Industry,1920-02-01,2620.0,2648.745830483261,2605.858,2627.301870319756,2642.312648537725
M34820,medium,Industry,1920-03-01,2620.0,2648.745830483261,2605.858,2627.301870319756,2642.312648537725
M34820,medium,Industry,1920-04-01,2620.0,2702.5848468465433,2605.858,2654.2213785013964,2688.075812446515
M34820,medium,Industry,1920-05-01,2620.0,2702.5848468465433,2605.858,2654.2213785013964,2688.075812446515
M34820,medium,Industry,1920-06-01,2620.0,2702.5848468465433,2605.858,2654.2213785013964,2688.075812446515
M34820,medium,Industry,1920-07-01,2620.0,2824.2785709809286,2605.858,2715.0682405685893,2791.515477960743
M34820,medium,Industry,1920-08-01,2620.0,2824.2785709809286,2605.858,2715.0682405685893,2791.515477960743
M34820,medium,Industry,1920-09-01,2620.0,2935.641816949527,2605.858,2770.749863552888,2886.174237034051
M34820,medium,Industry,1920-10-01,2620.0,2935.641816949527,2605.858,2770.749863552888,2886.174237034051
M34820,medium,Industry,1920-11-01,2620.0,2935.641816949527,2605.858,2770.749863552888,2886.174237034051
M34820,medium,Industry,1920-12-01,2620.0,3117.7438836297906,2605.858,2861.8008968930203,3040.9609937122755
M34820,medium,Industry,1921-01-01,2670.0,2816.9174745029136,2605.858,2711.387692329582,2785.25854595443
M34820,medium,Industry,1921-02-01,2670.0,2738.7121316513976,2605.858,2672.285020903824,2718.784004530641
M34820,medium,Industry,1921-03-01,2670.0,2743.9120235863666,2605.858,2674.8849668713083,2723.203912675365
M34820,medium,Industry,1921-04-01,2670.0,2797.7510399496487,2605.858,2701.8044750529493,2768.9670765841547
M34820,medium,Industry,1921-05-01,2670.0,2797.7510399496487,2605.858,2701.8044750529493,2768.9670765841547
M34886,short,Industry,1907-11-01,1717.958,2327.1345042366806,1237.9634,1782.5489415714653,2163.7588476441474
M34886,short,Industry,1907-12-01,1267.453,2127.949110406467,1049.3213,1588.6351997344834,1966.154937204872
M34886,short,Industry,1908-01-01,1278.58,1537.1914828427066,1037.5312,1287.3613664213533,1462.242460123332
M34886,short,Industry,1908-02-01,1960.523,1489.6245581212365,1615.2474,1552.435997322337,1508.4679990368402
M34886,short,Industry,1908-03-01,2504.723,2175.704743402511,2263.7043,2219.7045445528183,2188.904695954635
M34886,short,Industry,1908-04-01,2594.023,2541.053501801947,3089.0132,2815.0333426978486,2623.2474662777486
M34886,short,Industry,1908-05-01,4435.15,2724.7051197011324,3265.8652,2995.285177038066,2805.8791430057286
M34886,short,Industry,1908-06-01,4587.27,3306.8616467587917,3159.7542,3233.3078985747084,3284.7955345105984
M34886,short,Industry,1908-07-01,3371.22,3635.6752012984603,3053.643,3344.659133852355,3548.370399375176
M34886,short,Industry,1908-08-01,3368.059,3689.861696030252,2393.396,3041.628846062001,3495.391841039777
M34886,short,Industry,1908-09-01,2345.445,3409.3442383281385,1603.4573,2506.4007568593815,3138.461203042785
M34886,short,Industry,1908-10-01,2612.374,2989.0277886696936,1391.235,2190.131387010628,2749.3588773272477
M34886,short,Industry,1908-11-01,1312.08,3095.1211415920193,931.42004,2013.270592768666,2770.5659830485292
M34886,short,Industry,1908-12-01,2282.553,1628.418499288021,848.8892,1238.6538602397136,1511.4891136770445
M34886,short,Industry,1909-01-01,1144.172,2196.3271570693455,943.2102,1569.7686810737353,2008.3596203741783
M34886,short,Industry,1909-02-01,1728.251,1573.82666993245,1367.6548,1470.74072754435,1542.9008933195357
M34886,short,Industry,1909-03-01,2519.831,1982.2058055442205,1933.5808,1957.8933080455477,1974.9120746051658
M34886,short,Industry,1909-04-01,3708.828,2369.3805827235487,2534.8774,2452.129012064899,2394.205123732985
M34888,cold_start,Industry,1905-01-01,3466.0562,3169.9215586533287,3272.7705,3221.346033232914,3185.348913234236
M34888,cold_start,Industry,1905-02-01,2797.89,3180.9801828505724,3272.7705,3226.875345331536,3194.748743801893
M34888,cold_start,Industry,1905-03-01,1841.0774,3113.634697010736,3272.7708,3193.2027244819305,3137.5051113556106
M34888,cold_start,Industry,1905-04-01,2204.8389,2699.864791801247,3478.1746,3089.019676174061,2816.6112693201226
M34888,cold_start,Industry,1905-05-01,3742.141,2803.4806534742156,3546.6426,3175.061615799608,2914.954954378865
M34888,cold_start,Industry,1905-06-01,3658.9528,3199.290226939048,3327.545,3263.417574407024,3218.5284372829565
M34888,cold_start,Industry,1905-07-01,4449.174,3464.209471925923,3423.4004,3443.8049312754615,3458.088121937816
M34888,cold_start,Industry,1905-08-01,4581.4813,4280.106545853352,3546.6426,3913.374561989176,4170.08696290113
M34888,cold_start,Industry,1905-09-01,4152.8763,4222.909088625305,3628.8042,3925.8566439220276,4133.793404042448
M34888,cold_start,Industry,1905-10-01,3917.951,4300.505388335671,3710.9658,4005.7356043240857,4212.074477546259
M34888,cold_start,Industry,1905-11-01,2372.9445,3760.816790926574,3752.0464,3756.431588822662,3759.501279123526
M34888,cold_start,Industry,1905-12-01,2654.3515,3057.1300064898023,3628.8042,3342.967102854276,3142.88118422727
M34888,cold_start,Industry,1906-01-01,4097.6084,3331.1465262719807,3519.2554,3425.2009486828656,3359.3628529952466
M34888,cold_start,Industry,1906-02-01,3336.3769,3340.5974915086185,3724.6592,3532.6283355980595,3398.206781356545
M34888,cold_start,Industry,1906-03-01,3143.4635,3319.369902950618,3574.0298,3446.699844053434,3357.5689096955257
M34888,cold_start,Industry,1906-04-01,3770.5792,3222.0944585814946,3560.3362,3391.2153201110596,3272.8307658684894
M34888,cold_start,Industry,1906-05-01,3433.4437,3643.7792880017896,3669.885,3656.8321488837073,3647.695182887459
M34888,cold_start,Industry,1906-06-01,3130.112,3568.8314580818032,3656.1914,3612.5114321659016,3581.935450307033
M34989,short,Industry,1905-05-01,2577.1506,2547.3508077749907,2393.119,2470.2348521296826,2524.2160210813986
M34989,short,Industry,1905-06-01,2560.846,2551.608960351832,2383.4302,2467.519568066541,2526.382142666245
M34989,short,Industry,1905-07-01,2907.4165,2551.608960351832,2480.3176,2515.9632936524786,2540.9152847560886
M34989,short,Industry,1905-08-01,2577.1506,2866.5743403702036,2383.4302,2625.002258075727,2794.102715681861
M34989,short,Industry,1905-09-01,2539.6769,2666.994579568302,2402.8076,2534.901098377901,2627.366535211182
M34989,short,Industry,1905-10-01,2907.4165,2600.224623662206,2422.185,2511.204841127978,2573.518688901938
M34989,short,Industry,1905-11-01,3057.1407,2907.9380129498372,2431.8738,2669.905896123356,2836.5283779018932
M34989,short,Industry,1905-12-01,2973.7893,3110.2407328923255,2364.0527,2737.1467336336627,2998.312533114727
M34989,short,Industry,1906-01-01,3057.1407,2902.1646532858294,2480.3174,2691.2410180491647,2838.8875627148304
M34989,short,Industry,1906-02-01,3099.8505,3098.356864900136,2470.629,2784.4928855750677,3004.1976955166783
M34989,short,Industry,1906-03-01,2973.7893,3085.695912516097,2364.0527,2724.8743234455487,2977.449435794933
M34989,short,Industry,1906-04-01,3288.0221,2913.137904884806,2441.5625,2677.3502024424033,2842.4015941520856
M34989,short,Industry,1906-05-01,3099.8505,3266.6215851564843,2557.8276,2912.2246109376174,3160.3025112013715
M34989,short,Industry,1906-06-01,2861.6539,3144.419146335616,2528.7612,2836.5901884021832,3052.070483369649
M34989,short,Industry,1906-07-01,2680.3662,2865.861974661718,2664.4036,2765.1327695574214,2835.643231440976
M34989,short,Industry,1906-08-01,2854.8546,2777.9750568258014,2412.4963,2595.235697358213,2723.1532489855254
M34989,short,Industry,1906-09-01,3050.8178,2814.6191089247764,2480.3176,2647.468367938951,2764.4739110430914
M34989,short,Industry,1906-10-01,2812.1127,3077.5621838239817,2412.4963,2745.0292608573036,2977.8023069339783
M35117,short,Industry,1913-02-01,10372.5993,11592.071368152645,11513.348,11552.709512201323,11580.262860195375
M35117,short,Industry,1913-03-01,12181.2076,10953.872286770173,12165.047,11559.459580885086,11135.548523832773
M35117,short,Industry,1913-04-01,12267.4332,11625.615743958771,11640.066,11632.841075104385,11627.783392130581
M35117,short,Industry,1913-05-01,10283.405,11531.415871509174,11259.909,11395.662525598338,11490.689940978113
M35117,short,Industry,1913-06-01,9007.5447,10226.381837543635,10137.539,10181.960450021817,10213.05542128709
M35117,short,Industry,1913-07-01,8667.4782,9420.08755040862,8562.6,8991.34357989181,9291.464432495766
M35117,short,Industry,1913-08-01,6703.946,8460.025634559126,8834.141,8647.083129779563,8516.142883125258
M35117,short,Industry,1913-09-01,8468.6707,7131.429619577864,8689.318,7910.373989476432,7365.113003789623
M35117,short,Industry,1913-10-01,7052.5424,8807.517591946804,8816.038,8811.777838942151,8808.795714873533
M35117,short,Industry,1913-11-01,8693.7813,8792.77414811172,8508.292,8650.53307014961,8750.101922379337
M35117,short,Industry,1913-12-01,8803.9152,9472.962922071238,9449.635,9461.298843848119,9469.463796260552
M35117,short,Industry,1914-01-01,11634.4661,8842.875045787063,10734.93,9788.902366643531,9126.68329087213
M35117,short,Industry,1914-02-01,10857.0574,10499.774404241467,10535.801,10517.787592745733,10505.17848286306
M35117,short,Industry,1914-03-01,11483.5863,11019.37846996233,10499.594,10759.486109981164,10941.410786382045
M35117,short,Industry,1914-04-01,10751.0453,11634.909098711341,10807.341,11221.12495951192,11510.773930193704
M35117,short,Industry,1914-05-01,10990.4837,10559.844309532506,10608.211,10584.027623516253,10567.099352555755
M35117,short,Industry,1914-06-01,8200.6352,10487.759605114614,9377.223,9932.491130682307,10321.179160441172
M35117,short,Industry,1914-07-01,7843.8814,8802.741236511114,8508.292,8655.516614349308,8758.573947518824
M35195,short,Industry,1906-02-01,5481.0,5434.877513440028,5498.1953,5466.536412970014,5444.375195506056
M35195,short,Industry,1906-03-01,5574.0,5488.782554202278,5517.6924,5503.237468507389,5493.1190407008435
M35195,short,Industry,1906-04-01,5520.0,5553.367281251093,5517.6924,5535.529832031796,5548.016058692336
M35195,short,Industry,1906-05-01,5499.0,5488.782554202278,5498.1953,5493.488933351139,5490.1944801539685
M35195,short,Industry,1906-06-01,5495.0,5488.782554202278,5537.1895,5512.986003663639,5496.0436012477185
M35195,short,Industry,1906-07-01,5485.0,5488.782554202278,5615.1787,5551.980632569889,5507.742026540687
M35195,short,Industry,1906-08-01,5490.0,5488.782554202278,5576.184,5532.483318116764,5501.892844411781
M35195,short,Industry,1906-09-01,5562.0,5488.782554202278,5537.1895,5512.986003663639,5496.0436012477185
M35195,short,Industry,1906-10-01,5366.0,5488.782554202278,5498.1953,5493.488933351139,5490.1944801539685
M35195,short,Industry,1906-11-01,5389.0,5426.945980330818,5459.201,5443.073576102909,5431.784271269477
M35195,short,Industry,1906-12-01,5448.0,5429.662107280239,5400.71,5415.1860341088695,5425.31929753586
M35195,short,Industry,1907-01-01,5492.0,5457.293902065294,5420.207,5438.750466657647,5451.7308836500315
M35195,short,Industry,1907-02-01,5480.0,5486.192668960239,5459.201,5472.696920417619,5482.143956604485
M35195,short,Industry,1907-03-01,5488.0,5475.755337179244,5478.698,5477.226789683372,5476.196785137514
M35195,short,Industry,1907-04-01,5357.0,5442.382527140025,5459.201,5450.791849507512,5444.9053360573025
M35195,short,Industry,1907-05-01,5398.0,5380.5459532685645,5556.687,5468.616482493657,5406.967173071249
M35195,short,Industry,1907-06-01,5300.0,5447.297655597981,5556.687,5501.992333658365,5463.7061200512535
M35195,short,Industry,1907-07-01,5192.0,5317.847550428805,5595.681,5456.764351386278,5359.522651751204
M35361,medium,Industry,1917-09-01,784.0,750.8940013085105,751.413,751.1535131054271,750.9718609511011
M35361,medium,Industry,1917-10-01,918.0,831.0023747995987,852.56476,841.78356655019,834.2367384282918
M35361,medium,Industry,1917-11-01,905.0,913.731008141215,917.59094,915.6609752620138,914.3099982774547
M35361,medium,Industry,1917-12-01,965.0,929.9488370376655,997.06726,963.5080488899265,940.0166005933439
M35361,medium,Industry,1918-01-01,1014.0,996.9959445004168,960.94165,978.968797445521,991.587803435706
M35361,medium,Industry,1918-02-01,882.0,1026.1926334117165,895.9155,961.0540803777333,1006.6510675015217
M35361,medium,Industry,1918-03-01,1005.0,990.1320714515117,968.1668,979.1494402667715,986.8372820960898
M35361,medium,Industry,1918-04-01,1047.0,1026.1926334117165,932.04114,979.1168855535145,1012.0699212612873
M35361,medium,Industry,1918-05-01,1158.0,1083.948165817646,895.9155,989.931846580698,1055.7432700465615
M35361,medium,Industry,1918-06-01,977.0,1070.4464638706163,816.4392,943.4428364274956,1032.3453832670748
M35361,medium,Industry,1918-07-01,959.0,1032.411747046613,838.11456,935.2631550174472,1003.2671709637423
M35361,medium,Industry,1918-08-01,897.0,976.6303695044821,657.48645,817.0584098498973,928.7587846598645
M35361,medium,Industry,1918-09-01,913.0,971.7152410465252,794.7638,883.2395174959188,945.1725316107379
M35361,medium,Industry,1918-10-01,1020.0,971.7152410465252,881.46533,926.5902865388875,958.1777577459918
M35361,medium,Industry,1918-11-01,1043.0,1040.153058276643,932.04114,986.0970979859777,1023.9362823964747
M35361,medium,Industry,1918-12-01,1084.0,1086.6642927670669,997.06726,1041.8657767546272,1073.224737963335
M35361,medium,Industry,1919-01-01,1080.0,1090.8120388665511,975.3919,1033.1019728024162,1073.4990251508264
M35361,medium,Industry,1919-02-01,1015.0,1065.5313354126592,924.81604,995.1736877258609,1044.4240472101355
M35463,medium,Industry,1918-09-01,10650.0,10591.455994093447,10646.342,10618.898895484224,10599.688888924744
M35463,medium,Industry,1918-10-01,10670.0,10591.455994093447,10646.342,10618.898895484224,10599.688888924744
M35463,medium,Industry,1918-11-01,10680.0,10591.455994093447,10646.342,10618.898895484224,10599.688888924744
M35463,medium,Industry,1918-12-01,10700.0,10602.318116951812,10646.342,10624.329956913407,10608.921693354354
M35463,medium,Industry,1919-01-01,10760.0,10312.810747029771,10646.342,10479.576271952385,10362.84042892062
M35463,medium,Industry,1919-02-01,10730.0,10641.55042146172,10646.342,10643.946109168359,10642.269152187775
M35463,medium,Industry,1919-03-01,10850.0,10641.55042146172,10646.342,10643.946109168359,10642.269152187775
M35463,medium,Industry,1919-04-01,10850.0,10646.465549919676,10646.342,10646.403673397337,10646.447011377039
M35463,medium,Industry,1919-05-01,10800.0,10646.465549919676,10646.342,10646.403673397337,10646.447011377039
M35463,medium,Industry,1919-06-01,10780.0,10641.55042146172,10646.342,10643.946109168359,10642.269152187775
M35463,medium,Industry,1919-07-01,10740.0,10621.71519362889,10713.724,10667.719413220695,10635.516508334558
M35463,medium,Industry,1919-08-01,10740.0,10621.71519362889,10713.724,10667.719413220695,10635.516508334558
M35463,medium,Industry,1919-09-01,10770.0,10621.71519362889,10713.724,10667.719413220695,10635.516508334558
M35463,medium,Industry,1919-10-01,10780.0,10822.621627503902,10680.033,10751.327415314452,10801.233388261131
M35463,medium,Industry,1919-11-01,11770.0,10822.621627503902,10713.724,10768.172630158202,10806.286977128319
M35463,medium,Industry,1919-12-01,11790.0,11470.095697918048,10713.724,11091.909665365274,11356.639936980342
M35463,medium,Industry,1920-01-01,12050.0,11365.396408702898,10713.724,11039.560020757699,11267.645541147464
M35463,medium,Industry,1920-02-01,12410.0,12008.697772437214,10646.342,11327.519784656106,11804.344400516946
M3574,medium,Macro,1919-11-01,6673.06177,6905.2922416725905,6672.287,6788.789675523795,6870.341484034984
M3574,medium,Macro,1919-12-01,6319.75086,6899.65962586479,6761.5483,6830.60398285427,6878.942981789759
M3574,medium,Macro,1920-01-01,6993.07362,6827.1920129573955,6962.386,6894.789121713073,6847.471243240349
M3574,medium,Macro,1920-02-01,7085.75469,7076.2661743699755,7140.9087,7108.587432888113,7085.962600753543
M3574,medium,Macro,1920-03-01,7971.41016,7109.912725280268,7274.8013,7192.356997405759,7134.6460313319785
M3574,medium,Macro,1920-04-01,8001.70311,7858.334227992126,7587.216,7722.775024152314,7817.666491254246
M3574,medium,Macro,1920-05-01,7679.28138,7877.720315603196,7319.432,7598.576222254723,7793.977185254905
M3574,medium,Macro,1920-06-01,8976.12452,7846.863512141638,8033.5234,7940.193474820819,7874.862549773518
M3574,medium,Macro,1920-07-01,8953.64552,8823.366415473314,8256.676,8540.021098361656,8738.362917996068
M3574,medium,Macro,1920-08-01,7810.99741,8861.629956338873,7855.0,8358.314978169437,8710.635462888044
M3574,medium,Macro,1920-09-01,7324.65614,7786.254436805498,6940.0713,7363.162862933999,7659.327013472174
M3574,medium,Macro,1920-10-01,6847.20585,7316.600995261297,6850.8096,7083.705282786898,7246.73230593304
M3574,medium,Macro,1920-11-01,6208.75229,6940.825670514118,6694.6025,6817.714104788309,6903.892249624501
M3574,medium,Macro,1920-12-01,6931.74007,6684.5170023111095,7007.017,6845.76704607743,6732.892064269131
M3574,medium,Macro,1921-01-01,7034.0934,7074.336894822954,6917.756,6996.046377098977,7050.849812747949
M3574,medium,Macro,1921-02-01,7304.32239,6954.003761065707,7007.017,6980.510425454729,6961.955809210539
M3574,medium,Macro,1921-03-01,7252.40399,7419.936218197601,7364.0625,7391.999359098801,7411.555160467961
M3574,medium,Macro,1921-04-01,7956.05687,7540.4335391711365,7274.801,7407.617160210568,7500.588723139217
M35810,medium,Industry,1916-09-01,10500.0,10856.537981995823,10514.516,10685.526803497913,10805.234652860514
M35810,medium,Industry,1916-10-01,10500.0,10834.412511152495,10580.645,10707.528521201248,10796.347436237435
M35810,medium,Industry,1916-11-01,10400.0,10834.412511152495,10646.773,10740.592974326248,10806.266747760872
M35810,medium,Industry,1916-12-01,10600.0,10645.062567946075,10679.839,10662.450717566788,10650.279134902603
M35810,medium,Industry,1917-01-01,10400.0,10562.176899170396,10712.904,10637.540598022697,10584.78603324015
M35810,medium,Industry,1917-02-01,10100.0,10719.150428088069,10812.098,10765.624042169035,10733.092561140485
M35810,medium,Industry,1917-03-01,10100.0,10124.465624240791,10812.098,10468.281640245395,10227.610477870297
M35810,medium,Industry,1917-04-01,10200.0,10068.332647803385,10878.227,10473.279605151693,10189.816759421941
M35810,medium,Industry,1917-05-01,10200.0,10156.617336617097,10812.098,10484.35749643355,10254.939433390158
M35810,medium,Industry,1917-06-01,10000.0,10202.037037380107,10712.903,10457.470178846303,10278.667028648091
M35810,medium,Industry,1917-07-01,9700.0,10113.752348566395,10712.903,10413.327834439448,10203.625043156437
M35810,medium,Industry,1917-08-01,9700.0,9892.912178489763,10745.968,10319.439975963633,10020.870615388174
M35810,medium,Industry,1917-09-01,9900.0,9825.962906444027,10679.839,10252.900886815763,9954.04442262586
M35810,medium,Industry,1917-10-01,10000.0,9950.835864583847,10613.709,10282.272424479423,10050.266881380647
M35810,medium,Industry,1917-11-01,9700.0,10042.61430889022,10646.773,10344.69387319511,10133.238275837939
M35810,medium,Industry,1917-12-01,10100.0,9925.535785064698,10679.839,10302.687326126099,10038.681369453432
M35810,medium,Industry,1918-01-01,10300.0,10022.266984752978,10679.839,10351.052925970238,10120.90288918847
M35810,medium,Industry,1918-02-01,10300.0,10168.773765831887,10646.773,10407.773601665944,10240.473814238356
M35959,long_history,Industry,1926-06-01,10300.0,9999.34239790681,10167.701,10083.521784890905,10024.59631165829
M35959,long_history,Industry,1926-07-01,10250.0,10064.434905306509,10352.568,10208.501632340754,10107.655045487096
M35959,long_history,Industry,1926-08-01,9970.0,10009.15937996711,9751.749,9880.454201702305,9970.547924143919
M35959,long_history,Industry,1926-09-01,9820.0,9914.487699671447,10260.135,10087.311232648222,9966.334808392605
M35959,long_history,Industry,1926-10-01,10590.0,9709.965983469861,10537.436,10123.70076517243,9834.086442394695
M35959,long_history,Industry,1926-11-01,11990.0,10607.130215508441,11923.94,11265.53532259797,10804.651869705614
M35959,long_history,Industry,1926-12-01,16010.0,13536.89230996827,16037.237,14787.064807327886,13911.944156832405
M35959,long_history,Industry,1927-01-01,8710.0,12214.15944593579,8919.847,10567.003062811644,11720.012579826673
M35959,long_history,Industry,1927-02-01,8430.0,10084.179958079032,8226.595,9155.387342320766,9805.542222179678
M35959,long_history,Industry,1927-03-01,9310.0,10061.61480220558,9405.123,9733.36892454029,9963.141136562244
M35959,long_history,Industry,1927-04-01,9910.0,9205.398957647778,10075.268,9640.333267886388,9335.879275133426
M35959,long_history,Industry,1927-05-01,10120.0,9658.145217137217,10491.219,10074.681983568607,9783.10629589476
M35959,long_history,Industry,1927-06-01,10620.0,9909.008185498067,10629.869,10269.438663061534,10017.137426423358
M35959,long_history,Industry,1927-07-01,10280.0,10451.432565189241,10768.52,10609.976048219622,10498.99563451242
M35959,long_history,Industry,1927-08-01,9860.0,10168.500050342975,10098.376,10133.438013452738,10157.981512518092
M35959,long_history,Industry,1927-09-01,10130.0,9752.472368673201,10652.978,10202.724953867852,9887.548168645659
M35959,long_history,Industry,1927-10-01,10490.0,9856.161426088669,10953.387,10404.774072419335,10020.745268815994
M35959,long_history,Industry,1927-11-01,12050.0,10803.898069179928,12339.892,11571.894835371215,11034.297123451377
M36049,medium,Industry,1915-06-01,10773.0,10591.455994093447,10714.907,10653.181610327974,10609.973801034119
M36049,medium,Industry,1915-07-01,10967.6,10626.630322086847,10766.174,10696.402075105923,10647.561921234757
M36049,medium,Industry,1915-08-01,11034.5,10758.793749062439,10766.174,10762.48378859372,10759.900834164011
M36049,medium,Industry,1915-09-01,11132.3,10758.793749062439,10817.441,10788.11757765622,10767.591019710886
M36049,medium,Industry,1915-10-01,11254.7,10758.793749062439,10868.71,10813.75185499997,10775.281205257761
M36049,medium,Industry,1915-11-01,11433.0,11247.820916403949,10894.344,11071.082333201975,11194.799390271482
M36049,medium,Industry,1915-12-01,11491.7,11507.16924453137,10919.978,11213.573391796934,11419.090561953228
M36049,medium,Industry,1916-01-01,11540.4,11044.25976569835,10919.978,10982.118652380424,11025.617504945161
M36049,medium,Industry,1916-02-01,11632.7,11491.710765576361,10971.245,11231.47794138193,11413.641040388346
M36049,medium,Industry,1916-03-01,11687.1,11594.73256582501,11048.146,11321.439525100006,11512.744726849698
M36049,medium,Industry,1916-04-01,11722.9,11540.389505516152,11099.414,11319.901784008076,11474.243311134043
M36049,medium,Industry,1916-05-01,11827.2,11516.326658243943,11125.047,11320.686766621971,11457.634739585477
M36049,medium,Industry,1916-06-01,11911.4,11521.2417867019,11099.414,11310.32792460095,11457.967750141928
M36049,medium,Industry,1916-07-01,12104.9,11724.40145474108,11201.948,11463.17484846429,11646.033594928356
M36049,medium,Industry,1916-08-01,12212.7,12093.632634925783,11201.948,11647.790438556642,11959.880098085354
M36049,medium,Industry,1916-09-01,12269.8,12249.04291878689,11227.582,11738.312475018445,12095.82381007042
M36049,medium,Industry,1916-10-01,12328.3,12249.04291878689,11253.216,11751.129369549695,12099.668902843858
M36049,medium,Industry,1916-11-01,12335.5,12249.04291878689,11278.85,11763.946264080945,12103.513995617295
M36058,long_history,Industry,1926-08-01,960.489,1369.9580070991003,1117.8574,1243.9077144870503,1332.142925419001
M36058,long_history,Industry,1926-09-01,1316.555,1101.5988920125303,1211.351,1156.4749220804838,1118.0617101881899
M36058,long_history,Industry,1926-10-01,1640.444,1289.00244298011,1398.338,1343.670227837711,1305.4027936961795
M36058,long_history,Industry,1926-11-01,1285.838,1446.6050069884097,1410.5327,1428.5688609160798,1441.1941662184688
M36058,long_history,Industry,1926-12-01,1376.961,1430.5721223717742,1365.8185,1398.1953019085433,1420.8590914915942
M36058,long_history,Industry,1927-01-01,1144.803,1419.4333397703003,1235.7405,1327.5869091429627,1391.8794227891303
M36058,long_history,Industry,1927-02-01,1402.028,1168.0399624891463,1341.429,1254.7344587836355,1194.0483235845245
M36058,long_history,Industry,1927-03-01,1693.949,1339.375397053091,1536.5458,1437.9605867101393,1368.9509600537212
M36058,long_history,Industry,1927-04-01,1540.112,1511.8820334574696,1471.5068,1491.6944346974847,1505.825756881232
M36058,long_history,Industry,1927-05-01,1354.536,1537.223919905714,1443.0522,1490.138082999732,1523.0981718856774
M36058,long_history,Industry,1927-06-01,1579.999,1423.3667876194418,1430.8574,1427.1121047472209,1424.4903858095333
M36058,long_history,Industry,1927-07-01,1553.989,1477.0952607793388,1325.1692,1401.132225116232,1454.306362287438
M36058,long_history,Industry,1927-08-01,1024.023,1522.4547828383133,1060.9482,1291.7015125129067,1453.228807844207
M36058,long_history,Industry,1927-09-01,1401.948,1236.610829559015,1369.8835,1303.2471872404449,1256.6017490704753
M36058,long_history,Industry,1927-10-01,1487.534,1305.6895054995032,1345.4939,1325.591700991939,1311.6601763542653
M36058,long_history,Industry,1927-11-01,1406.575,1329.5259887405998,1369.8834,1349.7047057960813,1335.5796191160334
M36058,long_history,Industry,1927-12-01,1288.46,1421.1677861109056,1390.2081,1405.687957996859,1416.5238529354808
M36058,long_history,Industry,1928-01-01,1544.101,1641.4504002951298,1247.9353,1444.6928515147524,1582.423147868048
M3621,medium,Macro,1918-03-01,8628.0,9083.355200185384,11519.018,10301.186389155191,9448.704581290389
M3621,medium,Macro,1918-04-01,9872.0,8278.110359164722,11302.844,9790.477054582361,8731.820441032203
M3621,medium,Macro,1918-05-01,11148.0,8616.011728530955,11024.904,9820.458012702977,8977.34568702475
M3621,medium,Macro,1918-06-01,12826.0,9716.817396190037,11688.869,10702.84326840752,10012.62523109747
M3621,medium,Macro,1918-07-01,12244.0,11374.519382478275,11395.49,11385.004808426638,11377.665083504971
M3621,medium,Macro,1918-08-01,8874.0,11427.36735765644,11657.987,11542.67733117197,11461.960374125163
M3621,medium,Macro,1918-09-01,10266.0,8418.225761570757,11719.751,10068.988369066628,8913.454665889833
M3621,medium,Macro,1918-10-01,8872.0,9966.585537414683,11796.957,10881.771284332342,10241.141285904045
M3621,medium,Macro,1918-11-01,9128.0,9475.584201994976,11858.721,10667.152452559989,9833.054799234793
M3621,medium,Macro,1918-12-01,9256.0,9999.61614189584,11735.191,10867.40377407292,10259.952529205215
M3621,medium,Macro,1919-01-01,9362.0,9277.93065243512,11657.986,10467.95849028006,9634.939052616726
M3621,medium,Macro,1919-02-01,8998.0,9505.397090499742,11457.254,10481.32549837487,9798.175661690406
M3621,medium,Macro,1919-03-01,12334.0,8998.931130760011,11704.311,10351.620838817506,9404.738067591323
M3621,medium,Macro,1919-04-01,10299.0,10888.06920256543,11441.8125,11164.940851282714,10971.130794836867
M3621,medium,Macro,1919-05-01,9087.0,10494.387413328534,11812.397,11153.392437133018,10692.089042540192
M3621,medium,Macro,1919-06-01,8612.0,9881.245689843996,11596.223,10738.734173046998,10138.492308047085
M3621,medium,Macro,1919-07-01,13034.0,9444.57169971661,11920.485,10682.528525639555,9815.958820735681
M3621,medium,Macro,1919-08-01,10496.0,11720.673476907656,11827.838,11774.255683766329,11736.748236621508
M36228,cold_start,Industry,1904-09-01,4621.5,4563.262862908522,4558.5703,4560.9165877042615,4562.559016968338
M36228,cold_start,Industry,1904-10-01,4554.5,4572.883927779678,4558.5703,4565.727120139839,4570.73692210882
M36228,cold_start,Industry,1904-11-01,4550.0,4572.883927779678,4558.5703,4565.727120139839,4570.73692210882
M36228,cold_start,Industry,1904-12-01,4577.9,4575.600054729099,4571.163,4573.381570333299,4574.934546031453
M36228,cold_start,Industry,1905-01-01,4599.0,4541.395275642693,4596.3486,4568.871954227597,4549.638315839258
M36228,cold_start,Industry,1905-02-01,4648.0,4565.378914079682,4533.385,4549.381839852341,4560.579828432574
M36228,cold_start,Industry,1905-03-01,4682.5,4614.448597290235,4545.9775,4580.213068176367,4604.177975177168
M36228,cold_start,Industry,1905-04-01,4682.5,4614.448597290235,4483.0137,4548.731134582617,4594.733395099043
M36228,cold_start,Industry,1905-05-01,4664.75,4689.637176146279,4520.792,4605.21458416689,4664.3104351735565
M36228,cold_start,Industry,1905-06-01,4559.0,4699.258241017435,4545.9775,4622.617890039967,4676.266172345288
M36228,cold_start,Industry,1905-07-01,4587.0,4662.608699964834,4558.5703,4610.589506232417,4647.002978466204
M36228,cold_start,Industry,1905-08-01,4599.5,4662.608699964834,4571.163,4616.885892951167,4648.891894481829
M36228,cold_start,Industry,1905-09-01,4547.5,4657.693571506878,4558.5703,4608.131942003439,4642.82511927694
M36228,cold_start,Industry,1905-10-01,4679.0,4657.693571506878,4558.5703,4608.131942003439,4642.82511927694
M36228,cold_start,Industry,1905-11-01,4749.5,4704.173369475391,4558.5703,4631.371840987696,4682.332947550177
M36228,cold_start,Industry,1905-12-01,4679.5,4706.889496424812,4545.9775,4626.433517743656,4682.752739441559
M36228,cold_start,Industry,1906-01-01,4695.21,4731.967022425776,4533.385,4632.675894025388,4702.179720526754
M36228,cold_start,Industry,1906-02-01,4499.5,4755.950660862764,4545.9775,4650.964099962632,4724.4547292138195
M36230,medium,Industry,1918-04-01,3231.967,3198.0758277631276,3120.4697,3159.272777162814,3186.4349186865493
M36230,medium,Industry,1918-05-01,3506.477,3175.2896162026395,3165.6938,3170.4917319294445,3173.850269231228
M36230,medium,Industry,1918-06-01,3765.546,3427.432015258841,3188.306,3307.868961730983,3391.5631236145464
M36230,medium,Industry,1918-07-01,3811.974,3511.250725181152,3120.4697,3315.860225871826,3452.6335814918702
M36230,medium,Industry,1918-08-01,4152.634,3631.3030916702287,3075.2456,3353.274348569489,3547.8944931540696
M36230,medium,Industry,1918-09-01,4088.105,4052.1598484666847,3109.1636,3580.6617113427174,3910.7104134330107
M36230,medium,Industry,1918-10-01,3662.082,3977.706294318799,3041.3271,3509.5167213781497,3837.249446850667
M36230,medium,Industry,1918-11-01,3380.388,3847.837743866448,3097.8574,3472.847582870724,3735.3407016712467
M36230,medium,Industry,1918-12-01,3617.901,3600.749438958429,3154.3877,3377.5685671354645,3533.7951957220866
M36230,medium,Industry,1919-01-01,3655.011,3696.556782438839,3165.6938,3431.1253150475445,3616.9273605319977
M36230,medium,Industry,1919-02-01,3652.016,3673.561371863798,3222.224,3447.892746478774,3605.8608147658692
M36230,medium,Industry,1919-03-01,3557.101,3668.6462434058412,3177.0,3422.8231217029206,3594.8993252055125
M36230,medium,Industry,1919-04-01,3501.678,3621.9924776971047,3267.4482,3444.7203599423024,3568.8108545776954
M36230,medium,Industry,1919-05-01,3535.959,3566.1485885072675,3256.1423,3411.145461245821,3519.64765643235
M36230,medium,Industry,1919-06-01,3560.798,3577.249613585702,3199.6118,3388.430714995976,3520.6039745263624
M36230,medium,Industry,1919-07-01,3484.562,3577.249613585702,3165.6938,3371.471730620976,3515.516267006831
M36230,medium,Industry,1919-08-01,3564.844,3426.186808583458,3097.8574,3262.022115229229,3376.9374066807054
M36230,medium,Industry,1919-09-01,3743.078,3480.5195650497576,3301.3665,3390.943010063941,3453.6466168645597
M36259,short,Industry,1907-03-01,1043.0,1048.7396317657156,1052.8865,1050.8130531875454,1049.3616703992957
M36259,short,Industry,1907-04-01,1055.0,1079.033037359689,1068.6012,1073.8171168243757,1077.4682734061262
M36259,short,Industry,1907-05-01,1065.0,1079.033037359689,1076.4585,1077.7457667267195,1078.6468622733137
M36259,short,Industry,1907-06-01,1073.0,1079.033037359689,1084.3159,1081.6744776642195,1079.8254816580793
M36259,short,Industry,1907-07-01,1078.0,1079.033037359689,1084.3159,1081.6744776642195,1079.8254816580793
M36259,short,Industry,1907-08-01,1081.0,1079.033037359689,1080.3872,1079.7101221954695,1079.2361719656965
M36259,short,Industry,1907-09-01,1081.0,1079.033037359689,1076.4585,1077.7457667267195,1078.6468622733137
M36259,short,Industry,1907-10-01,1079.0,1079.033037359689,1068.6012,1073.8171168243757,1077.4682734061262
M36259,short,Industry,1907-11-01,1075.0,1079.033037359689,1060.7439,1069.888466922032,1076.2896692801496
M36259,short,Industry,1907-12-01,1069.0,1081.7491643091098,1045.0292,1063.3891695568987,1076.2411689352043
M36259,short,Industry,1908-01-01,1057.0,1090.8120388665511,1033.2432,1062.0276014645256,1082.1767137494592
M36259,short,Industry,1908-02-01,1043.0,1079.033037359689,1005.7423,1042.3876734650007,1068.0394403983137
M36259,short,Industry,1908-03-01,1029.0,1079.033037359689,1005.7423,1042.3876734650007,1068.0394403983137
M36259,short,Industry,1908-04-01,1011.0,1048.7396317657156,1001.81366,1025.2766457168423,1041.7007359510535
M36259,short,Industry,1908-05-01,997.0,1034.7792069007892,986.09894,1010.4390724445352,1027.4771665639132
M36259,short,Industry,1908-06-01,980.0,1034.7792069007892,978.2416,1006.5103920246133,1026.2985624379367
M36259,short,Industry,1908-07-01,963.0,985.2169429935548,974.31287,979.7649046022461,983.5813436831935
M36259,short,Industry,1908-08-01,947.0,985.2169429935548,974.31287,979.7649046022461,983.5813436831935
M36528,medium,Industry,1918-07-01,2580.0,2589.806077061632,2581.77,2585.788048296441,2588.600698949653
M36528,medium,Industry,1918-08-01,2580.0,2643.645093424914,2581.77,2612.707556478082,2634.363862858443
M36528,medium,Industry,1918-09-01,2590.0,2643.645093424914,2581.77,2612.707556478082,2634.363862858443
M36528,medium,Industry,1918-10-01,2590.0,2648.745830483261,2581.77,2615.257925007256,2638.6994893580377
M36528,medium,Industry,1918-11-01,2600.0,2648.745830483261,2589.6895,2619.217641804131,2639.8873860865533
M36528,medium,Industry,1918-12-01,2620.0,2651.461957432682,2589.6895,2620.5757052788413,2642.196093993561
M36528,medium,Industry,1919-01-01,2640.0,2641.384734005246,2605.5288,2623.456771299498,2636.0063696075845
M36528,medium,Industry,1919-02-01,2660.0,2648.745830483261,2621.3677,2635.056753132256,2644.6391255885064
M36528,medium,Industry,1919-03-01,2690.0,2648.745830483261,2637.2068,2642.9763087963183,2647.014980080694
M36528,medium,Industry,1919-04-01,2720.0,2743.9120235863666,2645.1262,2694.519122144746,2729.0941714644273
M36528,medium,Industry,1919-05-01,2740.0,2743.9120235863666,2637.2068,2690.559405347871,2727.9062442183335
M36528,medium,Industry,1919-06-01,2760.0,2743.9120235863666,2645.1262,2694.519122144746,2729.0941714644273
M36528,medium,Industry,1919-07-01,2780.0,2743.9120235863666,2645.1262,2694.519122144746,2729.0941714644273
M36528,medium,Industry,1919-08-01,2800.0,2743.9120235863666,2637.2068,2690.559405347871,2727.9062442183335
M36528,medium,Industry,1919-09-01,2830.0,2781.61020025803,2621.3677,2701.48893801964,2757.57383989706
M36528,medium,Industry,1919-10-01,2860.0,2781.61020025803,2621.3677,2701.48893801964,2757.57383989706
M36528,medium,Industry,1919-11-01,2880.0,2809.7039804668198,2613.4482,2711.57611132716,2780.265625828438
M36528,medium,Industry,1919-12-01,2890.0,2812.4201074162406,2605.5288,2708.9744580049955,2781.3864370069296
M36594,short,Industry,1907-09-01,1490.0,1500.8110111802014,1464.8859,1482.848437719007,1495.4222544006323
M36594,short,Industry,1907-10-01,1520.0,1500.8110111802014,1477.9652,1489.3881105705696,1497.3841532043432
M36594,short,Industry,1907-11-01,1530.0,1531.3244654308403,1491.0447,1511.1845715826075,1525.2825033798863
M36594,short,Industry,1907-12-01,1530.0,1534.0405923802612,1491.0447,1512.542635057318,1527.591211286894
M36594,short,Industry,1908-01-01,1540.0,1543.1034669377025,1491.0447,1517.0740723360386,1535.294654660719
M36594,short,Industry,1908-02-01,1570.0,1531.3244654308403,1477.9653,1504.644898731045,1523.3206045761754
M36594,short,Industry,1908-03-01,1590.0,1531.3244654308403,1497.5842,1514.4543469732325,1526.2634451523472
M36594,short,Industry,1908-04-01,1610.0,1627.8778442578039,1504.124,1566.000933847652,1609.3147741865162
M36594,short,Industry,1908-05-01,1630.0,1627.8778442578039,1497.5842,1562.7310363867145,1608.3338171552662
M36594,short,Industry,1908-06-01,1620.0,1627.8778442578039,1510.6636,1569.270709238277,1610.295715958977
M36594,short,Industry,1908-07-01,1600.0,1627.8778442578039,1517.2032,1572.5405456640583,1611.276657731438
M36594,short,Industry,1908-08-01,1590.0,1627.8778442578039,1510.6636,1569.270709238277,1610.295715958977
M36594,short,Industry,1908-09-01,1620.0,1627.8778442578039,1510.6636,1569.270709238277,1610.295715958977
M36594,short,Industry,1908-10-01,1630.0,1627.8778442578039,1504.1239,1566.0008728124958,1609.314758927727
M36594,short,Industry,1908-11-01,1630.0,1627.8778442578039,1491.0446,1559.4611999609333,1607.3528601240162
M36594,short,Industry,1908-12-01,1650.0,1630.5939712072247,1484.5049,1557.5494270098625,1608.680610999774
M36594,short,Industry,1909-01-01,1670.0,1639.656845764666,1484.5049,1562.0808642885831,1616.3840543735992
M36594,short,Industry,1909-02-01,1700.0,1699.0644121326566,1504.1239,1601.5941567499221,1669.823341621352
M37259,long_history,Finance,1923-08-01,1574.0,1645.7207176615352,1567.7957,1606.758185979205,1634.0319673121098
M37259,long_history,Finance,1923-09-01,1552.0,1604.4666150455696,1559.2751,1581.8708807649723,1597.687903916664
M37259,long_history,Finance,1923-10-01,1541.0,1586.6237416418383,1550.7545,1568.6891291217003,1581.2433700928282
M37259,long_history,Finance,1923-11-01,1530.0,1531.3244654308403,1533.7133,1532.5188611333888,1531.6827871933629
M37259,long_history,Finance,1923-12-01,1562.0,1551.8834657839925,1533.7133,1542.798361309965,1549.1579374935422
M37259,long_history,Finance,1924-01-01,1596.0,1560.9463403414338,1542.2339,1551.590113530092,1558.1394875568205
M37259,long_history,Finance,1924-02-01,1634.0,1645.7207176615352,1550.7545,1598.2376171315489,1631.4757997095708
M37259,long_history,Finance,1924-03-01,1655.0,1645.7207176615352,1533.7133,1589.7169872487364,1628.9196015894536
M37259,long_history,Finance,1924-04-01,1709.0,1645.7207176615352,1525.1926,1585.45667230733,1627.6415101587895
M37259,long_history,Finance,1924-05-01,1717.0,1699.0644121326566,1542.2339,1620.6491494257034,1675.5398485793598
M37259,long_history,Finance,1924-06-01,1743.0,1699.0644121326566,1550.7545,1624.9094643671096,1676.817940010024
M37259,long_history,Finance,1924-07-01,1755.0,1777.4539051275513,1567.7957,1672.6247797122132,1746.0051766582235
M37259,long_history,Finance,1924-08-01,1770.0,1777.4539051275513,1567.7957,1672.6247797122132,1746.0051766582235
M37259,long_history,Finance,1924-09-01,1766.0,1777.4539051275513,1525.1926,1651.3232660403382,1739.6147195049032
M37259,long_history,Finance,1924-10-01,1841.0,1759.61103172382,1550.7545,1655.1827741626912,1728.2825666625126
M37259,long_history,Finance,1924-11-01,1884.0,1783.9630184092289,1542.2339,1663.0984525639894,1747.7036639144462
M37259,long_history,Finance,1924-12-01,1976.0,1902.5707434724495,1542.2339,1722.4023150955998,1848.5202302181838
M37259,long_history,Finance,1925-01-01,2064.0,2012.5987180177272,1491.1101,1751.854412719801,1934.3754294801074
M37332,medium,Finance,1918-01-01,9814.0,9754.339716871304,9893.697,9824.018491248153,9775.243446840608
M37332,medium,Finance,1918-02-01,10067.0,9936.79913304966,9792.397,9864.59829699358,9915.138882232837
M37332,medium,Finance,1918-03-01,10003.0,10034.480580198106,9826.164,9930.322321349053,10003.233175785577
M37332,medium,Finance,1918-04-01,9853.0,10001.389138106388,9893.697,9947.543201865694,9985.23545489043
M37332,medium,Finance,1918-05-01,9877.0,9858.376352998639,9927.465,9892.92059837432,9868.739651025406
M37332,medium,Finance,1918-06-01,9910.0,9969.157977119381,9961.232,9965.19519949719,9967.969217074913
M37332,medium,Finance,1918-07-01,10062.0,9990.644945460434,9994.999,9992.821984448967,9991.298081571056
M37332,medium,Finance,1918-08-01,10079.0,10034.480580198106,9994.999,10014.739801817803,10028.558371098077
M37332,medium,Finance,1918-09-01,9905.0,10022.169817418175,9961.232,9991.701119646586,10013.029281328887
M37332,medium,Finance,1918-10-01,9876.0,9983.24931113846,9927.465,9955.35707744423,9974.881665444254
M37332,medium,Finance,1918-11-01,9877.0,9969.157977119381,9961.232,9965.19519949719,9967.969217074913
M37332,medium,Finance,1918-12-01,10030.0,9971.247868783355,9961.232,9966.240145329179,9969.745624989291
M37332,medium,Finance,1919-01-01,9772.0,9914.31484307936,9994.999,9954.65693325843,9926.417494547146
M37332,medium,Finance,1919-02-01,10162.0,9936.79913304966,9961.232,9949.01577746233,9940.46419961565
M37332,medium,Finance,1919-03-01,9937.0,10123.982067578387,9994.999,10059.490545507942,10104.634635371318
M37332,medium,Finance,1919-04-01,9889.0,10067.589518181185,9994.999,10031.294270809343,10056.700968383695
M37332,medium,Finance,1919-05-01,9931.0,10009.651407937468,9994.999,10002.325215687484,10007.453574676536
M37332,medium,Finance,1919-06-01,9977.0,10029.565451740149,9994.999,10012.282237588825,10024.380511908816
M37406,short,Finance,1913-02-01,9310.0,9097.210122919165,9204.786,9150.998127865832,9113.346622059416
M37406,short,Finance,1913-03-01,9334.0,9293.074650495144,9251.041,9272.057833060073,9286.769702920872
M37406,short,Finance,1913-04-01,9453.0,9293.074650495144,9297.296,9295.185274466323,9293.707935342747
M37406,short,Finance,1913-05-01,9484.0,9293.074650495144,9297.296,9295.185274466323,9293.707935342747
M37406,short,Finance,1913-06-01,9503.0,9568.079467789581,9320.424,9444.251647957291,9530.931146253957
M37406,short,Finance,1913-07-01,9537.0,9563.164339331624,9389.807,9476.485489978313,9537.160757767819
M37406,short,Finance,1913-08-01,9565.0,9645.034218413746,9389.807,9517.420429519374,9606.750154987623
M37406,short,Finance,1913-09-01,9565.0,9645.034218413746,9389.807,9517.420429519374,9606.750154987623
M37406,short,Finance,1913-10-01,9564.0,9645.034218413746,9366.68,9505.856952956874,9603.281038776686
M37406,short,Finance,1913-11-01,9626.0,9645.034218413746,9366.68,9505.856952956874,9603.281038776686
M37406,short,Finance,1913-12-01,9626.0,9662.35653246131,9389.807,9526.081586543154,9621.474121928051
M37406,short,Finance,1914-01-01,9626.0,9460.092101325467,9436.062,9448.076812381483,9456.48758788446
M37406,short,Finance,1914-02-01,9728.0,9660.972929826601,9412.934,9536.953261788301,9623.767053829175
M37406,short,Finance,1914-03-01,9802.0,9665.888058284558,9412.934,9539.41082601728,9627.944913018437
M37406,short,Finance,1914-04-01,9857.0,9711.179370268494,9366.679,9538.929040602998,9659.504295782908
M37406,short,Finance,1914-05-01,9930.0,9711.179370268494,9459.189,9585.184411696748,9673.38088269697
M37406,short,Finance,1914-06-01,9983.0,9836.052328408314,9482.317,9659.184855610407,9782.992135397068
M37406,short,Finance,1914-07-01,9982.0,9927.830772714688,9459.189,9693.510112919845,9857.534574776235
M37468,medium,Finance,1918-01-01,9391.0,9148.578137352559,9358.435,9253.50635383253,9180.056675538737
M37468,medium,Finance,1918-02-01,9398.0,9288.159522037187,9358.435,9323.297046174845,9298.700852520673
M37468,medium,Finance,1918-03-01,9414.0,9406.638091960542,9401.561,9404.099319417772,9405.876509025837
M37468,medium,Finance,1918-04-01,9436.0,9406.638091960542,9401.561,9404.099319417772,9405.876509025837
M37468,medium,Finance,1918-05-01,9451.0,9406.638091960542,9401.561,9404.099319417772,9405.876509025837
M37468,medium,Finance,1918-06-01,9478.0,9406.638091960542,9401.561,9404.099319417772,9405.876509025837
M37468,medium,Finance,1918-07-01,9654.0,9563.164339331624,9423.124,9493.144181384563,9542.158316361569
M37468,medium,Finance,1918-08-01,9655.0,9665.888058284558,9444.6875,9555.28777914228,9632.707974541874
M37468,medium,Finance,1918-09-01,9755.0,9665.888058284558,9444.6875,9555.28777914228,9632.707974541874
M37468,medium,Finance,1918-10-01,9758.0,9665.888058284558,9444.6875,9555.28777914228,9632.707974541874
M37468,medium,Finance,1918-11-01,9809.0,9665.888058284558,9444.6875,9555.28777914228,9632.707974541874
M37468,medium,Finance,1918-12-01,9837.0,9662.35653246131,9444.6875,9553.522016230654,9629.706177592114
M37468,medium,Finance,1919-01-01,9882.0,9460.092101325467,9444.6875,9452.389800662733,9457.781411126647
M37468,medium,Finance,1919-02-01,9940.0,9785.845887966421,9509.377,9647.61142054571,9744.375620982397
M37468,medium,Finance,1919-03-01,9943.0,9903.320140042539,9552.503,9727.91153486502,9850.697607317408
M37468,medium,Finance,1919-04-01,9981.0,9964.517028855673,9574.066,9769.291717552836,9905.949459878886
M37468,medium,Finance,1919-05-01,9995.0,9957.787657587596,9574.066,9765.927031918798,9900.22949430102
M37468,medium,Finance,1919-06-01,10008.0,9957.787657587596,9574.066,9765.927031918798,9900.22949430102
M37545,medium,Finance,1918-01-01,9795.0,9585.631123993811,9826.53,9706.080698715656,9621.766069652553
M37545,medium,Finance,1918-02-01,9797.0,9786.511952494946,9826.53,9806.521112966224,9792.514773878518
M37545,medium,Finance,1918-03-01,9792.0,9786.511952494946,9826.53,9806.521112966224,9792.514773878518
M37545,medium,Finance,1918-04-01,9794.0,9786.511952494946,9826.53,9806.521112966224,9792.514773878518
M37545,medium,Finance,1918-05-01,9798.0,9786.511952494946,9826.53,9806.521112966224,9792.514773878518
M37545,medium,Finance,1918-06-01,9798.0,9786.511952494946,9826.53,9806.521112966224,9792.514773878518
M37545,medium,Finance,1918-07-01,9798.0,9786.511952494946,9826.53,9806.521112966224,9792.514773878518
M37545,medium,Finance,1918-08-01,9804.0,9786.511952494946,9826.53,9806.521112966224,9792.514773878518
M37545,medium,Finance,1918-09-01,9953.0,9786.511952494946,9849.172,9817.841913747474,9795.911014112893
M37545,medium,Finance,1918-10-01,9953.0,9955.220545372438,9871.813,9913.51701096747,9942.709558293136
M37545,medium,Finance,1918-11-01,9953.0,10074.190500670187,9871.813,9973.001988616343,10043.834020296223
M37545,medium,Finance,1918-12-01,9945.0,10111.276118895443,9871.813,9991.544797728971,10075.35679578769
M37545,medium,Finance,1919-01-01,9945.0,9816.373860459084,9871.813,9844.093668510792,9824.689876116785
M37545,medium,Finance,1919-02-01,9945.0,10017.254688960218,9871.813,9944.534082761358,9995.438580342749
M37545,medium,Finance,1919-03-01,9945.0,10017.254688960218,9939.738,9978.496485105108,10005.627301045874
M37545,medium,Finance,1919-04-01,9946.0,10017.254688960218,9939.738,9978.496485105108,10005.627301045874
M37545,medium,Finance,1919-05-01,9952.0,10017.254688960218,9939.738,9978.496485105108,10005.627301045874
M37545,medium,Finance,1919-06-01,9949.0,10017.254688960218,10007.664,10012.459375730108,10015.816143819311
M37680,short,Finance,1913-02-01,10195.0,9954.580930440614,10085.88,10020.230406626557,9974.275870952648
M37680,short,Finance,1913-03-01,10170.0,9954.580930440614,10109.668,10032.124449595307,9977.843986187023
M37680,short,Finance,1913-04-01,10217.0,9985.89454096883,10133.455,10059.674809546916,10008.02867037038
M37680,short,Finance,1913-05-01,9828.0,10221.925288756613,10133.455,10177.690183440805,10208.654805989996
M37680,short,Finance,1913-06-01,9852.0,9930.19815056066,10133.455,10031.82661434283,9960.686738523436
M37680,short,Finance,1913-07-01,9860.0,9870.68711577857,10085.88,9978.283499295536,9902.96612848991
M37680,short,Finance,1913-08-01,9782.0,9812.914049293955,10085.88,9949.396966053228,9853.859021977987
M37680,short,Finance,1913-09-01,9847.0,9812.914049293955,10085.88,9949.396966053228,9853.859021977987
M37680,short,Finance,1913-10-01,9845.0,9812.914049293955,10085.88,9949.396966053228,9853.859021977987
M37680,short,Finance,1913-11-01,9847.0,9812.914049293955,10085.88,9949.396966053228,9853.859021977987
M37680,short,Finance,1913-12-01,9851.0,9906.93547922918,10109.668,10008.301723989589,9937.345352657303
M37680,short,Finance,1914-01-01,9976.0,9813.347404468499,10085.88,9949.6136436405,9854.22737387635
M37680,short,Finance,1914-02-01,9881.0,10034.480580198106,10085.88,10060.180231505303,10042.190573246515
M37680,short,Finance,1914-03-01,9819.0,10061.67209118948,10133.455,10097.56358465724,10072.439588057934
M37680,short,Finance,1914-04-01,9754.0,9870.68711577857,10109.668,9990.177542264286,9906.534243724285
M37680,short,Finance,1914-05-01,9889.0,9791.427080952903,10133.455,9962.441079538952,9842.731329356842
M37680,short,Finance,1914-06-01,9832.0,9916.300039092723,10109.668,10012.984003921361,9945.305228541316
M37680,short,Finance,1914-07-01,10119.0,9791.427080952903,10109.668,9950.547524851452,9839.163214122467
M377,medium,Macro,1920-10-01,6870.0,6242.163787109084,6342.6963,6292.430038085792,6257.243699023191
M377,medium,Macro,1920-11-01,6880.0,6546.196739237738,5993.3105,6269.753643056369,6463.263871418484
M377,medium,Macro,1920-12-01,6520.0,6693.080808950333,5643.9253,6168.503050959542,6535.707493760127
M377,medium,Macro,1921-01-01,5880.0,6435.2063080801145,5187.0356,5811.120976305682,6247.9807207548165
M377,medium,Macro,1921-02-01,6000.0,6108.612121670863,5455.794,5782.203033491682,6010.689444045234
M377,medium,Macro,1921-03-01,6100.0,5960.228494516082,5617.049,5788.638661320541,5908.751593385545
M377,medium,Macro,1921-04-01,6140.0,5968.37327945358,5590.173,5779.2730655080395,5911.6432274769495
M377,medium,Macro,1921-05-01,6330.0,6124.371180316422,5832.0557,5978.213422189461,6080.523913913491
M377,medium,Macro,1921-06-01,6360.0,6240.7499873429815,5832.0557,6036.40282570274,6179.445899886066
M377,medium,Macro,1921-07-01,6070.0,6251.5124180193225,5590.1733,5920.842878931537,6152.311617328143
M377,medium,Macro,1921-08-01,6830.0,6131.032004746043,6073.938,6102.484996513646,6122.46796331148
M377,medium,Macro,1921-09-01,7120.0,6633.375825249363,6235.1934,6434.284592312181,6573.648504196334
M377,medium,Macro,1921-10-01,7370.0,6922.611080269471,6423.3237,6672.967405369111,6847.718014420458
M377,medium,Macro,1921-11-01,7090.0,7200.996746351996,6315.8203,6758.4085294259985,7068.220342309353
M377,medium,Macro,1921-12-01,7150.0,7051.842675889539,6127.69,6589.766308647895,6913.219777924078
M377,medium,Macro,1922-01-01,6810.0,6871.321929895093,5778.3037,6324.812820416297,6707.3692458795795
M377,medium,Macro,1922-02-01,7060.0,6779.960438977472,5805.1797,6292.570063238736,6633.743350669914
M377,medium,Macro,1922-03-01,7280.0,6921.1253407114955,5832.0557,6376.590502386998,6757.764950249303
M37853,medium,Finance,1918-01-01,8819.0,10030.4918027951,8914.965,9472.72832327255,9863.1627833524
M37853,medium,Finance,1918-02-01,8964.0,9060.167459427359,8984.073,9022.120350807429,9048.75342449763
M37853,medium,Finance,1918-03-01,10470.0,9266.940491067437,10435.347,9851.143585377467,9442.20154143076
M37853,medium,Finance,1918-04-01,10639.0,10394.5543399173,10573.563,10484.0589082399,10421.405734828144
M37853,medium,Finance,1918-05-01,10595.0,10642.230821518131,10573.563,10607.897149040316,10631.93074418885
M37853,medium,Finance,1918-06-01,10417.0,10613.695813020357,10469.9,10541.798101822678,10592.12654848918
M37853,medium,Finance,1918-07-01,8924.0,10214.606335574648,8914.965,9564.785589662324,10019.660136215014
M37853,medium,Finance,1918-08-01,9112.0,9195.608283866708,8984.073,9089.840763027103,9163.878125271078
M37853,medium,Finance,1918-09-01,10437.0,9417.234267744314,10504.455,9960.844672934658,9580.317462543604
M37853,medium,Finance,1918-10-01,10563.0,10300.452325870912,10573.563,10437.007901216706,10341.419022888715
M37853,medium,Finance,1918-11-01,10587.0,10606.523485461961,10504.455,10555.489281793481,10591.213297603605
M37853,medium,Finance,1918-12-01,10495.0,10594.298736343279,10435.347,10514.822708015388,10570.456049915225
M37853,medium,Finance,1919-01-01,8812.0,9912.573383991223,8914.965,9413.76911387061,9762.932127369102
M37853,medium,Finance,1919-02-01,8912.0,9060.167459427359,8914.965,8987.566151588679,9038.387091489818
M37853,medium,Finance,1919-03-01,10452.0,8968.809004708311,10504.455,9736.632041416655,9199.155988963004
M37853,medium,Finance,1919-04-01,10643.0,10374.486719369452,10539.01,10456.748242497226,10399.165273964036
M37853,medium,Finance,1919-05-01,10591.0,10638.09601502651,10504.455,10571.275546575755,10618.04994773347
M37853,medium,Finance,1919-06-01,10419.0,10613.695813020357,10435.347,10524.521246353928,10586.943565090742
M37954,long_history,Finance,1924-01-01,3810.0,3909.5011958876134,3800.2573,3854.8792600531815,3893.114651758378
M37954,long_history,Finance,1924-02-01,3780.0,3863.484074800328,3813.5452,3838.5146204079765,3855.9932628966853
M37954,long_history,Finance,1924-03-01,3830.0,3863.484074800328,3853.4082,3858.446138962664,3861.972694049029
M37954,long_history,Finance,1924-04-01,3840.0,3863.484074800328,3853.4082,3858.446138962664,3861.972694049029
M37954,long_history,Finance,1924-05-01,3880.0,3909.5011958876134,3879.9834,3894.7422971625565,3905.0735750982217
M37954,long_history,Finance,1924-06-01,3890.0,3909.5011958876134,3906.5586,3908.0298948188065,3909.0598421880654
M37954,long_history,Finance,1924-07-01,3800.0,3909.5011958876134,3840.1206,3874.8109006781815,3899.094143945878
M37954,long_history,Finance,1924-08-01,3790.0,3863.484074800328,3853.4082,3858.446138962664,3861.972694049029
M37954,long_history,Finance,1924-09-01,3790.0,3868.3992032582846,3879.9834,3874.1913008478923,3870.136881363292
M37954,long_history,Finance,1924-10-01,3830.0,3791.816483538635,3893.271,3842.5437398161926,3807.034672628934
M37954,long_history,Finance,1924-11-01,3860.0,3863.484074800328,3933.1338,3898.308931931414,3873.9315563537166
M37954,long_history,Finance,1924-12-01,3920.0,3912.2173228370343,3933.1338,3922.675555949767,3915.354817184917
M37954,long_history,Finance,1925-01-01,3830.0,4131.015827181233,3879.9834,4005.4996128093667,4093.361011697799
M37954,long_history,Finance,1925-02-01,3800.0,4084.9987060939493,3866.6958,3975.8472534375996,4052.253294711107
M37954,long_history,Finance,1925-03-01,3810.0,4089.913834551906,3893.271,3991.592415322828,4060.417420990214
M37954,long_history,Finance,1925-04-01,3840.0,4084.9987060939493,3906.5586,3995.7786499219746,4058.232725863451
M37954,long_history,Finance,1925-05-01,3880.0,4131.015827181233,3933.1338,4032.0748081218667,4101.333545877486
M37954,long_history,Finance,1925-06-01,3910.0,4131.015827181233,3946.4214,4038.7186069499917,4103.326709939986
M38081,long_history,Finance,1924-01-01,4809.0,4929.417027018604,4804.0776,4866.747331868677,4910.616167301751
M38081,long_history,Finance,1924-02-01,4825.0,4871.264115882886,4855.0044,4863.134255207067,4868.825169887172
M38081,long_history,Finance,1924-03-01,4850.0,4827.0947990391305,4855.0044,4841.04959678519,4831.28125056998
M38081,long_history,Finance,1924-04-01,4904.0,4822.179670581174,4922.9067,4872.543204431212,4837.288755150248
M38081,long_history,Finance,1924-05-01,4913.0,4909.231348611837,4922.9067,4916.069043446543,4911.282681476312
M38081,long_history,Finance,1924-06-01,4928.0,4960.905679155589,4922.9067,4941.906208718419,4955.205862438501
M38081,long_history,Finance,1924-07-01,4833.0,4960.905679155589,4838.029,4899.467243874669,4942.474172985376
M38081,long_history,Finance,1924-08-01,4807.0,4878.769129582882,4821.053,4849.911176119565,4870.111780164982
M38081,long_history,Finance,1924-09-01,4916.0,4827.0947990391305,4888.9556,4858.02518272269,4836.373962972324
M38081,long_history,Finance,1924-10-01,4958.0,4914.146477069794,4922.9067,4918.5266076755215,4915.4605406655755
M38081,long_history,Finance,1924-11-01,4980.0,4965.820807613545,4956.858,4961.339358884898,4964.476372994951
M38081,long_history,Finance,1924-12-01,4984.0,4963.6218061050095,4956.858,4960.23985813063,4962.607221712696
M38081,long_history,Finance,1925-01-01,4867.0,5150.931658312225,4871.98,5011.455819390488,5109.088906635705
M38081,long_history,Finance,1925-02-01,4879.0,5179.83042520717,4888.9556,5034.39299580671,5136.199245215158
M38081,long_history,Finance,1925-03-01,4898.0,5187.3354389071665,4922.9067,5055.121088594208,5147.671158227342
M38081,long_history,Finance,1925-04-01,4932.0,5182.42031044921,4939.8823,5061.15131733398,5146.039624721672
M38081,long_history,Finance,1925-05-01,4945.0,5182.42031044921,4956.858,5069.63911030273,5148.585950405266
M38081,long_history,Finance,1925-06-01,4968.0,5182.42031044921,4956.858,5069.63911030273,5148.585950405266
M38144,long_history,Finance,1924-01-01,4930.0,5028.834272800691,4933.981,4981.40761491597,5014.606299849338
M38144,long_history,Finance,1924-02-01,4980.0,4958.315793913549,4968.2446,4963.2802114098995,4959.8051191624545
M38144,long_history,Finance,1924-03-01,5000.0,4965.820807613545,5002.5083,4984.164554197398,4971.323968209795
M38144,long_history,Finance,1924-04-01,5080.0,5096.014098231132,5105.3,5100.656951459316,5097.406966406619
M38144,long_history,Finance,1924-05-01,4970.0,5100.929226689089,5122.4316,5111.680433657044,5104.154649814633
M38144,long_history,Finance,1924-06-01,4780.0,4965.820807613545,5053.9043,5009.862552244273,4979.033379830888
M38144,long_history,Finance,1924-07-01,4890.0,4864.862201141775,4899.717,4882.289499008388,4870.0903905017585
M38144,long_history,Finance,1924-08-01,4920.0,4965.820807613545,4968.2446,4967.032718259898,4966.184380807451
M38144,long_history,Finance,1924-09-01,5120.0,4914.146477069794,5071.036,4992.5913049411465,4937.679962052294
M38144,long_history,Finance,1924-10-01,5160.0,5100.929226689089,5088.168,5094.548597719544,5099.015062412289
M38144,long_history,Finance,1924-11-01,5200.0,5100.929226689089,5139.5635,5120.246351625794,5106.724412998226
M38144,long_history,Finance,1924-12-01,5180.0,5120.282769898506,5139.5635,5129.923123230503,5123.1749247262305
M38144,long_history,Finance,1925-01-01,4880.0,5050.3868175186435,5019.64,5035.013477118697,5045.774839812722
M38144,long_history,Finance,1925-02-01,5060.0,4979.8683386315015,5036.772,5008.320155643876,4988.403895942245
M38144,long_history,Finance,1925-03-01,5070.0,5286.752684689253,5071.036,5178.894408750877,5254.395238528835
M38144,long_history,Finance,1925-04-01,5240.0,5322.44385798271,5139.5635,5231.0036672726055,5295.011849597804
M38144,long_history,Finance,1925-05-01,5050.0,5427.077158442367,5139.5635,5283.320317502434,5383.950154988513
M38144,long_history,Finance,1925-06-01,4870.0,5086.790598113585,5122.4316,5104.611119369292,5092.136815525453
M38169,long_history,Finance,1924-01-01,2970.0,2900.0890477347343,2972.2866,2936.1878344142424,2910.9187081526493
M38169,long_history,Finance,1924-02-01,2980.0,2900.0890477347343,2972.2866,2936.1878344142424,2910.9187081526493
M38169,long_history,Finance,1924-03-01,3000.0,2900.0890477347343,2993.072,2946.580534609555,2914.036506004212
M38169,long_history,Finance,1924-04-01,2980.0,2900.0890477347343,2993.072,2946.580534609555,2914.036506004212
M38169,long_history,Finance,1924-05-01,3000.0,2900.0890477347343,2993.072,2946.580534609555,2914.036506004212
M38169,long_history,Finance,1924-06-01,3020.0,2900.0890477347343,3003.4648,2951.7769457423674,2915.595435447571
M38169,long_history,Finance,1924-07-01,3050.0,3072.647055366025,2993.072,3032.8595384252003,3060.710812490809
M38169,long_history,Finance,1924-08-01,3040.0,3072.647055366025,2993.072,3032.8595384252003,3060.710812490809
M38169,long_history,Finance,1924-09-01,3020.0,3072.647055366025,2993.072,3032.8595384252003,3060.710812490809
M38169,long_history,Finance,1924-10-01,3030.0,3072.647055366025,2993.072,3032.8595384252003,3060.710812490809
M38169,long_history,Finance,1924-11-01,3030.0,3072.647055366025,3013.8574,3043.252238620513,3063.8286408599497
M38169,long_history,Finance,1924-12-01,3030.0,3075.363182315446,3024.25,3049.8065911577232,3067.6962171751607
M38169,long_history,Finance,1925-01-01,3020.0,3126.4860717293072,3024.25,3075.3680358646534,3111.1506731769427
M38169,long_history,Finance,1925-02-01,3040.0,3072.647055366025,3013.8574,3043.252238620513,3063.8286408599497
M38169,long_history,Finance,1925-03-01,3050.0,3072.647055366025,3024.25,3048.448527683013,3065.387509268153
M38169,long_history,Finance,1925-04-01,3000.0,3072.647055366025,3034.6426,3053.644816745513,3066.946408193934
M38169,long_history,Finance,1925-05-01,3010.0,2900.0890477347343,3076.213,2988.1509691798674,2926.5076363753055
M38169,long_history,Finance,1925-06-01,3030.0,3072.647055366025,3065.8203,3069.233683933013,3071.6230744536997
M38259,long_history,Finance,1924-01-01,1640.0,1639.656845764666,1655.643,1647.649895050302,1642.0547697056304
M38259,long_history,Finance,1924-02-01,1640.0,1645.7207176615352,1661.7749,1653.7478100026426,1648.1288606226567
M38259,long_history,Finance,1924-03-01,1640.0,1645.7207176615352,1661.7749,1653.7478100026426,1648.1288606226567
M38259,long_history,Finance,1924-04-01,1640.0,1645.7207176615352,1667.9069,1656.8137890065489,1649.0486451685551
M38259,long_history,Finance,1924-05-01,1680.0,1645.7207176615352,1667.9069,1656.8137890065489,1649.0486451685551
M38259,long_history,Finance,1924-06-01,1720.0,1699.0644121326566,1674.0388,1686.551615246016,1695.3105852736958
M38259,long_history,Finance,1924-07-01,1710.0,1699.0644121326566,1661.7749,1680.4196572382034,1693.4710009231098
M38259,long_history,Finance,1924-08-01,1720.0,1699.0644121326566,1661.7749,1680.4196572382034,1693.4710009231098
M38259,long_history,Finance,1924-09-01,1660.0,1699.0644121326566,1655.643,1677.3536782342971,1692.5512011184223
M38259,long_history,Finance,1924-10-01,1690.0,1645.7207176615352,1661.7749,1653.7478100026426,1648.1288606226567
M38259,long_history,Finance,1924-11-01,1690.0,1699.0644121326566,1680.1709,1689.6176552850784,1696.2304003371723
M38259,long_history,Finance,1924-12-01,1710.0,1701.7805390820774,1674.0388,1687.9096787207263,1697.6192931807034
M38259,long_history,Finance,1925-01-01,1720.0,1710.8434136395188,1667.9069,1689.3751369955407,1704.402936749841
M38259,long_history,Finance,1925-02-01,1720.0,1699.0644121326566,1667.9069,1683.4856362421096,1694.3907854690083
M38259,long_history,Finance,1925-03-01,1720.0,1699.0644121326566,1667.9069,1683.4856362421096,1694.3907854690083
M38259,long_history,Finance,1925-04-01,1720.0,1699.0644121326566,1667.9069,1683.4856362421096,1694.3907854690083
M38259,long_history,Finance,1925-05-01,1760.0,1699.0644121326566,1667.9069,1683.4856362421096,1694.3907854690083
M38259,long_history,Finance,1925-06-01,1810.0,1777.4539051275513,1667.9069,1722.680382739557,1761.0218545146688
M38308,long_history,Finance,1924-01-01,1723.0,1789.2329066344134,1735.9951,1762.6140119109568,1781.247262631439
M38308,long_history,Finance,1924-02-01,1737.0,1699.0644121326566,1741.8799,1720.4721474725784,1705.4867327346333
M38308,long_history,Finance,1924-03-01,1755.0,1699.0644121326566,1753.6493,1726.3568520624221,1707.2521441115864
M38308,long_history,Finance,1924-04-01,1772.0,1777.4539051275513,1765.4188,1771.4363641848695,1775.6486550517782
M38308,long_history,Finance,1924-05-01,1788.0,1777.4539051275513,1771.3035,1774.3786859622132,1776.5313454814657
M38308,long_history,Finance,1924-06-01,1782.0,1777.4539051275513,1783.073,1780.2634515872132,1778.296787375997
M38308,long_history,Finance,1924-07-01,1771.0,1801.8058918129602,1788.9576,1795.3817667072612,1799.878666488282
M38308,long_history,Finance,1924-08-01,1779.0,1801.8058918129602,1783.073,1792.4394449299175,1798.9959760585946
M38308,long_history,Finance,1924-09-01,1806.0,1777.4539051275513,1788.9576,1783.205773364557,1779.1794778056844
M38308,long_history,Finance,1924-10-01,1804.0,1801.8058918129602,1800.7272,1801.2665323322612,1801.6441083828133
M38308,long_history,Finance,1924-11-01,1826.0,1801.8058918129602,1800.7272,1801.2665323322612,1801.6441083828133
M38308,long_history,Finance,1924-12-01,1837.0,1804.522018762381,1812.4966,1808.5093003968154,1805.718227666774
M38308,long_history,Finance,1925-01-01,1778.0,1813.5848933198224,1812.4966,1813.040737675536,1813.4216710405992
M38308,long_history,Finance,1925-02-01,1804.0,1801.8058918129602,1777.1882,1789.4970621174175,1798.113255111329
M38308,long_history,Finance,1925-03-01,1814.0,1801.8058918129602,1783.073,1792.4394449299175,1798.9959760585946
M38308,long_history,Finance,1925-04-01,1834.0,1801.8058918129602,1794.8424,1798.3241495197612,1800.7613874355477
M38308,long_history,Finance,1925-05-01,1844.0,1801.8058918129602,1812.4966,1807.151236922105,1803.4095197597665
M38308,long_history,Finance,1925-06-01,1837.0,1801.8058918129602,1812.4966,1807.151236922105,1803.4095197597665
M38372,long_history,Finance,1924-01-01,4400.0,4541.395275642693,4443.745,4492.570196415097,4526.7477518744145
M38372,long_history,Finance,1924-02-01,4420.0,4383.14377264486,4459.73,4421.436876556805,4394.631740439538
M38372,long_history,Finance,1924-03-01,4440.0,4383.14377264486,4475.715,4429.42930819743,4397.029445517663
M38372,long_history,Finance,1924-04-01,4430.0,4407.5259626663465,4475.715,4441.620403208173,4417.754307035926
M38372,long_history,Finance,1924-05-01,4490.0,4407.5259626663465,4507.684,4457.605022348798,4422.549717192176
M38372,long_history,Finance,1924-06-01,4380.0,4407.5259626663465,4443.745,4425.635539926923,4412.95883584452
M38372,long_history,Finance,1924-07-01,4300.0,4383.14377264486,4331.8525,4357.49815585368,4375.450099814538
M38372,long_history,Finance,1924-08-01,4380.0,4333.354676869835,4379.8066,4356.580658747418,4340.322483640141
M38372,long_history,Finance,1924-09-01,4410.0,4357.344367429797,4427.7607,4392.552554808648,4367.906835850485
M38372,long_history,Finance,1924-10-01,4440.0,4362.2594958877535,4507.684,4434.971788959501,4384.073220430372
M38372,long_history,Finance,1924-11-01,4510.0,4407.5259626663465,4571.6226,4489.574260630048,4432.14047646952
M38372,long_history,Finance,1924-12-01,4480.0,4580.515183187055,4587.6074,4584.061302531028,4581.579018990247
M38372,long_history,Finance,1925-01-01,4370.0,4617.959010725817,4475.715,4546.836927237909,4596.622397886476
M38372,long_history,Finance,1925-02-01,4380.0,4604.658403938482,4443.745,4524.201760562991,4580.521410925834
M38372,long_history,Finance,1925-03-01,4380.0,4604.658403938482,4475.715,4540.186623844241,4585.31688211724
M38372,long_history,Finance,1925-04-01,4400.0,4578.858998723418,4459.73,4519.2944895960845,4560.989682606312
M38372,long_history,Finance,1925-05-01,4450.0,4578.858998723418,4491.699,4535.2791087367095,4565.785031727406
M38372,long_history,Finance,1925-06-01,4350.0,4629.040593959968,4411.776,4520.408236433109,4596.450923323004
M3840,long_history,Macro,1927-10-01,40951.6,11899.695128894215,7801.3896,9850.542388665857,11284.949355653833
M3840,long_history,Macro,1927-11-01,22476.2,16083.338602908223,6662.624,11372.981313172862,14670.231428194647
M3840,long_history,Macro,1927-12-01,9087.7,18264.458891395498,6594.638,12429.548537494624,16513.985797432266
M3840,long_history,Macro,1928-01-01,10118.8,21219.954081921383,6526.6523,13873.303212835692,19015.95883340271
M3840,long_history,Macro,1928-02-01,7405.0,20845.687995555683,6560.645,13703.166507543467,18702.931597980147
M3840,long_history,Macro,1928-03-01,8775.9,13154.767114555165,6679.621,9917.194104152582,12183.495223641423
M3840,long_history,Macro,1928-04-01,8868.1,13100.407864555134,6543.6484,9822.028151027567,12116.89398711796
M3840,long_history,Macro,1928-05-01,6772.9,13023.76274314069,6611.635,9817.698754382845,12061.9435709274
M3840,long_history,Macro,1928-06-01,11984.9,11439.316761350696,6577.6416,9008.479181456598,10710.065548417624
M3840,long_history,Macro,1928-07-01,14642.5,14901.792734553852,6543.6484,10722.720586026926,13648.07112661687
M3840,long_history,Macro,1928-08-01,19439.3,15234.583023238836,6543.6484,10889.115730369418,13930.942871999107
M3840,long_history,Macro,1928-09-01,11715.5,20412.318425174486,6645.628,13528.973177430993,18347.314899679564
M3840,long_history,Macro,1928-10-01,9617.1,19290.00835477255,6560.645,12925.3266871519,17380.603903314484
M3840,long_history,Macro,1928-11-01,16736.5,16641.487352504246,6560.645,11601.066186017748,15129.361051386422
M3840,long_history,Macro,1928-12-01,7039.4,14117.665810434746,6594.638,10356.151997014247,12989.21167861563
M3840,long_history,Macro,1929-01-01,15607.6,9368.786060024506,6254.709,7811.747522199753,8901.674510884113
M3840,long_history,Macro,1929-02-01,6000.4,15297.479963944039,6271.705,10784.59252103452,13943.613767692279
M3840,long_history,Macro,1929-03-01,6554.4,9641.441290071814,5846.7925,7744.116885270282,9072.244017459481
M38425,long_history,Finance,1924-01-01,6284.0,6305.305684118124,6331.7764,6318.541025652812,6309.276310992594
M38425,long_history,Finance,1924-02-01,6356.0,6372.082501660334,6377.659,6374.870840673917,6372.919052192535
M38425,long_history,Finance,1924-03-01,6361.0,6420.052418185098,6423.5415,6421.796961045674,6420.575805457333
M38425,long_history,Finance,1924-04-01,6438.0,6316.334701336401,6469.424,6392.8792647307,6339.298131389847
M38425,long_history,Finance,1924-05-01,6401.0,6415.137289727141,6469.424,6442.280558926071,6423.280331521977
M38425,long_history,Finance,1924-06-01,6337.0,6364.530152774024,6423.5415,6394.0358283401365,6373.3818798579205
M38425,long_history,Finance,1924-07-01,6317.0,6348.606613421865,6377.659,6363.132896554683,6352.964547189837
M38425,long_history,Finance,1924-08-01,6300.0,6343.691484963909,6354.718,6349.204629200704,6345.345464856042
M38425,long_history,Finance,1924-09-01,6463.0,6295.496033526286,6469.424,6382.459930825643,6321.58526375125
M38425,long_history,Finance,1924-10-01,6545.0,6462.973544564391,6561.1885,6512.0810105634455,6477.705796571139
M38425,long_history,Finance,1924-11-01,6572.0,6525.096685199103,6607.072,6566.084231271427,6537.392973434863
M38425,long_history,Finance,1924-12-01,6545.0,6650.558926717778,6607.072,6628.815352030764,6644.035878725737
M38425,long_history,Finance,1925-01-01,6409.0,6490.174939322091,6469.424,6479.799383723545,6487.062333677684
M38425,long_history,Finance,1925-02-01,6478.0,6515.667284039703,6561.1885,6538.427880301102,6522.495475125154
M38425,long_history,Finance,1925-03-01,6480.0,6482.17555881981,6584.13,6533.152720816155,6497.468731832777
M38425,long_history,Finance,1925-04-01,6554.0,6520.181556741147,6607.072,6563.626667042448,6533.2151142456005
M38425,long_history,Finance,1925-05-01,6521.0,6520.181556741147,6607.072,6563.626667042448,6533.2151142456005
M38425,long_history,Finance,1925-06-01,6474.0,6600.006544931108,6538.247,6569.126807621804,6590.742684773473
M38441,long_history,Finance,1924-01-01,1259.0,1404.6398743654784,1259.9844,1332.312124682739,1382.9415586159303
M38441,long_history,Finance,1924-02-01,1272.0,1266.2411468773869,1283.7578,1274.9994796886936,1268.8686497725369
M38441,long_history,Finance,1924-03-01,1343.0,1266.2411468773869,1339.2288,1302.734953321506,1277.1892979658962
M38441,long_history,Finance,1924-04-01,1417.0,1335.616079479472,1410.5487,1373.08239276708,1346.8559887245435
M38441,long_history,Finance,1924-05-01,1460.0,1397.7760013165732,1446.2086,1421.992309740318,1405.040906050728
M38441,long_history,Finance,1924-06-01,1502.0,1452.3999727960802,1493.7551,1473.0775498746025,1458.6032550749105
M38441,long_history,Finance,1924-07-01,1493.0,1531.3244654308403,1497.7174,1514.5209363287013,1526.28341890723
M38441,long_history,Finance,1924-08-01,1482.0,1500.8110111802014,1489.793,1495.3019899651008,1499.1583078674291
M38441,long_history,Finance,1924-09-01,1432.0,1474.2314415253297,1442.2465,1458.2389507431335,1469.4337003941866
M38441,long_history,Finance,1924-10-01,1394.0,1446.1870397006944,1402.6241,1424.4055926042533,1439.6526147270356
M38441,long_history,Finance,1924-11-01,1372.0,1446.1870397006944,1370.9265,1408.5567766862846,1434.8979760551606
M38441,long_history,Finance,1924-12-01,1347.0,1395.576999808037,1351.1155,1373.346239161831,1388.907777717691
M38441,long_history,Finance,1925-01-01,1294.0,1404.6398743654784,1307.5311,1356.0855011475828,1390.073577658899
M38441,long_history,Finance,1925-02-01,1323.0,1323.485940256531,1339.2288,1331.3573500110779,1325.8473723381687
M38441,long_history,Finance,1925-03-01,1378.0,1335.616079479472,1386.7753,1361.19567401708,1343.28996394427
M38441,long_history,Finance,1925-04-01,1446.0,1392.8608728586162,1450.1708,1421.5158246129017,1401.4573614366598
M38441,long_history,Finance,1925-05-01,1484.0,1452.3999727960802,1489.793,1471.09647077304,1458.0089252409261
M38441,long_history,Finance,1925-06-01,1525.0,1505.7261396381584,1533.3772,1519.5516684518916,1509.8738104893098
M38482,long_history,Finance,1924-01-01,2740.0,2743.9120235863666,2754.5415,2749.2267637463083,2745.506463944896
M38482,long_history,Finance,1924-02-01,2740.0,2743.9120235863666,2754.5415,2749.2267637463083,2745.506463944896
M38482,long_history,Finance,1924-03-01,2750.0,2743.9120235863666,2761.2598,2752.5858946056833,2746.51421540974
M38482,long_history,Finance,1924-04-01,2760.0,2743.9120235863666,2767.9783,2755.945147535371,2747.5219668745835
M38482,long_history,Finance,1924-05-01,2750.0,2743.9120235863666,2774.6968,2759.3044004650583,2748.5297488570054
M38482,long_history,Finance,1924-06-01,2760.0,2743.9120235863666,2781.415,2762.6635313244333,2749.537500321849
M38482,long_history,Finance,1924-07-01,2740.0,2743.9120235863666,2781.415,2762.6635313244333,2749.537500321849
M38482,long_history,Finance,1924-08-01,2740.0,2743.9120235863666,2781.415,2762.6635313244333,2749.537500321849
M38482,long_history,Finance,1924-09-01,2730.0,2743.9120235863666,2794.8518,2769.381915113496,2751.5530032515367
M38482,long_history,Finance,1924-10-01,2740.0,2743.9120235863666,2808.2886,2776.1002989025583,2753.5685366988023
M38482,long_history,Finance,1924-11-01,2760.0,2743.9120235863666,2808.2886,2776.1002989025583,2753.5685366988023
M38482,long_history,Finance,1924-12-01,2760.0,2746.6281505357874,2808.2886,2777.4583623772687,2755.87724460581
M38482,long_history,Finance,1925-01-01,2740.0,2743.9120235863666,2815.0068,2779.4594297619333,2754.576257646068
M38482,long_history,Finance,1925-02-01,2730.0,2743.9120235863666,2828.4438,2786.1779356213083,2756.5918216109117
M38482,long_history,Finance,1925-03-01,2730.0,2743.9120235863666,2821.7253,2782.818682691621,2755.58403962849
M38482,long_history,Finance,1925-04-01,2730.0,2743.9120235863666,2821.7253,2782.818682691621,2755.58403962849
M38482,long_history,Finance,1925-05-01,2740.0,2797.7510399496487,2828.4438,2813.0974438029493,2802.3549855197016
M38482,long_history,Finance,1925-06-01,2740.0,2743.9120235863666,2841.8806,2792.896319410371,2758.607324540599
M38684,long_history,Finance,1923-11-01,3745.0,4409.076738015137,4281.6504,4345.363564320069,4389.962785906617
M38684,long_history,Finance,1923-12-01,3700.2,4014.842935380449,4243.591,4129.216877846475,4049.155130327288
M38684,long_history,Finance,1924-01-01,5127.6,3907.9663215279247,4072.3252,3990.1457584202126,3932.620189216705
M38684,long_history,Finance,1924-02-01,3936.8,4517.397053236857,4205.532,4361.464639899678,4470.617329235703
M38684,long_history,Finance,1924-03-01,3898.4,3994.834212898463,4015.2366,4005.035392582044,3997.8946034246314
M38684,long_history,Finance,1924-04-01,5181.0,3955.2104796416525,4205.532,4080.3713531020762,3992.75874167978
M38684,long_history,Finance,1924-05-01,4628.0,4773.503373548634,4167.4727,4470.488014899317,4682.598778160871
M38684,long_history,Finance,1924-06-01,3286.5,4613.613211695003,4091.355,4352.4840960818765,4535.274477011066
M38684,long_history,Finance,1924-07-01,3893.6,3955.425444634102,4053.296,4004.360671535801,3970.106012704612
M38684,long_history,Finance,1924-08-01,2499.7,3905.6825245099453,3843.9707,3874.8266138174727,3896.425787923298
M38684,long_history,Finance,1924-09-01,2966.8,3502.1124844038004,4281.6504,3891.8814375144,3619.0431703369804
M38684,long_history,Finance,1924-10-01,3491.3,3353.759871012745,4015.2368,3684.4983437094975,3452.981412821771
M38684,long_history,Finance,1924-11-01,2594.3,3605.5543933495214,4129.414,3867.4842279247605,3684.1333437220937
M38684,long_history,Finance,1924-12-01,2693.7,2832.568246833046,3958.1477,3395.3579759555855,3001.4051777768395
M38684,long_history,Finance,1925-01-01,3113.6,2955.051708161287,3748.823,3351.937353104081,3074.1174382652193
M38684,long_history,Finance,1925-02-01,2838.0,3270.2826114534546,4262.6206,3766.4516084611023,3419.133347176843
M38684,long_history,Finance,1925-03-01,3270.5,2832.4704825462154,4224.5615,3528.516002991858,3041.284175301002
M38684,long_history,Finance,1925-04-01,3587.7,3380.7992877639444,4338.7393,3859.769272788222,3524.4903076852906
M38724,long_history,Finance,1923-12-01,5834.0,5631.356895956878,6052.062,5841.709453837814,5694.462687735222
M38724,long_history,Finance,1924-01-01,4817.0,5662.357669705598,6070.2363,5866.296998915299,5723.53948067554
M38724,long_history,Finance,1924-02-01,5687.0,4919.928102858094,6024.801,5472.364442054047,5085.659041237974
M38724,long_history,Finance,1924-03-01,6237.0,5575.746717145092,5979.3643,5777.555487478796,5636.289372659266
M38724,long_history,Finance,1924-04-01,6403.0,5673.363764656429,6015.7134,5844.53857178134,5724.716255622028
M38724,long_history,Finance,1924-05-01,6213.0,6191.54418337388,5952.103,6071.823605358815,6155.628046590455
M38724,long_history,Finance,1924-06-01,6430.0,6036.876035061106,5906.667,5971.771513624303,6017.344690837097
M38724,long_history,Finance,1924-07-01,6415.0,6309.561521532048,5933.9287,6121.745116234773,6253.216648770991
M38724,long_history,Finance,1924-08-01,6077.0,6309.561521532048,5915.7544,6112.657958031648,6250.490513517085
M38724,long_history,Finance,1924-09-01,5513.0,6020.239287109358,5843.0566,5931.647963867179,5993.661951171861
M38724,long_history,Finance,1924-10-01,5397.0,5764.062149636976,5852.144,5808.1030963028625,5777.274482464867
M38724,long_history,Finance,1924-11-01,4888.0,5850.156567784824,5915.754,5882.9552370174115,5859.996180761632
M38724,long_history,Finance,1924-12-01,4340.0,5218.169720001769,5824.8823,5521.52602211026,5309.176622841348
M38724,long_history,Finance,1925-01-01,3981.0,4915.639643891149,5861.231,5388.435300461199,5057.478389690289
M38724,long_history,Finance,1925-02-01,4086.0,4467.944937379032,5879.4053,5173.675105408266,4679.664024408896
M38724,long_history,Finance,1925-03-01,4884.0,4560.968143718561,5861.2314,5211.09979451553,4756.007675578746
M38724,long_history,Finance,1925-04-01,4592.0,5338.729869734506,5906.667,5622.698430961003,5423.920450309487
M38724,long_history,Finance,1925-05-01,5951.0,5148.408076277901,5806.708,5477.558042045201,5247.1530904221545
M39182,short,Finance,1908-12-01,1699.0,1657.3580960234742,1697.7601,1677.5591139297057,1663.418413602375
M39182,short,Finance,1909-01-01,1667.0,1666.4209705809155,1707.9061,1687.1635492553014,1672.643768597294
M39182,short,Finance,1909-02-01,1660.0,1681.2215387289252,1704.5242,1692.8728543254,1684.7169425631412
M39182,short,Finance,1909-03-01,1656.0,1627.8778442578039,1704.5242,1666.2010070898395,1639.374802262688
M39182,short,Finance,1909-04-01,1653.0,1627.8778442578039,1697.7601,1662.8189880468708,1638.3601996015552
M39182,short,Finance,1909-05-01,1661.0,1627.8778442578039,1701.1421,1664.509967050777,1638.867493302727
M39182,short,Finance,1909-06-01,1691.0,1699.0644121326566,1701.1421,1700.1032509882034,1699.376075996352
M39182,short,Finance,1909-07-01,1694.0,1699.0644121326566,1711.2881,1705.1762490350784,1700.8979876174458
M39182,short,Finance,1909-08-01,1704.0,1699.0644121326566,1718.0521,1708.5582680780471,1701.9125750197895
M39182,short,Finance,1909-09-01,1674.0,1699.0644121326566,1714.6702,1706.867289074141,1701.4052813186177
M39182,short,Finance,1909-10-01,1628.0,1699.0644121326566,1704.5242,1701.794291027266,1699.883384956313
M39182,short,Finance,1909-11-01,1638.0,1645.7207176615352,1697.7601,1671.7404247487364,1653.526641994727
M39182,short,Finance,1909-12-01,1636.0,1648.436844610956,1711.2881,1679.862465274228,1657.8645552240002
M39182,short,Finance,1910-01-01,1645.0,1657.4997191683974,1704.5242,1681.0119445451362,1664.5533959366926
M39182,short,Finance,1910-02-01,1711.0,1645.7207176615352,1690.9962,1668.3584667409239,1652.5120545923833
M39182,short,Finance,1910-03-01,1752.0,1699.0644121326566,1690.9961,1695.0302529413284,1697.8541796340473
M39182,short,Finance,1910-04-01,1801.0,1782.3690335855083,1690.9962,1736.6826247029103,1768.6631231277604
M39182,short,Finance,1910-05-01,1800.0,1777.4539051275513,1687.6143,1732.5340814700257,1763.977970237325
M3926,long_history,Macro,1928-01-01,1544.5099864,1865.0013748254428,1550.4492,1707.7252967877214,1817.8185666729155
M3926,long_history,Macro,1928-02-01,1538.8720887,1845.861276840566,1550.4492,1698.155247795283,1801.5494833857704
M3926,long_history,Macro,1928-03-01,1529.7035517,1845.861276840566,1550.4492,1698.155247795283,1801.5494833857704
M3926,long_history,Macro,1928-04-01,1540.8592487,1845.861276840566,1550.4492,1698.155247795283,1801.5494833857704
M3926,long_history,Macro,1928-05-01,1526.6470793,1845.861276840566,1555.5831,1700.7222033616893,1802.3195639521766
M3926,long_history,Macro,1928-06-01,1548.6943537,1845.861276840566,1560.717,1703.2891589280955,1803.0896445185829
M3926,long_history,Macro,1928-07-01,1525.2523315,1845.861276840566,1560.717,1703.2891589280955,1803.0896445185829
M3926,long_history,Macro,1928-08-01,1550.1738016,1845.861276840566,1560.717,1703.2891589280955,1803.0896445185829
M3926,long_history,Macro,1928-09-01,1523.1723596,1845.861276840566,1560.717,1703.2891589280955,1803.0896445185829
M3926,long_history,Macro,1928-10-01,1534.907418,1845.861276840566,1565.8511,1705.856175529658,1803.8597556025672
M3926,long_history,Macro,1928-11-01,1562.977215,1863.7041502442971,1565.8511,1714.7776122315236,1819.0261979957386
M3926,long_history,Macro,1928-12-01,1545.6708634,1863.7041502442971,1565.8511,1714.7776122315236,1819.0261979957386
M3926,long_history,Macro,1929-01-01,1570.8568419,1920.300651036441,1576.1189,1748.209773760408,1868.6734000606625
M3926,long_history,Macro,1929-02-01,1559.8034639,1845.861276840566,1570.985,1708.4231310960643,1804.6298361689735
M3926,long_history,Macro,1929-03-01,1567.7095639,1901.1605530515642,1576.1189,1738.6397247679697,1852.4043167735172
M3926,long_history,Macro,1929-04-01,1577.2477214,1845.861276840566,1581.2528,1713.5570422288768,1806.170012560575
M3926,long_history,Macro,1929-05-01,1562.8280084,1901.1605530515642,1581.2528,1741.206680334376,1853.1743973399234
M3926,long_history,Macro,1929-06-01,1579.7006638,1919.0034264552953,1570.985,1744.9942059034288,1866.8006633414934
M39521,medium,Finance,1916-04-01,3872.0,4179.023967704562,3961.4731,4070.248556117906,4146.39138084966
M39521,medium,Finance,1916-05-01,4255.0,3997.200673754905,3937.9631,3967.581904260265,3988.3150917346384
M39521,medium,Finance,1916-06-01,4312.0,4213.203536199349,3808.6567,4010.9301372402997,4152.521528718666
M39521,medium,Finance,1916-07-01,4096.0,4234.395546369586,3808.657,4021.5262643957303,4170.534798398523
M39521,medium,Finance,1916-08-01,4279.0,4064.295514880284,3644.085,3854.190237908892,4001.263980616992
M39521,medium,Finance,1916-09-01,5178.0,4244.016611240741,3855.6772,4049.8469286672457,4185.765743089787
M39521,medium,Finance,1916-10-01,4065.0,4808.495221744058,3832.167,4320.331106965779,4662.046011724637
M39521,medium,Finance,1916-11-01,4030.0,4183.319853919445,3785.1465,3984.2331691472227,4123.593848487779
M39521,medium,Finance,1916-12-01,3955.0,4152.912490851833,3973.2285,4063.0705032384167,4125.959931188902
M39521,medium,Finance,1917-01-01,3938.0,3976.0086635846696,3738.126,3857.0673200735846,3940.326297152438
M39521,medium,Finance,1917-02-01,6337.0,3980.714599997869,3702.8606,3841.787597850497,3939.0365481817826
M39521,medium,Finance,1917-03-01,6068.0,5124.119501803986,3702.8606,4413.490048753556,4910.930714716982
M39521,medium,Finance,1917-04-01,6994.0,5103.391777447079,3749.881,4426.636440481352,4900.365188564393
M39521,medium,Finance,1917-05-01,7394.0,6530.161278296105,3796.9016,5163.531444812115,6120.172364872002
M39521,medium,Finance,1917-06-01,7259.0,6934.797893571895,3785.1465,5359.972188973447,6462.350182192361
M39521,medium,Finance,1917-07-01,7022.0,6975.411470792966,3620.575,5297.99321098242,6472.1859928498025
M39521,medium,Finance,1917-08-01,7529.0,6823.120576736598,3644.085,5233.602768837049,6346.265283194859
M39521,medium,Finance,1917-09-01,7372.0,6990.254667777333,3796.9019,5393.578261623042,6511.251745931047
M39602,cold_start,Finance,1904-05-01,2300.0,2442.7016288996906,2305.7185,2374.210067379533,2422.154172650675
M39602,cold_start,Finance,1904-06-01,2300.0,2442.7016288996906,2305.7185,2374.210067379533,2422.154172650675
M39602,cold_start,Finance,1904-07-01,2300.0,2442.7016288996906,2305.7185,2374.210067379533,2422.154172650675
M39602,cold_start,Finance,1904-08-01,2300.0,2835.2059819449373,2270.2458,2552.725915777156,2750.46198040515
M39602,cold_start,Finance,1904-09-01,2200.0,2946.5692279135355,2350.059,2648.3141549723928,2857.09272434174
M39602,cold_start,Finance,1904-10-01,2100.0,2276.791481843457,2305.7185,2291.2549938514157,2281.130547652876
M39602,cold_start,Finance,1904-11-01,2100.0,2171.1469123044512,2305.7185,2238.4327090819133,2191.332663544721
M39602,cold_start,Finance,1904-12-01,2300.0,2164.689758219074,2305.7185,2235.2041320392245,2185.844082572151
M39602,cold_start,Finance,1905-01-01,2300.0,2313.980102286793,2305.7185,2309.849304073084,2312.740875029712
M39602,cold_start,Finance,1905-02-01,2300.0,2302.2011007799315,2305.7185,2303.9598033196535,2302.7287237488795
M39602,cold_start,Finance,1905-03-01,2300.0,2442.7016288996906,2199.3008,2321.0012050748455,2406.1915261663
M39602,cold_start,Finance,1905-04-01,2700.0,2442.7016288996906,2199.3008,2321.0012050748455,2406.1915261663
M39602,cold_start,Finance,1905-05-01,2700.0,2625.0331930286266,2252.5098,2438.7714793268133,2569.154678918083
M39602,cold_start,Finance,1905-06-01,2700.0,2630.2330849635955,2199.3008,2414.7669331067978,2565.593263820619
M39602,cold_start,Finance,1905-07-01,2700.0,2746.945015220135,2252.5098,2499.7273904225676,2672.779727780865
M39602,cold_start,Finance,1905-08-01,2700.0,2746.945015220135,2252.5098,2499.7273904225676,2672.779727780865
M39602,cold_start,Finance,1905-09-01,2700.0,2805.884768641764,2199.3008,2502.592774945882,2714.897194947062
M39602,cold_start,Finance,1905-10-01,2700.0,3038.9417387447475,2199.3008,2619.1212599973737,2912.995619534598
M39954,cold_start,Finance,1904-05-01,3343.0,3144.419146335616,3218.1096,3181.2643827381207,3155.4727355669147
M39954,cold_start,Finance,1904-06-01,3200.0,3314.4651937235667,3241.1785,3277.821830260221,3303.47220299511
M39954,cold_start,Finance,1904-07-01,3142.0,3188.3384733527114,3368.0576,3278.1980452701055,3215.2963510314457
M39954,cold_start,Finance,1904-08-01,3058.0,3206.209556455243,3598.7466,3402.4780692432464,3265.0901347057065
M39954,cold_start,Finance,1904-09-01,3016.0,3154.456097048977,3587.212,3370.8340055557383,3219.3694696010057
M39954,cold_start,Finance,1904-10-01,3022.0,3102.8002377662765,3610.2808,3356.540499742513,3178.9223163591478
M39954,cold_start,Finance,1904-11-01,3059.0,3072.647055366025,3714.0908,3393.368937839263,3168.863644522059
M39954,cold_start,Finance,1904-12-01,3092.0,3075.363182315446,3783.2974,3429.3302727983482,3181.5533338743794
M39954,cold_start,Finance,1905-01-01,2846.0,3072.647055366025,3702.5564,3387.6017259252003,3167.1334809478403
M39954,cold_start,Finance,1905-02-01,2845.0,2786.5253287159867,3748.6943,3267.6098323267433,2930.850728627339
M39954,cold_start,Finance,1905-03-01,2797.0,2823.052397989815,3840.9697,3332.0110622761576,2975.740046103843
M39954,cold_start,Finance,1905-04-01,2731.0,2781.61020025803,3875.5728,3328.59147708214,2945.704607719326
M39954,cold_start,Finance,1905-05-01,2560.0,2764.3400452287883,3552.6086,3158.4743439034564,2882.5803348311892
M39954,cold_start,Finance,1905-06-01,2512.0,2650.358402034836,3425.73,3038.044191251793,2766.6641387999234
M39954,cold_start,Finance,1905-07-01,2597.0,2653.2922387919825,3437.2642,3045.2781994741163,2770.888063617717
M39954,cold_start,Finance,1905-08-01,2806.0,2656.8795591753765,3287.3162,2972.097860642376,2751.4450679260235
M39954,cold_start,Finance,1905-09-01,2786.0,2781.3254367810177,3171.972,2976.6486803045714,2839.922428148631
M39954,cold_start,Finance,1905-10-01,2791.0,2748.827152044323,2941.2832,2845.0551775846616,2777.6955841204876
M39970,cold_start,Finance,1904-05-01,1099.0,976.6303695044821,1039.843,1008.2366935413036,986.1122697672864
M39970,cold_start,Finance,1904-06-01,1145.0,1070.4464638706163,1109.8843,1090.1653706071831,1076.36214504686
M39970,cold_start,Finance,1904-07-01,1108.0,1126.2278414127477,1115.272,1120.7499070344988,1124.5844672027888
M39970,cold_start,Finance,1904-08-01,1188.0,1121.3127129547906,1174.5377,1147.9252163406766,1129.2964700740722
M39970,cold_start,Finance,1904-09-01,1297.0,1165.5584188537273,1249.9668,1207.7626078643636,1178.219681660434
M39970,cold_start,Finance,1904-10-01,1217.0,1206.2217429542388,1249.9668,1228.0942699146194,1212.7835071458687
M39970,cold_start,Finance,1904-11-01,1261.0,1206.2217429542388,1276.9056,1241.5636913013382,1216.8243396654
M39970,cold_start,Finance,1904-12-01,1251.0,1219.5895945127697,1314.6202,1267.104916885291,1233.844194276284
M39970,cold_start,Finance,1905-01-01,1245.0,1213.085616003144,1357.7224,1285.4040140562595,1234.781144574352
M39970,cold_start,Finance,1905-02-01,1269.0,1216.8734675633489,1363.1104,1289.9919095629243,1238.8090154220108
M39970,cold_start,Finance,1905-03-01,1205.0,1229.8365791708413,1433.1515,1331.4940342143268,1260.3338248391606
M39970,cold_start,Finance,1905-04-01,1256.0,1214.8083164433115,1433.1515,1323.979902850562,1247.5598015207602
M39970,cold_start,Finance,1905-05-01,1229.0,1243.338281117871,1427.7637,1335.5509764964354,1271.0021049902296
M39970,cold_start,Finance,1905-06-01,1203.0,1234.9618444543162,1519.3562,1377.1590228130956,1277.6210101689815
M39970,cold_start,Finance,1905-07-01,1181.0,1230.3751695103786,1530.1316,1380.2533806536267,1275.3386389568689
M39970,cold_start,Finance,1905-08-01,1187.0,1199.2136488117617,1594.7852,1396.9994025308808,1258.5493901862865
M39970,cold_start,Finance,1905-09-01,1148.0,1201.9629865602728,1540.9072,1371.4351065613864,1252.8046317158805
M39970,cold_start,Finance,1905-10-01,1183.0,1170.6803922688287,1530.1317,1350.406053068008,1224.5980935603404
M39988,cold_start,Finance,1904-05-01,1950.0,2602.854934211704,2541.3618,2572.108375308977,2593.630978747917
M39988,cold_start,Finance,1904-06-01,2260.0,2283.5126936030097,2703.0847,2493.2987051999426,2346.4485275996676
M39988,cold_start,Finance,1904-07-01,2386.0,2217.7196623869104,2737.7397,2477.72970424033,2295.722693253483
M39988,cold_start,Finance,1904-08-01,2346.0,2314.587442056859,2749.2913,2531.939350911242,2379.793033023721
M39988,cold_start,Finance,1904-09-01,2958.0,2392.7381886516823,2726.1882,2559.4632105367787,2442.7557135277584
M39988,cold_start,Finance,1904-10-01,2731.0,2870.8269529550157,2691.5332,2781.180078040008,2843.932920998092
M39988,cold_start,Finance,1904-11-01,2811.0,2655.942894497706,2633.775,2644.858898420728,2652.6177139851598
M39988,cold_start,Finance,1904-12-01,2651.0,2814.9512651995183,2587.5684,2701.259812287259,2780.843859843419
M39988,cold_start,Finance,1905-01-01,3016.0,2684.5706604102975,2691.5332,2688.051931767649,2685.615072335081
M39988,cold_start,Finance,1905-02-01,2668.0,3098.0721014231235,2668.43,2883.2510165318745,3033.6257820592646
M39988,cold_start,Finance,1905-03-01,3783.0,2756.9608807364384,2633.775,2695.367891540094,2738.4830022880824
M39988,cold_start,Finance,1905-04-01,3449.0,3647.823255077936,2749.2913,3198.5572574217804,3513.0434740916367
M39988,cold_start,Finance,1905-05-01,3332.0,3438.9519530031694,2887.9111,3163.4315429078347,3356.295836078085
M39988,cold_start,Finance,1905-06-01,3393.0,3376.6033026807254,2945.6694,3161.1363681372377,3311.9632406282262
M39988,cold_start,Finance,1905-07-01,3345.0,3383.3497447364825,2899.463,3141.4063176807413,3310.7667471373384
M39988,cold_start,Finance,1905-08-01,3570.0,3291.4009218280476,2714.6362,3003.018576148399,3204.8862486417315
M39988,cold_start,Finance,1905-09-01,4113.0,3445.3030983613726,2749.2915,3097.2973011338113,3340.9013714001358
M39988,cold_start,Finance,1905-10-01,3397.0,3857.0300045450886,2945.6694,3401.3497190694193,3720.325937212935
M40079,short,Finance,1909-07-01,2290.54,2262.7030723507023,2224.3857,2243.544407269101,2256.955478929738
M40079,short,Finance,1909-08-01,2232.77,2297.285972321975,2206.0024,2251.6442068641127,2283.593467098679
M40079,short,Finance,1909-09-01,2250.21,2262.7030723507023,2224.3857,2243.544407269101,2256.955478929738
M40079,short,Finance,1909-10-01,2158.94,2271.8763533855004,2187.6191,2229.74774700525,2259.2377836784567
M40079,short,Finance,1909-11-01,2198.45,2194.0804687802583,2242.7693,2218.4248779448167,2201.3838037366572
M40079,short,Finance,1909-12-01,2213.07,2265.419199300123,2206.0024,2235.7108203531866,2256.506710030105
M40079,short,Finance,1910-01-01,2110.12,2274.482073857564,2206.0024,2240.242257631907,2264.2101534039293
M40079,short,Finance,1910-02-01,2168.89,2161.973631269653,2215.194,2188.583861533264,2169.9567003487364
M40079,short,Finance,1910-03-01,2255.62,2198.995597238215,2224.3857,2211.6906697128575,2202.8041250841234
M40079,short,Finance,1910-04-01,2150.04,2222.967470498007,2196.8108,2209.889130756816,2219.0439868861968
M40079,short,Finance,1910-05-01,2208.08,2154.344866927563,2178.4275,2166.386178580969,2157.9572665271007
M40079,short,Finance,1910-06-01,2168.36,2222.967470498007,2160.0442,2191.505829975566,2213.5290027553374
M40079,short,Finance,1910-07-01,2173.85,2149.4297384696065,2215.194,2182.3119151332407,2159.2943914686966
M40079,short,Finance,1910-08-01,2137.25,2218.0523420400505,2261.1526,2239.6024649653377,2224.5174033316994
M40079,short,Finance,1910-09-01,2136.93,2112.4077725010447,2251.961,2182.1843550005224,2133.340765561435
M40079,short,Finance,1910-10-01,2033.26,2112.4077725010447,2279.536,2195.97183058646,2137.476996030185
M40079,short,Finance,1910-11-01,2083.46,2117.3229009590013,2279.536,2198.429394815438,2141.654855219448
M40079,short,Finance,1910-12-01,2128.06,2103.2513181220643,2297.9194,2200.585375857907,2132.4515476498486
M40144,medium,Finance,1916-05-01,2364.32,2443.381339237111,2298.0056,2370.693477235743,2421.5750050507636
M40144,medium,Finance,1916-06-01,2724.91,2470.071008515203,2419.754,2444.9124573826016,2462.5234614859696
M40144,medium,Finance,1916-07-01,2671.73,2772.561400347777,2290.3962,2531.478820291076,2700.236638537798
M40144,medium,Finance,1916-08-01,2565.03,2715.5972081568048,2138.2104,2426.9038286877776,2628.989194316097
M40144,medium,Finance,1916-09-01,2895.75,2641.1438001731335,2366.489,2503.816406922504,2599.9455883014607
M40144,medium,Finance,1916-10-01,3159.45,2914.8396642086605,2442.582,2678.7108477293305,2844.0010436789244
M40144,medium,Finance,1916-11-01,2928.46,3190.122251703297,2358.88,2774.5010672578983,3065.4359146802244
M40144,medium,Finance,1916-12-01,2464.34,2915.854031834227,2221.9126,2568.8833147452387,2811.7628228110466
M40144,medium,Finance,1917-01-01,2406.35,2654.3207606320307,2328.4426,2491.3816937925776,2605.4390649942575
M40144,medium,Finance,1917-02-01,2361.84,2546.5868427788278,2473.019,2509.802942873789,2535.5516972213786
M40144,medium,Finance,1917-03-01,2621.52,2542.3342301940156,2366.489,2454.4116219329453,2515.9574538192105
M40144,medium,Finance,1917-04-01,2167.2,2679.3707684753285,2161.038,2420.204427206414,2601.620884405201
M40144,medium,Finance,1917-05-01,3006.96,2384.441585815482,2267.5684,2326.0049725952413,2366.91060184941
M40144,medium,Finance,1917-06-01,2721.2,3102.3247140079357,2351.2705,2726.797610910218,2989.6665891821362
M40144,medium,Finance,1917-07-01,2946.6,2710.676539706819,2252.3499,2481.513196611222,2641.92753677814
M40144,medium,Finance,1917-08-01,2513.85,2930.7139857268016,2214.3032,2572.5086041915256,2823.2523956802816
M40144,medium,Finance,1917-09-01,2955.09,2660.555318384482,2328.4426,2494.4989726688036,2610.738439083841
M40144,medium,Finance,1917-10-01,3095.44,3012.3643521370373,2480.6284,2746.496385052894,2932.60396811531
M40258,cold_start,Finance,1903-08-01,846.0,1831.5765227038848,1033.0054,1432.2909468988173,1711.7908499623647
M40258,cold_start,Finance,1903-09-01,969.0,1197.3075215911956,1046.421,1121.8642710495042,1174.6745586357194
M40258,cold_start,Finance,1903-10-01,794.0,1069.6428966645767,1086.668,1078.1554327072884,1072.1966605291482
M40258,cold_start,Finance,1903-11-01,1336.0,888.5661785225902,1024.0616,956.3139120152014,908.8905046738893
M40258,cold_start,Finance,1903-12-01,856.0,1246.9809745715315,903.32074,1075.1508571588126,1195.4319515547472
M40258,cold_start,Finance,1904-01-01,1354.0,1119.5088668083088,1100.0837,1109.796303521342,1116.59511002925
M40258,cold_start,Finance,1904-02-01,1533.0,1467.4120680078272,1225.2964,1346.3542273632886,1431.0947219179814
M40258,cold_start,Finance,1904-03-01,1117.0,1358.6040812395163,1010.646,1184.6250386666331,1306.410377622925
M40258,cold_start,Finance,1904-04-01,791.0,1239.9285432326067,907.7926,1073.8605728858347,1190.1081612838486
M40258,cold_start,Finance,1904-05-01,2489.0,1252.1103310259211,1001.7022,1126.9062702492888,1214.5491219482049
M40258,cold_start,Finance,1904-06-01,905.0,1964.109719249999,983.81464,1473.962177740234,1817.0654659523432
M40258,cold_start,Finance,1904-07-01,1250.0,1484.903263434714,898.8489,1191.8760701939195,1396.9951054624757
M40258,cold_start,Finance,1904-08-01,1143.0,1170.3674409572548,983.8147,1077.09106911144,1142.3845294035104
M40258,cold_start,Finance,1904-09-01,821.0,1159.9264803828833,970.39905,1065.1627641172229,1131.497368554943
M40258,cold_start,Finance,1904-10-01,1110.0,1081.2650517469244,898.8489,990.0569643500247,1053.9026255278545
M40258,cold_start,Finance,1904-11-01,923.0,1157.5871610497559,858.6019,1008.0945448803467,1112.7393853542067
M40258,cold_start,Finance,1904-12-01,960.0,1055.3248110191398,889.9051,972.6149506755855,1030.5118529160736
M40258,cold_start,Finance,1905-01-01,1016.0,1045.0108757409953,885.43317,965.2220211224508,1021.0742315624633
M40344,long_history,Finance,1931-02-01,16051.1,17542.10098650986,16150.996,16846.54854012993,17333.435252595882
M40344,long_history,Finance,1931-03-01,15832.4,18344.540988174664,16270.855,17307.69822846233,18033.488257917215
M40344,long_history,Finance,1931-04-01,15600.8,17799.972804512377,16270.855,17035.41413663119,17570.605301804273
M40344,long_history,Finance,1931-05-01,15956.9,18344.540988174664,16420.68,17382.61033783733,18055.961890729715
M40344,long_history,Finance,1931-06-01,16007.2,18344.540988174664,16570.502,17457.52147064983,18078.43527940159
M40344,long_history,Finance,1931-07-01,16043.6,18344.540988174664,16420.68,17382.61033783733,18055.961890729715
M40344,long_history,Finance,1931-08-01,16933.9,18344.540988174664,16270.855,17307.69822846233,18033.488257917215
M40344,long_history,Finance,1931-09-01,16126.0,18344.540988174664,16420.68,17382.61033783733,18055.961890729715
M40344,long_history,Finance,1931-10-01,16211.6,18344.540988174664,16240.891,17292.71580658733,18028.993629010965
M40344,long_history,Finance,1931-11-01,16238.3,18344.540988174664,16420.68,17382.61033783733,18055.961890729715
M40344,long_history,Finance,1931-12-01,16099.8,18328.698874445963,16420.68,17374.689280972983,18042.49609406032
M40344,long_history,Finance,1932-01-01,13108.8,18252.238685988308,16240.891,17246.564655494156,17950.536672152564
M40344,long_history,Finance,1932-02-01,16024.0,17499.08051442586,16210.926,16855.00314783793,17305.857353277606
M40344,long_history,Finance,1932-03-01,16872.4,17699.173673557747,16180.961,16940.06730552887,17471.44190963346
M40344,long_history,Finance,1932-04-01,15698.1,17749.915185387254,16360.75,17055.332592693627,17541.540456407292
M40344,long_history,Finance,1932-05-01,17053.4,18433.97503815861,16270.855,17352.415253454303,18109.50720040357
M40344,long_history,Finance,1932-06-01,17024.0,18604.118991390864,16450.645,17527.38176132043,18281.09782236974
M40344,long_history,Finance,1932-07-01,15161.4,18604.118991390864,16180.961,17392.53996444543,18240.645429791613
M40698,short,Finance,1911-09-01,4203.0,4566.554699979643,4391.964,4479.259283583571,4540.366111681917
M40698,short,Finance,1911-10-01,4310.2,4331.867340690795,4408.8564,4370.361893001647,4343.415730798113
M40698,short,Finance,1911-11-01,4908.3,4301.226043854737,4459.5327,4380.379379349244,4324.972068917152
M40698,short,Finance,1911-12-01,5022.1,4731.172187861498,4256.8267,4493.9994240088745,4660.020407533836
M40698,short,Finance,1912-01-01,4773.7,4860.582088102506,4189.258,4524.919950301253,4759.88344676213
M40698,short,Finance,1912-02-01,4949.7,4811.052783685432,4071.0127,4441.032739498965,4700.046782636524
M40698,short,Finance,1912-03-01,5145.0,4919.516403857198,4104.797,4512.156639428599,4797.30848673565
M40698,short,Finance,1912-04-01,5029.0,5028.554714510441,4189.258,4608.9062635052205,4902.660179208875
M40698,short,Finance,1912-05-01,5059.0,5009.83057190568,4408.8564,4709.34350860909,4919.684477330766
M40698,short,Finance,1912-06-01,5572.9,5073.371782087747,4780.4834,4926.927590262623,5029.438524540211
M40698,short,Finance,1912-07-01,5229.3,5402.815959600895,5084.543,5243.679464175448,5355.075023180293
M40698,short,Finance,1912-08-01,4942.1,5235.248800558814,5169.004,5202.1263534044065,5225.312127447649
M40698,short,Finance,1912-09-01,4942.3,5040.719470302092,5033.866,5037.292840619796,5039.691505811466
M40698,short,Finance,1912-10-01,4689.3,5019.16692558414,4814.2676,4916.71725185457,4988.43202346527
M40698,short,Finance,1912-11-01,5981.5,4821.321599290139,4966.298,4893.809725426319,4843.068061545056
M40698,short,Finance,1912-12-01,7703.3,5596.49453096893,4577.778,5087.13618150009,5443.68703833531
M40698,short,Finance,1913-01-01,6849.6,6393.753214459249,4746.699,5570.226216604624,6146.695115102862
M40698,short,Finance,1913-02-01,7200.4,6435.813300838753,4679.131,5557.472080106876,6172.31093461919
M40721,cold_start,Finance,1903-08-01,7460.52,7274.8485457449915,7637.697,7456.272661544371,7329.275804898868
M40721,cold_start,Finance,1903-09-01,7516.89,7359.059851731176,7637.697,7498.378314537464,7400.855414987125
M40721,cold_start,Finance,1903-10-01,7420.76,7359.059851731176,7637.697,7498.378314537464,7400.855414987125
M40721,cold_start,Finance,1903-11-01,7529.26,7354.14472327322,7637.697,7495.920750308485,7396.677555797863
M40721,cold_start,Finance,1903-12-01,7625.46,7438.423294530258,7661.125,7549.774147265129,7471.828623592908
M40721,cold_start,Finance,1904-01-01,7669.82,7542.781456332171,7661.125,7601.953228166085,7560.533061124534
M40721,cold_start,Finance,1904-02-01,7721.21,7624.107014587987,7637.697,7630.901895965868,7626.145503415414
M40721,cold_start,Finance,1904-03-01,7880.93,7710.744986606417,7801.6963,7756.220637834458,7724.387755217018
M40721,cold_start,Finance,1904-04-01,7979.36,7715.660115064374,7778.2676,7746.963846594686,7725.051332179718
M40721,cold_start,Finance,1904-05-01,8142.74,7844.0680165809135,7731.4106,7787.739330556082,7827.169484015652
M40721,cold_start,Finance,1904-06-01,8372.89,8129.753983539595,7778.2676,7954.010780832297,8077.031120383656
M40721,cold_start,Finance,1904-07-01,8457.17,8147.011788644655,7801.6963,7974.354038853578,8095.21453694952
M40721,cold_start,Finance,1904-08-01,8501.75,8348.08939962763,7801.6963,8074.892844345065,8266.130506285048
M40721,cold_start,Finance,1904-09-01,8565.13,8390.749119393942,7825.1245,8107.936815556346,8305.905428242664
M40721,cold_start,Finance,1904-10-01,8539.03,8396.995407520033,7731.4106,8064.2030260256415,8297.157766313903
M40721,cold_start,Finance,1904-11-01,8776.87,8392.080279062076,7731.4106,8061.745461796663,8292.979907124642
M40721,cold_start,Finance,1904-12-01,8939.15,8656.285722708679,7731.4106,8193.848183619964,8517.554534224253
M40721,cold_start,Finance,1905-01-01,8948.3,8725.211291665937,7684.5537,8204.88250130172,8569.112703384797
M40768,long_history,Finance,1923-12-01,1264.44,1318.2948453433678,1228.3918,1273.3433455232464,1304.8094076043628
M40768,long_history,Finance,1924-01-01,1191.95,1262.453295317182,1254.3438,1258.398522658591,1261.2368665713625
M40768,long_history,Finance,1924-02-01,1235.9,1277.2538634651914,1219.7412,1248.4975372013457,1268.6269655860378
M40768,long_history,Finance,1924-03-01,1196.44,1266.2411468773869,1254.3438,1260.2924484386936,1264.4565403975369
M40768,long_history,Finance,1924-04-01,1196.57,1237.7111822028273,1280.2957,1259.0034182498512,1244.098862172208
M40768,long_history,Finance,1924-05-01,1257.95,1237.7111822028273,1297.5969,1267.6540530154762,1246.69404649838
M40768,long_history,Finance,1924-06-01,1227.6,1250.6742938103198,1392.754,1321.7141610653161,1271.98626619385
M40768,long_history,Finance,1924-07-01,1162.71,1237.7111822028273,1366.802,1302.2565920779762,1257.0748143206456
M40768,long_history,Finance,1924-08-01,1135.26,1173.2841337284033,1332.1995,1252.7417983095143,1197.1214392062523
M40768,long_history,Finance,1924-09-01,1162.43,1157.7172806613362,1358.1515,1257.9343849595743,1187.782421106081
M40768,long_history,Finance,1924-10-01,1150.77,1157.7172806613362,1349.5009,1253.6090675767618,1186.4848289429951
M40768,long_history,Finance,1924-11-01,1198.52,1170.6803922688287,1358.1514,1264.4158797281643,1198.8010507136607
M40768,long_history,Finance,1924-12-01,1183.91,1240.4273091522482,1340.8501,1290.638703404249,1255.4907304796063
M40768,long_history,Finance,1925-01-01,1214.13,1213.741988067135,1332.1995,1272.97072547888,1231.5106153941742
M40768,long_history,Finance,1925-02-01,1273.58,1237.7111822028273,1323.5488,1280.6300051639137,1250.5868382464269
M40768,long_history,Finance,1925-03-01,1214.47,1237.7111822028273,1340.8501,1289.2806399295387,1253.1820225725987
M40768,long_history,Finance,1925-04-01,1339.44,1237.7111822028273,1366.8021,1302.2566531131324,1257.0748295794347
M40768,long_history,Finance,1925-05-01,1363.3,1327.5680963299367,1358.1514,1342.8597317587182,1332.1555991656026
M40818,medium,Finance,1915-01-01,3454.44,3418.053079891343,3419.4363,3418.7446795941087,3418.2605842162357
M40818,medium,Finance,1915-02-01,3411.04,3418.053079891343,3404.569,3411.3110858441087,3416.0305121947513
M40818,medium,Finance,1915-03-01,3366.27,3418.053079891343,3389.702,3403.8774920941087,3413.800409655689
M40818,medium,Finance,1915-04-01,3366.92,3376.3357685260307,3419.4363,3397.886023911453,3382.80086955572
M40818,medium,Finance,1915-05-01,3381.74,3376.3357685260307,3404.569,3390.452430161453,3380.5707975342357
M40818,medium,Finance,1915-06-01,3302.49,3376.3357685260307,3389.702,3383.018836411453,3378.340694995173
M40818,medium,Finance,1915-07-01,3330.02,3349.6816604119517,3404.569,3377.1253761044136,3357.9148056372687
M40818,medium,Finance,1915-08-01,3273.81,3349.6816604119517,3419.4363,3384.5589698544136,3360.144877658753
M40818,medium,Finance,1915-09-01,3268.99,3349.6816604119517,3419.4363,3384.5589698544136,3360.144877658753
M40818,medium,Finance,1915-10-01,3332.53,3349.6816604119517,3419.4363,3384.5589698544136,3360.144877658753
M40818,medium,Finance,1915-11-01,3308.08,3349.6816604119517,3419.4363,3384.5589698544136,3360.144877658753
M40818,medium,Finance,1915-12-01,3278.5,3352.3977873613726,3449.1704,3400.7840987588115,3366.9137296087297
M40818,medium,Finance,1916-01-01,3367.39,3349.6816604119517,3464.0376,3406.859629034101,3366.835063205628
M40818,medium,Finance,1916-02-01,3397.72,3376.3357685260307,3449.1704,3412.7530893411404,3387.261013598689
M40818,medium,Finance,1916-03-01,3390.16,3422.9682083492994,3449.1704,3436.0693092527745,3426.8985874484674
M40818,medium,Finance,1916-04-01,3476.0,3418.053079891343,3478.9045,3448.4788104534837,3427.180811267017
M40818,medium,Finance,1916-05-01,3362.92,3418.053079891343,3434.3032,3426.178151273796,3420.490625720142
M40818,medium,Finance,1916-06-01,3325.48,3381.2508969839873,3419.4363,3400.343588140431,3386.978728744983
M40910,medium,Finance,1915-01-01,6567.4,6711.851580285984,6326.6865,6519.269051861742,6654.076833965743
M40910,medium,Finance,1915-02-01,6371.1,6615.871460983288,6257.7305,6436.800964866644,6562.150348769389
M40910,medium,Finance,1915-03-01,6973.3,6582.088516849421,6137.058,6359.573311159085,6515.334016177477
M40910,medium,Finance,1915-04-01,6734.6,6833.306672918363,5981.907,6407.606949740431,6705.596804793109
M40910,medium,Finance,1915-05-01,7241.4,6847.408139489827,5861.2354,6354.321745526164,6699.4822823358845
M40910,medium,Finance,1915-06-01,7261.6,7287.329865707358,5792.2793,6539.804581291179,7063.072304796568
M40910,medium,Finance,1915-07-01,7014.4,7276.586829116936,5792.2793,6534.433062995968,7053.940723694709
M40910,medium,Finance,1915-08-01,7294.2,7157.233064060608,5757.802,6457.517410936554,6947.318392537455
M40910,medium,Finance,1915-09-01,8040.8,7392.146022642316,5430.2617,6411.2038706961575,7097.863425886594
M40910,medium,Finance,1915-10-01,8419.5,7683.20081775819,5378.545,6530.872869816595,7337.502494410868
M40910,medium,Finance,1915-11-01,8441.3,8101.4506529713935,5481.979,6791.714828438822,7708.529930025686
M40910,medium,Finance,1915-12-01,9388.7,8158.918877370912,5533.6953,6846.307094935456,7765.1353670543385
M40910,medium,Finance,1916-01-01,10352.8,8913.69603341074,5499.218,7206.45690342412,8401.524318828819
M40910,medium,Finance,1916-02-01,8960.4,9819.724599153313,5654.368,7737.046381607906,9194.921182717817
M40910,medium,Finance,1916-03-01,10769.5,9078.138895163303,5292.3506,7185.244740550402,8510.270660986465
M40910,medium,Finance,1916-04-01,10533.5,9994.108309472895,5171.6777,7582.893021923947,9270.743772036336
M40910,medium,Finance,1916-05-01,10267.2,10413.967317977944,5206.1562,7810.061783988972,9632.795682195316
M40910,medium,Finance,1916-06-01,10016.8,9864.206027831362,5257.873,7561.039537353181,9173.25609289494
M40919,medium,Finance,1915-01-01,4200.7,4391.411936241291,4203.17,4297.290929058146,4363.175670707442
M40919,medium,Finance,1915-02-01,4009.6,4301.226043854737,4305.6865,4303.456283646119,4301.895164620277
M40919,medium,Finance,1915-03-01,3592.1,4131.126012365436,4075.025,4103.075457354593,4122.710894690308
M40919,medium,Finance,1915-04-01,3453.4,3852.397179218363,4151.912,4002.1546442966815,3897.324467569984
M40919,medium,Finance,1915-05-01,3284.0,3676.4512287105126,4126.283,3901.3672159177563,3743.9260492867484
M40919,medium,Finance,1915-06-01,3034.9,3497.7844628209955,4280.0576,3888.9210400042475,3615.125460390034
M40919,medium,Finance,1915-07-01,3702.8,3353.341351750004,4126.283,3739.812277437502,3469.282653870316
M40919,medium,Finance,1915-08-01,4269.1,3551.265198413824,4382.5737,3966.919464441287,3675.961527050188
M40919,medium,Finance,1915-09-01,4042.5,3967.382502380881,4151.912,4059.64730587794,3995.061992258124
M40919,medium,Finance,1915-10-01,3663.8,4078.5571256197004,4126.283,4102.42016437235,4085.7160616595584
M40919,medium,Finance,1915-11-01,3802.4,3911.9836718126485,4228.7993,4070.391494109449,3959.506067329814
M40919,medium,Finance,1915-12-01,2517.8,3827.3006037089476,4203.1704,4015.2355069325986,3883.681099090106
M40919,medium,Finance,1916-01-01,3550.9,2868.8915732244627,3998.1375,3433.5145121981686,3038.2784793306373
M40919,medium,Finance,1916-02-01,3671.9,3563.7447740892267,3869.9922,3716.8684807946133,3609.6818983078742
M40919,medium,Finance,1916-03-01,3612.6,3682.8700122264363,3793.105,3737.987496347593,3699.405269669815
M40919,medium,Finance,1916-04-01,3367.1,3608.473594128535,4151.912,3880.192851751767,3689.98942024363
M40919,medium,Finance,1916-05-01,3658.5,3462.4779235170654,4075.025,3768.7514129304077,3554.3600191691935
M40919,medium,Finance,1916-06-01,3093.8,3556.006440838569,4305.6865,3930.8464821380344,3668.4585020565337
M40939,medium,Finance,1915-01-01,4564.72,4320.157042464525,4329.926,4325.041411857263,4321.622377696409
M40939,medium,Finance,1915-02-01,4512.38,4570.294042537638,4357.3306,4463.812304471944,4538.3495455319935
M40939,medium,Finance,1915-03-01,4332.46,4568.177991366479,4288.8193,4428.49866365199,4526.274229673226
M40939,medium,Finance,1915-04-01,4481.6,4333.354676869835,4316.2236,4324.789154841168,4330.78506908936
M40939,medium,Finance,1915-05-01,4629.81,4412.441091124303,4466.949,4439.6951549371515,4420.617346889252
M40939,medium,Finance,1915-06-01,4718.18,4619.363725748191,4412.1396,4515.751687092846,4588.280150772682
M40939,medium,Finance,1915-07-01,5133.05,4619.363725748191,4357.33,4488.346901936596,4580.058715225807
M40939,medium,Finance,1915-08-01,4992.44,4976.88038396669,4412.1396,4694.510016202095,4892.169310258406
M40939,medium,Finance,1915-09-01,4827.82,5018.933649639285,4288.8193,4653.876492788393,4909.416539205112
M40939,medium,Finance,1915-10-01,5120.55,4842.085790697691,4343.628,4592.856860192595,4767.317111546163
M40939,medium,Finance,1915-11-01,5414.3,5028.554714510441,4453.247,4740.9008924114705,4942.25856788075
M40939,medium,Finance,1915-12-01,5124.23,5340.9473595015015,4494.354,4917.650681703875,5213.958392783308
M40939,medium,Finance,1916-01-01,5534.49,5063.435674668715,4590.2695,4826.852602959358,4992.460789777002
M40939,medium,Finance,1916-02-01,5590.95,5375.938608130564,4480.6514,4928.294987659032,5241.645534196136
M40939,medium,Finance,1916-03-01,5179.22,5424.368504318848,4439.545,4931.956713096924,5276.644991366334
M40939,medium,Finance,1916-04-01,5450.95,5140.136716084179,4562.865,4851.50097522959,5053.546018241866
M40939,medium,Finance,1916-05-01,5458.41,5404.9961665485125,4576.5674,4990.781774680507,5280.731848988111
M40939,medium,Finance,1916-06-01,5013.57,5359.783777270033,4590.2695,4975.026654260017,5244.356676988123
M40988,medium,Finance,1915-01-01,1301.18,1278.020148384249,1248.1548,1263.0874667702496,1273.5403469518071
M40988,medium,Finance,1915-02-01,1297.56,1266.2411468773869,1236.2297,1251.235441602756,1261.7394383467556
M40988,medium,Finance,1915-03-01,1302.32,1266.2411468773869,1224.3047,1245.2729171886936,1259.9506810225369
M40988,medium,Finance,1915-04-01,1297.07,1266.2411468773869,1224.3047,1245.2729171886936,1259.9506810225369
M40988,medium,Finance,1915-05-01,1307.47,1266.2411468773869,1220.3296,1243.2853683605686,1259.3544133223415
M40988,medium,Finance,1915-06-01,1317.73,1266.2411468773869,1208.4047,1237.3229049816623,1257.565686515701
M40988,medium,Finance,1915-07-01,1336.16,1335.616079479472,1176.6045,1256.1102858334862,1311.7643444374341
M40988,medium,Finance,1915-08-01,1340.94,1335.616079479472,1176.6045,1256.1102858334862,1311.7643444374341
M40988,medium,Finance,1915-09-01,1358.16,1392.8608728586162,1156.7295,1274.795182523058,1357.4411718614645
M40988,medium,Finance,1915-10-01,1351.81,1392.8608728586162,1160.7045,1276.7826703160267,1358.0374243028707
M40988,medium,Finance,1915-11-01,1350.65,1392.8608728586162,1120.9543,1256.9076092808705,1352.0748998888082
M40988,medium,Finance,1915-12-01,1316.14,1395.576999808037,1124.9293,1260.2531605485497,1354.9798602372223
M40988,medium,Finance,1916-01-01,1350.8,1404.6398743654784,1077.2291,1240.9345001710203,1355.5282743141724
M40988,medium,Finance,1916-02-01,1349.51,1392.8608728586162,1081.2041,1237.032487210558,1346.1123602159566
M40988,medium,Finance,1916-03-01,1377.03,1392.8608728586162,1073.2542,1233.0575116246205,1344.9198705919332
M40988,medium,Finance,1916-04-01,1402.07,1392.8608728586162,1049.404,1221.1324627964955,1341.3423559434957
M40988,medium,Finance,1916-05-01,1411.25,1392.8608728586162,1085.1792,1239.020036038683,1346.708627916152
M40988,medium,Finance,1916-06-01,1376.05,1392.8608728586162,1061.3291,1227.094987210558,1343.1311132677145
M41157,medium,Finance,1915-02-01,1627.018,1606.2134030608893,1647.439,1626.8261839523198,1612.3972525871077
M41157,medium,Finance,1915-03-01,1578.589,1601.2982746029322,1614.1572,1607.727750582716,1603.2271296038987
M41157,medium,Finance,1915-04-01,1580.166,1560.0441719869666,1630.7982,1595.4211948802022,1570.6572819066953
M41157,medium,Finance,1915-05-01,1583.012,1601.2982746029322,1647.439,1624.368619723341,1608.219393397844
M41157,medium,Finance,1915-06-01,1616.787,1601.2982746029322,1630.7981,1616.0481851530285,1605.7232538714768
M41157,medium,Finance,1915-07-01,1578.965,1601.2982746029322,1626.638,1613.9681070280285,1605.0992304339768
M41157,medium,Finance,1915-08-01,1560.31,1560.0441719869666,1622.4778,1591.260977595046,1569.4092197729062
M41157,medium,Finance,1915-09-01,1536.285,1586.6237416418383,1639.1187,1612.871196992794,1594.497993505914
M41157,medium,Finance,1915-10-01,1538.98,1586.6237416418383,1634.9583,1610.7909967974815,1593.873924292047
M41157,medium,Finance,1915-11-01,1517.715,1549.1673388345716,1643.2788,1596.2230737141608,1563.2840745572375
M41157,medium,Finance,1915-12-01,1535.119,1551.8834657839925,1618.3175,1585.1004853334025,1561.8485808040891
M41157,medium,Finance,1916-01-01,1461.769,1560.9463403414338,1618.3175,1589.6319226121232,1569.5520241779143
M41157,medium,Finance,1916-02-01,1450.428,1518.6538845839327,1630.7981,1574.7259901435289,1535.4755223553273
M41157,medium,Finance,1916-03-01,1415.216,1518.6538845839327,1639.1185,1578.886207428685,1536.7235844891163
M41157,medium,Finance,1916-04-01,1395.049,1490.6094827592974,1630.7982,1560.7038502663675,1511.6377960631764
M41157,medium,Finance,1916-05-01,1465.036,1437.2833159172192,1634.9584,1536.1208449703283,1466.9345776849098
M41157,medium,Finance,1916-06-01,1491.943,1465.3277177418545,1618.3175,1541.8226113123335,1488.2761949682717
M41157,medium,Finance,1916-07-01,1472.04,1518.6538845839327,1609.9971,1564.3254774482164,1532.3553746502491
M41414,medium,Finance,1922-09-01,5300.0,7687.605480942542,6362.016,7024.810797111896,7488.767088000381
M41414,medium,Finance,1922-10-01,7000.0,5594.93997996403,6453.5557,6024.247822013265,5723.7323691998945
M41414,medium,Finance,1922-11-01,5700.0,6633.53718021899,5904.3174,6268.927281515746,6524.154247229111
M41414,medium,Finance,1922-12-01,5800.0,5927.336923816096,6247.592,6087.464360345548,5975.3751791889945
M41414,medium,Finance,1923-01-01,5600.0,5889.236604246381,6110.282,5999.75941540444,5922.393472007861
M41414,medium,Finance,1923-02-01,5800.0,5823.391633265367,5950.0874,5886.739517804559,5842.396010834156
M41414,medium,Finance,1923-03-01,6100.0,5857.241741184789,6156.052,6006.646749498645,5902.063255885978
M41414,medium,Finance,1923-04-01,6500.0,6233.915439263169,6499.3257,6366.620561428459,6273.726988119788
M41414,medium,Finance,1923-05-01,7000.0,6434.665127740264,6407.786,6421.225630276382,6430.633327329225
M41414,medium,Finance,1923-06-01,7100.0,6835.435825741424,6636.636,6736.036028105087,6805.615935278649
M41414,medium,Finance,1923-07-01,7400.0,6853.4066600463275,6636.636,6745.021445257538,6820.891144437816
M41414,medium,Finance,1923-08-01,6900.0,7510.263493440965,6796.8306,7153.547029923608,7403.24856659279
M41414,medium,Finance,1923-09-01,6600.0,6841.108559467582,5950.0874,6395.597980905666,6707.455398106039
M41414,medium,Finance,1923-10-01,6500.0,6848.356660060169,6247.592,6547.974228467585,6758.241954996457
M41414,medium,Finance,1923-11-01,7800.0,6597.24827768187,5995.8574,6296.552849778434,6507.039698138965
M41414,medium,Finance,1923-12-01,7200.0,7326.343959943513,6339.132,6832.737897940507,7178.262177963706
M41414,medium,Finance,1924-01-01,5900.0,6841.508699571111,5950.0874,6395.79805095743,6707.795517194038
M41414,medium,Finance,1924-02-01,5800.0,6350.591402943336,6293.3613,6321.9763655341685,6342.006903927618
M41470,medium,Finance,1922-03-01,3000.0,2523.335465749175,2608.9014,2566.1184164683373,2536.1703814825023
M41470,medium,Finance,1922-04-01,2700.0,2870.8269529550157,2608.9014,2739.864160071258,2831.538145607467
M41470,medium,Finance,1922-05-01,3100.0,2719.849820741617,2608.9014,2664.3755939645584,2703.2075832260775
M41470,medium,Finance,1922-06-01,2800.0,3103.2719933580925,2700.7642,2902.018076757171,3042.8958488953945
M41470,medium,Finance,1922-07-01,2800.0,2812.2351382500974,2608.9014,2710.5682527187987,2781.7351031082862
M41470,medium,Finance,1922-08-01,3100.0,2815.673233497465,2498.666,2657.1696245612325,2768.122175230658
M41470,medium,Finance,1922-09-01,2600.0,3068.2323318886924,2351.6858,2709.9590614521585,2960.7503507577326
M41470,medium,Finance,1922-10-01,2300.0,2671.247192153114,2149.588,2410.417541389057,2592.9983152344444
M41470,medium,Finance,1922-11-01,2300.0,2512.470216080884,2002.6074,2257.538818977942,2435.9907969500014
M41470,medium,Finance,1922-12-01,2300.0,2545.0503571434365,2204.7053,2374.8778397045307,2493.998614118796
M41470,medium,Finance,1923-01-01,2300.0,2524.957268199697,2351.6858,2438.321529607661,2498.9665466220863
M41470,medium,Finance,1923-02-01,2800.0,2532.318364677712,2608.9014,2570.609865932606,2543.8058455717587
M41470,medium,Finance,1923-03-01,3000.0,2670.8650983924053,2700.7642,2685.8146292743277,2675.3499881745606
M41470,medium,Finance,1923-04-01,2900.0,2876.0268448899847,2700.7642,2788.395502523117,2849.7374726975027
M41470,medium,Finance,1923-05-01,3500.0,2930.7139857268016,2746.6956,2838.704771183713,2903.1112518814534
M41470,medium,Finance,1923-06-01,2700.0,3335.80752197332,2700.7642,3018.285841064785,3240.551048218338
M41470,medium,Finance,1923-07-01,2700.0,2785.8569487000645,2498.666,2642.261482162532,2742.7783331528676
M41470,medium,Finance,1923-08-01,2000.0,2800.0700177812646,2498.666,2649.3680167031325,2754.8594418718876
M4158,long_history,Macro,1926-01-01,1310.0,2216.1111389290713,1432.9016,1824.5063751285982,2098.6297250477187
M4158,long_history,Macro,1926-02-01,1820.0,1622.4440376983905,1961.7644,1792.1042209976326,1673.3421109987103
M4158,long_history,Macro,1926-03-01,2210.0,1757.0321794934334,2223.9355,1990.4838631842167,1827.0676846006686
M4158,long_history,Macro,1926-04-01,1680.0,2129.7046439315195,1884.921,2007.312832219666,2092.9871065214793
M4158,long_history,Macro,1926-05-01,2070.0,1809.6575623855097,2074.769,1942.2133026771298,1849.4242905765116
M4158,long_history,Macro,1926-06-01,1970.0,2030.550403420941,1930.123,1980.3367251479704,2015.4863060425655
M4158,long_history,Macro,1926-07-01,2060.0,2071.171074798266,1903.0018,1987.0864529264768,2045.9457004437606
M4158,long_history,Macro,1926-08-01,2120.0,2091.553190862954,1889.4412,1990.4971764861646,2061.2364109639802
M4158,long_history,Macro,1926-09-01,1900.0,2108.6689198647587,2106.4106,2107.539782198004,2108.330190771764
M4158,long_history,Macro,1926-10-01,2170.0,2014.1351191445747,2142.5723,2078.3536923847873,2033.400715530701
M4158,long_history,Macro,1926-11-01,2460.0,2128.575156831516,2129.0117,2128.7934377907577,2128.6406594298355
M4158,long_history,Macro,1926-12-01,1950.0,2385.674034951125,2061.2085,2223.441265522438,2337.004204122519
M4158,long_history,Macro,1927-01-01,1790.0,2014.5472592061105,1414.8208,1714.6840299936803,1924.5882995976551
M4158,long_history,Macro,1927-02-01,2020.0,1863.398101808937,1658.9114,1761.154739381031,1832.725102235839
M4158,long_history,Macro,1927-03-01,2130.0,2027.9834035501156,2025.0471,2026.5152613453702,2027.5429730957235
M4158,long_history,Macro,1927-04-01,1960.0,2007.7761458154548,1785.4768,1896.6264762280398,1974.4312571462617
M4158,long_history,Macro,1927-05-01,2120.0,2107.1636012617873,1776.4364,1941.8000013144874,2057.5545456916598
M4158,long_history,Macro,1927-06-01,2250.0,2018.1293596863165,1966.2847,1992.2070138275333,2010.3526742392287
M4174,long_history,Macro,1926-01-01,7000.0,6698.274853358189,6705.1445,6701.7096923040945,6699.305353870086
M4174,long_history,Macro,1926-02-01,4990.0,6866.631063355169,6168.7334,6517.682230896335,6761.946462445644
M4174,long_history,Macro,1926-03-01,4460.0,5910.118905732472,6198.5337,6054.326298569361,5953.381160204633
M4174,long_history,Macro,1926-04-01,5660.0,5922.782077614944,6029.6636,5976.222825916847,5938.8143509336405
M4174,long_history,Macro,1926-05-01,5770.0,6228.712535404994,6218.4004,6223.556463014997,6227.165725895026
M4174,long_history,Macro,1926-06-01,6270.0,5712.725452823784,6178.667,5945.696222505641,5782.616744763498
M4174,long_history,Macro,1926-07-01,6120.0,6409.966463049956,6446.873,6428.419754962478,6415.502499451838
M4174,long_history,Macro,1926-08-01,7790.0,6404.062918331102,6546.208,6475.1354630718015,6425.384693960344
M4174,long_history,Macro,1926-09-01,6280.0,7616.089197683625,6675.344,7145.716717982437,7474.977514808425
M4174,long_history,Macro,1926-10-01,6740.0,7059.71214336722,6536.2744,6797.99327871486,6981.196545006669
M4174,long_history,Macro,1926-11-01,6760.0,6985.873651736946,6655.4775,6820.6755953997235,6936.3142592498425
M4174,long_history,Macro,1926-12-01,7960.0,6781.356763104019,6307.8027,6544.579748739509,6710.323719829823
M4174,long_history,Macro,1927-01-01,6490.0,7561.949932618521,6436.939,6999.444448731136,7393.198336280431
M4174,long_history,Macro,1927-02-01,8340.0,6626.278217408564,6268.0684,6447.173288391782,6572.546750910561
M4174,long_history,Macro,1927-03-01,6280.0,7477.639649591671,6059.4644,6768.55200253021,7264.913379887295
M4174,long_history,Macro,1927-04-01,6130.0,6520.380230319304,6069.3975,6294.888845628402,6452.732863740159
M4174,long_history,Macro,1927-05-01,7360.0,6176.766043090372,6218.4004,6197.583216857685,6183.011207427598
M4174,long_history,Macro,1927-06-01,9020.0,7049.81656794684,6248.201,6649.00886991092,6929.57430736419
M41791,short,Finance,1912-11-01,7257.4485706,7428.561762500321,7600.452,7514.506955468911,7454.345369219023
M41791,short,Finance,1912-12-01,8169.2833818,7396.775397925291,7688.8296,7542.802493884521,7440.583551127123
M41791,short,Finance,1913-01-01,8021.5909815,7949.784386931495,7688.8296,7819.306988387622,7910.641191782396
M41791,short,Finance,1913-02-01,7601.0047354,7762.748668697581,7865.5845,7814.166570676915,7778.174136947632
M41791,short,Finance,1913-03-01,7706.9757096,7543.492018228875,7710.924,7627.207923176938,7568.606887369545
M41791,short,Finance,1913-04-01,7520.2613285,7700.468373177777,7556.2637,7628.366022526388,7678.837692396423
M41791,short,Finance,1913-05-01,7857.9227871,7377.396209323269,6893.4336,7135.414901536635,7304.80191464353
M41791,short,Finance,1913-06-01,7439.9952894,7606.496366859163,7048.0938,7327.295058429581,7522.736023158414
M41791,short,Finance,1913-07-01,8303.3852234,7548.239637791899,7335.3203,7441.77997514595,7516.30178782624
M41791,short,Finance,1913-08-01,7481.1506715,8147.011788644655,7512.075,7829.543491978578,8051.771299644833
M41791,short,Finance,1913-09-01,7896.5209025,7634.461086615502,7512.075,7573.268140964001,7616.103202920052
M41791,short,Finance,1913-10-01,7932.7028547,7852.201745273029,7445.792,7648.996868730264,7791.24037996645
M41791,short,Finance,1913-11-01,8003.0424901,7794.258017449491,7556.2637,7675.260844662245,7758.558890027381
M41791,short,Finance,1913-12-01,8050.9293703,8017.960195792539,7755.1123,7886.536250240019,7978.533012126783
M41791,short,Finance,1914-01-01,8005.1577267,7828.417782755863,7710.924,7769.670805440432,7810.793787217484
M41791,short,Finance,1914-02-01,8602.3912728,7871.258915351353,7710.924,7791.091371738176,7847.20874992365
M41791,short,Finance,1914-03-01,8222.7200975,8443.104016879919,7556.2637,7999.6838443774595,8310.077989543244
M41791,short,Finance,1914-04-01,8245.7467901,8129.753983539595,7622.547,7876.150429269797,8053.672966086781
M42156,medium,Finance,1919-02-01,6461.028,6453.583590559858,6557.4277,6505.505662467429,6469.160248753224
M42156,medium,Finance,1919-03-01,6483.303,6438.456826367691,6573.8623,6506.159565527596,6458.767709150819
M42156,medium,Finance,1919-04-01,6504.036,6452.268714559838,6590.297,6521.28279477992,6472.972963039926
M42156,medium,Finance,1919-05-01,6546.263,6426.653293408736,6582.0796,6504.366441626244,6449.96725008102
M42156,medium,Finance,1919-06-01,6593.401,6497.958914557312,6573.8623,6535.910609622406,6509.344484111997
M42156,medium,Finance,1919-07-01,6641.519,6549.39940797799,6532.776,6541.087643442121,6546.905939652386
M42156,medium,Finance,1919-08-01,6691.654,6574.735828528205,6499.9062,6537.321039264103,6563.511416163037
M42156,medium,Finance,1919-09-01,6777.9,6625.342965481323,6450.6025,6537.972752271911,6599.131913725531
M42156,medium,Finance,1919-10-01,6779.538,6747.9882111265015,6376.646,6562.317103610126,6692.286927699714
M42156,medium,Finance,1919-11-01,6811.694,6807.767604812964,6302.6904,6555.229017250233,6732.006089579301
M42156,medium,Finance,1919-12-01,6926.827,6833.987626452669,6245.169,6539.578285882584,6745.664873109769
M42156,medium,Finance,1920-01-01,6858.072,6747.405473665923,6171.213,6459.309182145462,6660.976598416816
M42156,medium,Finance,1920-02-01,6842.103,6785.551484556272,6089.04,6437.295761809386,6681.074779939238
M42156,medium,Finance,1920-03-01,6850.112,6807.767604812964,6031.5186,6419.643079750233,6691.330308329301
M42156,medium,Finance,1920-04-01,6879.096,6831.271499503248,5949.3457,6390.308601314124,6698.982691081668
M42156,medium,Finance,1920-05-01,6942.049,6831.271499503248,5858.955,6345.113288814124,6685.424097331668
M42156,medium,Finance,1920-06-01,6997.861,6893.471704954096,5784.9985,6339.235120055173,6727.200766105513
M42156,medium,Finance,1920-07-01,7049.246,6984.795952783287,5719.26,6352.027859204143,6794.965536916576
M42214,cold_start,Finance,1904-09-01,11262.0,11357.053850395345,11024.391,11190.722237697672,11307.154464242294
M42214,cold_start,Finance,1904-10-01,11192.0,11247.820916403949,11024.391,11136.105770701975,11214.306470349607
M42214,cold_start,Finance,1904-11-01,11343.0,11620.216660202841,11070.81,11345.51311525767,11537.805621133353
M42214,cold_start,Finance,1904-12-01,11283.0,11429.330273601883,11070.81,11250.06992195719,11375.552192522538
M42214,cold_start,Finance,1905-01-01,11504.0,10962.951367424295,11186.855,11074.903418087148,10996.537104693465
M42214,cold_start,Finance,1905-02-01,11484.0,11585.361104570755,11186.855,11386.108286660377,11525.585381267954
M42214,cold_start,Finance,1905-03-01,11043.0,11585.361104570755,11094.019,11339.689829629127,11511.65984415858
M42214,cold_start,Finance,1905-04-01,10973.0,11096.333937229245,11163.646,11129.990210802123,11106.430843715172
M42214,cold_start,Finance,1905-05-01,11725.0,10924.844627305365,11349.32,11137.082469902682,10988.516004498624
M42214,cold_start,Finance,1905-06-01,12257.0,11516.893594895524,11372.529,11444.711445885263,11495.239072262759
M42214,cold_start,Finance,1905-07-01,12222.0,12191.026236341628,11465.367,11828.196711920813,12082.177476671635
M42214,cold_start,Finance,1905-08-01,12282.0,12378.429248888158,11558.204,11968.31667522533,12255.395574445562
M42214,cold_start,Finance,1905-09-01,12704.0,12253.318752105772,11581.414,11917.366407302885,12152.533097493031
M42214,cold_start,Finance,1905-10-01,12994.0,12258.233880563728,11418.949,11838.591549656863,12132.341205705732
M42214,cold_start,Finance,1905-11-01,13089.0,13058.377168512843,11302.902,12180.639756131422,12795.056018040605
M42214,cold_start,Finance,1905-12-01,13229.0,13038.980091835765,11210.064,12124.522272480383,12764.642843685402
M42214,cold_start,Finance,1906-01-01,13145.0,12672.661841628897,11233.273,11952.96763956445,12456.75365425175
M42214,cold_start,Finance,1906-02-01,13119.0,13278.296942462828,11117.229,12197.762729043914,12954.136751679343
M42218,cold_start,Finance,1904-09-01,8600.0,8391.933383288448,8502.094,8447.013566644224,8408.457462709244
M42218,cold_start,Finance,1904-10-01,8530.0,8396.995407520033,8502.094,8449.544578760017,8412.76018330609
M42218,cold_start,Finance,1904-11-01,8681.0,8461.66801658506,8519.445,8490.55666454253,8470.33468421449
M42218,cold_start,Finance,1904-12-01,8621.0,8539.872758724568,8502.094,8520.983254362283,8534.205931829947
M42218,cold_start,Finance,1905-01-01,8742.0,8405.660318696797,8519.445,8462.5528155984,8422.728141009466
M42218,cold_start,Finance,1905-02-01,8722.0,8584.010294384714,8536.797,8560.403584692358,8576.928281477009
M42218,cold_start,Finance,1905-03-01,8843.0,8616.576876221345,8519.445,8568.011094360672,8602.00721490533
M42218,cold_start,Finance,1905-04-01,8783.0,8774.919465261679,8519.445,8647.18238888084,8736.598415589615
M42218,cold_start,Finance,1905-05-01,9035.0,8774.919465261679,8502.094,8638.50660763084,8733.99563238649
M42218,cold_start,Finance,1905-06-01,9056.0,9061.437244974066,8484.742,8773.089716237033,8974.933084009208
M42218,cold_start,Finance,1905-07-01,9308.0,9081.504865521914,8467.391,8774.447745260957,8989.387778271754
M42218,cold_start,Finance,1905-08-01,9368.0,9181.994057704173,8432.689,8807.341755414585,9069.59839143136
M42218,cold_start,Finance,1905-09-01,9609.0,9288.721722024167,8415.338,8852.029806324583,9157.714244970542
M42218,cold_start,Finance,1905-10-01,9679.0,9645.056105341248,8380.635,9012.845435483123,9455.39290438381
M42218,cold_start,Finance,1905-11-01,9529.0,9604.365065506436,8345.934,8975.149329628217,9415.60044239922
M42218,cold_start,Finance,1905-12-01,9589.0,9577.596799116405,8363.284,8970.440489401954,9395.449955030195
M42218,cold_start,Finance,1906-01-01,9830.0,9448.844969408952,8363.284,8906.064574548225,9286.01089977886
M42218,cold_start,Finance,1906-02-01,9804.0,9604.365065506436,8345.934,8975.149329628217,9415.60044239922
M42415,short,Finance,1905-05-01,1920.575,1811.097028853255,2203.1926,2007.1448279031902,1869.9113868787827
M42415,short,Finance,1905-06-01,1620.04,1929.8170386419517,2195.724,2062.7705798678508,1969.703125423784
M42415,short,Finance,1905-07-01,1855.122,1748.5889907948715,2173.3188,1960.9539192255606,1812.298475427594
M42415,short,Finance,1905-08-01,1920.575,1887.2139907438948,2195.724,2041.4690559188225,1933.4905347104357
M42415,short,Finance,1905-09-01,1930.186,1962.7715061540105,2180.7874,2071.7794298348176,1995.4738832582527
M42415,short,Finance,1905-10-01,1855.122,1975.3165518984551,2203.1926,2089.25458942579,2009.4979814672026
M42415,short,Finance,1905-11-01,2183.829,1882.1829556463438,2195.724,2038.9535383700468,1929.2141548775173
M42415,short,Finance,1905-12-01,2109.079,2154.637128427872,2210.6611,2182.649130620186,2163.040741292598
M42415,short,Finance,1906-01-01,2183.829,2137.2356311579783,2188.2559,2162.7457452664894,2144.8886898045944
M42415,short,Finance,1906-02-01,2271.329,2226.1860707321657,2203.1926,2214.6893488426454,2222.7370724758566
M42415,short,Finance,1906-03-01,2109.079,2231.1011991901223,2128.508,2179.8046279153737,2215.712233911214
M42415,short,Finance,1906-04-01,2223.859,2070.6734687122503,2173.3188,2121.99615818425,2086.0702816573657
M42415,short,Finance,1906-05-01,2271.329,2194.5860295874936,2180.787,2187.686569481247,2192.5161976591353
M42415,short,Finance,1906-06-01,1354.704,2168.1843095591407,2195.724,2181.9542153264456,2172.315305703395
M42415,short,Finance,1906-07-01,2106.281,1667.2400191882757,2195.724,1931.4820701410129,1746.5126588881594
M42415,short,Finance,1906-08-01,1354.704,1984.4244082447417,2203.1926,2093.8085175989336,2017.2396593615463
M42415,short,Finance,1906-09-01,2269.315,1649.3783615312946,2210.6611,1930.0197471718973,1733.5707894305067
M42415,short,Finance,1906-10-01,2106.281,2074.4053677205216,2210.6611,2142.5332502665105,2094.8437446913495
M42496,short,Finance,1905-06-01,6604.51,5199.999308216238,4670.923,4935.461079889369,5120.637839718178
M42496,short,Finance,1905-07-01,2739.89,6140.1980232874575,3963.6536,5051.925793870291,5813.716354462308
M42496,short,Finance,1905-08-01,4997.0,4226.4938780907105,4862.475,4544.48448787348,4321.891073232573
M42496,short,Finance,1905-09-01,5991.99,5414.322763325236,4729.862,5072.092289865743,5311.653657908482
M42496,short,Finance,1905-10-01,2739.89,4541.96235460157,4862.475,4702.21872612891,4590.039278266804
M42496,short,Finance,1905-11-01,5593.88,3973.266250513221,3727.8975,3850.5818557253606,3936.4609442838946
M42496,short,Finance,1905-12-01,5890.09,5300.892804300289,3035.363,4168.127920704832,4961.063357532199
M42496,short,Finance,1906-01-01,5593.88,3868.768347514043,3271.1194,3569.943866139834,3779.1210336193585
M42496,short,Finance,1906-02-01,6075.79,5526.138876360551,2976.4238,4251.281352242775,5143.681637435766
M42496,short,Finance,1906-03-01,5890.09,5765.275562239327,3610.019,4687.6473026040385,5441.987096555772
M42496,short,Finance,1906-04-01,6512.35,5717.469948881171,3153.2412,4435.355579909336,5332.835662603684
M42496,short,Finance,1906-05-01,6075.79,6081.448079973994,3064.8325,4573.140299752622,5628.955752011098
M42496,short,Finance,1906-06-01,3822.61,6143.687411954442,2711.1982,4427.44282707097,5628.814048696432
M42496,short,Finance,1906-07-01,4222.33,4207.559263962076,2799.6067,3503.5829767076007,3996.36638388925
M42496,short,Finance,1906-08-01,3822.61,4759.598797836551,2784.872,3772.2354340745255,4463.389813122007
M42496,short,Finance,1906-09-01,4997.71,4238.393168436197,3551.08,3894.7366232805985,4135.296241510612
M42496,short,Finance,1906-10-01,4222.33,4888.951780991932,3182.711,4035.831359245966,4633.015660571658
M42496,short,Finance,1906-11-01,6986.39,4300.279697000447,3330.0583,3815.169023304911,4154.746500995303
M42747,short,Finance,1913-02-01,8732.755,8129.056300124284,8291.271,8210.163892249642,8153.388651004079
M42747,short,Finance,1913-03-01,10325.07,8783.517343823409,8371.51,8577.513554724204,8721.716304749898
M42747,short,Finance,1913-04-01,11229.901,10210.316604836427,8638.971,9424.643653980715,9974.614817235964
M42747,short,Finance,1913-05-01,11326.718,11331.520550038034,8665.717,9998.618673456516,10931.650011477643
M42747,short,Finance,1913-06-01,11901.38,11297.627588074913,9066.907,10182.267407318706,10963.019582676177
M42747,short,Finance,1913-07-01,11386.916,11752.999104251881,8959.923,10356.46097790719,11334.037764004725
M42747,short,Finance,1913-08-01,11812.05,11274.404585879318,9013.415,10143.909812470909,10935.256227098984
M42747,short,Finance,1913-09-01,11245.499,11331.370688900903,8879.686,10105.528117887952,10963.617966425143
M42747,short,Finance,1913-10-01,10571.047,11322.18515788877,8612.225,9967.204883631886,10915.69112443983
M42747,short,Finance,1913-11-01,9839.592,10540.598424363572,8585.479,9563.038469994286,10247.330438052788
M42747,short,Finance,1913-12-01,9371.167,9796.533112236682,7997.0654,8896.799270962092,9526.612959854307
M42747,short,Finance,1914-01-01,9574.989,8845.689282328773,7943.5737,8394.63150639876,8710.372022791958
M42747,short,Finance,1914-02-01,8055.168,9471.432457855928,8130.796,8801.114178146714,9270.336973943166
M42747,short,Finance,1914-03-01,9209.228,8279.467317573044,8237.78,8258.623795505271,8273.214334194901
M42747,short,Finance,1914-04-01,10597.736,9302.625836043104,9173.891,9238.258230521551,9283.315578800702
M42747,short,Finance,1914-05-01,12067.556,10355.303751126738,9548.336,9951.81984431337,10234.258676738978
M42747,short,Finance,1914-06-01,11361.078,11847.413827464421,9548.336,10697.87488248221,11502.552241626008
M42747,short,Finance,1914-07-01,12382.072,11186.389974697335,9521.59,10353.989909223666,10936.67000388336
M4279,long_history,Macro,1927-11-01,10871.51957,10509.93755624093,12615.342,11562.639676557965,10825.748314406354
M4279,long_history,Macro,1927-12-01,13050.59492,11666.71855165433,13382.698,12524.708396920916,11924.115554062431
M4279,long_history,Macro,1928-01-01,12004.94007,11739.038735198776,12922.284,12330.661457443137,11916.525576286147
M4279,long_history,Macro,1928-02-01,13076.21133,12234.563877447537,12768.8125,12501.688188723769,12314.70119524447
M4279,long_history,Macro,1928-03-01,14341.74361,12869.079120983308,12799.507,12834.292978460404,12858.64340029675
M4279,long_history,Macro,1928-04-01,12883.82268,13301.360384724416,12277.705,12789.532731424708,13147.812210804817
M4279,long_history,Macro,1928-05-01,13119.67475,12964.120099123193,12461.87,12712.995108155346,12888.782723903152
M4279,long_history,Macro,1928-06-01,12850.09914,13046.223600415715,11940.067,12493.145491614108,12880.300192189296
M4279,long_history,Macro,1928-07-01,13191.16117,12964.120099123193,11940.068,12452.094229249096,12810.512460231277
M4279,long_history,Macro,1928-08-01,12458.06056,12891.835409903828,11755.902,12323.868876826913,12721.445474394817
M4279,long_history,Macro,1928-09-01,10643.67927,12569.301965365965,10374.66,11471.981060807982,12240.105767240759
M4279,long_history,Macro,1928-10-01,11167.71281,11408.735760133899,10896.463,11152.59932537945,11331.89487853569
M4279,long_history,Macro,1928-11-01,12468.29409,11656.490308003895,13259.922,12458.206091501947,11897.005165123624
M4279,long_history,Macro,1928-12-01,14179.26453,12123.72274030732,13965.889,13044.80570609116,12400.047630042473
M4279,long_history,Macro,1929-01-01,13138.61833,12397.753421639736,13781.723,13089.738038944868,12605.348953315652
M4279,long_history,Macro,1929-02-01,13615.87254,13131.216431492161,13382.698,13256.95733683983,13168.938751924588
M4279,long_history,Macro,1929-03-01,13316.01636,14525.21623315532,13198.533,13861.87471814016,14326.2138274789
M4279,long_history,Macro,1929-04-01,12888.85411,13131.216431492161,12738.118,12934.66729777733,13072.251740205838
M42941,short,Finance,1905-05-01,3462.892,3929.5510381695267,3529.4434,3729.4971987722633,3869.534886350348
M42941,short,Finance,1905-06-01,3900.359,3591.4852995358633,3603.23,3597.3576400023067,3593.2470016757966
M42941,short,Finance,1905-07-01,4105.863,3814.1818564398,3812.2908,3813.2363139620875,3813.898205903518
M42941,short,Finance,1905-08-01,3462.892,4079.4937731945056,3775.3977,3927.4457391363153,4033.8793995981428
M42941,short,Finance,1905-09-01,4253.95,3732.6102248062484,3836.8862,3784.7482276374994,3748.2516500696865
M42941,short,Finance,1905-10-01,4105.863,4152.365761160015,3763.1,3957.7329294081323,4093.9759238414817
M42941,short,Finance,1905-11-01,2677.806,4090.928763285791,3713.9092,3902.418971486645,4034.3758745741725
M42941,short,Finance,1905-12-01,3255.916,3135.333652867115,3701.6113,3418.4724904960576,3220.275304155798
M42941,short,Finance,1906-01-01,2677.806,3545.912137381857,3467.9548,3506.933485683116,3534.218554079266
M42941,short,Finance,1906-02-01,3236.698,2962.8173856378417,3787.6953,3375.256349068921,3086.5490746671658
M42941,short,Finance,1906-03-01,3255.916,3168.3272899989365,3836.8862,3502.6067602338435,3268.6111554834715
M42941,short,Finance,1906-04-01,3377.433,3367.3989682524316,3849.184,3608.291525141841,3439.6667475262857
M42941,short,Finance,1906-05-01,3236.698,3458.276094065556,3689.3137,3573.7949073843406,3492.931774682286
M42941,short,Finance,1906-06-01,2695.09,3254.9880118272245,3578.6343,3416.8111445854875,3303.534976068766
M42941,short,Finance,1906-07-01,2698.246,2899.8461499479104,3603.23,3251.5380652083304,3005.353724526037
M42941,short,Finance,1906-08-01,2853.21,2862.9908400618956,3283.4893,3073.2400489371976,2926.0656210350335
M42941,short,Finance,1906-09-01,2722.547,2915.2294667426495,3295.787,3105.5082880588247,2972.313119241018
M42941,short,Finance,1906-10-01,2484.714,2790.049854762899,3849.184,3319.6169683970747,2948.920001060183
M42955,cold_start,Finance,1905-02-01,2163.38,1749.7378673962205,1737.8085,1743.773169537954,1747.9484824528033
M42955,cold_start,Finance,1905-03-01,2305.99,2111.356892297967,1737.8085,1924.5826819888273,2055.324653619288
M42955,cold_start,Finance,1905-04-01,2245.09,2259.696207867096,1737.8085,1998.7523397733917,2181.4130718530473
M42955,cold_start,Finance,1905-05-01,3572.27,2248.677280032118,1614.6056,1931.6414354262151,2153.566529702105
M42955,cold_start,Finance,1905-06-01,2245.09,3453.167753857295,1737.8085,2595.488112768491,3195.8638859447165
M42955,cold_start,Finance,1905-07-01,2458.85,2205.8688676161473,1737.8085,1971.8386696479174,2135.659832639741
M42955,cold_start,Finance,1905-08-01,3572.27,2766.8904717900664,1737.8085,2252.3494717348767,2612.528196187572
M42955,cold_start,Finance,1905-09-01,2377.87,3443.994472822497,1799.4098,2621.7021314307794,3197.306770404982
M42955,cold_start,Finance,1905-10-01,2458.85,2453.731795930419,1899.9175,2176.8246381995846,2370.659666921716
M42955,cold_start,Finance,1905-11-01,4556.77,2780.6522078878616,1770.2302,2275.4412162486183,2629.08892260312
M42955,cold_start,Finance,1905-12-01,3337.19,4084.607672287514,2003.6671,3044.1373932726633,3772.4666007900905
M42955,cold_start,Finance,1906-01-01,4556.77,3258.3921181444694,2052.2998,2655.3459614159847,3077.478271125924
M42955,cold_start,Finance,1906-02-01,4117.05,4278.244599394814,2266.2837,3272.264145400532,3976.450475403561
M42955,cold_start,Finance,1906-03-01,3337.19,3927.265063033159,2266.2837,3096.7743772197045,3678.1178694961545
M42955,cold_start,Finance,1906-04-01,2554.0,3743.2927584027125,2133.3545,2938.3236252951065,3501.802018470431
M42955,cold_start,Finance,1906-05-01,4117.05,2954.065441543112,1984.2141,2469.1397764356184,2808.5877664249265
M42955,cold_start,Finance,1906-06-01,3494.2,3818.6736542336307,2178.7449,2998.709263640253,3572.6843431591333
M42955,cold_start,Finance,1906-07-01,3501.84,3611.3563745831193,2156.0498,2883.70308963531,3393.060389098777
M43006,short,Finance,1906-01-01,1391.128,1616.2456165524318,1538.4663,1577.355962573091,1604.5787325656609
M43006,short,Finance,1906-02-01,1270.77,1477.6817378135231,1553.7744,1515.7280759380114,1489.0956545096587
M43006,short,Finance,1906-03-01,1372.364,1372.823511773091,1569.0825,1470.9530156521705,1402.2623659885728
M43006,short,Finance,1906-04-01,1284.894,1397.7760013165732,1569.0825,1483.4292604239117,1423.4719821005326
M43006,short,Finance,1906-05-01,1277.221,1297.7358449902156,1592.0447,1444.8902613622954,1341.8821851606288
M43006,short,Finance,1906-06-01,1352.351,1315.578718393947,1599.6987,1457.6387244313485,1358.196729360441
M43006,short,Finance,1906-07-01,1381.487,1380.038522538075,1630.3151,1505.1767930073188,1417.5800158858797
M43006,short,Finance,1906-08-01,1387.102,1442.1984443751762,1645.6232,1543.9108066602444,1472.712168319486
M43006,short,Finance,1906-09-01,1337.069,1419.4404425134878,1607.3529,1513.3966738934628,1447.6273271862694
M43006,short,Finance,1906-10-01,1184.186,1437.2833159172192,1553.7744,1495.5288649898596,1454.7569958978004
M43006,short,Finance,1906-11-01,1362.576,1279.8305227513924,1615.007,1447.4187403796025,1330.106997195129
M43006,short,Finance,1906-12-01,1381.85,1387.669777945453,1492.542,1440.1058850664765,1403.400613133518
M43006,short,Finance,1907-01-01,1173.877,1336.7433563772242,1515.5042,1426.1237533839246,1363.5574907380235
M43006,short,Finance,1907-02-01,1219.512,1191.1623737938528,1507.8501,1349.5062357250513,1238.6655384767282
M43006,short,Finance,1907-03-01,1318.771,1271.156275335344,1507.8501,1389.5031864957969,1306.6603547869956
M43006,short,Finance,1907-04-01,1261.53,1312.0012432628696,1477.2339,1394.6175649908098,1336.7861550400407
M43006,short,Finance,1907-05-01,1131.178,1250.6742938103198,1530.8123,1390.7432748348474,1292.694991169436
M43006,short,Finance,1907-06-01,1215.106,1191.1623737938528,1599.6987,1395.4305521313013,1252.442836450361
M43066,short,Finance,1905-05-01,1898.5021,1728.3315272760226,1818.8108,1773.571159145824,1741.9034229404788
M43066,short,Finance,1905-06-01,1680.0457,1910.592726488156,1776.792,1843.6923593378278,1890.5226163430577
M43066,short,Finance,1905-07-01,1931.0921,1732.1778247581426,1860.8293,1796.5035852306337,1751.475571210437
M43066,short,Finance,1905-08-01,1898.5021,1899.8546165230287,1782.7947,1841.3246471287018,1882.2956440152777
M43066,short,Finance,1905-09-01,2069.6951,1917.3147907254306,1758.784,1838.049424171309,1893.535199069741
M43066,short,Finance,1905-10-01,1931.0921,2011.5578264759922,1782.7947,1897.1762521051837,1977.2433724752966
M43066,short,Finance,1905-11-01,1691.4736,1951.2182295135929,1806.8054,1879.0118247177338,1929.5563080748354
M43066,short,Finance,1905-12-01,2097.0083,1759.2459383929724,1734.7733,1747.00962691133,1755.5750510519954
M43066,short,Finance,1906-01-01,1691.4736,2005.8766537804524,1758.784,1882.3303556988199,1968.8127826665097
M43066,short,Finance,1906-02-01,2054.4634,1794.685862816526,1836.8187,1815.7522942012317,1801.0058105424848
M43066,short,Finance,1906-03-01,2097.0083,1998.3502648584024,1824.8134,1911.581809675295,1972.3197405105016
M43066,short,Finance,1906-04-01,2081.1291,2022.1880580974816,1794.8,1908.4940534628033,1988.0798811211407
M43066,short,Finance,1906-05-01,2054.4634,2068.3627215273054,1782.7947,1925.5786996308402,2025.527533268913
M43066,short,Finance,1906-06-01,1995.2228,2057.6246115621784,1740.776,1899.2003062693705,2010.0973443883988
M43066,short,Finance,1906-07-01,2024.5453,2058.0653407693753,1818.8108,1938.4380658925002,2022.1771644098285
M43066,short,Finance,1906-08-01,1962.9762,2006.6426980180352,1794.8,1900.72137342308,1974.8663250536113
M43066,short,Finance,1906-09-01,2086.0651,2067.80347799358,1764.7866,1916.295049543665,2022.3509738726684
M43066,short,Finance,1906-10-01,1973.3786,2018.04815550442,1800.8027,1909.42544493971,1985.4613545420384
M43158,short,Finance,1913-02-01,1476.2951,2860.674471338375,2841.1848,2850.92964289575,2857.751035012619
M43158,short,Finance,1913-03-01,3165.3233,2039.0317080019381,2989.897,2514.464340329094,2181.6615099071164
M43158,short,Finance,1913-04-01,4705.2017,3025.200824979344,2598.549,2811.874948622484,2961.2030803828334
M43158,short,Finance,1913-05-01,4059.2146,3716.2277794996457,2199.3743,2957.8010235388856,3488.699771021965
M43158,short,Finance,1913-06-01,2316.3656,4021.6316204132886,1729.7571,2875.694350245707,3677.8504393630146
M43158,short,Finance,1913-07-01,1312.4088,3623.913574694416,1189.6973,2406.805420159708,3258.7811283340043
M43158,short,Finance,1913-08-01,1237.0365,1603.2296059551854,907.9268,1255.5782124014208,1498.934190940814
M43158,short,Finance,1913-09-01,613.3634,1233.1307707498988,837.48425,1035.3075118397933,1173.783797654504
M43158,short,Finance,1913-10-01,931.7132,984.2851157635354,1142.7356,1063.5103557333302,1008.0526877544739
M43158,short,Finance,1913-11-01,801.5566,1211.357080574489,1620.1797,1415.7683840372445,1272.6804807685892
M43158,short,Finance,1913-12-01,2789.8243,1298.7761632153379,2175.8936,1737.334858951419,1430.3437719361623
M43158,short,Finance,1914-01-01,1878.8001,2515.982547999972,2261.99,2388.986269117174,2477.8836887491952
M43158,short,Finance,1914-02-01,793.0386,2016.9304676349473,2465.4907,2241.2105951455987,2084.214505888143
M43158,short,Finance,1914-03-01,3514.5319,1643.7055332697842,2997.7236,2320.714583041142,1846.8082726152543
M43158,short,Finance,1914-04-01,5097.4349,3370.344675300366,2692.4727,3031.408665775183,3268.6638846498427
M43158,short,Finance,1914-05-01,1874.4131,4350.200312501885,2348.0864,3349.1433691415673,4049.883247804337
M43158,short,Finance,1914-06-01,2557.3685,3168.511001831883,1635.8336,2402.1723099979727,2938.6093973334678
M43158,short,Finance,1914-07-01,3616.6754,2745.063111069812,1040.9851,1893.0241092458434,2489.4514105226217
M43221,short,Finance,1913-02-01,2701.3431,2754.8745327260776,3044.305,2899.5897321833513,2798.289104770291
M43221,short,Finance,1913-03-01,3786.5072,2910.146744266279,2999.6816,2954.9141924456394,2923.57700313415
M43221,short,Finance,1913-04-01,3995.8613,3663.0480010803462,3202.9658,3433.006910696423,3594.0356861722007
M43221,short,Finance,1913-05-01,3936.94,3789.2264149499697,3054.2214,3421.7239252484223,3678.975692453568
M43221,short,Finance,1913-06-01,4251.4131,3749.500935552732,2960.0166,3354.758768557616,3631.0782976612286
M43221,short,Finance,1913-07-01,3176.5437,4132.04008500932,2801.3555,3466.69777687966,3932.4374108809693
M43221,short,Finance,1913-08-01,2759.2847,3408.582469084108,2449.327,2928.9546866904916,3264.6941465730547
M43221,short,Finance,1913-09-01,2869.3972,2960.1529266185803,2246.0425,2603.0977035436654,2853.036359696106
M43221,short,Finance,1913-10-01,2377.6731,2830.186298365578,2097.298,2463.742197034351,2720.2530801732414
M43221,short,Finance,1913-11-01,3483.839,2665.2095124288667,2042.7584,2353.9839676402144,2571.841873406334
M43221,short,Finance,1913-12-01,2430.6026,3562.960011345343,2424.5361,2993.7480720789217,3392.196429565417
M43221,short,Finance,1914-01-01,1514.2227,2619.921090826333,2424.5361,2522.2286118194165,2590.6133471242583
M43221,short,Finance,1914-02-01,2332.8875,2046.43645361969,2726.9834,2386.709926028595,2148.5185014458775
M43221,short,Finance,1914-03-01,2703.0624,2514.82071781504,2836.0625,2675.4416089075203,2563.007003453331
M43221,short,Finance,1914-04-01,3151.4777,2887.8380187677603,2989.7654,2938.8016998135677,2903.1271291850185
M43221,short,Finance,1914-05-01,2787.5598,3270.2826114534546,2860.8535,3065.5680635392273,3208.8682714932493
M43221,short,Finance,1914-06-01,2967.9231,2896.810257679394,2836.0627,2866.4365009100093,2887.69814285561
M43221,short,Finance,1914-07-01,3831.8656,2936.2528401075283,2523.6992,2729.9760294287644,2874.369815214446
M43404,medium,Finance,1923-01-01,8270.0,8133.886824633915,8186.731,8160.308890832583,8141.813444493516
M43404,medium,Finance,1923-02-01,8290.0,8275.07423460934,8202.721,8238.89746886717,8264.22130254294
M43404,medium,Finance,1923-03-01,8310.0,8315.774545138087,8234.7,8275.237370225293,8303.613441492374
M43404,medium,Finance,1923-04-01,8420.0,8333.032350243146,8218.711,8275.871643871573,8315.884138331676
M43404,medium,Finance,1923-05-01,8290.0,8337.947478701102,8202.721,8270.334090913051,8317.663560020937
M43404,medium,Finance,1923-06-01,8290.0,8320.689673596044,8250.689,8285.689563360522,8310.189738181638
M43404,medium,Finance,1923-07-01,8360.0,8320.689673596044,8266.68,8293.684680548022,8312.588175681638
M43404,medium,Finance,1923-08-01,8340.0,8333.032350243146,8218.711,8275.871643871573,8315.884138331676
M43404,medium,Finance,1923-09-01,8380.0,8333.032350243146,8250.689,8291.860901684073,8320.681013331676
M43404,medium,Finance,1923-10-01,8440.0,8427.233225558577,8266.68,8346.95645652929,8403.150194849792
M43404,medium,Finance,1923-11-01,8380.0,8427.233225558577,8218.711,8322.97208152929,8395.954882349792
M43404,medium,Finance,1923-12-01,8360.0,8434.887918091086,8234.7,8334.794056701794,8404.859808502424
M43404,medium,Finance,1924-01-01,8430.0,8245.345505054413,8298.658,8272.001854089707,8253.342507421252
M43404,medium,Finance,1924-02-01,8420.0,8386.53291502983,8250.689,8318.611184077414,8366.156493400355
M43404,medium,Finance,1924-03-01,8430.0,8427.233225558577,8250.689,8338.96133934179,8400.751757349792
M43404,medium,Finance,1924-04-01,8460.0,8427.233225558577,8250.689,8338.96133934179,8400.751757349792
M43404,medium,Finance,1924-05-01,8330.0,8536.988284125378,8186.7314,8361.85986471894,8484.449807131572
M43404,medium,Finance,1924-06-01,8290.0,8432.148354016534,8218.71,8325.429157477018,8400.132619468743
M43414,long_history,Finance,1930-06-01,4540.0,10170.011016267043,4274.4453,7222.228164383521,9285.676172909018
M43414,long_history,Finance,1930-07-01,48500.0,12730.311219264036,8192.687,10461.498871350768,12049.667612546307
M43414,long_history,Finance,1930-08-01,3870.0,16137.826843942321,3858.874,9998.35043368991,14295.98393307363
M43414,long_history,Finance,1930-09-01,4370.0,8452.192175647135,4036.9758,6244.58400286263,7789.909736018815
M43414,long_history,Finance,1930-10-01,24420.0,12993.958500512375,4036.976,8515.467287365562,11650.411173189426
M43414,long_history,Finance,1930-11-01,4780.0,10583.672031454267,3769.8232,7176.747636820884,9561.594737478315
M43414,long_history,Finance,1930-12-01,11670.0,11276.029186720001,3710.4558,7493.242498633438,10141.193229122158
M43414,long_history,Finance,1931-01-01,43440.0,22047.27891242276,9083.195,15565.23711246138,20102.666445676536
M43414,long_history,Finance,1931-02-01,3740.0,16741.507725989588,3799.5068,10270.507280963544,14800.207592481776
M43414,long_history,Finance,1931-03-01,4380.0,8959.67694074408,3829.1904,6394.43368521579,8190.104000706688
M43414,long_history,Finance,1931-04-01,8060.0,12316.452138519335,4036.9758,8176.71398429873,11074.530704460185
M43414,long_history,Finance,1931-05-01,3580.0,9052.995199131252,3769.8232,6411.409220659376,8260.519430003751
M43414,long_history,Finance,1931-06-01,9160.0,8691.879497345777,3888.5579,6290.218679336951,7971.381264150161
M43414,long_history,Finance,1931-07-01,26470.0,13162.825831016222,7213.126,10187.97590378936,12270.370950504415
M43414,long_history,Finance,1931-08-01,4390.0,12233.81534966307,4036.9758,8135.395589870597,11004.28943393236
M43414,long_history,Finance,1931-09-01,4730.0,10698.803212032048,4600.9653,7649.884272031649,9784.127566653022
M43414,long_history,Finance,1931-10-01,23370.0,14095.340417579979,3858.874,8977.10722050874,12559.870470665639
M43414,long_history,Finance,1931-11-01,4530.0,11437.393700923854,4393.1797,7915.286694211927,10380.761635531371
M43629,short,Finance,1913-08-01,2255.2976,2271.8763533855004,2276.4983,2274.1873222005624,2272.569662340566
M43629,short,Finance,1913-09-01,2246.8853,2262.7030723507023,2308.4119,2285.5574687925387,2269.5593912832537
M43629,short,Finance,1913-10-01,2285.5454,2271.8763533855004,2297.774,2284.825139583375,2275.76100755541
M43629,short,Finance,1913-11-01,2301.1365,2262.7030723507023,2340.3254,2301.5142559019137,2274.3464396230975
M43629,short,Finance,1913-12-01,2278.0716,2382.4054584510313,2297.774,2340.0896921161407,2369.710746861111
M43629,short,Finance,1914-01-01,4822.4699,2346.918616087121,2329.6875,2338.3030580435607,2344.333948674053
M43629,short,Finance,1914-02-01,4872.5229,3787.379817762302,2361.601,3074.490445990526,3573.513018437801
M43629,short,Finance,1914-03-01,4943.0478,3451.209230371724,2393.5146,2922.361939404612,3292.5550674956535
M43629,short,Finance,1914-04-01,5005.2588,4598.18593754577,2436.066,3517.12592775726,4273.86795902328
M43629,short,Finance,1914-05-01,4821.8276,4697.603183327857,2393.5146,3545.5589158826783,4351.989927508366
M43629,short,Finance,1914-06-01,4719.5356,4584.956861177791,2404.1523,3494.5546024638957,4257.836195770655
M43629,short,Finance,1914-07-01,4639.5193,4609.6023047170875,2478.6172,3544.1097461085437,4289.954561548588
M43629,short,Finance,1914-08-01,4665.0352,4675.510337292647,2521.1687,3598.339519232261,4352.359110185078
M43629,short,Finance,1914-09-01,4658.9967,4642.861161699379,2499.893,3571.3771140528147,4321.415965715957
M43629,short,Finance,1914-10-01,4689.4447,4642.861161699379,2510.5308,3576.6959617090647,4323.011607805801
M43629,short,Finance,1914-11-01,4777.3474,4621.774970446952,2563.7202,3592.747592645351,4313.066769313503
M43629,short,Finance,1914-12-01,4680.9769,4762.08906068252,2510.5308,3636.309911200635,4424.35532194147
M43629,short,Finance,1915-01-01,4641.4863,4781.699218461039,2595.6338,3688.6665037617695,4453.789428465321
M44036,cold_start,Finance,1904-04-01,1870.0,1723.1774534595042,1849.7585,1786.4679991906896,1742.1646415929224
M44036,cold_start,Finance,1904-05-01,1890.0,1765.517177446472,1855.0284,1810.2728099146423,1778.943873290439
M44036,cold_start,Finance,1904-06-01,1990.0,1858.6507736985839,1881.3784,1870.014595833667,1862.0599447531715
M44036,cold_start,Finance,1904-07-01,2010.0,1964.5310021443772,1894.5533,1929.54217343547,1954.0343657387364
M44036,cold_start,Finance,1904-08-01,2020.0,1964.5310021443772,1897.1884,1930.8596783182825,1954.4296294106114
M44036,cold_start,Finance,1904-09-01,1990.0,1976.7316026882247,1918.2682,1947.4998955823935,1967.9620966599912
M44036,cold_start,Finance,1904-10-01,1990.0,1976.7316026882247,1955.158,1965.9447808362997,1973.4955744431943
M44036,cold_start,Finance,1904-11-01,1900.0,1978.061714649177,1994.6826,1986.3721659183384,1980.5548500299255
M44036,cold_start,Finance,1904-12-01,1930.0,1920.0309176748515,2026.3025,1973.1667039546132,1935.9716535587802
M44036,cold_start,Finance,1905-01-01,1930.0,1924.1786637743357,2026.3025,1975.2405770043554,1939.4972377433419
M44036,cold_start,Finance,1905-02-01,2130.0,1912.3996622674736,2052.6523,1982.5260030087368,1933.4375705933683
M44036,cold_start,Finance,1905-03-01,2130.0,2000.819716510865,2065.8271,2033.3234324741825,2010.5708435068916
M44036,cold_start,Finance,1905-04-01,2130.0,2073.277849985262,2092.1772,2082.727548039506,2076.1127716085666
M44036,cold_start,Finance,1905-05-01,2130.0,2122.2017378905875,2092.1772,2107.1894919921688,2117.6980763280935
M44036,cold_start,Finance,1905-06-01,2130.0,2128.6920669190154,2163.3215,2146.00680006107,2133.886486861632
M44036,cold_start,Finance,1905-07-01,2120.0,2128.6920669190154,2165.9565,2147.3243049438825,2134.281750533507
M44036,cold_start,Finance,1905-08-01,2120.0,2074.8530505557333,2181.7666,2128.309826059117,2090.8901076208112
M44036,cold_start,Finance,1905-09-01,2170.0,2074.8530505557333,2163.3215,2119.0872918794294,2088.1233229528425
M44180,long_history,Finance,1924-12-01,1794.1,1859.3051797012477,1831.4253,1845.3652363349988,1855.1232088984045
M44180,long_history,Finance,1925-01-01,1700.9,1813.5848933198224,1841.9508,1827.7678494919423,1817.8397923784898
M44180,long_history,Finance,1925-02-01,1633.0,1721.2079795841687,1873.5272,1797.367600631928,1744.0558658984967
M44180,long_history,Finance,1925-03-01,1614.4,1650.6358461194923,1894.578,1772.6069245245899,1687.2271757445374
M44180,long_history,Finance,1925-04-01,1646.7,1645.7207176615352,1936.6797,1791.2002025807676,1689.3645631373051
M44180,long_history,Finance,1925-05-01,1573.2,1645.7207176615352,1947.2051,1796.4628978932676,1690.943390041602
M44180,long_history,Finance,1925-06-01,1606.1,1615.2047250106968,1989.3069,1802.255804888161,1671.3200733879987
M44180,long_history,Finance,1925-07-01,1529.5,1656.4588276266625,1968.256,1812.3574045359874,1703.2284068029758
M44180,long_history,Finance,1925-08-01,1422.6,1615.2047250106968,2041.934,1828.5693424858173,1679.2141163567487
M44180,long_history,Finance,1925-09-01,1576.2,1506.2627211823817,2084.036,1795.1493049271285,1592.9287207198684
M44180,long_history,Finance,1925-10-01,1490.7,1564.820577257656,2052.4595,1808.6400249569529,1637.9664176709607
M44180,long_history,Finance,1925-11-01,1148.1,1578.8682892528877,2178.7646,1878.8164688451939,1668.8527431305797
M44180,long_history,Finance,1925-12-01,1040.1,1299.7983497658329,2336.646,1818.2221729297914,1455.3255150255675
M44180,long_history,Finance,1926-01-01,1007.6,1269.1925117861258,2220.8662,1745.0293613618128,1411.9435788658634
M44180,long_history,Finance,1926-02-01,1017.6,1170.0963204108618,2305.0698,1737.583072314806,1340.3423703961075
M44180,long_history,Finance,1926-03-01,972.5,1165.1811919529048,2305.0698,1735.1255080858273,1336.164511206844
M44180,long_history,Finance,1926-04-01,951.3,1073.639092111281,2357.697,1715.6680567978278,1266.2477998277918
M44180,long_history,Finance,1926-05-01,972.3,1060.6759805037884,2315.5952,1688.135597673769,1248.913877861814
M44215,long_history,Finance,1924-12-01,4962.5,5118.389398086637,4918.7383,5018.563839668319,5088.441779389267
M44215,long_history,Finance,1925-01-01,4911.1,5201.366876053809,5048.1787,5124.772793495655,5178.388651286364
M44215,long_history,Finance,1925-02-01,4774.7,5225.350514490798,5048.1787,5136.764612714149,5198.774743957803
M44215,long_history,Finance,1925-03-01,4774.1,5122.068005728853,4983.4585,5052.763250911301,5101.27660369765
M44215,long_history,Finance,1925-04-01,5129.3,5070.3936751851015,5048.1787,5059.286193061301,5067.061430547962
M44215,long_history,Finance,1925-05-01,5102.9,5286.752684689253,5209.9795,5248.366088438377,5275.236730228054
M44215,long_history,Finance,1925-06-01,5042.4,5322.44385798271,5274.7,5298.5720266476055,5315.282357410304
M44215,long_history,Finance,1925-07-01,4879.2,5281.837556231297,5274.7,5278.268875771899,5280.767000921603
M44215,long_history,Finance,1925-08-01,4759.7,5223.026612200623,5242.34,5232.683227975312,5225.923633554124
M44215,long_history,Finance,1925-09-01,4831.7,5122.068005728853,5371.7803,5246.924139583176,5159.524894713275
M44215,long_history,Finance,1925-10-01,4551.0,5048.609430332752,5533.5806,5291.094998369501,5121.355125157839
M44215,long_history,Finance,1925-11-01,4333.4,4993.137832381088,5468.8604,5230.999091971794,5064.496259086425
M44215,long_history,Finance,1925-12-01,4262.9,4695.345875109499,5371.7803,5033.563074273499,4796.811083686824
M44215,long_history,Finance,1926-01-01,4292.5,4692.190634445831,5436.5005,5064.345561363541,4803.837136935207
M44215,long_history,Finance,1926-02-01,4372.2,4646.035007944723,5468.8604,5057.447679753612,4769.458858315515
M44215,long_history,Finance,1926-03-01,4281.4,4700.739232177704,5468.8604,5084.799791870102,4815.957448913548
M44215,long_history,Finance,1926-04-01,4193.0,4681.726181238179,5501.2207,5091.47344218159,4804.65042055636
M44215,long_history,Finance,1926-05-01,4228.5,4686.641309696136,5727.741,5207.191260316818,4842.806307089372
M44232,long_history,Finance,1927-06-01,4550.23,4926.126048959285,4499.6953,4712.910680729643,4862.161487318518
M44232,long_history,Finance,1927-07-01,4574.26,4926.126048959285,4499.6953,4712.910680729643,4862.161487318518
M44232,long_history,Finance,1927-08-01,4579.47,4926.126048959285,4513.845,4719.985631901518,4864.283923841956
M44232,long_history,Finance,1927-09-01,4602.14,4926.126048959285,4542.1455,4734.135778385893,4868.528979994299
M44232,long_history,Finance,1927-10-01,4687.01,4926.126048959285,4556.2954,4741.210729557768,4870.651477552893
M44232,long_history,Finance,1927-11-01,4648.52,4972.605846927799,4556.2954,4764.450628542025,4910.15930582613
M44232,long_history,Finance,1927-12-01,4751.92,5055.216489146463,4556.2954,4805.755949651357,4980.378351711994
M44232,long_history,Finance,1928-01-01,4744.25,5320.920476256861,4612.8955,4966.90799203468,5214.716730990207
M44232,long_history,Finance,1928-02-01,4715.92,5413.839513610877,4570.4453,4992.142413055439,5287.330420065339
M44232,long_history,Finance,1928-03-01,4690.86,5421.344527310873,4598.745,5010.044822249187,5297.954615792367
M44232,long_history,Finance,1928-04-01,4678.57,5421.344527310873,4612.8955,5017.120017561687,5300.077174386117
M44232,long_history,Finance,1928-05-01,4658.24,5357.147093765547,4598.745,4977.946105476523,5243.38679727884
M44232,long_history,Finance,1928-06-01,4669.65,5357.147093765547,4627.0454,4992.096251960898,5247.631853431184
M44232,long_history,Finance,1928-07-01,4738.73,5357.147093765547,4570.4453,4963.796203132773,5239.141863196809
M44232,long_history,Finance,1928-08-01,4792.14,5357.147093765547,4584.595,4970.871154304648,5241.264360755403
M44232,long_history,Finance,1928-09-01,4774.97,5435.25145575198,4612.8955,5024.0734817822395,5311.898063561059
M44232,long_history,Finance,1928-10-01,4819.91,5421.344527310873,4612.8955,5017.120017561687,5300.077174386117
M44232,long_history,Finance,1928-11-01,4828.13,5435.25145575198,4612.8955,5024.0734817822395,5311.898063561059
M4435,short,Macro,1912-07-01,1935.0,5393.865685981459,4162.116,4777.990948459479,5209.103276931897
M4435,short,Macro,1912-08-01,1647.0,4892.335555781365,3866.5815,4379.458549375057,4738.472466066504
M4435,short,Macro,1912-09-01,5838.0,3640.4615189151286,3571.0466,3605.7540748872516,3630.049334534891
M4435,short,Macro,1912-10-01,4035.0,5144.439813269913,3226.2559,4185.347836322457,4856.712226289193
M4435,short,Macro,1912-11-01,3482.0,4735.571898806483,3300.1396,4017.8557736219914,4520.257079561683
M4435,short,Macro,1912-12-01,2998.0,5766.297538429748,3521.791,4644.044277027374,5429.621584423098
M4435,short,Macro,1913-01-01,6042.0,3843.1898998878974,3127.7441,3485.4670202564484,3735.873066516041
M4435,short,Macro,1913-02-01,6403.0,5159.171224630404,2733.6978,3946.434489268327,4795.350228435844
M4435,short,Macro,1913-03-01,4766.0,5142.664504313707,3004.6047,4073.634620320916,4821.955563529933
M4435,short,Macro,1913-04-01,4502.0,4824.576074414363,3078.4883,3951.5321778321813,4562.6629176467395
M4435,short,Macro,1913-05-01,6592.0,4986.771470419008,3127.7441,4057.257805522004,4707.917401467485
M4435,short,Macro,1913-06-01,2586.0,5041.227577943368,3053.8606,4047.5440868232463,4743.1225428143625
M4435,short,Macro,1913-07-01,1775.0,3296.4407594426525,3226.2559,3261.348309408826,3285.9130305360204
M4435,short,Macro,1913-08-01,4338.0,3859.6039769634867,3152.372,3505.988023637993,3753.5192153799017
M4435,short,Macro,1913-09-01,8535.0,4023.8970915406826,2561.3025,3292.599790887529,3804.5079318623148
M4435,short,Macro,1913-10-01,1997.0,5426.997638941749,3004.6047,4215.801187634937,5063.638727963768
M4435,short,Macro,1913-11-01,3172.0,4981.293105258839,3571.0466,4276.169868059107,4769.756182927045
M4435,short,Macro,1913-12-01,5265.0,4813.5475012387415,3127.7441,3970.6458209318707,4560.677027664258
M44405,medium,Finance,1914-08-01,7209.106,7016.431692472998,7071.655,7044.043238814624,7024.715229617675
M44405,medium,Finance,1914-09-01,7204.7064,7251.344651054707,7134.795,7193.069786464854,7233.862191677752
M44405,medium,Finance,1914-10-01,7384.684,7274.8485457449915,7197.9346,7236.391558028746,7263.311449430118
M44405,medium,Finance,1914-11-01,7451.8678,7274.8485457449915,7087.4395,7181.143999434996,7246.737230680118
M44405,medium,Finance,1914-12-01,7454.6787,7277.564672694412,7055.87,7166.717394940956,7244.310587024626
M44405,medium,Finance,1915-01-01,7458.9367,7184.323288360478,6771.741,6978.032249648989,7122.436025575157
M44405,medium,Finance,1915-02-01,7449.4377,7265.648846616294,6755.9565,7010.802694792522,7189.195013276194
M44405,medium,Finance,1915-03-01,7366.8794,7346.010994581105,6566.537,6956.274051978053,7229.089936214252
M44405,medium,Finance,1915-04-01,7365.5307,7468.223599936386,6408.6875,6938.455549968193,7309.293221567023
M44405,medium,Finance,1915-05-01,7595.2953,7463.308471478429,6171.913,6817.6107787079645,7269.599188061353
M44405,medium,Finance,1915-06-01,7850.0123,7468.223599936386,6171.913,6820.068342936943,7273.777047250616
M44405,medium,Finance,1915-07-01,7988.5033,7664.8073251167325,6534.967,7099.887060995867,7495.331282501567
M44405,medium,Finance,1915-08-01,8244.2252,7794.258017449491,6566.5366,7180.39731927162,7610.099844617224
M44405,medium,Finance,1915-09-01,9698.8765,8129.753983539595,6487.6123,7308.683144113547,7883.432792746938
M44405,medium,Finance,1915-10-01,9776.773,9416.49452192574,6250.838,7833.66620627537,8941.646076058754
M44405,medium,Finance,1915-11-01,9749.8566,9304.302216679289,6156.1284,7730.215317324019,8832.076195700833
M44405,medium,Finance,1915-12-01,9831.3946,9518.620072031323,6235.053,7876.836647343786,9026.085056832093
M44405,medium,Finance,1916-01-01,9908.155,9154.868591619232,6298.193,7726.530731356491,8726.367245747442
M44457,medium,Finance,1914-08-01,7688.5364,7767.677047306814,7858.208,7812.942527559657,7781.256691382668
M44457,medium,Finance,1914-09-01,7505.1785,7732.984805533325,7767.884,7750.434297297912,7738.219701890827
M44457,medium,Finance,1914-10-01,7463.4672,7503.88464799743,7767.884,7635.884218529965,7543.484567985316
M44457,medium,Finance,1914-11-01,7472.94,7503.88464799743,7767.884,7635.884218529965,7543.484567985316
M44457,medium,Finance,1914-12-01,7478.1036,7483.349288896801,7677.5596,7580.454429604651,7512.480928765407
M44457,medium,Finance,1915-01-01,7350.8152,7444.4053386208725,7647.451,7545.928255247936,7474.8622136089925
M44457,medium,Finance,1915-02-01,7416.626,7602.951737863592,7647.4517,7625.201699009921,7609.626775035616
M44457,medium,Finance,1915-03-01,7401.4139,7634.461086615502,7647.4517,7640.956373385876,7636.40972147474
M44457,medium,Finance,1915-04-01,7316.9908,7629.545958157545,7647.4517,7638.498809156898,7632.231862285476
M44457,medium,Finance,1915-05-01,7303.4085,7589.60542491292,7707.6675,7648.636452690835,7607.314757660358
M44457,medium,Finance,1915-06-01,7381.8399,7533.676130092625,7677.5596,7605.617850202562,7555.2587437818565
M44457,medium,Finance,1915-07-01,7430.6933,7528.761001634668,7797.992,7663.376594567334,7569.145703928531
M44457,medium,Finance,1915-08-01,7455.8329,7485.100642873232,7858.208,7671.654325342866,7541.0667476141225
M44457,medium,Finance,1915-09-01,7349.0988,7415.512905350249,7858.208,7636.860456581375,7481.917170719587
M44457,medium,Finance,1915-10-01,7450.7849,7420.428033808205,7828.1,7624.264065732228,7481.5789166276
M44457,medium,Finance,1915-11-01,7361.6391,7468.223599936386,7858.208,7663.215803874443,7526.721261117804
M44457,medium,Finance,1915-12-01,7392.5391,7470.9397268858065,7797.992,7634.465957192903,7519.997620391999
M44457,medium,Finance,1916-01-01,7167.3526,7341.282602693867,7767.884,7554.583195878184,7405.272829477288
M44748,long_history,Finance,1926-10-01,20127.6,17073.11820898322,19819.111,18446.114768554107,17485.01717685449
M44748,long_history,Finance,1926-11-01,20164.7,17178.514035771546,19770.496,18474.50506476077,17567.31139329644
M44748,long_history,Finance,1926-12-01,20641.3,17969.40251159309,19916.344,18942.873130796543,18261.443795010375
M44748,long_history,Finance,1927-01-01,21179.7,17309.52822008725,19786.701,18548.114695981123,17681.10435816791
M44748,long_history,Finance,1927-02-01,21191.4,17148.83637431771,19770.496,18459.666234033855,17542.08538106068
M44748,long_history,Finance,1927-03-01,21510.5,17546.786016226753,19657.059,18601.922304988377,17863.326951683368
M44748,long_history,Finance,1927-04-01,21534.9,17546.786016226753,19559.826,18553.306094050877,17848.742234886493
M44748,long_history,Finance,1927-05-01,20540.6,17670.93798592788,19738.086,18704.511961713943,17981.010178663702
M44748,long_history,Finance,1927-06-01,20860.4,17417.943837971987,20078.396,18748.170161173493,17817.011783760565
M44748,long_history,Finance,1927-07-01,20666.6,17285.505050138752,20045.986,18665.745689131876,17699.57724183669
M44748,long_history,Finance,1927-08-01,21366.5,17654.793074930327,20062.191,18858.492240590163,18015.902971112657
M44748,long_history,Finance,1927-09-01,22145.2,17567.965715303,20013.576,18790.770943589,17934.8074791013
M44748,long_history,Finance,1927-10-01,22338.8,17314.971567347104,20110.807,18712.889103986054,17734.34692599504
M44748,long_history,Finance,1927-11-01,22256.6,17314.971567347104,19900.139,18607.555119611054,17702.74682833879
M44748,long_history,Finance,1927-12-01,21958.7,17812.737323481662,19754.29,18783.51319299083,18103.970279646914
M44748,long_history,Finance,1928-01-01,22094.1,18091.00639735582,19576.031,18833.51882367791,18313.7602229087
M44748,long_history,Finance,1928-02-01,23168.7,18183.308699542176,19543.621,18863.464896646088,18387.35560750148
M44748,long_history,Finance,1928-03-01,23273.5,18183.308699542176,19170.898,18677.103568521088,18331.447160235854
M45533,short,Finance,1907-10-01,4063.607692,4038.570564593655,3849.9966,3944.2835733124525,4010.284491623357
M45533,short,Finance,1907-11-01,3591.401765,4293.53769337072,3614.0898,3953.81376856036,4191.620564755738
M45533,short,Finance,1907-12-01,3656.1535,4294.628270707708,3604.6536,3949.6409175804165,4191.132089183584
M45533,short,Finance,1908-01-01,2820.0,3839.6389494746318,3642.3984,3741.018693487316,3810.052909299531
M45533,short,Finance,1908-02-01,2925.882353,2937.310825003384,3604.6536,3270.9821947282544,3037.412260334908
M45533,short,Finance,1908-03-01,3090.5,3062.7934555224606,3727.3252,3395.05932541748,3162.4732531120603
M45533,short,Finance,1908-04-01,3400.0,3206.0098590766156,3774.5066,3490.2582254367453,3291.2844056057484
M45533,short,Finance,1908-05-01,3205.882353,3387.2968791334465,3727.3252,3557.311037222973,3438.301163181399
M45533,short,Finance,1908-06-01,3302.738462,3442.7065843449245,3680.144,3561.4253136568373,3478.3222031384985
M45533,short,Finance,1908-07-01,2800.465882,3314.4651937235667,3434.801,3374.633109557096,3332.5155684736255
M45533,short,Finance,1908-08-01,2875.884,2906.7473696956013,3510.291,3208.5191926603006,2997.278965413136
M45533,short,Finance,1908-09-01,2650.0,2914.1272985001747,3670.7075,3292.417409015712,3027.6143438618674
M45533,short,Finance,1908-10-01,1799.505,2700.0835535947626,3755.634,3227.858793398944,2858.416174364142
M45533,short,Finance,1908-11-01,2099.4035,2289.2355425613737,3538.5996,2913.9175759681866,2476.6401892045114
M45533,short,Finance,1908-12-01,2727.6015,2442.1570058592156,3500.8547,2971.50587109367,2600.9616898436147
M45533,short,Finance,1909-01-01,3100.0,2764.6635783748775,3585.7812,3175.2224141874385,2887.831229118646
M45533,short,Finance,1909-02-01,3291.538462,3145.7592540042724,3548.0361,3346.897693408386,3206.1008102395695
M45533,short,Finance,1909-03-01,3070.176471,3298.7498979134075,3444.2373,3371.4936013004535,3320.573033343584
M45612,cold_start,Finance,1904-01-01,2630.5,2559.448707814096,2345.2827,2452.3657113289228,2527.323821075576
M45612,cold_start,Finance,1904-02-01,3000.0,2683.6233810601407,2397.4001,2540.511763772258,2640.6899202878385
M45612,cold_start,Finance,1904-03-01,3000.0,2929.766706376645,2254.0774,2591.922049477385,2828.4133337209296
M45612,cold_start,Finance,1904-04-01,2200.0,2919.740734127825,2032.5784,2476.159551634225,2786.6664037938076
M45612,cold_start,Finance,1904-05-01,5000.0,2479.6491127972126,2449.5176,2464.5833454611065,2475.1293886998965
M45612,cold_start,Finance,1904-06-01,2750.0,3935.9417920069645,2788.2808,3362.1112768628573,3763.792649670764
M45612,cold_start,Finance,1904-07-01,2000.0,3527.6352412403994,2319.224,2923.4296811670747,3346.373591528949
M45612,cold_start,Finance,1904-08-01,1950.0,3802.0524979880092,2371.3413,3086.6969032908796,3587.4458256823864
M45612,cold_start,Finance,1904-09-01,4800.0,2692.0345313668736,2540.723,2616.378715878749,2669.337811134499
M45612,cold_start,Finance,1904-10-01,3000.0,3822.0431601817786,2188.9307,3005.486912122139,3577.076285763887
M45612,cold_start,Finance,1904-11-01,2600.0,3129.8725342955786,2592.8403,2861.3564331634143,3049.3177100594453
M45612,cold_start,Finance,1904-12-01,3000.0,3422.026569385356,2996.7502,3209.3884067629906,3358.2351267021622
M45612,cold_start,Finance,1905-01-01,3000.0,2978.6827448204313,2644.9578,2811.820254246153,2928.624015958695
M45612,cold_start,Finance,1905-02-01,1000.0,2959.720706263501,2697.0752,2828.3979507880003,2920.3239101384293
M45612,cold_start,Finance,1905-03-01,2000.0,1474.1224441990485,1837.1382,1655.6303138963992,1528.5748173152851
M45612,cold_start,Finance,1905-04-01,2566.0,2488.795426110382,2201.96,2345.377693523941,2445.770118541481
M45612,cold_start,Finance,1905-05-01,1000.0,2613.599271050322,2254.0771,2433.8382097439107,2559.670952658399
M45612,cold_start,Finance,1905-06-01,1500.0,1569.1502930470674,2892.5156,2230.8329590235335,1767.6550989435232
M45640,cold_start,Finance,1904-01-01,1290.0,1072.5701771652161,1003.5502,1038.0601740318268,1062.217182328715
M45640,cold_start,Finance,1904-02-01,1300.0,1172.0757960512524,1068.1351,1120.105463943595,1156.4847025224708
M45640,cold_start,Finance,1904-03-01,1000.0,1227.8571735933838,1053.231,1140.544065312317,1201.6632472125793
M45640,cold_start,Finance,1904-04-01,1000.0,1119.17629466006,1053.231,1086.203625845655,1109.284500119254
M45640,cold_start,Finance,1904-05-01,1000.0,1112.877352532316,1053.231,1083.054154781783,1103.9303993106719
M45640,cold_start,Finance,1904-06-01,1000.0,1084.2616423151767,1003.5502,1043.905906606807,1072.1549277061815
M45640,cold_start,Finance,1904-07-01,950.0,1070.6451842677975,1038.3267,1054.4859222120238,1065.797414806339
M45640,cold_start,Finance,1904-08-01,1000.0,998.1800546010471,1063.167,1030.6735233942736,1007.9280982907729
M45640,cold_start,Finance,1904-09-01,1000.0,1034.7792069007892,1500.3572,1267.568192317582,1104.6159147328585
M45640,cold_start,Finance,1904-10-01,1000.0,1021.2775049537595,1500.3572,1260.8173413440672,1093.139468077883
M45640,cold_start,Finance,1904-11-01,1000.0,1034.7792069007892,1266.8579,1150.8185585285196,1069.5910123891085
M45640,cold_start,Finance,1904-12-01,1000.0,1150.9138404625132,1341.3789,1246.1463733562566,1179.4836125376676
M45640,cold_start,Finance,1905-01-01,1010.0,1069.4610741671672,1341.3789,1205.4199902085836,1110.2487611866236
M45640,cold_start,Finance,1905-02-01,1000.0,1057.682072660305,1500.3572,1279.01962519734,1124.0833506284469
M45640,cold_start,Finance,1905-03-01,1000.0,1034.7792069007892,1485.453,1260.1161049152383,1102.3802885121554
M45640,cold_start,Finance,1905-04-01,1000.0,1034.7792069007892,1500.3572,1267.568192317582,1104.6159147328585
M45640,cold_start,Finance,1905-05-01,1025.0,1034.7792069007892,1500.3572,1267.568192317582,1104.6159147328585
M45640,cold_start,Finance,1905-06-01,1010.0,1048.7396317657156,1500.3572,1274.5484047500454,1116.4822758680457
M4582,short,Macro,1913-07-01,2425.0,2670.1008158210775,1426.9385,2048.5196461917885,2483.62648019108
M4582,short,Macro,1913-08-01,4119.0,5178.9408160869625,1809.1543,3494.0475564809813,4673.472862619231
M4582,short,Macro,1913-09-01,837.0,5133.719189930575,2242.332,3688.0256105902877,4700.011134439036
M4582,short,Macro,1913-10-01,4409.0,3805.3782241767694,1885.5973,2845.487757107916,3517.4110901596296
M4582,short,Macro,1913-11-01,12362.0,5547.031423258082,2089.4456,3818.2384899493536,5028.39354936898
M4582,short,Macro,1913-12-01,3745.0,9422.658361912137,2063.9646,5743.311480760756,8318.85430367024
M4582,short,Macro,1914-01-01,35142.0,6008.312024052725,2318.775,4163.543463198237,5454.881474106926
M4582,short,Macro,1914-02-01,676.0,11050.347975533487,2267.813,6659.080481907368,9732.9677457562
M4582,short,Macro,1914-03-01,6750.0,420.17936921112226,2318.775,1369.4771357774362,704.9687174915633
M4582,short,Macro,1914-04-01,4002.0,8908.904526186243,1987.5215,5448.2130052806215,7870.697082121588
M4582,short,Macro,1914-05-01,2960.0,7529.714511315433,1783.6731,4656.693803509279,6667.808298973588
M4582,short,Macro,1914-06-01,5813.0,4523.679974632854,1554.3438,3039.011862316427,4078.2795439896845
M4582,short,Macro,1914-07-01,11110.0,6317.148680361615,1681.749,3999.4488518995577,5621.838737926514
M4582,short,Macro,1914-08-01,2330.0,7306.311421330083,1783.6731,4544.992258516604,6477.91567248604
M4582,short,Macro,1914-09-01,2832.0,6087.622441480591,1911.0784,3999.350405310608,5461.140848940144
M4582,short,Macro,1914-10-01,4584.0,6900.048516561302,1732.711,4316.379788065808,6124.947916323201
M4582,short,Macro,1914-11-01,5214.0,6920.056516183069,1987.5215,4453.789000279035,6180.17627361889
M4582,short,Macro,1914-12-01,12522.0,8068.786159337166,2013.0024,5040.894300371709,7160.418613854561
M45868,short,Finance,1907-03-01,2369.0,2516.624420659905,2393.6543,2455.1393587674524,2498.1789142992006
M45868,short,Finance,1907-04-01,2292.0,2465.818395930391,2326.4167,2396.1175719886332,2444.9081609548953
M45868,short,Finance,1907-05-01,2215.0,2465.818395930391,2272.6267,2369.2225524573832,2436.8396489920046
M45868,short,Finance,1907-06-01,2139.0,2367.328569715208,2205.3894,2286.3589870060414,2343.037694902458
M45868,short,Finance,1907-07-01,2060.0,2179.2806409965665,2138.1519,2158.7162482326585,2173.1113231673944
M45868,short,Finance,1907-08-01,1982.0,2170.1073599617685,2084.3618,2127.234588184009,2157.2455528425035
M45868,short,Finance,1907-09-01,1906.0,2153.3196501754105,2044.0194,2098.669529677549,2136.924638440115
M45868,short,Finance,1907-10-01,1828.0,2024.8824106670638,2003.6769,2014.279645274938,2021.7015932564575
M45868,short,Finance,1907-11-01,1756.0,1931.748814414953,1963.3345,1947.5416435356015,1936.486675358179
M45868,short,Finance,1907-12-01,1687.0,1872.35403685132,1922.992,1897.6729901053475,1879.9497228275284
M45868,short,Finance,1908-01-01,1622.0,1778.6754317284576,1869.2019,1823.9386680126663,1792.2544270277829
M45868,short,Finance,1908-02-01,1563.0,1713.552735750474,1828.8594,1771.2060553752372,1730.8487438449345
M45868,short,Finance,1908-03-01,1509.0,1672.2986331345085,1815.4119,1743.8552491844416,1693.7656362600355
M45868,short,Finance,1908-04-01,1460.0,1672.2986331345085,1788.517,1730.4078004539729,1689.7313955373793
M45868,short,Finance,1908-05-01,1418.0,1559.9044323265368,1761.6221,1660.7632513195185,1590.162084127947
M45868,short,Finance,1908-06-01,1385.0,1526.9449020439445,1721.2794,1624.1121604946284,1556.095091786181
M45868,short,Finance,1908-07-01,1355.0,1473.6187352018662,1680.937,1577.277873460308,1504.7164888864302
M45868,short,Finance,1908-08-01,1333.0,1462.6454836028895,1654.042,1558.3437378951949,1491.3549690458547
M46100,medium,Finance,1918-04-01,5808.195,5800.370009828194,5972.9,5886.634956085973,5826.2495059125595
M46100,medium,Finance,1918-05-01,5703.664,5766.371137443877,5868.1123,5817.241721065689,5781.632324737452
M46100,medium,Finance,1918-06-01,5998.37,5836.280511932765,5972.9,5904.590207138257,5856.773432701444
M46100,medium,Finance,1918-07-01,6222.134,5918.044671233222,6002.8394,5960.442013350987,5930.763934903708
M46100,medium,Finance,1918-08-01,6827.65,6179.583194080131,5987.8696,6083.72641149319,6150.826195925143
M46100,medium,Finance,1918-09-01,7028.258,6615.632162216691,5913.0215,6264.326823295845,6510.2405849545
M46100,medium,Finance,1918-10-01,6657.607,6821.881413270097,5808.2334,6315.057405853799,6669.834247666302
M46100,medium,Finance,1918-11-01,6810.0,6572.986132384896,5898.052,6235.518945098698,6471.746037234194
M46100,medium,Finance,1918-12-01,5690.133,6706.994086886776,5927.991,6317.492648912138,6590.1437043225105
M46100,medium,Finance,1919-01-01,5931.332,6157.235434310997,5987.8696,6072.552531608624,6131.83060012138
M46100,medium,Finance,1919-02-01,6116.108,6036.37943032954,6002.8394,6019.609392899145,6031.348480135578
M46100,medium,Finance,1919-03-01,6851.92,6127.410223191113,5927.991,6027.700717064306,6097.4974201811965
M46100,medium,Finance,1919-04-01,6743.931,6526.020535602787,5898.052,6212.036146707644,6431.825279969401
M46100,medium,Finance,1919-05-01,7249.841,6591.133472135,6137.5664,6364.3499391925,6523.098461080376
M46100,medium,Finance,1919-06-01,6955.598,7122.94557897366,6212.4146,6667.680064877455,6986.365985779956
M46100,medium,Finance,1919-07-01,6739.967,6815.77334520203,6272.293,6544.033156976015,6734.251337562351
M46100,medium,Finance,1919-08-01,6876.735,6788.9120360686065,6152.536,6470.724084440553,6693.4556627872225
M46100,medium,Finance,1919-09-01,6920.02,6916.518967206807,6062.718,6489.618370322154,6788.448836969536
M46191,medium,Finance,1918-04-01,5636.3636363636,5404.9961665485125,5506.5986,5455.797399680507,5420.236548695142
M46191,medium,Finance,1918-05-01,5670.0,5569.000181822014,5581.8594,5575.429778411008,5570.929085212775
M46191,medium,Finance,1918-06-01,5690.0,5623.533937576383,5443.881,5533.707398475692,5596.5860002602385
M46191,medium,Finance,1918-07-01,6124.1098677518,5713.339154498574,5494.0547,5603.696920999288,5680.44649665582
M46191,medium,Finance,1918-08-01,5660.0,5921.831940044842,5456.4243,5689.128128225546,5852.0208331201475
M46191,medium,Finance,1918-09-01,4868.654,5718.254282956531,5494.0547,5606.154485228266,5684.624355845083
M46191,medium,Finance,1918-10-01,5680.0,5122.810670657803,5506.5986,5314.704651735152,5180.378877188039
M46191,medium,Finance,1918-11-01,5710.0,5601.981392858431,5644.5767,5623.27902650734,5608.370707367167
M46191,medium,Finance,1918-12-01,5700.0,5595.781719695452,5606.9463,5601.3640043789765,5597.456453928635
M46191,medium,Finance,1919-01-01,5680.0,5696.242979238511,5669.664,5682.953520869256,5692.256178348829
M46191,medium,Finance,1919-02-01,5720.0,5720.578185246705,5657.12,5688.849151217102,5711.059511658918
M46191,medium,Finance,1919-03-01,5840.0,5728.0831989467015,5632.033,5680.05820103585,5713.675711780478
M46191,medium,Finance,1919-04-01,6529.4117647059,5884.173538017109,5719.838,5802.005714321054,5859.523215322356
M46191,medium,Finance,1919-05-01,5815.908,6192.904183371135,5657.12,5925.012150279317,6112.536610064684
M46191,medium,Finance,1919-06-01,5865.096,5895.687078950222,5569.316,5732.501498459485,5846.731417010033
M46191,medium,Finance,1919-07-01,5436.845,5977.772779568784,5468.968,5723.370276503142,5901.452077477217
M46191,medium,Finance,1919-08-01,5376.784,5665.611240473286,5569.3154,5617.463335080392,5651.166893269481
M46191,medium,Finance,1919-09-01,5286.067,5384.6444912813495,5531.6855,5458.165019078175,5406.700686241491
M4628,short,Macro,1912-07-01,1615.7,1744.9079015118616,1365.6039,1555.2558916738994,1688.0123077157466
M4628,short,Macro,1912-08-01,1504.6,1688.7352568027977,1519.0425,1603.8888686357739,1663.2813525597219
M4628,short,Macro,1912-09-01,1728.9,1742.2305101158563,1672.481,1707.3557335735532,1731.7680802049233
M4628,short,Macro,1912-10-01,2107.0,1674.3900739137264,1649.4653,1661.927702972488,1670.6513778901442
M4628,short,Macro,1912-11-01,2066.2,2120.4609215056053,1933.3267,2026.8937908309276,2092.3908067172647
M4628,short,Macro,1912-12-01,1702.1,2080.377530776115,2063.7495,2072.0635212474326,2077.8833401245415
M4628,short,Macro,1913-01-01,2650.9,1876.2197248312384,2148.1406,2012.1801749156193,1917.0078659600683
M4628,short,Macro,1913-02-01,2814.1,2373.185717878951,2140.4688,2256.8272339394753,2338.278172697109
M4628,short,Macro,1913-03-01,3363.5,2779.0316234351208,2155.8125,2467.4220617175606,2685.5487671268843
M4628,short,Macro,1913-04-01,3868.5,3323.736011805696,2171.1565,2747.4462529731604,3150.8491024664822
M4628,short,Macro,1913-05-01,3133.3,3558.9396793134893,1910.3109,2734.6252961997134,3311.6453887934194
M4628,short,Macro,1913-06-01,2250.8,3127.5471800404102,1549.7301,2338.6386412897364,2890.8746214669663
M4628,short,Macro,1913-07-01,1703.9,2398.582021157276,1457.667,1928.124506672388,2257.4447729153253
M4628,short,Macro,1913-08-01,2930.6,1789.299626280628,1496.0266,1642.6631188043766,1745.3086892965418
M4628,short,Macro,1913-09-01,2485.0,2765.8250943051758,1557.4021,2161.613596957275,2584.5616512043216
M4628,short,Macro,1913-10-01,2510.6,2723.8753482001,1657.1372,2190.5062776156747,2563.864633128288
M4628,short,Macro,1913-11-01,3014.6,2700.432010848214,1894.967,2297.699525931919,2579.612265373326
M4628,short,Macro,1913-12-01,2937.4,3094.2785134938645,2132.7969,2613.537694246932,2950.0562921338474
M4637,short,Macro,1912-07-01,667.7,1116.7295743395673,923.6455,1020.1875410760337,1087.766967412265
M4637,short,Macro,1912-08-01,646.4,1706.4184306333034,877.92053,1292.169481429933,1582.1437458722924
M4637,short,Macro,1912-09-01,975.5,575.5523405933992,1143.1256,859.3389754724808,660.6883310571238
M4637,short,Macro,1912-10-01,763.9,1158.187340262335,1033.3856,1095.7864801897613,1139.467082240563
M4637,short,Macro,1912-11-01,3708.6,1966.7959596138824,1152.2706,1559.5332947483475,1844.6171723612533
M4637,short,Macro,1912-12-01,1779.5,4014.2524573006617,1088.2556,2551.254036267518,3575.352930990719
M4637,short,Macro,1913-01-01,1891.0,2475.7323870022715,1115.6907,1795.7115304151982,2271.7261361296655
M4637,short,Macro,1913-02-01,2484.1,2800.2179348024883,1106.5457,1953.3817945496817,2546.16710188192
M4637,short,Macro,1913-03-01,790.5,2662.935339925783,941.93555,1802.4354434003915,2404.785383175197
M4637,short,Macro,1913-04-01,1224.4,1335.5884354765083,877.9205,1106.7544533339574,1266.9382499890164
M4637,short,Macro,1913-05-01,1628.9,1888.7290258087357,923.6455,1406.187266810618,1743.9665011610584
M4637,short,Macro,1913-06-01,930.4,1465.5246793838826,905.35547,1185.4400740669412,1381.4993069440739
M4637,short,Macro,1913-07-01,1254.4,1299.4306911395574,804.7605,1052.0955945932162,1225.2301682791708
M4637,short,Macro,1913-08-01,1105.0,1210.9411841660271,960.2255,1085.5833545341854,1173.3338352764747
M4637,short,Macro,1913-09-01,3680.5,1167.4477848543254,896.2105,1031.829147554116,1126.7621967160203
M4637,short,Macro,1913-10-01,1630.5,2960.4315559672054,960.2256,1960.3285709523527,2660.4006665662655
M4637,short,Macro,1913-11-01,2120.1,1904.914094625641,896.2105,1400.5623024397737,1753.6085600216386
M4637,short,Macro,1913-12-01,4145.8,2492.6425154132803,941.93555,1717.2890311441402,2260.03648233957
M46456,short,Finance,1906-07-01,1020.0,1168.259508034337,1120.6145,1144.437004993731,1161.112760173913
M46456,short,Finance,1906-08-01,1124.705882,1082.1847248982322,1136.1786,1109.1816568827098,1090.2838044935756
M46456,short,Finance,1906-09-01,1132.3,1104.1016938286507,1101.9376,1103.0196579494816,1103.7770891684158
M46456,short,Finance,1906-10-01,1101.7,1159.883071370782,1117.5017,1138.6923901775785,1153.525870064579
M46456,short,Finance,1906-11-01,1074.0,1170.6803922688287,1126.8401,1148.7602400797268,1164.104349663856
M46456,short,Finance,1906-12-01,1216.0,1160.433407610757,1117.5017,1138.967558297566,1153.9936558685577
M46456,short,Finance,1907-01-01,1245.75,1198.6239346255152,1073.9222,1136.2730879182263,1179.9186928203599
M46456,short,Finance,1907-02-01,1640.0,1242.6263106607844,1077.035,1159.830672420236,1217.7876313956513
M46456,short,Finance,1907-03-01,1314.25,1473.3106079180657,1189.0964,1331.2035217324703,1430.6784881659028
M46456,short,Finance,1907-04-01,1165.5,1424.5453128530116,1145.5171,1285.0312013483808,1382.6910916086538
M46456,short,Finance,1907-05-01,1175.0,1239.6966681503166,1095.7119,1167.7042911064082,1218.0989641924177
M46456,short,Finance,1907-06-01,1172.058824,1155.2963964268445,1133.0658,1144.181096162641,1151.9618063475837
M46456,short,Finance,1907-07-01,1210.75,1134.8144149018203,1089.4863,1112.1503715134102,1128.0152110405706
M46456,short,Finance,1907-08-01,1263.0,1234.9618444543162,1151.7427,1193.352260117783,1222.4789813603877
M46456,short,Finance,1907-09-01,1492.5,1234.9618444543162,1120.6145,1177.7881732037206,1217.8097461308955
M46456,short,Finance,1907-10-01,1465.0,1317.142779327989,1139.2915,1228.2171416171195,1290.4651002217595
M46456,short,Finance,1907-11-01,1295.0,1389.9544257742002,1108.1632,1249.0588168910062,1347.6857492127579
M46456,short,Finance,1907-12-01,1477.307692,1318.1540840564164,1148.6299,1233.3919834344583,1292.7254660768604
M46615,short,Finance,1910-10-01,4084.615385,3864.264731059891,3690.8997,3777.582194631508,3838.2599701313766
M46615,short,Finance,1910-11-01,4161.538462,3937.978583435014,3701.9172,3819.9479098815696,3902.5693935760123
M46615,short,Finance,1910-12-01,4050.0,4183.850626416561,3812.0933,3997.9719440676554,4128.087058332983
M46615,short,Finance,1911-01-01,3896.153846,4070.9632058008233,3856.1638,3963.563512080099,4038.7433465127315
M46615,short,Finance,1911-02-01,3850.0,3976.3858399103997,3834.1284,3905.2571289395746,3955.0472266191528
M46615,short,Finance,1911-03-01,3400.0,3932.684249442366,3966.34,3949.512168666495,3937.732661830699
M46615,short,Finance,1911-04-01,3650.0,3711.7142157868707,3900.2344,3805.9742953934356,3739.9922396688403
M46615,short,Finance,1911-05-01,3050.0,3785.0214028920145,3823.1108,3804.0661213678823,3790.7348672629
M46615,short,Finance,1911-06-01,3461.764706,3431.535820590704,3712.9348,3572.2353175219146,3473.7456940841303
M46615,short,Finance,1911-07-01,3520.0,3493.924635289388,3657.847,3575.8857795587564,3518.513002984261
M46615,short,Finance,1911-08-01,3615.384615,3615.9074901549147,3635.8118,3625.85962886652,3618.8931317683964
M46615,short,Finance,1911-09-01,3542.307692,3535.380296287572,3602.7588,3569.0695426750362,3545.4870702038115
M46615,short,Finance,1911-10-01,3327.647059,3561.233460049311,3757.0054,3659.11941557153,3590.5992833270707
M46615,short,Finance,1911-11-01,3330.0,3362.7305175620236,3701.9175,3532.323999015387,3413.6085986191265
M46615,short,Finance,1911-12-01,3224.117647,3365.4466445114444,3823.1108,3594.2787421775975,3434.0963226394156
M46615,short,Finance,1912-01-01,3377.0,3254.4748802936997,3867.1814,3560.828138389037,3346.3808577223012
M46615,short,Finance,1912-02-01,4000.0,3389.3846256761026,3911.252,3650.3182894005513,3467.664737000469
M46615,short,Finance,1912-03-01,3846.153846,3769.358059768217,3944.3047,3856.831373634109,3795.6001027561097
M4675,short,Macro,1912-07-01,7443.31,6486.373427333071,6347.139,6416.75629374466,6465.488336084673
M4675,short,Macro,1912-08-01,8538.34,7409.205187957596,6309.582,6859.393609603798,7244.261726658488
M4675,short,Macro,1912-09-01,5548.27,8158.643352215832,6309.582,7234.112691732917,7881.284166277989
M4675,short,Macro,1912-10-01,5509.75,6361.5569963882945,6103.0186,6232.287775537898,6322.776266754269
M4675,short,Macro,1912-11-01,6144.26,6551.992352227519,6422.253,6487.12264095751,6532.531451053548
M4675,short,Macro,1912-12-01,4753.75,6150.441748939499,6290.8037,6220.622729938499,6171.496092067325
M4675,short,Macro,1913-01-01,6750.53,5568.148575435978,6253.247,5910.697822874239,5670.913410702613
M4675,short,Macro,1913-02-01,5762.68,6293.819749289516,6253.247,6273.533409801008,6287.733908478121
M4675,short,Macro,1913-03-01,4804.36,6028.300954295461,6234.4683,6131.384608007105,6059.22609923708
M4675,short,Macro,1913-04-01,6510.06,5032.060905219634,6272.0254,5652.043147922317,5218.055602444502
M4675,short,Macro,1913-05-01,7314.0,6204.8150776164075,6459.8105,6332.312812245704,6243.064434626291
M4675,short,Macro,1913-06-01,7138.56,6711.466255166885,6027.9043,6369.685276020942,6608.9319858371655
M4675,short,Macro,1913-07-01,6037.65,7021.714174989436,6516.1455,6768.929841400968,6945.878923741021
M4675,short,Macro,1913-08-01,6685.36,6603.758476361699,6121.7974,6362.777919821474,6531.464358227757
M4675,short,Macro,1913-09-01,6578.95,6462.603577399429,6365.918,6414.260773074715,6448.100797137172
M4675,short,Macro,1913-10-01,6020.17,6401.410505479589,6159.3545,6280.382498833545,6365.102127899839
M4675,short,Macro,1913-11-01,5775.99,6307.11681620518,6140.5757,6223.846249899465,6282.135658520498
M4675,short,Macro,1913-12-01,6180.15,5897.4796624647215,6159.3545,6028.41707732611,5936.760911337201
M46778,cold_start,Finance,1904-02-01,11750.0,10407.973134737831,6001.811,8204.892084947041,9747.048832007626
M46778,cold_start,Finance,1904-03-01,10100.0,10313.557680921542,6001.811,8157.684358038896,9666.79569626378
M46778,cold_start,Finance,1904-04-01,5000.0,10508.00912512243,4740.927,7624.467941467465,9642.946794440004
M46778,cold_start,Finance,1904-05-01,7000.0,8077.603387439343,4993.1035,6535.353451532172,7614.928455495317
M46778,cold_start,Finance,1904-06-01,7500.0,9398.522774833644,4488.7495,6943.636143276197,8662.056797573441
M46778,cold_start,Finance,1904-07-01,24500.0,7221.251246680434,4236.5723,5728.911756152716,6773.5493995221195
M46778,cold_start,Finance,1904-08-01,15000.0,11468.40124595609,3833.0894,7650.74530071242,10323.104499004085
M46778,cold_start,Finance,1904-09-01,22250.0,14197.353169524487,3076.5586,8636.955881637245,12529.233989261831
M46778,cold_start,Finance,1904-10-01,12700.0,17174.61193848394,3908.7424,10541.677185062283,15184.731549078539
M46778,cold_start,Finance,1904-11-01,22700.0,14579.027932993578,3555.6948,9067.361378606165,12925.527991091418
M46778,cold_start,Finance,1904-12-01,8800.0,17367.33223282119,3227.8647,10297.59848945747,15246.412115915591
M46778,cold_start,Finance,1905-01-01,10500.0,13229.660933212597,3177.4294,8203.545188285985,11721.826234148677
M46778,cold_start,Finance,1905-02-01,10000.0,15997.694406082004,3732.2188,9864.956578041001,14157.873069876736
M46778,cold_start,Finance,1905-03-01,17950.0,10530.589477879194,4009.6133,7270.101379564597,9552.443072798878
M46778,cold_start,Finance,1905-04-01,3450.0,11926.34172853662,4287.008,8106.67477051831,10780.441677752222
M46778,cold_start,Finance,1905-05-01,10500.0,6954.423535958939,3933.9602,5444.191870518533,6501.35406074088
M46778,cold_start,Finance,1905-06-01,20000.0,11973.54938933015,4236.5723,8105.060827477575,10813.002820774378
M46778,cold_start,Finance,1905-07-01,10000.0,11597.639752788798,4488.7495,8043.194632253774,10531.306228835323
M46827,cold_start,Finance,1904-02-01,5000.0,5052.817911237679,5010.7456,5031.781758353214,5046.507101993434
M46827,cold_start,Finance,1904-03-01,5300.0,5060.322924937675,5010.7456,5035.534265203212,5052.886363638431
M46827,cold_start,Finance,1904-04-01,6537.5,5205.562527148746,5010.7456,5108.154066308748,5176.340025517841
M46827,cold_start,Finance,1904-05-01,5000.0,5669.064205824858,5010.7456,5339.904905646804,5570.316452392536
M46827,cold_start,Finance,1904-06-01,7000.0,5048.774211506598,5010.7456,5029.759908487674,5043.069957222015
M46827,cold_start,Finance,1904-07-01,5000.0,6235.216087454804,5010.7456,5622.980846461777,6051.545551777991
M46827,cold_start,Finance,1904-08-01,5500.0,5098.610803044311,5010.7456,5054.67820425653,5085.431060029071
M46827,cold_start,Finance,1904-09-01,5700.0,5537.61650671285,5010.7456,5274.1810560908,5458.58590814733
M46827,cold_start,Finance,1904-10-01,5000.0,5585.203492066247,5010.7456,5297.974548767499,5499.034845697717
M46827,cold_start,Finance,1904-11-01,6000.0,5179.026210037855,5010.7456,5094.8859077533025,5153.784155973583
M46827,cold_start,Finance,1904-12-01,5000.0,5772.220824506089,5010.7456,5391.48321498742,5657.999578271582
M46827,cold_start,Finance,1905-01-01,5250.0,5055.9251415601375,5010.7456,5033.335373514444,5049.148247767524
M46827,cold_start,Finance,1905-02-01,5000.0,5243.893098310767,5010.7456,5127.319351889759,5208.921011005558
M46827,cold_start,Finance,1905-03-01,5000.0,5154.55050632412,5010.7456,5082.648055896435,5132.979807816909
M46827,cold_start,Finance,1905-04-01,4877.0,5259.889992848723,5010.7456,5135.317799158736,5222.518371362821
M46827,cold_start,Finance,1905-05-01,7000.0,4980.836480074004,5010.7456,4995.791042771377,4985.32288550431
M46827,cold_start,Finance,1905-06-01,6950.0,6438.931011141984,5010.7456,5724.838308305367,6224.7032369120925
M46827,cold_start,Finance,1905-07-01,9905.0,6226.062584135615,5010.7456,5618.404094802183,6043.76507395668
M4694,long_history,Macro,1926-01-01,470.0,1115.8806953355129,1040.5505,1078.215616222444,1104.5811716015924
M4694,long_history,Macro,1926-02-01,1180.0,714.879140689725,1019.7395,867.3093213214249,760.6082070862662
M4694,long_history,Macro,1926-03-01,1090.0,1122.336787036928,998.92847,1060.6326269169015,1103.8255481561937
M4694,long_history,Macro,1926-04-01,870.0,1152.1158846367048,990.6041,1071.3600053066336,1127.8891238894414
M4694,long_history,Macro,1926-05-01,810.0,1118.929879379663,1094.6592,1106.7945295335815,1115.289280529354
M4694,long_history,Macro,1926-06-01,1210.0,939.9409218944036,990.6041,965.272523935483,947.5404055584853
M4694,long_history,Macro,1926-07-01,1460.0,1212.554742652764,1111.3079,1161.9313019904444,1197.367713505826
M4694,long_history,Macro,1926-08-01,950.0,1316.0274186578868,1061.3616,1188.6944954617559,1277.8275447508054
M4694,long_history,Macro,1926-09-01,1190.0,1123.182491964475,1057.1993,1090.1909163923938,1113.2850284481242
M4694,long_history,Macro,1926-10-01,910.0,1156.1470660605771,986.4419,1071.2944802959137,1130.6912994864515
M4694,long_history,Macro,1926-11-01,840.0,1064.9492308311217,1086.3347,1075.6419738139984,1068.1570567777426
M4694,long_history,Macro,1926-12-01,1200.0,1032.5760985889533,969.7931,1001.1845947046329,1023.1586474236573
M4694,long_history,Macro,1927-01-01,910.0,1155.5808266793676,932.33325,1043.9570393162462,1122.0936935221891
M4694,long_history,Macro,1927-02-01,1300.0,1025.3684848579453,1011.41516,1018.3918229953789,1023.2754924026912
M4694,long_history,Macro,1927-03-01,1250.0,1144.3404155120427,1015.5773,1079.9588430099275,1125.0259468131662
M4694,long_history,Macro,1927-04-01,1310.0,1186.6200911071444,903.1979,1044.9089835418536,1144.1067679928306
M4694,long_history,Macro,1927-05-01,1110.0,1266.6467483183396,1007.2529,1136.9498390029198,1227.737687730745
M4694,long_history,Macro,1927-06-01,1320.0,1134.8970285800835,998.92847,1066.9127476884792,1114.501753467876
M47212,cold_start,Finance,1904-02-01,7950.0,5066.661191976786,4989.086,5027.873564738393,5055.024928219331
M47212,cold_start,Finance,1904-03-01,2200.0,5841.094350692787,5082.34,5461.7170972213935,5727.281211272463
M47212,cold_start,Finance,1904-04-01,5000.0,4220.913494332476,4989.086,4604.999715916238,4336.139385221668
M47212,cold_start,Finance,1904-05-01,7099.0,4936.473858047339,4989.086,4962.779897773669,4944.3656943793
M47212,cold_start,Finance,1904-06-01,2250.0,4980.025490735704,4989.086,4984.555714117852,4981.384582164411
M47212,cold_start,Finance,1904-07-01,5000.0,3899.356742167113,4989.086,4444.221339833557,4062.816145881109
M47212,cold_start,Finance,1904-08-01,9100.0,6077.10687713046,4989.086,5533.09640731523,5913.903760599954
M47212,cold_start,Finance,1904-09-01,5050.0,4802.874807452909,4989.086,4895.980372476455,4830.806501374036
M47212,cold_start,Finance,1904-10-01,5000.0,6595.296095378283,4989.086,5792.191016439141,6354.364596110604
M47212,cold_start,Finance,1904-11-01,5000.0,6023.436571167785,4989.086,5506.261254333893,5868.28400053168
M47212,cold_start,Finance,1904-12-01,5900.0,5004.100357348845,5035.713,5019.906623986923,5008.842237340269
M47212,cold_start,Finance,1905-01-01,5000.0,4634.706103907453,5035.713,4835.209497266227,4694.857121915085
M47212,cold_start,Finance,1905-02-01,5000.0,5508.597269076287,4989.086,5248.841603288143,5430.670593753907
M47212,cold_start,Finance,1905-03-01,5000.0,4866.55858203981,5618.55,5242.554193363655,4979.35732647212
M47212,cold_start,Finance,1905-04-01,7500.0,5063.802429749586,4989.086,5026.444183624793,5052.594980326211
M47212,cold_start,Finance,1905-05-01,3750.0,6388.008976348358,4989.086,5688.54745692418,6178.1705449351675
M47212,cold_start,Finance,1905-06-01,7000.0,4246.661830241171,4989.086,4617.873883870585,4358.025470744058
M47212,cold_start,Finance,1905-07-01,5000.0,6119.540129413564,5035.713,5577.626510019281,5956.966043595279
M4733,long_history,Macro,1926-01-01,7980.0,8888.40854680121,8407.609,8648.008960900606,8816.288744273217
M4733,long_history,Macro,1926-02-01,6430.0,7956.411521939812,7209.5786,7582.995067610531,7844.386683297278
M4733,long_history,Macro,1926-03-01,8560.0,6886.8556161412425,7295.1523,7091.003979945621,6948.100222938807
M4733,long_history,Macro,1926-04-01,8020.0,7682.896574290586,8664.33,8173.613326207793,7830.111624279811
M4733,long_history,Macro,1926-05-01,7810.0,7824.579042831962,8043.9214,7934.250214775357,7857.4804432431065
M4733,long_history,Macro,1926-06-01,8190.0,7984.148251676421,9263.346,8623.746977400711,8176.0279670499585
M4733,long_history,Macro,1926-07-01,7540.0,8338.014364064997,9755.394,9046.70395937625,8550.6212914865
M4733,long_history,Macro,1926-08-01,7060.0,7548.4208235084825,8471.789,8010.104943004241,7686.926132599398
M4733,long_history,Macro,1926-09-01,8370.0,7305.083594199927,8022.528,7663.805713115588,7412.700327530876
M4733,long_history,Macro,1926-10-01,8560.0,8223.444962716783,8386.216,8304.830391514643,8247.86059135614
M4733,long_history,Macro,1926-11-01,9730.0,8411.68755072149,8322.035,8366.861353485745,8398.23971596483
M4733,long_history,Macro,1926-12-01,10520.0,9959.487621894019,8215.068,9087.27799063451,9697.824732516166
M4733,long_history,Macro,1927-01-01,8930.0,9514.609353233256,7573.2666,8543.937977397878,9223.407940482644
M4733,long_history,Macro,1927-02-01,7200.0,9015.859978492603,6546.383,7781.121395496301,8645.438440214806
M4733,long_history,Macro,1927-03-01,10090.0,7741.98025121758,6867.284,7304.632215452541,7610.775864902132
M4733,long_history,Macro,1927-04-01,9800.0,8920.905298265438,7701.627,8311.26612569522,8738.013644150622
M4733,long_history,Macro,1927-05-01,9130.0,9562.680356446883,7295.1523,8428.916350098441,9222.551252198602
M4733,long_history,Macro,1927-06-01,10440.0,9156.997875237177,8043.9214,8600.459630977963,8990.036450787538
M47392,cold_start,Finance,1904-02-01,10000.0,9732.936256460987,9943.171,9838.053577449244,9764.471525999652
M47392,cold_start,Finance,1904-03-01,9100.0,9561.759884286943,9864.878,9713.31890698722,9607.227591097027
M47392,cold_start,Finance,1904-04-01,6750.0,9083.775631542243,9864.878,9474.326780614872,9200.940976264032
M47392,cold_start,Finance,1904-05-01,5800.0,8779.795690942268,9864.878,9322.336810314884,8942.558026754054
M47392,cold_start,Finance,1904-06-01,9100.0,7529.304765329974,10021.464,8775.384316258736,7903.128655022666
M47392,cold_start,Finance,1904-07-01,5100.0,8229.972040044613,9904.024,9066.998227053557,8481.079993803547
M47392,cold_start,Finance,1904-08-01,7600.0,7222.969077795819,9904.024,8563.49674592916,7625.127475892072
M47392,cold_start,Finance,1904-09-01,7000.0,7805.292266587976,10021.464,8913.378066887737,8137.7180310919675
M47392,cold_start,Finance,1904-10-01,8200.0,6897.108525708986,10021.464,8459.286196448244,7365.761851344826
M47392,cold_start,Finance,1904-11-01,10000.0,8139.875710136402,9943.171,9041.523304286951,8410.370061623755
M47392,cold_start,Finance,1904-12-01,10950.0,10851.337563853522,10021.464,10436.40071552051,10726.856533767683
M47392,cold_start,Finance,1905-01-01,8000.0,8777.632958041879,10021.464,9399.54841261469,8964.207618827786
M47392,cold_start,Finance,1905-02-01,10000.0,8375.27622856456,10021.464,9198.37004787603,8622.204398772064
M47392,cold_start,Finance,1905-03-01,10000.0,9747.754062396742,10021.464,9884.608964792122,9788.81055752942
M47392,cold_start,Finance,1905-04-01,9500.0,9023.89113581815,10021.464,9522.677501502825,9173.527069937616
M47392,cold_start,Finance,1905-05-01,10000.0,9105.428063279061,10021.464,9563.44596523328,9242.83345827939
M47392,cold_start,Finance,1905-06-01,8850.0,9603.445927613086,10021.464,9812.454897400294,9666.148642963311
M47392,cold_start,Finance,1905-07-01,10000.0,8204.35492571695,10021.464,9112.909396452225,8476.921291351597
M47397,cold_start,Finance,1904-02-01,7000.0,6639.063725164502,6963.709,6801.386354769751,6687.760562874202
M47397,cold_start,Finance,1904-03-01,6750.0,6383.260904551448,7029.716,6706.488362431974,6480.229166329669
M47397,cold_start,Finance,1904-04-01,5000.0,6245.0221166105,7326.746,6785.88410518025,6407.280762009551
M47397,cold_start,Finance,1904-05-01,8000.0,6120.659909568853,8052.82,7086.739866893802,6410.483896766338
M47397,cold_start,Finance,1904-06-01,5050.0,8603.78735843605,8118.8267,8361.30700929615,8531.04335135033
M47397,cold_start,Finance,1904-07-01,7800.0,6267.5121443588405,7491.7627,6879.63741983567,6451.14972700189
M47397,cold_start,Finance,1904-08-01,5000.0,8495.579756335488,8547.87,8521.724936761493,8503.423334877352
M47397,cold_start,Finance,1904-09-01,10900.0,5413.189809987654,8217.837,6815.513362025077,5833.8868755988815
M47397,cold_start,Finance,1904-10-01,7000.0,7720.582405789308,7854.8,7787.691105238404,7740.715015624038
M47397,cold_start,Finance,1904-11-01,10910.0,7226.13827157337,8316.847,7771.492475630435,7389.74463044674
M47397,cold_start,Finance,1904-12-01,5000.0,10656.345915310767,8976.914,9816.629988905384,10404.431137389152
M47397,cold_start,Finance,1905-01-01,5150.0,6173.621532864921,8349.85,7261.735571119961,6500.055841997684
M47397,cold_start,Finance,1905-02-01,3000.0,6981.3236454448215,8085.823,7533.573443816161,7146.998633784349
M47397,cold_start,Finance,1905-03-01,5100.0,5195.737550028287,8250.84,6723.2886968891435,5654.002894086544
M47397,cold_start,Finance,1905-04-01,12050.0,5706.526644114728,8580.873,7143.699845494864,6137.678628942832
M47397,cold_start,Finance,1905-05-01,10000.0,7999.276037859034,7095.7227,7547.499347054517,7863.743030617679
M47397,cold_start,Finance,1905-06-01,6500.0,8259.956423234886,8382.854,8321.404969429943,8278.39106033559
M47397,cold_start,Finance,1905-07-01,7500.0,8509.527701072293,8118.826,8314.176936473646,8450.922520520824
M47411,cold_start,Finance,1904-02-01,1000.0,1422.4881218774353,1040.7517,1231.6199154309052,1365.227666046992
M47411,cold_start,Finance,1904-03-01,600.0,1099.7283254856898,1058.0974,1078.9128687975324,1093.4836915310004
M47411,cold_start,Finance,1904-04-01,1781.5,848.8444690398418,1014.73285,931.7886590804678,873.7277291037875
M47411,cold_start,Finance,1904-05-01,1000.0,1560.9677526237904,1075.4434,1318.205555999395,1488.1391027917455
M47411,cold_start,Finance,1904-06-01,1000.0,1162.1768063253717,1001.7235,1081.9501585337796,1138.108815039652
M47411,cold_start,Finance,1904-07-01,777.5,1105.0143964026265,1001.7235,1053.368953572407,1089.5207666053186
M47411,cold_start,Finance,1904-08-01,730.0,980.419868495915,1088.4528,1034.4363136424888,996.6248020398872
M47411,cold_start,Finance,1904-09-01,661.7,796.9331870400488,1006.05994,901.4965617817431,828.3022055660728
M47411,cold_start,Finance,1904-10-01,1000.0,809.8962986475411,1344.3042,1077.1002489331456,890.0574989920116
M47411,cold_start,Finance,1904-11-01,1000.0,984.9287026875948,1010.39636,997.6625324961411,988.7488607854322
M47411,cold_start,Finance,1904-12-01,1351.4,1010.5476953965316,1006.05994,1008.3038159599846,1009.8745376690832
M47411,cold_start,Finance,1905-01-01,1000.0,1320.288246416583,1006.05994,1163.1740914700104,1273.154006036127
M47411,cold_start,Finance,1905-02-01,1000.0,1128.0131966853862,1006.05994,1067.0365666044117,1109.7202137646095
M47411,cold_start,Finance,1905-03-01,1000.0,1074.2969702632922,1006.05994,1040.1784533933649,1064.0614213058298
M47411,cold_start,Finance,1905-04-01,1095.0,1110.2382444110233,1001.7235,1055.9808775766055,1093.9610374124559
M47411,cold_start,Finance,1905-05-01,1000.0,1083.948165817646,1001.7235,1042.8358382799167,1071.614470608085
M47411,cold_start,Finance,1905-06-01,20.0,1108.43882450837,1001.7235,1055.0811676252788,1092.4315304952006
M47411,cold_start,Finance,1905-07-01,784.85,430.1603579077112,1006.05994,718.1101472155743,516.5453008035859
M47461,cold_start,Finance,1904-02-01,1590.0,2147.285323077924,1993.5684,2070.426841226462,2124.227802936548
M47461,cold_start,Finance,1904-03-01,2000.0,1776.5160238839355,1993.5684,1885.0421916294677,1809.073898621658
M47461,cold_start,Finance,1904-04-01,1750.0,2013.3219644273859,2021.5155,2017.4187336785367,2014.5509952027312
M47461,cold_start,Finance,1904-05-01,2000.0,1921.789893948101,1993.5684,1957.6791266615505,1932.5566881761986
M47461,cold_start,Finance,1904-06-01,2295.0,2026.2977908361288,1993.5684,2009.9330751055645,2021.3884005310222
M47461,cold_start,Finance,1904-07-01,2090.0,2205.3537761354264,1993.5684,2099.461067755213,2173.585988035425
M47461,cold_start,Finance,1904-08-01,1989.5,2105.4779885478006,1993.5684,2049.5231739614,2088.691568585943
M47461,cold_start,Finance,1904-09-01,1855.0,2097.075188740603,1993.5684,2045.3217740578016,2081.5491887498256
M47461,cold_start,Finance,1904-10-01,1900.0,1814.472049761703,1993.5684,1904.0202045683513,1841.3365206177602
M47461,cold_start,Finance,1904-11-01,1350.0,1925.216784208699,2002.884,1964.050408705912,1936.8668837648943
M47461,cold_start,Finance,1904-12-01,2000.0,1629.16430129153,1993.5684,1811.366330333265,1683.8249344181131
M47461,cold_start,Finance,1905-01-01,2000.0,2025.7725870125996,1993.5684,2009.6704731937998,2020.9419772810224
M47461,cold_start,Finance,1905-02-01,1555.0,2047.8978676315926,1993.5684,2020.7331135032964,2039.7484658071664
M47461,cold_start,Finance,1905-03-01,2500.0,1715.50049450562,2012.1998,1863.8501618035912,1760.0054069020428
M47461,cold_start,Finance,1905-04-01,2000.0,2266.5706301931623,1993.5684,2130.069494784081,2225.6203139845006
M47461,cold_start,Finance,1905-05-01,3250.05,2081.914016411506,2030.8313,2056.3726576198155,2074.251608773999
M47461,cold_start,Finance,1905-06-01,1642.5,3241.2005705860674,1993.5684,2617.3844649805337,3054.0557633184703
M47461,cold_start,Finance,1905-07-01,2000.0,1918.3463888046808,2012.1998,1965.2731089531217,1932.4244170562445
M47557,cold_start,Finance,1904-01-01,2900.0,3944.0254621430995,4203.8125,4073.9189810715498,3982.9935422356975
M47557,cold_start,Finance,1904-02-01,1099.5,4351.893610571953,2549.8535,3450.8735630984766,4081.5875963299104
M47557,cold_start,Finance,1904-03-01,2000.0,3191.9405022415663,2997.8005,3094.870519675471,3162.8195318858
M47557,cold_start,Finance,1904-04-01,3550.0,3715.6736583286875,2997.8005,3356.737097719031,3607.9927145598535
M47557,cold_start,Finance,1904-05-01,2250.0,4133.679272600094,3204.5454,3669.112341378172,3994.3092054405492
M47557,cold_start,Finance,1904-06-01,4550.0,3737.693969064893,4393.3286,4065.511291173071,3836.0392023184404
M47557,cold_start,Finance,1904-07-01,4000.0,4253.944353456651,3997.0676,4125.505990204888,4215.4128811022165
M47557,cold_start,Finance,1904-08-01,4750.0,4123.45442152029,2997.8005,3560.6274793148327,3954.606363272716
M47557,cold_start,Finance,1904-09-01,5000.0,4444.859990978166,2360.3374,3402.598696660958,4132.181620993551
M47557,cold_start,Finance,1904-10-01,2000.0,4586.765530176335,2911.6567,3749.2111342287926,4335.499235806135
M47557,cold_start,Finance,1904-11-01,1000.0,3946.1632808067993,2756.5981,3351.3807126690244,3767.7285347795296
M47557,cold_start,Finance,1904-12-01,4900.0,3175.936002261573,3997.0676,3586.501814607349,3299.1057825863995
M47557,cold_start,Finance,1905-01-01,1000.0,3513.191870097191,3859.2378,3686.2148315329705,3565.0987707349564
M47557,cold_start,Finance,1905-02-01,5000.0,1212.7151934091605,3497.434,2355.0746377202054,1555.423026702474
M47557,cold_start,Finance,1905-03-01,5000.0,4345.906484705054,3997.0676,4171.4870558290895,4293.580692663359
M47557,cold_start,Finance,1905-04-01,4212.5,4662.984399414916,3997.0676,4330.0260131840205,4563.096920166741
M47557,cold_start,Finance,1905-05-01,2600.0,4465.333494812231,2997.8005,3731.567015960803,4245.203575570866
M47557,cold_start,Finance,1905-06-01,4000.0,3647.4593633785776,3997.0676,3822.263495165851,3699.9006395358538
M47686,short,Finance,1907-03-01,2216.0,2465.818395930391,2223.1763,2344.4973327308207,2429.4220769705203
M47686,short,Finance,1907-04-01,2122.0,2367.328569715208,2135.993,2251.6607448185414,2332.628240556755
M47686,short,Finance,1907-05-01,2032.0,2179.2806409965665,2037.9116,2108.5961310451585,2158.075312425207
M47686,short,Finance,1907-06-01,1946.0,2170.1073599617685,1939.8303,2054.9688411136967,2135.565804307347
M47686,short,Finance,1907-07-01,1864.0,2153.3196501754105,1852.6469,2002.983250380674,2108.2187363405055
M47686,short,Finance,1907-08-01,1786.0,1931.748814414953,1765.4636,1848.606218730914,1906.806041813257
M47686,short,Finance,1907-09-01,1712.0,1914.288640212551,1678.2802,1796.2843957898692,1878.8873790927778
M47686,short,Finance,1907-10-01,1642.0,1791.2484169070044,1601.9948,1696.6215839417835,1762.8603792244696
M47686,short,Finance,1907-11-01,1577.0,1713.552735750474,1525.7092,1619.6309821330497,1685.376224924036
M47686,short,Finance,1907-12-01,1516.0,1675.0147600839293,1460.3217,1567.6682076786833,1642.8108096211447
M47686,short,Finance,1908-01-01,1460.0,1684.0776346413707,1394.9341,1539.5058583363102,1640.7061170086417
M47686,short,Finance,1908-02-01,1408.0,1559.9044323265368,1351.3425,1455.623480811706,1528.6201529756033
M47686,short,Finance,1908-03-01,1361.0,1531.8600305019015,1296.8529,1414.3564678876696,1496.6089647693898
M47686,short,Finance,1908-04-01,1319.0,1473.6187352018662,1242.3633,1357.991008225933,1438.9304171090864
M47686,short,Finance,1908-05-01,1281.0,1462.6454836028895,1198.7715,1330.7084839889449,1423.0643959257375
M47686,short,Finance,1908-06-01,1249.0,1399.120202602863,1166.0778,1282.5989806959628,1364.1638390825508
M47686,short,Finance,1908-07-01,1220.0,1384.4961448823199,1133.384,1258.9400890427223,1346.8293372857142
M47686,short,Finance,1908-08-01,1196.0,1310.6635899359899,1111.5881,1211.1258623508074,1280.8022716604353
M47728,long_history,Other,1923-12-01,3000.0,3465.4515616573817,2396.0195,2930.735546453691,3305.0367815103373
M47728,long_history,Other,1924-01-01,2400.0,2844.597155425366,2396.0195,2620.3083433376833,2777.310536213124
M47728,long_history,Other,1924-02-01,2400.0,2580.4570159155505,2396.0195,2488.238273582775,2552.791417629781
M47728,long_history,Other,1924-03-01,4000.0,2606.7801509504957,2396.0195,2501.3998411002476,2575.1660824094843
M47728,long_history,Other,1924-04-01,2400.0,3498.6225412832837,2396.0195,2947.321036266642,3333.232114192354
M47728,long_history,Other,1924-05-01,2400.0,2829.9325482010913,2396.0195,2612.976039725546,2764.8456200724904
M47728,long_history,Other,1924-06-01,6600.0,3159.152146789612,2396.0195,2777.585839019806,3044.6822788727327
M47728,long_history,Other,1924-07-01,2400.0,3586.7607125639947,2396.0195,2991.3901219069976,3408.1495597809585
M47728,long_history,Other,1924-08-01,2400.0,3483.106451364951,2396.0195,2939.5629913074754,3320.043437761771
M47728,long_history,Other,1924-09-01,2400.0,4139.218935888768,2396.0195,3267.619233569384,3877.7390496070157
M47728,long_history,Other,1924-10-01,2400.0,3443.1267472249133,2396.0195,2919.5731392374564,3286.060689242739
M47728,long_history,Other,1924-11-01,2400.0,3422.040555972486,2396.0195,2909.030043611243,3268.137426678176
M47728,long_history,Other,1924-12-01,2400.0,3608.1117606997864,2396.0195,3002.0656459748934,3426.297950696381
M47728,long_history,Other,1925-01-01,2500.0,3003.587685402452,2396.0195,2699.803608326226,2912.4524866936467
M47728,long_history,Other,1925-02-01,2500.0,2449.169167327702,2373.2002,2411.184681320101,2437.773833732453
M47728,long_history,Other,1925-03-01,2500.0,2535.1680102380956,2350.381,2442.7745568768605,2507.4499986437877
M47728,long_history,Other,1925-04-01,2500.0,2593.4638624457857,2361.7905,2477.627194894768,2558.712868283996
M47728,long_history,Other,1925-05-01,2500.0,2657.3707886896964,2373.2002,2515.285492001098,2614.7452118901483
M47729,short,Other,1913-01-01,3400.0,3266.158125351508,3491.0332,3378.595664238254,3299.889435845657
M47729,short,Other,1913-02-01,4500.0,3625.100620403831,3287.672,3456.386369772228,3574.4863757319285
M47729,short,Other,1913-03-01,3500.0,3528.723919354091,3050.4175,3289.5706999114204,3456.9779840388683
M47729,short,Other,1913-04-01,3800.0,3526.2784458184346,3185.9915,3356.1349504482796,3475.235421621451
M47729,short,Other,1913-05-01,4200.0,3741.7219178020055,3236.832,3489.276974526003,3665.9884409227207
M47729,short,Other,1913-06-01,4000.0,4256.351212904789,3338.5127,3797.4319541086443,4118.675447472977
M47729,short,Other,1913-07-01,3700.0,4048.3162673211223,3440.1929,3744.2545692074364,3957.097757887017
M47729,short,Other,1913-08-01,4200.0,3781.099480775899,3745.2349,3763.1671720285744,3775.719836979827
M47729,short,Other,1913-09-01,4800.0,4462.977574564865,4253.6377,4358.307634938683,4431.576592677011
M47729,short,Other,1913-10-01,3800.0,4580.555323323657,3389.3528,3984.954053263391,4401.874948409093
M47729,short,Other,1913-11-01,5100.0,3918.8031309554144,3541.8735,3730.338333055832,3862.263728206634
M47729,short,Other,1913-12-01,3800.0,4923.587501260861,3745.2349,4334.411182271056,4746.834654392045
M47729,short,Other,1914-01-01,3400.0,3949.257872561748,3491.0332,3720.145537843374,3880.5242209743615
M47729,short,Other,1914-02-01,4400.0,3969.7522637635934,3643.5542,3806.653231491172,3920.8225662888985
M47729,short,Other,1914-03-01,3900.0,4219.914237089878,3541.8735,3880.893886123064,4118.208168420928
M47729,short,Other,1914-04-01,4400.0,3959.6269653341724,3287.672,3623.6495422373987,3858.8337689227187
M47729,short,Other,1914-05-01,4200.0,4263.615827557912,3152.0981,3707.856986044581,4096.888181207429
M47729,short,Other,1914-06-01,4100.0,4248.657157109002,3389.3528,3819.0049701560633,4119.761507126636
M47733,short,Other,1912-08-01,2750.0,3647.8233608323308,3756.7324,3702.2778913536654,3664.159744402794
M47733,short,Other,1912-09-01,3760.0,3106.970227206708,4548.887,3827.928717118979,3323.2578230085146
M47733,short,Other,1912-10-01,2860.0,3606.923978115775,4176.8145,3891.8692156203874,3692.4075981952838
M47733,short,Other,1912-11-01,3740.0,3270.255309793867,3708.7231,3489.4892271625586,3336.025485004475
M47733,short,Other,1912-12-01,3760.0,3486.4990682562975,3108.606,3297.5525126437738,3429.815132090119
M47733,short,Other,1913-01-01,2840.0,3582.389942686562,2136.4167,2859.4033453667184,3365.4939756976405
M47733,short,Other,1913-02-01,3300.0,2940.0607136123244,2964.5781,2952.319419306162,2943.738343631023
M47733,short,Other,1913-03-01,4130.0,3330.3500958498184,3180.6204,3255.485228588972,3307.890660085627
M47733,short,Other,1913-04-01,2270.0,3789.849321550739,2436.475,3113.1622096034944,3586.843206277113
M47733,short,Other,1913-05-01,2550.0,2819.0346849994257,2196.4282,2507.731453827838,2725.6437156479496
M47733,short,Other,1913-06-01,1670.0,2741.9245407462763,2388.4658,2565.1951805293884,2688.9057570952727
M47733,short,Other,1913-07-01,4000.0,2173.6247698363095,3348.6528,2761.1388009337797,2349.8789974760975
M47733,short,Other,1913-08-01,3260.0,3260.4593472931397,3480.679,3370.569151185632,3293.49231287495
M47733,short,Other,1913-09-01,3200.0,3120.541176445777,3492.6812,3306.6111643947634,3176.362221658598
M47733,short,Other,1913-10-01,3090.0,3178.7417725809673,2988.583,3083.6623901967337,3150.2179822797602
M47733,short,Other,1913-11-01,3330.0,3211.635325826697,3048.5945,3130.114904124286,3187.1792115230055
M47733,short,Other,1913-12-01,2400.0,3329.9395495048752,2628.5127,2979.226122408688,3224.7255335830505
M47733,short,Other,1914-01-01,1910.0,2745.182366673411,2256.4402,2500.811276110143,2671.871045607946
M47734,short,Other,1912-08-01,5130.0,4150.504097315542,4251.596,4201.0501443608955,4165.66792363618
M47734,short,Other,1912-09-01,4240.0,4806.681296523928,4251.596,4529.138743965089,4723.418542963308
M47734,short,Other,1912-10-01,5100.0,4341.4884055619505,4330.622,4336.055237937226,4339.858467481565
M47734,short,Other,1912-11-01,4400.0,4882.449675368334,4393.843,4638.146224402917,4809.158640078709
M47734,short,Other,1912-12-01,3870.0,4393.993628286396,4362.2324,4378.113025080698,4389.229483945781
M47734,short,Other,1913-01-01,5000.0,4082.8262146420507,4283.2065,4183.016378805401,4112.88330051215
M47734,short,Other,1913-02-01,4890.0,4994.233390293072,4504.479,4749.356197099662,4920.7702567491115
M47734,short,Other,1913-03-01,3700.0,4645.828731034225,4441.2583,4543.543515907737,4615.143203117373
M47734,short,Other,1913-04-01,5230.0,4019.7900979574024,4362.2324,4191.011259916201,4071.1564831661362
M47734,short,Other,1913-05-01,4260.0,5089.740307603171,4536.09,4812.915075676585,5006.692774646289
M47734,short,Other,1913-06-01,4580.0,4364.6918397081845,4330.622,4347.656955010342,4359.5813865058635
M47734,short,Other,1913-07-01,3680.0,4782.52361800944,4156.765,4469.644377364095,4688.659845815837
M47734,short,Other,1913-08-01,4270.0,3929.15833169816,4615.1157,4272.137027177205,4032.0519769629677
M47734,short,Other,1913-09-01,4740.0,4237.086211809921,4457.0635,4347.074844186211,4270.082850350933
M47734,short,Other,1913-10-01,4260.0,4524.775359485535,4488.674,4506.724593805267,4519.360141988486
M47734,short,Other,1913-11-01,4580.0,4357.373307688202,4520.284,4438.828743687851,4381.80997510919
M47734,short,Other,1913-12-01,4710.0,4571.517313899437,4615.1157,4593.316518277843,4578.057111834053
M47734,short,Other,1914-01-01,4790.0,4602.136684350623,4441.2583,4521.697492565936,4578.004963436311
M47738,short,Other,1912-08-01,7250.0,7676.960540552166,7489.8423,7583.401412854208,7648.8928998990295
M47738,short,Other,1912-09-01,6820.0,7541.029937693527,7636.7017,7588.865798924889,7555.380696062936
M47738,short,Other,1912-10-01,7550.0,7087.945967233475,7563.272,7325.608969944862,7159.244916875017
M47738,short,Other,1912-11-01,6920.0,7541.80985878474,7685.655,7613.732321970495,7563.386646568592
M47738,short,Other,1912-12-01,6990.0,7089.917390665695,7612.225,7351.071244160972,7168.263644370529
M47738,short,Other,1913-01-01,7390.0,7005.82821823294,7563.272,7284.550095444595,7089.444830224563
M47738,short,Other,1913-02-01,7050.0,7340.855546283695,7661.178,7501.016884469973,7388.903972153641
M47738,short,Other,1913-03-01,7280.0,7193.648803918612,7612.225,7402.936950787431,7256.435345635508
M47738,short,Other,1913-04-01,6590.0,7428.561762500321,7367.459,7398.010373437661,7419.396394609648
M47738,short,Other,1913-05-01,6490.0,6944.134725978837,7489.8423,7216.988505567544,7025.9909575117
M47738,short,Other,1913-06-01,6560.0,6832.814755530034,7294.0293,7063.422026202517,6901.9970343880295
M47738,short,Other,1913-07-01,6840.0,6819.54831974969,7587.7485,7203.64842745297,6934.778425302862
M47738,short,Other,1913-08-01,7080.0,6975.881293267471,7465.3657,7220.62350796186,7049.304030917976
M47738,short,Other,1913-09-01,7220.0,6975.8357021316815,7440.889,7208.362431143965,7045.593769663493
M47738,short,Other,1913-10-01,7660.0,7309.1032614724845,7465.3657,7387.234492064367,7332.542703892237
M47738,short,Other,1913-11-01,7400.0,7467.911847798933,7416.4126,7442.162222727591,7460.186984691594
M47738,short,Other,1913-12-01,7400.0,7326.308861754237,7440.8887,7383.598766814619,7343.495833272352
M47738,short,Other,1914-01-01,7130.0,7285.937592291331,7391.9355,7338.936569583166,7301.83735872107
M47739,short,Other,1913-10-01,2614.6761,2671.247192153114,2586.5496,2628.8983763499946,2658.5425657227256
M47739,short,Other,1913-11-01,2398.9136,2666.047300218145,2299.1553,2482.6012868278226,2611.013496201049
M47739,short,Other,1913-12-01,2562.2085,2545.0503571434365,2502.022,2523.5361648998432,2538.5961177809054
M47739,short,Other,1914-01-01,2576.2942,2672.0096719973135,2527.3804,2599.6950215455317,2650.3152768617792
M47739,short,Other,1914-02-01,2313.8249,2661.794687633333,2341.419,2501.6068164729168,2613.7383445957553
M47739,short,Other,1914-03-01,2748.3753,2465.818395930391,2637.2664,2551.5423766761332,2491.5356023611453
M47739,short,Other,1914-04-01,2681.2846,2697.0738479646525,2620.3608,2658.7173439042012,2685.5669089535486
M47739,short,Other,1914-05-01,2875.8446,2702.2737398996214,2789.4165,2745.8451219029357,2715.345185018194
M47739,short,Other,1914-06-01,3021.5112,2822.7528376168916,2890.8496,2856.801223495946,2832.967383898186
M47739,short,Other,1914-07-01,3174.6715,3103.2719933580925,3051.4526,3077.362315038421,3095.4991203797695
M47739,short,Other,1914-08-01,3109.4307,3103.2719933580925,2983.83,3043.551035741546,3085.35571828016
M47739,short,Other,1914-09-01,2703.1544,3092.7632870529155,2662.6245,2877.693899385833,3028.2425012703693
M47739,short,Other,1914-10-01,2651.5738,2768.3024038259828,2611.9082,2690.1053034754914,2744.8432981348983
M47739,short,Other,1914-11-01,2470.2345,2696.485246095409,2358.3247,2527.4049765633295,2645.7611774428165
M47739,short,Other,1914-12-01,2657.8916,2658.0715533989337,2544.2856,2601.1785989650916,2641.003673172297
M47739,short,Other,1915-01-01,2644.0937,2672.0096719973135,2569.644,2620.8268574830317,2656.654845953576
M47739,short,Other,1915-02-01,2329.6508,2666.994579568302,2409.0413,2538.0179196669633,2628.301593804932
M47739,short,Other,1915-03-01,2746.378,2524.75814935202,2704.8884,2614.8232885431976,2551.7777033164048
M47741,short,Other,1913-10-01,8110.0,8440.282082708649,8087.17,8263.726002291824,8387.31533182579
M47741,short,Other,1913-11-01,7760.0,8229.893053010737,7972.4585,8101.175774552244,8191.27786947319
M47741,short,Other,1913-12-01,8290.0,7970.125325269002,8087.17,8028.647623572001,7987.68208800209
M47741,short,Other,1914-01-01,7960.0,8102.080020081406,7857.747,7979.913545196952,8065.430126444196
M47741,short,Other,1914-02-01,7500.0,7852.467095505842,7542.29,7697.378567284171,7805.9405370393415
M47741,short,Other,1914-03-01,7920.0,7733.370475200599,8259.238,7996.304378225299,7812.250646108009
M47741,short,Other,1914-04-01,8010.0,7966.808132087562,8058.492,8012.65015979378,7980.560838055678
M47741,short,Other,1914-05-01,8230.0,7993.32743619805,8259.238,8126.282858724026,8033.2140629558435
M47741,short,Other,1914-06-01,8440.0,8371.4940950462,8660.729,8516.1113053356,8414.879355789271
M47741,short,Other,1914-07-01,8440.0,8388.75190015126,8775.44,8582.09616491938,8446.755277237946
M47741,short,Other,1914-08-01,8550.0,8482.952775466692,8660.729,8571.840645545846,8509.619234146689
M47741,short,Other,1914-09-01,8160.0,8556.30823117325,8431.306,8493.806947617875,8537.557919348827
M47741,short,Other,1914-10-01,7980.0,8423.02427760359,8201.882,8312.453056770544,8389.852984595866
M47741,short,Other,1914-11-01,7620.0,7965.049715197986,7972.4585,7968.754105645869,7966.161032332351
M47741,short,Other,1914-12-01,8080.0,7970.125325269002,8144.526,8057.325602087626,7996.285481556777
M47741,short,Other,1915-01-01,7880.0,7953.804457191133,7886.425,7920.114630939317,7943.697533729652
M47741,short,Other,1915-02-01,7530.0,7763.666564220747,7599.646,7681.656280157249,7739.063479001698
M47741,short,Other,1915-03-01,7950.0,7648.907443266572,8144.526,7896.7166610864115,7723.250281854712
M47745,medium,Other,1918-01-01,10432.0,10380.634738465376,10350.096,10365.365220795189,10376.053931992446
M47745,medium,Other,1918-02-01,10325.0,10413.382211443499,10350.096,10381.73895728425,10403.88928402385
M47745,medium,Other,1918-03-01,10350.0,10247.963899216482,10370.631,10309.297379295742,10266.364040896511
M47745,medium,Other,1918-04-01,10283.0,10413.382211443499,10329.56,10371.470890878,10400.808839687912
M47745,medium,Other,1918-05-01,10323.0,10232.638564431008,10350.096,10291.367133778003,10250.257184063234
M47745,medium,Other,1918-06-01,10382.0,10232.638564431008,10350.096,10291.367133778003,10250.257184063234
M47745,medium,Other,1918-07-01,10396.0,10408.467082985542,10350.096,10379.281393055271,10399.711424834586
M47745,medium,Other,1918-08-01,10414.0,10408.467082985542,10350.096,10379.281393055271,10399.711424834586
M47745,medium,Other,1918-09-01,10383.0,10408.467082985542,10350.096,10379.281393055271,10399.711424834586
M47745,medium,Other,1918-10-01,10380.0,10408.467082985542,10329.56,10369.013326649021,10396.630980498649
M47745,medium,Other,1918-11-01,10435.0,10408.467082985542,10329.56,10369.013326649021,10396.630980498649
M47745,medium,Other,1918-12-01,10458.0,10389.070006308464,10267.952,10328.511077372983,10370.902376455946
M47745,medium,Other,1919-01-01,10481.0,10375.71961000742,10226.88,10301.29974640996,10353.393650928183
M47745,medium,Other,1919-02-01,10375.0,10591.455994093447,10165.272,10378.364227515474,10527.528488534119
M47745,medium,Other,1919-03-01,10370.0,10413.382211443499,10103.664,10258.52313697175,10366.924562344162
M47745,medium,Other,1919-04-01,10258.0,10413.382211443499,10083.129,10248.25555884675,10363.844240078537
M47745,medium,Other,1919-05-01,10221.0,10237.553692888965,10083.129,10160.341299569482,10214.389999307185
M47745,medium,Other,1919-06-01,9974.0,10237.553692888965,10165.272,10201.413076913232,10226.71153251031
M47750,medium,Other,1918-01-01,10962.0,10736.301024822145,10881.13,10808.715453817324,10758.025426762886
M47750,medium,Other,1918-02-01,10842.0,11061.739522927293,10858.174,10959.956675526148,11031.204790777263
M47750,medium,Other,1918-03-01,10813.0,10937.709824643816,10858.174,10897.941826384409,10925.779547236307
M47750,medium,Other,1918-04-01,10813.0,10937.709824643816,10835.218,10886.463799040659,10922.336065790994
M47750,medium,Other,1918-05-01,10813.0,10932.79469618586,10858.174,10895.48426215543,10921.601688047043
M47750,medium,Other,1918-06-01,10813.0,10932.79469618586,10904.086,10918.44031684293,10928.488406797043
M47750,medium,Other,1918-07-01,10930.0,10912.95946835303,10904.086,10908.522702926515,10911.628463139139
M47750,medium,Other,1918-08-01,10930.0,11035.258463744216,10835.219,10935.238606872108,11005.252531096647
M47750,medium,Other,1918-09-01,10930.0,11035.258463744216,10927.042,10981.150227965858,11019.02609066696
M47750,medium,Other,1918-10-01,11047.0,11030.34333528626,10881.13,10955.73660904938,11007.961390657383
M47750,medium,Other,1918-11-01,11001.0,11035.258463744216,10858.174,10946.716145934608,11008.695890471647
M47750,medium,Other,1918-12-01,10884.0,11015.861387067138,10881.13,10948.49563493982,10995.65173467113
M47750,medium,Other,1919-01-01,10766.0,10728.16729613003,10927.042,10827.604644158764,10757.998598194901
M47750,medium,Other,1919-02-01,10595.0,10937.709824643816,10927.042,10932.375908415659,10936.10974743162
M47750,medium,Other,1919-03-01,10358.0,10854.017815144936,10904.086,10879.051876322468,10861.52805791226
M47750,medium,Other,1919-04-01,10358.0,10707.252324418687,10995.91,10851.581240334344,10750.551072435572
M47750,medium,Other,1919-05-01,10358.0,10715.386053110802,11064.777,10890.0816984304,10767.794819948871
M47750,medium,Other,1919-06-01,10124.0,10416.600811677657,11133.6455,10775.123159745079,10524.15756492601
M47754,short,Other,1913-02-01,10129.0,10043.656785759227,10110.095,10076.875756160864,10053.622550121907
M47754,short,Other,1913-03-01,10129.0,10133.158273139508,10110.095,10121.626499851005,10129.698814395146
M47754,short,Other,1913-04-01,10131.0,10133.158273139508,10088.766,10110.961949069755,10126.499473574833
M47754,short,Other,1913-05-01,10128.0,10133.158273139508,10110.095,10121.626499851005,10129.698814395146
M47754,short,Other,1913-06-01,10128.0,10133.158273139508,10110.095,10121.626499851005,10129.698814395146
M47754,short,Other,1913-07-01,10128.0,10133.158273139508,10088.766,10110.961949069755,10126.499473574833
M47754,short,Other,1913-08-01,10128.0,10133.158273139508,10110.095,10121.626499851005,10129.698814395146
M47754,short,Other,1913-09-01,10128.0,10133.158273139508,10131.424,10132.291050632255,10132.898155215458
M47754,short,Other,1913-10-01,10133.0,10133.158273139508,10131.424,10132.291050632255,10132.898155215458
M47754,short,Other,1913-11-01,10122.0,10133.158273139508,10174.082,10153.620152194755,10139.296836856083
M47754,short,Other,1913-12-01,9940.0,10113.76119646243,10259.4,10186.580793543715,10135.607173243066
M47754,short,Other,1914-01-01,9939.0,10049.005269391728,10195.412,10122.208689383364,10070.966368631407
M47754,short,Other,1914-02-01,9959.0,10048.571914217184,10280.729,10164.650214921092,10083.395502084608
M47754,short,Other,1914-03-01,9968.0,10043.656785759227,10280.729,10162.192650692114,10079.217642895344
M47754,short,Other,1914-04-01,9974.0,10043.656785759227,10302.059,10172.857689754614,10082.41710578597
M47754,short,Other,1914-05-01,9999.0,10043.656785759227,10302.059,10172.857689754614,10082.41710578597
M47754,short,Other,1914-06-01,10001.0,10043.656785759227,10323.388,10183.522240535864,10085.616446606282
M47754,short,Other,1914-07-01,10027.0,10043.656785759227,10344.717,10194.186791317114,10088.815909496907
M47761,medium,Other,1919-01-01,2805.1969,2781.61020025803,2860.549,2821.0796362618275,2793.451037162685
M47761,medium,Other,1919-02-01,2802.2621,2781.61020025803,2854.8508,2818.2305151680775,2792.59630083456
M47761,medium,Other,1919-03-01,2797.7543,2781.61020025803,2871.9456,2826.7778784493275,2795.160509818935
M47761,medium,Other,1919-04-01,2833.6885,2781.61020025803,2883.3423,2832.47624270714,2796.8700435103415
M47761,medium,Other,1919-05-01,2859.2153,2781.61020025803,2894.7388,2838.17448489464,2798.5795161665915
M47761,medium,Other,1919-06-01,2834.1015,2809.7039804668198,2906.1355,2857.9197392568476,2824.168732517891
M47761,medium,Other,1919-07-01,2848.8408,2781.61020025803,2906.1355,2843.8728491524525,2800.2890193404196
M47761,medium,Other,1919-08-01,2843.9166,2781.61020025803,2900.437,2841.02360598839,2799.4342524947165
M47761,medium,Other,1919-09-01,2868.907,2781.61020025803,2911.8337,2846.7219702462025,2801.1437556685446
M47761,medium,Other,1919-10-01,2886.9581,2809.7039804668198,2934.627,2872.16546679591,2828.442444676094
M47761,medium,Other,1919-11-01,2918.1916,2900.0890477347343,2934.627,2917.3580004298674,2905.269751853821
M47761,medium,Other,1919-12-01,2994.0935,2902.805174684155,2946.0234,2924.414306092078,2909.287932417079
M47761,medium,Other,1920-01-01,2972.869,2905.004176192691,2963.1184,2934.061292197908,2913.7213232012878
M47761,medium,Other,1920-02-01,2992.771,2900.0890477347343,2991.6099,2945.8494555079924,2913.8171761702274
M47761,medium,Other,1920-03-01,2978.4844,2900.0890477347343,2985.9116,2943.0003344142424,2912.9624398421024
M47761,medium,Other,1920-04-01,3017.8483,2900.0890477347343,2997.3083,2948.698698672055,2914.6719735335087
M47761,medium,Other,1920-05-01,3033.8484,3072.647055366025,3014.4033,3043.525187839263,3063.910519522059
M47761,medium,Other,1920-06-01,3018.7513,3072.647055366025,3020.1016,3046.374308933013,3064.765255850184
M47763,medium,Other,1918-01-01,10219.0,10189.177815778492,10216.531,10202.854532889247,10193.280879739845
M47763,medium,Other,1918-02-01,10216.0,10221.925288756613,10241.945,10231.935300628305,10224.928365560309
M47763,medium,Other,1918-03-01,10209.0,10221.925288756613,10216.531,10219.228269378305,10221.116231771246
M47763,medium,Other,1918-04-01,10204.0,10221.925288756613,10216.531,10219.228269378305,10221.116231771246
M47763,medium,Other,1918-05-01,10056.0,10178.577973902518,10216.531,10197.554611951258,10184.271014145266
M47763,medium,Other,1918-06-01,10043.0,10093.991614980194,10216.531,10155.261432490097,10112.37260906129
M47763,medium,Other,1918-07-01,10059.0,10048.571914217184,10216.531,10132.551582108592,10073.765863412733
M47763,medium,Other,1918-08-01,10054.0,10043.656785759227,10267.36,10155.508568660864,10077.212393871907
M47763,medium,Other,1918-09-01,10060.0,10043.656785759227,10292.774,10168.215599910864,10081.02452766097
M47763,medium,Other,1918-10-01,10194.0,10043.656785759227,10267.359,10155.508080379614,10077.212271801594
M47763,medium,Other,1918-11-01,10198.0,10138.073401597465,10241.945,10190.009357048733,10153.654261475034
M47763,medium,Other,1918-12-01,10189.0,10164.096025683397,10241.945,10203.020669091698,10175.773491948075
M47763,medium,Other,1919-01-01,10143.0,10189.177815778492,10216.531,10202.854532889247,10193.280879739845
M47763,medium,Other,1919-02-01,10144.0,10178.577973902518,10165.703,10172.140549451258,10176.646746567141
M47763,medium,Other,1919-03-01,10150.0,10178.577973902518,10165.703,10172.140549451258,10176.646746567141
M47763,medium,Other,1919-04-01,10118.0,10178.577973902518,10140.289,10159.433518201258,10172.834734848391
M47763,medium,Other,1919-05-01,9899.0,10089.076486522237,10089.46,10089.268223729869,10089.134080926715
M47763,medium,Other,1919-06-01,9869.0,10009.651407937468,10089.46,10049.555684437484,10021.622764129661
M47764,short,Other,1913-02-01,4790.0,4668.8142330891515,4714.913,4691.863659513326,4675.729097637498
M47764,short,Other,1913-03-01,4200.0,4717.815077485329,4133.0728,4425.44391569579,4630.10375336253
M47764,short,Other,1913-04-01,4630.0,4375.410321589587,4714.913,4545.161703763543,4426.335772862867
M47764,short,Other,1913-05-01,5610.0,4723.376857372355,5316.8174,5020.097120092427,4812.39297280947
M47764,short,Other,1913-06-01,5870.0,5345.605875596612,5356.944,5351.274861626431,5347.306620233683
M47764,short,Other,1913-07-01,6020.0,5778.239702987461,5838.4673,5808.3534940718555,5787.273889140904
M47764,short,Other,1913-08-01,6760.0,5914.970465698983,6219.673,6067.321658630742,5960.675884613667
M47764,short,Other,1913-09-01,7980.0,6428.165529905665,7463.6074,6945.886475890333,6583.481838115128
M47764,short,Other,1913-10-01,7040.0,7096.345331711156,5998.9746,6547.659970543078,6931.73978439589
M47764,short,Other,1913-11-01,6030.0,6892.116868058901,5617.7686,6254.9427113732,6700.964682088347
M47764,short,Other,1913-12-01,4860.0,6097.121538424735,4674.786,5385.953835618618,5883.771264203994
M47764,short,Other,1914-01-01,4450.0,5061.9215347301415,4554.4053,4808.163404083821,4985.79413215734
M47764,short,Other,1914-02-01,5710.0,4847.1565169460855,5356.944,5102.050182301167,4923.624665380736
M47764,short,Other,1914-03-01,4720.0,5610.5537931338295,4434.025,5022.28934773879,5434.07448392938
M47764,short,Other,1914-04-01,5280.0,4817.567821879734,4915.548,4866.5578367211165,4832.264862953243
M47764,short,Other,1914-05-01,5750.0,5299.170667994218,5336.881,5318.025763684609,5304.8272333224295
M47764,short,Other,1914-06-01,6260.0,5670.043948155313,5336.881,5503.4624037651565,5620.069521459361
M47764,short,Other,1914-07-01,6380.0,6113.009843119889,5778.277,5945.64334929432,6062.799943800344
M47775,medium,Other,1917-12-01,10700.0,11485.777512304632,10680.863,11083.320396777315,11365.0404020605
M47775,medium,Other,1918-01-01,10700.0,10240.277791815444,10680.863,10460.570536532723,10306.365639644691
M47775,medium,Other,1918-02-01,10700.0,10657.545237668857,10680.863,10669.204259459428,10661.042968620091
M47775,medium,Other,1918-03-01,10700.0,10571.701497303564,10680.863,10626.282389276781,10588.075789309592
M47775,medium,Other,1918-04-01,10700.0,10600.00276458341,10680.863,10640.433022916706,10612.131866497462
M47775,medium,Other,1918-05-01,7800.0,10437.67425515122,7691.9795,9064.82687366936,10025.82011394885
M47775,medium,Other,1918-06-01,7800.0,7895.624164156126,7691.9795,7793.801828171813,7865.07753660302
M47775,medium,Other,1918-07-01,8100.0,7810.683969614045,7691.9795,7751.3317309007725,7792.878371242252
M47775,medium,Other,1918-08-01,8100.0,7838.125161871473,7691.9795,7765.052327029487,7816.203384661066
M47775,medium,Other,1918-09-01,8100.0,7755.2767082389255,7691.9795,7723.628100213213,7745.7821990734
M47775,medium,Other,1918-10-01,11200.0,8246.048957250625,10658.887,9452.467838000313,8607.974743545845
M47775,medium,Other,1918-11-01,11200.0,10877.897952210482,10680.863,10779.380616730241,10848.342775980473
M47775,medium,Other,1918-12-01,11200.0,12099.671632704265,10680.863,11390.267456977133,11886.85040440019
M47775,medium,Other,1919-01-01,11200.0,10834.745240680497,10680.863,10757.804260965248,10811.662971179985
M47775,medium,Other,1919-02-01,11200.0,11165.132127913897,10680.863,10922.997704581949,11092.491825328376
M47775,medium,Other,1919-03-01,11300.0,11184.758362928551,10680.863,10932.810822089275,11109.174125090833
M47775,medium,Other,1919-04-01,11300.0,11195.119945622724,9845.734,10520.427160311363,10992.712183271504
M47775,medium,Other,1919-05-01,8200.0,11062.64659477377,8131.5215,9597.084039574385,10622.977877042082
M47780,short,Other,1912-01-01,13486.0,13017.098961057014,13447.761,13232.429851622257,13081.698301468776
M47780,short,Other,1912-02-01,13486.0,13250.632766228093,13359.867,13305.249976864046,13267.017953832943
M47780,short,Other,1912-03-01,13514.0,13030.261568273529,13513.682,13271.971604449263,13102.774701196562
M47780,short,Other,1912-04-01,13514.0,13030.261568273529,13403.813,13217.037522418013,13086.294476587187
M47780,short,Other,1912-05-01,13514.0,13115.127409992723,13403.813,13259.470443277613,13158.430442048504
M47780,short,Other,1912-06-01,13652.0,13262.038032130728,13491.707,13376.872531690364,13296.488430826745
M47780,short,Other,1912-07-01,13652.0,13613.864281525708,13447.761,13530.812511856604,13588.948823867166
M47780,short,Other,1912-08-01,13652.0,13880.981396777288,13535.654,13708.317846826143,13829.182453862259
M47780,short,Other,1912-09-01,14205.0,13876.066268319331,13557.628,13716.847099003415,13828.300615180808
M47780,short,Other,1912-10-01,14205.0,14368.405828622648,13447.761,13908.083285405075,14230.309138899565
M47780,short,Other,1912-11-01,14205.0,14368.405828622648,13381.84,13875.122836186325,14220.420955305815
M47780,short,Other,1912-12-01,14380.0,14632.589815905705,13381.84,14007.214829827852,14444.977344496414
M47780,short,Other,1913-01-01,14380.0,13810.14016362338,13271.973,13541.05640993669,13729.415159587687
M47780,short,Other,1913-02-01,14380.0,13977.246457924672,13381.84,13679.543150837337,13887.935490212534
M47780,short,Other,1913-03-01,15471.0,14089.508733283104,13381.84,13735.674288516551,13983.358424267202
M47780,short,Other,1913-04-01,15471.0,14703.73922888326,13359.867,14031.80320819163,14502.158447089834
M47780,short,Other,1913-05-01,15471.0,15917.645848029433,13250.0,14583.822924014716,15517.499092895332
M47780,short,Other,1913-06-01,15161.0,16449.78534363694,13293.947,14871.86630463097,15976.409705177339
M47781,long_history,Other,1928-02-01,3092.55,3531.8931604802838,3076.2668,3304.0800030917044,3463.5492193672258
M47781,long_history,Other,1928-03-01,3067.44,3531.8931604802838,3088.8745,3310.383836099517,3465.440393683632
M47781,long_history,Other,1928-04-01,3110.88,3531.8931604802838,3101.4822,3316.6876691073294,3467.33153748246
M47781,long_history,Other,1928-05-01,3171.42,3499.140729826292,3101.4822,3300.3114537803335,3439.4919714265675
M47781,long_history,Other,1928-06-01,3162.06,3550.7965891089925,3095.1782,3322.9874058826213,3482.4538646586598
M47781,long_history,Other,1928-07-01,3163.9,3550.7965891089925,3095.1782,3322.9874058826213,3482.4538646586598
M47781,long_history,Other,1928-08-01,3200.28,3550.7965891089925,3088.8745,3319.8355504138713,3481.5083080180348
M47781,long_history,Other,1928-09-01,3191.14,3535.283695924527,3069.963,3302.6232932747635,3465.4855873366296
M47781,long_history,Other,1928-10-01,3244.55,3561.032343536146,3069.963,3315.497617080573,3487.3719378065057
M47781,long_history,Other,1928-11-01,3232.96,3669.28798080447,3088.8745,3379.08124626161,3582.2259909591903
M47781,long_history,Other,1928-12-01,3237.23,3561.032343536146,3082.5708,3321.801572158698,3489.26314264049
M47781,long_history,Other,1929-01-01,3245.96,3578.903426638678,3107.7861,3343.344779725589,3508.2358508752986
M47781,long_history,Other,1929-02-01,3294.09,3687.159063907002,3076.2668,3381.7129548050634,3595.5252372799364
M47781,long_history,Other,1929-03-01,3262.59,3687.159063907002,3044.7476,3365.953311250376,3590.797362524077
M47781,long_history,Other,1929-04-01,3280.76,3687.159063907002,3057.3555,3372.257266328501,3592.6885368404833
M47781,long_history,Other,1929-05-01,3310.26,3702.6719570914665,3063.6592,3383.1655683894833,3606.820052687903
M47781,long_history,Other,1929-06-01,3304.3,3702.6719570914665,3057.3555,3380.0137129207333,3605.874496047278
M47781,long_history,Other,1929-07-01,3281.77,3702.6719570914665,3057.3555,3380.0137129207333,3605.874496047278
M47782,long_history,Other,1928-02-01,2537.51,2852.12585585301,2526.8967,2689.5112921843174,2803.341492855918
M47782,long_history,Other,1928-03-01,2526.66,2852.12585585301,2526.8967,2689.5112921843174,2803.341492855918
M47782,long_history,Other,1928-04-01,2547.06,2852.12585585301,2532.1392,2692.13250800463,2804.127869809043
M47782,long_history,Other,1928-05-01,2559.26,2852.12585585301,2547.8667,2699.99627753588,2806.487000668418
M47782,long_history,Other,1928-06-01,2563.11,2852.12585585301,2537.3818,2694.753845895255,2804.9142772797463
M47782,long_history,Other,1928-07-01,2563.66,2876.1411978788256,2532.1392,2704.140179017538,2824.5409105309864
M47782,long_history,Other,1928-08-01,2574.66,2876.1411978788256,2532.1392,2704.140179017538,2824.5409105309864
M47782,long_history,Other,1928-09-01,2563.76,2876.1411978788256,2547.8667,2712.003948548788,2826.9000413903614
M47782,long_history,Other,1928-10-01,2581.53,2876.1411978788256,2532.1392,2704.140179017538,2824.5409105309864
M47782,long_history,Other,1928-11-01,2576.17,2876.1411978788256,2516.4116,2696.276409486288,2822.1817796716114
M47782,long_history,Other,1928-12-01,2571.35,2876.1411978788256,2526.8967,2701.5189631972253,2823.7545335778614
M47782,long_history,Other,1929-01-01,2572.62,2876.1411978788256,2537.3818,2706.761516908163,2825.3273180016895
M47782,long_history,Other,1929-02-01,2594.92,2876.1411978788256,2532.1392,2704.140179017538,2824.5409105309864
M47782,long_history,Other,1929-03-01,2592.06,2935.080951300455,2547.8667,2741.4738252596026,2876.9988317987463
M47782,long_history,Other,1929-04-01,2594.29,2935.080951300455,2553.1094,2744.0951631502276,2877.7852392694494
M47782,long_history,Other,1929-05-01,2589.15,2988.919967663737,2542.6243,2765.772117620931,2921.9756187544112
M47782,long_history,Other,1929-06-01,2598.02,2935.080951300455,2547.8667,2741.4738252596026,2876.9988317987463
M47782,long_history,Other,1929-07-01,2622.52,2935.080951300455,2537.3818,2736.2313936189776,2875.4261084100744
M47783,long_history,Other,1926-01-01,2815.348,2861.8052584511497,2842.5132,2852.15922102245,2858.911453326056
M47783,long_history,Other,1926-02-01,2902.672,2916.3708811095635,2830.261,2873.3159337188445,2903.454402995864
M47783,long_history,Other,1926-03-01,2869.856,2900.0890477347343,2818.0088,2859.0489183986174,2887.777015037415
M47783,long_history,Other,1926-04-01,2816.584,2809.7039804668198,2830.261,2819.9824833974726,2812.7875374495316
M47783,long_history,Other,1926-05-01,2831.178,2781.61020025803,2842.5132,2812.06169192589,2790.745653861904
M47783,long_history,Other,1926-06-01,2828.834,2781.61020025803,2842.5132,2812.06169192589,2790.745653861904
M47783,long_history,Other,1926-07-01,2823.08,2781.61020025803,2842.5132,2812.06169192589,2790.745653861904
M47783,long_history,Other,1926-08-01,2852.487,2781.61020025803,2830.261,2805.9355932930775,2788.90782427206
M47783,long_history,Other,1926-09-01,2820.524,2809.7039804668198,2830.261,2819.9824833974726,2812.7875374495316
M47783,long_history,Other,1926-10-01,2819.011,2781.61020025803,2805.7566,2793.6833960274525,2785.2321650923727
M47783,long_history,Other,1926-11-01,2849.502,2781.61020025803,2818.0088,2799.809494660265,2787.0699946822165
M47783,long_history,Other,1926-12-01,2959.443,2812.4201074162406,2719.9912,2766.2056591768705,2798.555779047945
M47783,long_history,Other,1927-01-01,2959.443,2877.2687956534814,2781.252,2829.2603743892405,2862.8662814812405
M47783,long_history,Other,1927-02-01,2951.466,2877.2687956534814,2793.5044,2835.3865950923655,2864.7041415886624
M47783,long_history,Other,1927-03-01,2951.466,2872.353667195525,2793.5044,2832.929030863387,2860.5262823993994
M47783,long_history,Other,1927-04-01,2951.466,2872.353667195525,2793.5044,2832.929030863387,2860.5262823993994
M47783,long_history,Other,1927-05-01,2959.14,2926.192683558807,2781.252,2853.7223183419037,2904.4515862007675
M47783,long_history,Other,1927-06-01,2959.14,2872.353667195525,2793.5044,2832.929030863387,2860.5262823993994
M47786,short,Other,1914-01-01,8432.0,9740.491507054556,8971.992,9356.241847277277,9625.216609121373
M47786,short,Other,1914-02-01,7829.0,9001.177493371939,8717.801,8859.48913731097,8958.671035381773
M47786,short,Other,1914-03-01,7499.0,8146.019062146409,8576.584,8361.301523260705,8210.603873722885
M47786,short,Other,1914-04-01,7284.0,7769.72012376279,8444.781,8107.250686881394,7870.9793903546215
M47786,short,Other,1914-05-01,7080.0,7665.515193768572,8407.123,8036.319120321787,7776.756396148599
M47786,short,Other,1914-06-01,6986.0,7559.620986639605,8096.446,7828.033393710428,7640.144757588977
M47786,short,Other,1914-07-01,6923.0,7484.793456832784,7879.912,7682.352783103892,7544.061254714117
M47786,short,Other,1914-08-01,6746.0,7481.173519148122,7710.452,7595.812833792811,7515.565362369654
M47786,short,Other,1914-09-01,6524.0,7207.4930710861145,7691.623,7449.558058980558,7280.112640696635
M47786,short,Other,1914-10-01,6253.0,7246.710955298384,7691.623,7469.167001086692,7313.447842277064
M47786,short,Other,1914-11-01,5921.0,7329.499116061357,7578.6494,7454.074265061929,7366.8717340037165
M47786,short,Other,1914-12-01,5764.0,6607.46498963874,7465.676,7036.57038544437,6736.196681622617
M47786,short,Other,1915-01-01,5704.0,6151.979918578409,7428.0176,6789.998748351704,6343.385567510398
M47786,short,Other,1915-02-01,5346.0,6139.36656934745,7380.9453,6760.155940923725,6325.603429648459
M47786,short,Other,1915-03-01,5196.0,5512.921908065152,7183.242,6348.082047782576,5763.469949980379
M47786,short,Other,1915-04-01,5078.0,5384.367701787226,7107.9263,6246.1469856592375,5642.901511362893
M47786,short,Other,1915-05-01,4601.0,5384.367701787226,7060.854,6222.6108528467375,5635.840720347268
M47786,short,Other,1915-06-01,4147.0,5044.654784369679,7098.5117,6071.5832515598395,5352.733422182978
M47790,long_history,Other,1926-03-01,9988.926,9969.773307129495,9975.383,9972.578059814747,9970.61480617726
M47790,long_history,Other,1926-04-01,10001.37,9969.773307129495,9975.383,9972.578059814747,9970.61480617726
M47790,long_history,Other,1926-05-01,10023.79,9969.773307129495,9902.034,9935.903743408497,9959.612486841323
M47790,long_history,Other,1926-06-01,10049.26,9969.773307129495,9902.034,9935.903743408497,9959.612486841323
M47790,long_history,Other,1926-07-01,10071.48,9969.773307129495,9902.034,9935.903743408497,9959.612486841323
M47790,long_history,Other,1926-08-01,10087.09,9969.773307129495,9938.709,9954.241145752247,9965.113707544448
M47790,long_history,Other,1926-09-01,10094.55,9969.773307129495,9938.709,9954.241145752247,9965.113707544448
M47790,long_history,Other,1926-10-01,10095.36,9969.773307129495,9938.709,9954.241145752247,9965.113707544448
M47790,long_history,Other,1926-11-01,10088.4,9969.773307129495,9975.383,9972.578059814747,9970.61480617726
M47790,long_history,Other,1926-12-01,10071.62,9950.376230452417,9975.383,9962.879521476209,9954.127291001743
M47790,long_history,Other,1927-01-01,10045.22,9926.60835473636,10048.73,9987.66941174318,9944.926671838406
M47790,long_history,Other,1927-02-01,10011.5,9968.621127794147,10085.404,10027.012712334574,9986.138627570339
M47790,long_history,Other,1927-03-01,9971.061,9968.621127794147,10122.079,10045.350114678324,9991.639848273464
M47790,long_history,Other,1927-04-01,9928.997,9968.621127794147,10122.079,10045.350114678324,9991.639848273464
M47790,long_history,Other,1927-05-01,9892.242,9929.700621514432,10158.754,10044.227263882216,9964.058638638831
M47790,long_history,Other,1927-06-01,9863.332,9915.609287495354,10195.428,10055.518510935177,9957.582103355426
M47790,long_history,Other,1927-07-01,9842.926,9915.609287495354,10158.754,10037.181596872677,9952.081004722613
M47790,long_history,Other,1927-08-01,9835.512,9790.736329355532,10195.428,9993.082031865266,9851.440088936577
M47791,medium,Other,1923-03-01,9983.438,10043.656785759227,9974.664,10009.160424129614,10033.307974926594
M47791,medium,Other,1923-04-01,10024.59,10043.656785759227,9974.664,10009.160424129614,10033.307974926594
M47791,medium,Other,1923-05-01,10053.4,10043.656785759227,9974.664,10009.160424129614,10033.307974926594
M47791,medium,Other,1923-06-01,10062.34,10043.656785759227,9974.664,10009.160424129614,10033.307974926594
M47791,medium,Other,1923-07-01,10062.76,10043.656785759227,9974.664,10009.160424129614,10033.307974926594
M47791,medium,Other,1923-08-01,10060.03,10043.656785759227,9974.664,10009.160424129614,10033.307974926594
M47791,medium,Other,1923-09-01,10068.68,10043.656785759227,9901.32,9972.488549129614,10022.306388012532
M47791,medium,Other,1923-10-01,10083.0,10043.656785759227,9901.32,9972.488549129614,10022.306388012532
M47791,medium,Other,1923-11-01,10049.07,10043.656785759227,9901.32,9972.488549129614,10022.306388012532
M47791,medium,Other,1923-12-01,9999.815,10024.25970908215,9974.664,9999.461885791075,10016.820459751078
M47791,medium,Other,1924-01-01,9936.867,9949.893145439491,9937.992,9943.942666469746,9948.10802616263
M47791,medium,Other,1924-02-01,9879.813,10048.571914217184,9974.664,10011.617988358592,10037.485834115858
M47791,medium,Other,1924-03-01,9860.139,10009.651407937468,9974.664,9992.157735218734,10004.403403778098
M47791,medium,Other,1924-04-01,9901.559,9865.771987320613,9974.664,9920.218024910308,9882.105896253772
M47791,medium,Other,1924-05-01,9932.929,9990.644945460434,10048.007,10019.325890698967,9999.249253446056
M47791,medium,Other,1924-06-01,9935.521,10029.565451740149,10048.007,10038.786143838825,10032.331683783816
M47791,medium,Other,1924-07-01,9920.615,10095.67746901124,9974.664,10035.17076575562,10077.525555690805
M47791,medium,Other,1924-08-01,9894.483,10056.756962731524,10011.336,10034.046450115762,10049.94385777492
M47792,long_history,Other,1925-11-01,12673.54,12275.068860510864,12631.037,12453.052984942933,12328.464171082673
M47792,long_history,Other,1925-12-01,12717.29,12722.371654636454,12657.741,12690.056432786976,12712.6771613238
M47792,long_history,Other,1926-01-01,12760.93,11924.190013276375,12631.037,12277.613561325688,12030.217150933357
M47792,long_history,Other,1926-02-01,12809.92,12374.252464452928,12604.334,12489.293224413963,12408.764741269364
M47792,long_history,Other,1926-03-01,12872.81,12485.307672774514,12577.63,12531.468777793507,12499.156053108338
M47792,long_history,Other,1926-04-01,12952.66,12490.22280123247,12577.63,12533.926342022485,12503.333912297601
M47792,long_history,Other,1926-05-01,13045.64,12949.053315577541,12577.63,12763.34159919502,12893.33984949091
M47792,long_history,Other,1926-06-01,13142.93,12949.053315577541,12577.63,12763.34159919502,12893.33984949091
M47792,long_history,Other,1926-07-01,13236.26,12896.60516973128,12604.334,12750.46957705314,12852.764540755963
M47792,long_history,Other,1926-08-01,13321.17,13081.21786649008,12631.037,12856.12748793254,13013.690826165006
M47792,long_history,Other,1926-09-01,13395.47,13081.21786649008,12631.037,12856.12748793254,13013.690826165006
M47792,long_history,Other,1926-10-01,13461.01,13081.21786649008,12737.854,12909.53569105754,13029.713287102506
M47792,long_history,Other,1926-11-01,13516.18,13112.713443622577,12844.67,12978.691682748788,13072.506988602629
M47792,long_history,Other,1926-12-01,13558.05,13329.91685114723,12898.078,13113.997488073615,13265.141115467335
M47792,long_history,Other,1927-01-01,13586.72,12342.67795425796,13004.895,12673.78624275398,12442.010514048956
M47792,long_history,Other,1927-02-01,13605.13,14284.817455575514,13165.12,13724.968786381507,14116.862903645439
M47792,long_history,Other,1927-03-01,13613.96,14429.77294952866,13271.937,13850.854736483081,14256.097534443112
M47792,long_history,Other,1927-04-01,13620.08,14429.77294952866,13352.049,13890.910888826831,14268.114380146237
M47793,cold_start,Other,1904-03-01,6675.4,3279.3019956784433,4862.8647,4071.0833708860964,3516.836444861833
M47793,cold_start,Other,1904-04-01,2725.8,3676.0190537066924,3633.789,3654.904058103346,3669.684555025689
M47793,cold_start,Other,1904-05-01,3442.3,3662.2869924606657,3491.2876,3576.787295058458,3636.6371198610973
M47793,cold_start,Other,1904-06-01,6675.4,4945.0411845521885,4987.5537,4966.297447744844,4951.418063509986
M47793,cold_start,Other,1904-07-01,4439.4,3724.1985809921243,3972.2302,3848.2144028007497,3761.4033275347124
M47793,cold_start,Other,1904-08-01,3442.3,4738.482162904275,3491.2876,4114.884880280262,4551.403014738165
M47793,cold_start,Other,1904-09-01,3544.1,4593.424672792185,4346.297,4469.860773896093,4556.355551951483
M47793,cold_start,Other,1904-10-01,7360.9,4230.679998383327,4239.421,4235.050448410413,4231.991145598485
M47793,cold_start,Other,1904-11-01,3544.1,5149.388978303142,4043.481,4596.434967667195,4983.502787319389
M47793,cold_start,Other,1904-12-01,2509.8,5047.216654676295,4488.7983,4768.007497260022,4963.453919658445
M47793,cold_start,Other,1905-01-01,7360.9,3920.4232097650834,4275.046,4097.734554101292,3973.6166252729777
M47793,cold_start,Other,1905-02-01,3623.1,4875.208925449683,4025.6685,4450.438691240466,4747.77786739395
M47793,cold_start,Other,1905-03-01,2509.8,3693.2685144400093,4453.173,4073.2206830012547,3807.254189422446
M47793,cold_start,Other,1905-04-01,2721.9,4271.955981844447,4203.795,4237.875451859723,4261.731859470124
M47793,cold_start,Other,1905-05-01,5415.4,3277.1692898544843,4025.6685,3651.418873442867,3389.4441771380307
M47793,cold_start,Other,1905-06-01,2721.9,3791.567553675053,4132.5444,3962.0559936344016,3842.7141344909833
M47793,cold_start,Other,1905-07-01,1047.0,3554.424623125128,4275.046,3914.735260781314,3662.5178266290154
M47793,cold_start,Other,1905-08-01,5415.4,3322.7702088152705,3990.043,3656.4065887826355,3422.8611472195425
M47796,cold_start,Other,1904-01-01,1863.9847,1650.5988499007397,1878.3235,1764.4611681144324,1684.7575575718788
M47796,cold_start,Other,1904-02-01,1794.752,1841.6471886864701,1942.8153,1892.2312481518288,1856.8224126295936
M47796,cold_start,Other,1904-03-01,2166.2448,1896.946464897468,1886.385,1891.6657373315466,1895.362258834723
M47796,cold_start,Other,1904-04-01,1794.752,2101.3876102835275,1942.8152,2022.1013979152012,2077.601770987092
M47796,cold_start,Other,1904-05-01,2017.5776,1865.9515693918609,2152.4136,2009.1825718053055,1908.920894529957
M47796,cold_start,Other,1904-06-01,2166.2448,2063.852512781441,1854.1392,1958.9958364688455,2032.3955159911782
M47796,cold_start,Other,1904-07-01,1440.7256,2063.0911401733474,1854.1392,1958.6151501647987,2031.7483492742986
M47796,cold_start,Other,1904-08-01,2017.5776,1684.5463110477838,2128.2295,1906.387901617642,1751.0988004257727
M47796,cold_start,Other,1904-09-01,1349.8377,1958.0226882163886,2047.6145,2002.818595084757,1971.4614663804148
M47796,cold_start,Other,1904-10-01,1765.9926,1626.100322716509,1942.8152,1784.4577541316921,1673.6075765551266
M47796,cold_start,Other,1904-11-01,1349.8377,1757.0321794934334,2152.4136,1954.7228768560917,1816.3394131162936
M47796,cold_start,Other,1904-12-01,1454.458,1539.0799934379934,2104.045,1821.5624576564967,1623.8247449105759
M47796,cold_start,Other,1905-01-01,1765.9926,1634.890379029193,1950.8767,1792.883544006784,1682.2883529365329
M47796,cold_start,Other,1905-02-01,1059.2117,1752.7795669086213,1838.0161,1795.3978400949356,1765.5650549680313
M47796,cold_start,Other,1905-03-01,1454.458,1406.2929991540527,2039.553,1722.9229888348389,1501.2820021618043
M47796,cold_start,Other,1905-04-01,1874.29,1444.4238907766032,1870.2621,1657.3429878687703,1508.299644318316
M47796,cold_start,Other,1905-05-01,1774.1438,1851.827361672033,2055.676,1953.751693531329,1882.4046673333376
M47796,cold_start,Other,1905-06-01,1293.7129,1884.5747908456997,2136.2905,2010.4326590947248,1922.33217573447
M47798,cold_start,Other,1904-04-01,5169.8,7836.953922441661,6864.9795,7350.966707314581,7691.1577823176
M47798,cold_start,Other,1904-05-01,5683.0,6456.356224717952,5825.5635,6140.959850640225,6361.737324701666
M47798,cold_start,Other,1904-06-01,8964.4,6890.956145965566,6574.91,6732.9331511077835,6843.549296336357
M47798,cold_start,Other,1904-07-01,6292.2,6253.099652772934,6647.4277,6450.2636935739665,6312.248901634338
M47798,cold_start,Other,1904-08-01,5683.0,6976.386406636516,6163.9785,6570.182461130758,6854.525247398851
M47798,cold_start,Other,1904-09-01,8927.8,6654.4910102466465,6043.116,6348.803610592073,6562.784826971369
M47798,cold_start,Other,1904-10-01,9213.8,6933.042702595734,6309.013,6621.027943094742,6839.438286952469
M47798,cold_start,Other,1904-11-01,8927.8,8181.974871284166,6115.634,7148.804330173332,7872.023733364979
M47798,cold_start,Other,1904-12-01,6595.1,8363.87014752144,6429.8755,7396.872817901345,8073.771009670569
M47798,cold_start,Other,1905-01-01,9213.8,6358.774389850581,6816.6343,6587.704333597166,6427.4534095956515
M47798,cold_start,Other,1905-02-01,6357.7,7299.4098817879585,6260.668,6780.038925268979,7143.598619246328
M47798,cold_start,Other,1905-03-01,6595.1,7193.438994920522,6478.2207,6835.829849022761,7086.15629997932
M47798,cold_start,Other,1905-04-01,8507.2,6784.556140673226,6550.7373,6667.646722680363,6749.483376310523
M47798,cold_start,Other,1905-05-01,8737.4,7510.404655038999,6744.117,7127.2609212695,7395.461571529244
M47798,cold_start,Other,1905-06-01,8507.2,8574.583110361758,6526.5654,7550.574270024629,8267.380507088747
M47798,cold_start,Other,1905-07-01,7124.1,8340.074964705294,6115.634,7227.854376883897,8006.408812772938
M47798,cold_start,Other,1905-08-01,8737.4,6886.91315073177,6719.945,6803.428987475259,6861.867938375911
M47798,cold_start,Other,1905-09-01,4906.9,8505.867883207851,6768.2896,7637.078716994551,8245.231169964954
M47799,cold_start,Other,1904-04-01,2165.5,3461.904849112181,4338.8145,3900.3596511185906,3593.441326335198
M47799,cold_start,Other,1904-05-01,2409.8,4574.322902205143,2538.6682,3556.495557547884,4268.974698807966
M47799,cold_start,Other,1904-06-01,6307.1,5363.0557409747535,3277.19,4320.122841190501,5050.175901557057
M47799,cold_start,Other,1904-07-01,5498.1,4334.37610743035,6308.2056,5321.290836918301,4630.450587311892
M47799,cold_start,Other,1904-08-01,2409.8,4348.594343937456,3200.2605,3774.4274209921655,4176.344285364416
M47799,cold_start,Other,1904-09-01,3194.5,4845.421023951259,2584.8257,3715.1233537725043,4506.331747311695
M47799,cold_start,Other,1904-10-01,7702.2,4485.426937561238,5815.858,5150.642423858744,4684.991620071584
M47799,cold_start,Other,1904-11-01,3194.5,4552.797534008887,4446.5156,4499.6565795044435,4536.855259864586
M47799,cold_start,Other,1904-12-01,2608.8,4866.525777782001,2600.2114,3733.3686017816253,4526.578649395951
M47799,cold_start,Other,1905-01-01,7702.2,4950.874779976269,3246.418,4098.646374363134,4695.2062704993605
M47799,cold_start,Other,1905-02-01,5372.5,4646.526363912325,6200.505,5423.515623362413,4879.623153954382
M47799,cold_start,Other,1905-03-01,2608.8,3357.0872258142654,3615.679,3486.383090446195,3395.876009617907
M47799,cold_start,Other,1905-04-01,4170.9,4707.321737307271,2615.5974,3661.459574708323,4393.5631068381335
M47799,cold_start,Other,1905-05-01,7686.7,4944.240046443922,4985.0215,4964.630765409462,4950.357274340616
M47799,cold_start,Other,1905-06-01,4170.9,4040.3286755595686,4892.706,4466.517365123535,4168.185319049852
M47799,cold_start,Other,1905-07-01,4235.2,4430.585382296538,2800.228,3615.406704820144,4186.031785157136
M47799,cold_start,Other,1905-08-01,7686.7,4956.203042099625,3077.1736,4016.688313042,4674.348635589369
M47799,cold_start,Other,1905-09-01,4176.8,5164.625376084455,5569.684,5367.154729057853,5225.384206390537
M47800,cold_start,Other,1904-04-01,2328.8,3302.9747294260283,2585.2068,2944.090758267702,3195.3095563890774
M47800,cold_start,Other,1904-05-01,2791.8,3200.939956853846,2381.3938,2791.1668778409858,3078.0080392535037
M47800,cold_start,Other,1904-06-01,4383.1,3164.1270100661745,4076.2598,3620.1933878455875,3300.9469233999985
M47800,cold_start,Other,1904-07-01,3089.0,3242.30861076339,2982.106,3112.20728389732,3203.2782371176318
M47800,cold_start,Other,1904-08-01,2791.8,3341.1323005510617,2349.213,2845.172595588031,3192.3444134762153
M47800,cold_start,Other,1904-09-01,3166.4,3138.618307381947,2746.1118,2942.3650618940983,3079.7423398391084
M47800,cold_start,Other,1904-10-01,5093.5,3027.4775987584753,4333.708,3680.5928032854877,3223.4121723236103
M47800,cold_start,Other,1904-11-01,3166.4,3976.9772280572975,2628.115,3302.5461091458365,3774.647898487375
M47800,cold_start,Other,1904-12-01,2312.0,3396.2006891431424,2413.5747,2904.8876980871964,3248.806810136906
M47800,cold_start,Other,1905-01-01,5093.5,3298.709801264617,3797.3577,3548.0337336401208,3373.5070298053934
M47800,cold_start,Other,1905-02-01,2691.4,3663.885937073599,2885.563,3274.7244626774245,3547.1375191688094
M47800,cold_start,Other,1905-03-01,2312.0,3197.748401943571,2295.5781,2746.6632634717853,3062.422872609067
M47800,cold_start,Other,1905-04-01,3033.3,3176.0330848700814,2681.75,2928.8915424350407,3101.8906343466006
M47800,cold_start,Other,1905-05-01,4107.6,3069.987021723592,4001.171,3535.578960080546,3209.664627644741
M47800,cold_start,Other,1905-06-01,3033.3,3762.2227452193138,2531.5718,3146.897261281532,3577.6251122450108
M47800,cold_start,Other,1905-07-01,2739.6,3251.4879508753406,2359.94,2805.713946140795,3117.755755558493
M47800,cold_start,Other,1905-08-01,4107.6,2985.5568799558255,3732.996,3359.276486852913,3097.672810853077
M47800,cold_start,Other,1905-09-01,1962.0,3814.478741751436,2960.6519,3387.565298610093,3686.4047393266114
M47802,cold_start,Other,1904-04-01,5858.9,6114.586809495696,6723.3135,6418.950143029098,6205.895858383842
M47802,cold_start,Other,1904-05-01,7309.0,5716.239159218129,6458.237,6087.23798781219,5827.538820003379
M47802,cold_start,Other,1904-06-01,6354.4,7559.806813418438,5879.8877,6719.847254365469,7307.819006737704
M47802,cold_start,Other,1904-07-01,4379.7,6755.835889490112,3879.762,5317.798926190369,6324.42480050019
M47802,cold_start,Other,1904-08-01,7309.0,5284.138474616504,6289.552,5786.845116214502,5434.950503716997
M47802,cold_start,Other,1904-09-01,6159.1,6769.8212907845555,6506.4326,6638.126953986028,6730.313001952029
M47802,cold_start,Other,1904-10-01,7595.3,6102.4587287216655,6482.335,6292.396844829583,6159.440200175135
M47802,cold_start,Other,1904-11-01,6159.1,6908.94767842798,6675.118,6792.03292124524,6873.873287894252
M47802,cold_start,Other,1904-12-01,7574.1,6114.262390724906,6410.041,6262.151703174954,6158.629196666952
M47802,cold_start,Other,1905-01-01,7595.3,7008.9228338696485,5903.9854,6456.454092716074,6843.182248144671
M47802,cold_start,Other,1905-02-01,2831.9,6898.071963636288,3662.8806,5280.476289435332,6412.793297997096
M47802,cold_start,Other,1905-03-01,7574.1,4437.189053860299,5735.3,5086.2444292739,4631.905678691412
M47802,cold_start,Other,1905-04-01,7844.9,6280.892354182704,6602.824,6441.858286466352,6329.182146074831
M47802,cold_start,Other,1905-05-01,7094.7,5947.291413858014,6385.9434,6166.617386616506,6013.089242306656
M47802,cold_start,Other,1905-06-01,7844.9,6897.399382045674,6651.02,6774.209700788462,6860.442489875542
M47802,cold_start,Other,1905-07-01,6805.0,7390.451271961161,6723.3135,7056.882374261831,7290.380651479488
M47802,cold_start,Other,1905-08-01,7094.7,6835.887028561847,6024.4746,6430.180818968423,6714.175177890852
M47802,cold_start,Other,1905-09-01,3841.0,6806.452207943997,3662.8806,5234.666411589185,6334.916505658648
M47806,cold_start,Other,1904-01-01,1935.2001,1620.7670016465695,2115.6,1868.1835496514097,1694.991978255053
M47806,cold_start,Other,1904-02-01,1658.2513,1968.0433816656143,2392.1982,2180.120811926557,2031.666616847413
M47806,cold_start,Other,1904-03-01,2040.2665,1752.8416033796836,1906.283,1829.5622811820294,1775.8578067203875
M47806,cold_start,Other,1904-04-01,1658.2513,2063.852512781441,2347.3445,2205.598497601658,2106.376320434538
M47806,cold_start,Other,1904-05-01,2180.1987,1695.1037150694276,2055.7954,1875.4495626128387,1749.2074815394824
M47806,cold_start,Other,1904-06-01,2040.2665,2173.749694905259,1749.295,1961.5223694252857,2110.081497261267
M47806,cold_start,Other,1904-07-01,1418.6835,2101.892657514822,1315.7091,1708.8008819800673,1983.9651279061536
M47806,cold_start,Other,1904-08-01,2180.1987,1639.7141994367908,2070.7466,1855.2303907340204,1704.369069032991
M47806,cold_start,Other,1904-09-01,1793.3847,2118.450418694261,2250.1616,2184.3060198940057,2138.2071173647314
M47806,cold_start,Other,1904-10-01,2077.2584,1905.2754943739594,1913.7585,1909.517019647917,1906.547951956147
M47806,cold_start,Other,1904-11-01,1793.3847,2009.0693518425737,2190.3564,2099.712898577537,2036.2624158630629
M47806,cold_start,Other,1904-12-01,2511.0233,1842.0881266864096,2115.6,1978.84411217133,1883.1149345389172
M47806,cold_start,Other,1905-01-01,2077.2584,2323.3946554146855,1734.3438,2028.8692027073428,2235.03703791303
M47806,cold_start,Other,1905-02-01,1489.8336,2092.502162139058,1368.0383,1730.2702461085914,1983.8326025887072
M47806,cold_start,Other,1905-03-01,2511.0233,1721.9212826751136,2078.2222,1900.0717253219318,1775.3664276761904
M47806,cold_start,Other,1905-04-01,2171.9853,2266.5706301931623,2205.3079,2235.9392457606436,2257.3812392774694
M47806,cold_start,Other,1905-05-01,1835.6053,2252.92989261693,2055.7954,2154.36265138659,2223.359732454859
M47806,cold_start,Other,1905-06-01,1415.2396,1979.8200820751758,2235.2104,2107.5152656469627,2018.128655457259
M47807,cold_start,Other,1903-02-01,7824.788,10233.600635502064,10411.591,10322.595727907283,10260.299187637693
M47807,cold_start,Other,1903-03-01,9082.715,7809.321864925173,10411.592,9110.456830900086,8199.66247678796
M47807,cold_start,Other,1903-04-01,11021.466,9489.612652980977,10032.361,9760.986990552989,9571.025003080707
M47807,cold_start,Other,1903-05-01,6701.6,9845.711582802205,9997.885,9921.798174213603,9868.537584639687
M47807,cold_start,Other,1903-06-01,9082.715,7786.856344812489,10066.836,8926.846141156244,8128.853283715616
M47807,cold_start,Other,1903-07-01,9963.8,9353.932180927219,9101.523,9227.72780921361,9316.070869413137
M47807,cold_start,Other,1903-08-01,10913.0,9316.793699602275,9791.033,9553.913451363638,9387.92967395881
M47807,cold_start,Other,1903-09-01,9963.8,10309.017681190642,9411.803,9860.410207782821,10174.435536824547
M47807,cold_start,Other,1903-10-01,9395.9,9319.45871510835,9101.523,9210.491076304175,9286.7684234671
M47807,cold_start,Other,1903-11-01,10913.0,9376.473801122964,9101.523,9238.998619311482,9335.23124657952
M47807,cold_start,Other,1903-12-01,6528.2,10749.709457059791,9791.032,10270.370841811146,10605.907945727386
M47807,cold_start,Other,1904-01-01,9395.9,8245.36871511817,10273.689,9259.529084121585,8549.61687464732
M47807,cold_start,Other,1904-02-01,9744.0,8622.484240474445,10135.787,9379.135674924722,8849.479768465779
M47807,cold_start,Other,1904-03-01,9157.9,9491.277352417555,9791.032,9641.154789490029,9536.240656781485
M47807,cold_start,Other,1904-04-01,9744.0,9363.662437746434,9963.41,9663.536296998216,9453.624668764158
M47807,cold_start,Other,1904-05-01,9862.8,9165.859341179485,10377.115,9771.487287777243,9347.547822815062
M47807,cold_start,Other,1904-06-01,9157.9,9670.425879541526,9756.557,9713.491260083263,9683.34551811811
M47807,cold_start,Other,1904-07-01,7415.2,9299.071795208325,9791.033,9545.052499166663,9372.866055223953
M47811,cold_start,Other,1902-07-01,692.35,1282.5893381583467,1003.28046,1142.9348973506576,1240.6930181230714
M47811,cold_start,Other,1902-08-01,920.05,894.6381582097996,1029.4856,962.0618769564624,914.8652860408297
M47811,cold_start,Other,1902-09-01,1391.46,1017.2606405674403,973.3318,995.2962138384077,1010.6713156004884
M47811,cold_start,Other,1902-10-01,789.24,1242.110391556835,984.5625,1113.3364457784176,1203.4782200303412
M47811,cold_start,Other,1902-11-01,920.05,996.3819623400327,879.7422,938.0620749200164,978.8860022175435
M47811,cold_start,Other,1902-12-01,1299.64,1054.575309763498,995.7933,1025.1842918446396,1045.7580165948716
M47811,cold_start,Other,1903-01-01,1230.21,1174.605708195897,939.6395,1057.1226172815423,1139.3607900768643
M47811,cold_start,Other,1903-02-01,1299.64,1227.8571735933838,1025.742,1126.7995584763794,1197.539895161798
M47811,cold_start,Other,1903-03-01,1031.88,1237.9703078629566,905.94727,1071.9587867439782,1188.1668515272631
M47811,cold_start,Other,1903-04-01,1230.21,1128.471919603283,928.4088,1028.4403665399227,1098.4624536842748
M47811,cold_start,Other,1903-05-01,766.72,1174.1409471712898,954.6139,1064.377419386426,1141.2118979911043
M47811,cold_start,Other,1903-06-01,1031.88,1035.8408893883552,853.5371,944.6889993816776,1008.4953345933833
M47811,cold_start,Other,1903-07-01,1259.01,1052.5393995535703,894.71655,973.6279761439727,1028.8659786342068
M47811,cold_start,Other,1903-08-01,1233.1,1175.7898182965273,1003.28046,1089.535137419748,1149.913426240525
M47811,cold_start,Other,1903-09-01,1259.01,1250.7600393528996,1085.6393,1168.199660789731,1225.9919349392226
M47811,cold_start,Other,1903-10-01,1141.59,1216.8734675633489,1066.9214,1141.8974271410493,1194.3806554366593
M47811,cold_start,Other,1903-11-01,1233.1,1126.2278414127477,1014.5112,1070.3695359407488,1109.4703619781794
M47811,cold_start,Other,1903-12-01,629.85,1260.9092906772723,913.43445,1087.1718694597298,1208.7880643120097
M47813,cold_start,Other,1904-01-01,5351.8933,3762.803258274122,4767.69,4265.246599840186,3913.536272950973
M47813,cold_start,Other,1904-02-01,3131.3465,4392.301042444347,4250.375,4321.338021222174,4371.012160491759
M47813,cold_start,Other,1904-03-01,3275.9434,4104.8116293018975,2376.8542,3240.8329386743862,3845.6180221136447
M47813,cold_start,Other,1904-04-01,3131.3465,3707.3216848776897,4348.245,4027.783401032595,3803.4602485522864
M47813,cold_start,Other,1904-05-01,4915.936,3080.2064404465254,4977.4126,4028.8095190513877,3364.7874128561093
M47813,cold_start,Other,1904-06-01,3275.9434,3894.0427671460225,2362.8728,3128.4577849401985,3664.3672907948226
M47813,cold_start,Other,1904-07-01,2497.1741,3540.892631469812,2013.3356,2777.114101379437,3311.7590724427
M47813,cold_start,Other,1904-08-01,4915.936,3229.956675901716,4753.7085,3991.832585997733,3458.5194489305213
M47813,cold_start,Other,1904-09-01,4438.6269,3707.841690239115,4460.097,4083.9694291039323,3820.6800241055917
M47813,cold_start,Other,1904-10-01,3261.5682,3963.34016230426,2460.7434,3212.0417852536925,3737.95064918909
M47813,cold_start,Other,1904-11-01,4438.6269,3494.8680375034983,4194.4487,3844.658383986124,3599.8051902764114
M47813,cold_start,Other,1904-12-01,4015.1117,4155.456127106984,4767.69,4461.573034256617,4247.291211458905
M47813,cold_start,Other,1905-01-01,3261.5682,4074.6147364257045,2418.7988,3246.7067822753525,3826.2423501805993
M47813,cold_start,Other,1905-02-01,1892.5932,3646.55686408354,2055.28,2850.9184466902075,3407.8653571760874
M47813,cold_start,Other,1905-03-01,4015.1117,3154.208586561834,4753.7085,3953.958541327792,3394.133572991622
M47813,cold_start,Other,1905-04-01,4617.3817,3288.0993404644823,4502.042,3895.070666325991,3470.190774844029
M47813,cold_start,Other,1905-05-01,2922.5028,3952.7143552397156,2460.7434,3206.7288817214203,3728.9187131842273
M47813,cold_start,Other,1905-06-01,1727.8212,3403.679867968477,4418.1523,3910.9161058592385,3555.8507881638307
M47818,short,Other,1905-05-01,6157.41,5441.820164551237,6553.9243,5997.872240478744,5608.6358239505835
M47818,short,Other,1905-06-01,5262.29,6266.158517130672,7306.9287,6786.543614034086,6422.274046201697
M47818,short,Other,1905-07-01,7165.78,5177.740922467295,6665.4805,5921.610695608648,5400.901866616732
M47818,short,Other,1905-08-01,6157.41,7301.219498540693,6079.8105,6690.515022707847,7118.008192411934
M47818,short,Other,1905-09-01,4239.36,6631.193352927165,4071.7998,5351.496578807332,6247.2843695193405
M47818,short,Other,1905-10-01,7165.78,5220.981850621403,6888.593,6054.787312029452,5471.123513457881
M47818,short,Other,1905-11-01,6581.91,6852.4132064345795,6944.371,6898.39215009229,6866.206987188143
M47818,short,Other,1905-12-01,7922.91,6317.358710490104,6693.369,6505.363925557553,6373.760336045496
M47818,short,Other,1906-01-01,6581.91,7136.780771212074,7362.706,7249.743412949787,7170.669661389638
M47818,short,Other,1906-02-01,7931.95,6178.099369901816,6944.371,6561.235231825908,6293.040226135295
M47818,short,Other,1906-03-01,7922.91,7499.1674094227055,5773.0312,6636.099329711353,7240.247009923363
M47818,short,Other,1906-04-01,3157.41,7399.967809574499,4378.579,5889.2734555685,6946.7595033727
M47818,short,Other,1906-05-01,7931.95,4888.993339105187,6526.035,5707.514247677594,5134.549672712066
M47818,short,Other,1906-06-01,8273.37,6714.960678643642,7055.927,6885.443718228071,6766.105614933033
M47818,short,Other,1906-07-01,7212.77,6587.187706929964,7055.927,6821.557232371232,6657.4985889764075
M47818,short,Other,1906-08-01,8103.06,7018.272270915731,7390.5957,7204.433987020366,7074.120785747122
M47818,short,Other,1906-09-01,7330.72,7692.646502584031,6832.815,7262.73072199514,7563.671768407365
M47818,short,Other,1906-10-01,7064.3,7197.588824382523,5856.6987,6527.1437774256365,6996.455322502489
M47821,cold_start,Other,1903-12-01,1148.59,1749.8656512765472,1216.6458,1483.2557016148362,1669.8826755333075
M47821,cold_start,Other,1904-01-01,1902.18,1407.0987490619382,1216.6458,1311.8722505075316,1378.5308086508899
M47821,cold_start,Other,1904-02-01,662.18,1850.165775745545,1222.6096,1536.387697443085,1756.0323583583229
M47821,cold_start,Other,1904-03-01,589.85,1235.846597993732,1180.862,1208.3543292703034,1227.598926531977
M47821,cold_start,Other,1904-04-01,662.18,1032.8856472697873,1216.6458,1124.765699611456,1060.4496721275614
M47821,cold_start,Other,1904-05-01,752.79,857.5233251220864,1228.5736,1043.0484667602618,913.1808676135391
M47821,cold_start,Other,1904-06-01,589.85,973.6438438074225,1186.8259,1080.2348857708987,1005.6211624999811
M47821,cold_start,Other,1904-07-01,537.99,817.7315316180509,1133.1504,975.4409611215254,865.044366572609
M47821,cold_start,Other,1904-08-01,752.79,685.4782512461869,1210.6818,948.0800069707498,764.2587779635558
M47821,cold_start,Other,1904-09-01,1834.01,759.6752463939312,1198.7539,979.2145763219655,825.5370545276149
M47821,cold_start,Other,1904-10-01,1539.8,1791.4227159751524,1228.5736,1509.998162186795,1706.9953498386453
M47821,cold_start,Other,1904-11-01,1834.01,1544.162963280978,1389.6003,1466.8816525389266,1520.978582265394
M47821,cold_start,Other,1904-12-01,1924.38,1676.8848173249376,1389.6003,1533.2425795609063,1633.7921582027595
M47821,cold_start,Other,1905-01-01,1539.8,1911.2795707697526,1228.5736,1569.926589584095,1808.8736764140556
M47821,cold_start,Other,1905-02-01,1017.69,1553.2487323563932,1318.033,1435.6408456703841,1517.966378557622
M47821,cold_start,Other,1905-03-01,1924.38,1141.5933035825853,1300.1411,1220.8672084319178,1165.3754872444165
M47821,cold_start,Other,1905-04-01,1880.16,1763.825892469391,1347.8527,1555.8392768011017,1701.4299108206621
M47821,cold_start,Other,1905-05-01,1211.08,1821.0184898157238,1240.5015,1530.759977329737,1733.9409421734435
M47822,cold_start,Other,1904-03-01,4276.15,2896.870169871873,4214.815,3555.842555639061,3094.5619344301545
M47822,cold_start,Other,1904-04-01,2271.97,3302.9747294260283,2461.283,2882.128844205202,3176.7209638597806
M47822,cold_start,Other,1904-05-01,2723.68,3192.4370848430585,2281.7043,2737.070715273092,3055.8271983861314
M47822,cold_start,Other,1904-06-01,4276.15,3002.4620026523194,3992.9824,3497.7222122636595,3151.040089949784
M47822,cold_start,Other,1904-07-01,3013.63,3324.497262748787,2862.6938,3093.5955552025184,3255.226756588422
M47822,cold_start,Other,1904-08-01,2723.68,3341.1323005510617,2323.958,2832.545154181781,3188.5561749508247
M47822,cold_start,Other,1904-09-01,3076.48,3124.2045873275188,2788.7495,2956.477049523134,3073.886338193235
M47822,cold_start,Other,1904-10-01,4948.84,3103.785124891617,3760.587,3432.186019477059,3202.3054298883435
M47822,cold_start,Other,1904-11-01,3076.48,3806.6874176917304,2408.4658,3107.576619002115,3596.9542024989087
M47822,cold_start,Other,1904-12-01,2246.34,3052.369821572312,2366.212,2709.2908678174063,2949.446141549356
M47822,cold_start,Other,1905-01-01,4948.84,3264.1269012933444,3876.7847,3570.455784631047,3356.0255662946556
M47822,cold_start,Other,1905-02-01,2614.96,3264.236025579667,2841.567,3052.9014600554583,3200.835668129436
M47822,cold_start,Other,1905-03-01,2246.34,3231.5703362666827,2281.7043,2756.637340984904,3089.090462096212
M47822,cold_start,Other,1905-04-01,2947.16,3011.7731996344646,2672.5518,2842.1624787234823,2960.890001671717
M47822,cold_start,Other,1905-05-01,3990.95,2986.0438412984463,3760.5867,3373.3152556101604,3102.225277798992
M47822,cold_start,Other,1905-06-01,2886.49,3745.867771740281,2566.9175,3156.3926261045153,3569.0252341530672
M47822,cold_start,Other,1905-07-01,2661.8,3165.4311675639387,2429.5928,2797.511970500719,3055.05542675552
M47822,cold_start,Other,1905-08-01,3908.79,2705.826777273323,3517.6274,3111.7271093397867,2827.5969257213874
M47825,cold_start,Other,1904-03-01,10338.17,8083.74617465571,8552.281,8318.013712327855,8154.026533613604
M47825,cold_start,Other,1904-04-01,8061.56,10091.115660952384,8552.281,9321.698455476191,9860.290596965777
M47825,cold_start,Other,1904-05-01,8919.67,8423.400009720945,8451.667,8437.533500954221,8427.640130333115
M47825,cold_start,Other,1904-06-01,10338.17,9114.22840364637,8652.896,8883.562444010684,9045.028713411915
M47825,cold_start,Other,1904-07-01,8178.74,10012.794905576777,8652.896,9332.845694975887,9808.81024005276
M47825,cold_start,Other,1904-08-01,8919.67,8614.34626536926,9323.664,8969.005163934631,8720.74400818106
M47825,cold_start,Other,1904-09-01,8214.58,9278.869160268347,8988.28,9133.574716852923,9235.280851657782
M47825,cold_start,Other,1904-10-01,10675.85,8481.440496751718,8988.28,8734.86038509461,8557.46648766865
M47825,cold_start,Other,1904-11-01,8214.58,9965.367360981461,8854.127,9409.74715705323,9798.681397459242
M47825,cold_start,Other,1904-12-01,9523.62,7955.653939615368,8351.052,8153.352848713934,8014.963685587126
M47825,cold_start,Other,1905-01-01,10675.85,8997.095920079744,9088.8955,9042.995713946122,9010.865882653721
M47825,cold_start,Other,1905-02-01,6312.0,9946.731213661591,8485.205,9215.968145893296,9727.502293331103
M47825,cold_start,Other,1905-03-01,9523.62,8278.519236271828,9390.74,8834.629735323415,8445.35243481543
M47825,cold_start,Other,1905-04-01,8278.91,8797.826752470422,8652.896,8725.36161842271,8776.08730991236
M47825,cold_start,Other,1905-05-01,9168.31,8425.03401287202,9021.818,8723.42618612351,8514.551738089656
M47825,cold_start,Other,1905-06-01,8108.48,9137.327603084774,8988.28,9062.803938261137,9114.970528051745
M47825,cold_start,Other,1905-07-01,4306.23,8231.618457084025,8854.127,8542.872705104513,8324.994829146422
M47825,cold_start,Other,1905-08-01,8979.58,5939.651278623749,8652.896,7296.2738814993745,6346.638157142687
M47826,cold_start,Other,1903-07-01,3129.84,3310.4748773424058,3643.4175,3476.9461789055777,3360.416280018389
M47826,cold_start,Other,1903-08-01,4041.34,3426.4537147044443,3804.1562,3615.3049823522224,3483.1091316198717
M47826,cold_start,Other,1903-09-01,2197.66,3772.409102438285,3951.5005,3861.9547953597676,3799.2728347287925
M47826,cold_start,Other,1903-10-01,3453.02,3584.51715842979,3643.4175,3613.96731944927,3593.352218942666
M47826,cold_start,Other,1903-11-01,2197.66,3562.331536147948,3884.526,3723.428707527099,3610.660699768725
M47826,cold_start,Other,1903-12-01,3599.37,2922.4571840885683,3804.1562,3363.306717044284,3054.712080596377
M47826,cold_start,Other,1904-01-01,3453.02,3644.803653856817,3804.1565,3724.4800739987213,3668.7065798993885
M47826,cold_start,Other,1904-02-01,3152.45,3375.588599129704,3857.736,3616.6623415570393,3447.91077068603
M47826,cold_start,Other,1904-03-01,3599.37,3338.7381192758803,3924.711,3631.72452838794,3426.634066423561
M47826,cold_start,Other,1904-04-01,3593.13,3502.999874575367,4018.475,3760.7374861158087,3580.3211946585934
M47826,cold_start,Other,1904-05-01,3989.68,3673.1098173279606,3804.1562,3738.6330336639803,3692.7668188498606
M47826,cold_start,Other,1904-06-01,3593.13,3830.0667585660517,3737.1816,3783.624199595526,3816.1340152889566
M47826,cold_start,Other,1904-07-01,4153.56,3727.1614540927376,3978.2905,3852.725990718244,3764.830827287421
M47826,cold_start,Other,1904-08-01,3989.68,4083.557643777402,3830.9463,3957.251966419951,4045.6659649842295
M47826,cold_start,Other,1904-09-01,2368.83,3874.661036159523,3991.6853,3933.173169446949,3892.2146883527826
M47826,cold_start,Other,1904-10-01,4153.56,2810.280222469298,3710.392,3260.3361561565243,2945.2970269895286
M47826,cold_start,Other,1904-11-01,3623.77,3849.9791927269493,4085.4497,3967.7144498790994,3885.2998187007197
M47826,cold_start,Other,1904-12-01,3554.27,3728.9098649116117,3830.9463,3779.9280769870556,3744.215352948308
M47827,short,Other,1905-06-01,1075.5,2393.232854513146,1285.4995,1839.366183115948,2227.07286224926
M47827,short,Other,1905-07-01,1291.0,1346.1107869244427,1202.8604,1274.4855692434712,1324.6232307754249
M47827,short,Other,1905-08-01,2554.8,1297.3042796075808,1377.321,1337.3126622647278,1309.3067974564829
M47827,short,Other,1905-09-01,1597.7,2057.758027702326,2249.6243,2153.6911476402256,2086.537988097759
M47827,short,Other,1905-10-01,1291.0,1897.8976424812806,1239.5889,1568.7432548343904,1799.151335342487
M47827,short,Other,1905-11-01,1439.0,1453.900600583861,1212.0425,1332.9715405263055,1417.621891721868
M47827,short,Other,1905-12-01,2546.3,1478.6282013656814,1597.6924,1538.1602920890907,1496.4878407897356
M47827,short,Other,1906-01-01,1439.0,2370.4473757133646,1928.2494,2149.348382680901,2304.1176961141728
M47827,short,Other,1906-02-01,1170.9,1643.1768383983144,1202.8604,1423.0185949804072,1577.1293745282157
M47827,short,Other,1906-03-01,2546.3,1219.7655887661429,1212.0425,1215.9040346174465,1218.6071316768075
M47827,short,Other,1906-04-01,1444.9,2006.1413858715885,1781.3351,1893.7382344397006,1972.4204648560847
M47827,short,Other,1906-05-01,1170.9,1719.1619014769324,1873.1565,1796.1591978087786,1742.2610964800022
M47827,short,Other,1906-06-01,1734.8,1106.3304520628465,1368.1388,1237.2346230040794,1145.601709448732
M47827,short,Other,1906-07-01,2102.0,1646.2834517709261,1303.8638,1475.073610651088,1594.9205085902483
M47827,short,Other,1906-08-01,1734.8,2114.9868992418023,2001.7065,2058.346721105276,2097.994845800845
M47827,short,Other,1906-09-01,1415.9,1817.4681581316881,1551.7816,1684.6248871713128,1777.6151921023647
M47827,short,Other,1906-10-01,2102.0,1548.4270748195631,1322.2281,1435.3276121168128,1514.4972421122538
M47827,short,Other,1906-11-01,1031.1,1914.9279248507469,1395.6853,1655.306613792561,1837.041534585049
M47830,cold_start,Other,1904-03-01,3815.57,3374.8072947736932,4462.7803,3918.7937841055964,3538.003253780296
M47830,cold_start,Other,1904-04-01,3444.75,3715.0535286828717,5598.4697,4656.761627622685,3997.5660071929415
M47830,cold_start,Other,1904-05-01,4680.05,3501.4812148434326,4574.75,4038.115607421716,3662.4715570309804
M47830,cold_start,Other,1904-06-01,3815.57,4476.980008792778,3231.117,3854.0484760760764,4290.100579495345
M47830,cold_start,Other,1904-07-01,2338.51,3953.294084430197,2655.2744,3304.2842492463487,3758.5911399785587
M47830,cold_start,Other,1904-08-01,4680.05,2957.409952831804,5230.571,4093.990376806527,3298.3840922312525
M47830,cold_start,Other,1904-09-01,5181.93,4110.5490795976175,4894.662,4502.605594486309,4228.166058478288
M47830,cold_start,Other,1904-10-01,3668.46,3788.727095556521,3567.0254,3677.8762430907605,3755.4718642308558
M47830,cold_start,Other,1904-11-01,5181.93,4031.794085051025,5630.461,4831.127511275512,4271.594125125403
M47830,cold_start,Other,1904-12-01,5068.93,4782.725357131911,5070.6143,4926.669807472205,4825.908716648062
M47830,cold_start,Other,1905-01-01,3668.46,4768.674534243062,3135.1433,3951.9089223949686,4523.644868999181
M47830,cold_start,Other,1905-02-01,2134.41,3872.4653712516474,2783.2393,3327.8523145320737,3709.0814664428067
M47830,cold_start,Other,1905-03-01,5068.93,3143.910322175908,5198.5796,4171.2449560098285,3452.1107611542093
M47830,cold_start,Other,1905-04-01,5192.91,4158.357818988755,5518.4917,4838.424759103753,4362.3779498513795
M47830,cold_start,Other,1905-05-01,2761.09,4014.166086643822,3742.977,3878.5715687125357,3973.48776788553
M47830,cold_start,Other,1905-06-01,5086.02,3712.7345825869947,5598.4697,4655.602154574747,3995.5949030114457
M47830,cold_start,Other,1905-07-01,3701.6,4371.9478238160045,5278.5576,4825.252720501752,4507.939341649854
M47830,cold_start,Other,1905-08-01,2704.25,3884.1258288020426,2927.2,3405.662889986959,3740.5869715715803
M47841,short,Other,1909-12-01,9889.01,8240.148117167917,7332.3086,7786.2283554589585,8103.972213069293
M47841,short,Other,1910-01-01,6405.3,7957.885969672171,7526.542,7742.213980929835,7893.184397463534
M47841,short,Other,1910-02-01,6039.33,7388.559651650346,7332.3086,7360.434122700173,7380.122017379357
M47841,short,Other,1910-03-01,7105.31,7132.232458639198,7599.3794,7365.805926585224,7202.304572265194
M47841,short,Other,1910-04-01,6518.56,6598.635886393587,6798.167,6698.401439290543,6628.565601090799
M47841,short,Other,1910-05-01,5283.29,6198.98853207278,5414.2544,5806.621463302015,6081.278435855614
M47841,short,Other,1910-06-01,3632.19,5829.469785109028,4078.9001,4954.184965796701,5566.88433931533
M47841,short,Other,1910-07-01,2175.81,4479.876398315572,3132.0127,3805.944546814036,4277.696848968628
M47841,short,Other,1910-08-01,2311.32,4429.25633969688,3399.0835,3914.169917895315,4274.730437570473
M47841,short,Other,1910-09-01,2833.62,4570.628834553443,4297.413,4434.0209602454715,4529.646508882146
M47841,short,Other,1910-10-01,4304.89,4163.410999853566,6288.3047,5225.857843676783,4482.145077414594
M47841,short,Other,1910-11-01,7304.0,4437.180212857899,7769.334,6103.25709861645,4937.003327413589
M47841,short,Other,1910-12-01,6346.38,8011.33647754446,8327.754,8169.54519189723,8058.799091850292
M47841,short,Other,1911-01-01,6044.27,5866.604065049499,7453.704,6660.154083305999,6104.669119354575
M47841,short,Other,1911-02-01,4983.15,5692.298172954861,7065.2383,6378.7682271024305,5898.239213613195
M47841,short,Other,1911-03-01,6031.02,4731.995802917939,7308.0293,6020.01254989647,5118.400900253686
M47841,short,Other,1911-04-01,5999.76,5673.944240386086,6628.213,6151.078565505542,5817.08459895708
M47841,short,Other,1911-05-01,3434.13,5482.855168001896,5875.5586,5679.206880875949,5541.760694071144
M47845,cold_start,Other,1903-10-01,2491.164,4202.406788745238,3423.1587,3812.782740075744,4085.519586351422
M47845,cold_start,Other,1903-11-01,6715.271,4572.460909081453,4294.508,4433.484360790726,4530.767981215329
M47845,cold_start,Other,1903-12-01,5694.013,4640.667444624876,3423.1587,4031.913068015563,4458.041143849114
M47845,cold_start,Other,1904-01-01,2491.164,3435.722873476337,3392.039,3413.880967988169,3429.170320140434
M47845,cold_start,Other,1904-02-01,1417.209,3821.502588375467,4138.91,3980.2063723127335,3869.11374797071
M47845,cold_start,Other,1904-03-01,2720.992,2899.4144162865573,3656.5562,3277.985284315154,3012.9857133162304
M47845,cold_start,Other,1904-04-01,1417.209,3105.510394028486,3594.317,3349.913644279868,3178.831417932026
M47845,cold_start,Other,1904-05-01,1096.62,2574.6050827860317,3843.274,3208.939504283641,2764.905409235315
M47845,cold_start,Other,1904-06-01,2720.992,2458.297019957497,4076.671,3267.4839591974987,2701.0531383505913
M47845,cold_start,Other,1904-07-01,2526.179,3124.6150031847415,3734.355,3429.4849918267455,3216.0760119843744
M47845,cold_start,Other,1904-08-01,1096.62,3548.240116223835,3734.355,3641.2975483462924,3576.1573580676036
M47845,cold_start,Other,1904-09-01,2195.828,1475.366128412501,3578.7568,2527.0614821750005,1790.8747467482822
M47845,cold_start,Other,1904-10-01,5629.171,1986.4619657265723,3703.2354,2844.848658644536,2243.9780224300866
M47845,cold_start,Other,1904-11-01,2195.828,5463.916866263701,3812.154,4638.035459499039,5216.152456441334
M47845,cold_start,Other,1904-12-01,2122.351,4488.596153343704,3360.9194,3924.757793468727,4319.4446697952735
M47845,cold_start,Other,1905-01-01,5629.171,3848.3562505746436,3687.6758,3768.0160159123216,3824.2541801759476
M47845,cold_start,Other,1905-02-01,5312.65,3569.905089533526,3563.197,3566.5510555089504,3568.8988793261533
M47845,cold_start,Other,1905-03-01,2122.351,4142.27798358539,3687.6758,3914.976882417695,4074.0876532350817
M47849,cold_start,Other,1902-12-01,5563.5,9573.11754852859,8955.1875,9264.152524264295,9480.42811449149
M47849,cold_start,Other,1903-01-01,7669.7,6901.1324790947665,8815.988,7858.560380172383,7188.360922660239
M47849,cold_start,Other,1903-02-01,8513.9,7511.840024797861,9047.988,8279.91415302393,7742.262263265682
M47849,cold_start,Other,1903-03-01,6103.2,7432.931147719332,8212.789,7822.860105109667,7549.909932592683
M47849,cold_start,Other,1903-04-01,5320.3,6361.10659707846,7887.9897,7124.548171586105,6590.139093844817
M47849,cold_start,Other,1903-05-01,3846.4,6454.55047121091,7168.79,6811.670255136705,6561.686504044898
M47849,cold_start,Other,1903-06-01,3650.5,3849.2189900899757,7029.591,5439.404905201238,4326.274862279604
M47849,cold_start,Other,1903-07-01,4462.7,4933.852576142213,6751.1914,5842.521991196107,5206.453461693538
M47849,cold_start,Other,1903-08-01,6596.3,5577.769381975196,6681.5913,6129.680345284472,5743.34268317501
M47849,cold_start,Other,1903-09-01,8279.6,6408.956740587961,7075.99,6742.47348748148,6509.011789070079
M47849,cold_start,Other,1903-10-01,6470.2,8265.816959555334,7400.79,7833.303499308917,8136.062945895472
M47849,cold_start,Other,1903-11-01,8586.6,7518.628972617103,7771.99,7645.309603496051,7556.633210708913
M47849,cold_start,Other,1903-12-01,7026.4,7219.658275902117,8096.789,7658.223669201058,7351.2279671339875
M47849,cold_start,Other,1904-01-01,6829.1,6683.540666551121,7586.3896,7134.965157494311,6818.968062662203
M47849,cold_start,Other,1904-02-01,5923.5,6766.03703577547,7655.9897,7211.01339093461,6899.530039979462
M47849,cold_start,Other,1904-03-01,5534.1,6418.022397520438,7516.79,6967.4062182914695,6582.837592579873
M47849,cold_start,Other,1904-04-01,3445.4,5698.6713606020785,7725.59,6712.130602176039,6002.70915748833
M47849,cold_start,Other,1904-05-01,3257.1,4583.93367346827,7748.79,6166.361856265385,5058.662225963655
M47851,cold_start,Other,1902-02-01,5486.3,8162.50067630128,8469.039,8315.76986940064,8208.481531887339
M47851,cold_start,Other,1902-03-01,8499.3,6618.6649139829615,7716.8545,7167.75970308523,6783.393375127705
M47851,cold_start,Other,1902-04-01,9840.1,8607.456183244529,7716.8545,8162.155337716014,8473.865954000037
M47851,cold_start,Other,1902-05-01,7698.5,8458.713112212188,8051.159,8254.936145949843,8397.580095575673
M47851,cold_start,Other,1902-06-01,8571.9,7926.301260163634,7911.865,7919.083247269316,7924.135856295339
M47851,cold_start,Other,1902-07-01,6389.7,8144.164292887312,7521.8438,7833.004021443656,8050.81626028234
M47851,cold_start,Other,1902-08-01,6634.5,6419.68555941567,7271.1157,6845.40064103596,6547.400083901757
M47851,cold_start,Other,1902-09-01,6528.4,6684.151523917637,7326.833,7005.4922658650685,6780.553819744055
M47851,cold_start,Other,1902-10-01,7376.7,7205.9705224832705,7354.6914,7280.330964366635,7228.2786794623435
M47851,cold_start,Other,1902-11-01,9093.9,7533.04877786341,7911.865,7722.457006119204,7589.871246340149
M47851,cold_start,Other,1902-12-01,5634.9,8672.93478781072,7884.007,8278.470811874111,8554.595643857863
M47851,cold_start,Other,1903-01-01,6212.6,6709.644725675139,7800.4307,7255.037694868819,6873.262714089494
M47851,cold_start,Other,1903-02-01,6813.3,6200.246659793774,7549.702,6874.974404115637,6402.664983090333
M47851,cold_start,Other,1903-03-01,6056.8,7029.950775973852,7772.5723,7401.261520799426,7141.344023835587
M47851,cold_start,Other,1903-04-01,7461.9,6588.852717369753,7354.692,6971.7723059505015,6703.728667186166
M47851,cold_start,Other,1903-05-01,6935.1,7375.42274502692,7493.9854,7434.70404829471,7393.207233663507
M47851,cold_start,Other,1903-06-01,7051.9,6931.523714170982,7884.007,7407.765275054241,7074.396231264085
M47851,cold_start,Other,1903-07-01,6708.1,6841.73562501107,8023.3003,7432.51795898991,7018.97039844691
M47855,cold_start,Other,1903-10-01,2462.2,4174.579342132423,3206.531,3690.555173995899,4029.372116105529
M47855,cold_start,Other,1903-11-01,6637.4,4572.460909081453,3363.7139,3968.0873881344764,4391.148871107907
M47855,cold_start,Other,1903-12-01,5628.0,4577.448362623753,3190.8127,3884.130553382189,4369.4530259548
M47855,cold_start,Other,1904-01-01,2462.2,3435.722873476337,3253.686,3344.704454316294,3408.4173599353558
M47855,cold_start,Other,1904-02-01,1396.6,3821.502588375467,3363.7139,3592.6082277814835,3752.8342985078193
M47855,cold_start,Other,1904-03-01,2681.3,2826.6589234884423,3426.5872,3126.6230408457836,2916.6481831097076
M47855,cold_start,Other,1904-04-01,1396.6,3105.510394028486,3740.9526,3423.231515373618,3200.826779260151
M47855,cold_start,Other,1904-05-01,1080.7,2394.584970788344,3410.8687,2902.726811566047,2547.0275352286862
M47855,cold_start,Other,1904-06-01,2681.3,2458.297019957497,3395.1504,2926.7237052912487,2598.825049971685
M47855,cold_start,Other,1904-07-01,2489.3,3124.6150031847415,3756.6711,3440.643072881433,3219.4234240937494
M47855,cold_start,Other,1904-08-01,1080.7,3463.116758104833,3630.9248,3547.0207813961665,3488.2879772992646
M47855,cold_start,Other,1904-09-01,2143.2,1450.380522776873,3395.1504,2422.7654567009367,1742.0960273681546
M47855,cold_start,Other,1904-10-01,5494.1,2044.738363931646,3395.1504,2719.944377278323,2247.300192349712
M47855,cold_start,Other,1904-11-01,2143.2,5617.629678274142,3583.77,4600.6998489026955,5312.5507782908335
M47855,cold_start,Other,1904-12-01,2071.4,4292.7678007774775,3206.531,3749.6494033184263,4129.832305953825
M47855,cold_start,Other,1905-01-01,5494.1,3918.4863030775737,3316.559,3617.522692554412,3828.197244334688
M47855,cold_start,Other,1905-02-01,5185.2,3687.9267282505098,3222.2493,3455.0879979143174,3618.0751213566837
M47855,cold_start,Other,1905-03-01,2071.4,3925.8603072471683,3363.7139,3644.7870872173344,3841.538359548765
M47865,medium,Other,1914-08-01,1514.0,1500.8110111802014,1499.6951,1500.2530397697883,1500.643628912351
M47865,medium,Other,1914-09-01,1530.0,1504.7448957759686,1504.6609,1504.702892223922,1504.7323038656282
M47865,medium,Other,1914-10-01,1522.0,1531.3244654308403,1519.5586,1525.44152959042,1529.5595877304722
M47865,medium,Other,1914-11-01,1452.0,1531.3244654308403,1504.6609,1517.9926770513575,1527.324938072269
M47865,medium,Other,1914-12-01,1461.0,1503.5271381296222,1499.6951,1501.6111032444987,1502.9523368193588
M47865,medium,Other,1915-01-01,1440.0,1512.5900126870636,1509.6268,1511.1084218708756,1512.1455415457228
M47865,medium,Other,1915-02-01,1442.0,1500.8110111802014,1494.7292,1497.7701296135383,1499.898755865476
M47865,medium,Other,1915-03-01,1451.0,1500.8110111802014,1499.6951,1500.2530397697883,1500.643628912351
M47865,medium,Other,1915-04-01,1462.0,1500.8110111802014,1494.7292,1497.7701296135383,1499.898755865476
M47865,medium,Other,1915-05-01,1474.0,1500.8110111802014,1489.7633,1495.287158422132,1499.153867559812
M47865,medium,Other,1915-06-01,1493.0,1500.8110111802014,1499.6951,1500.2530397697883,1500.643628912351
M47865,medium,Other,1915-07-01,1493.0,1500.8110111802014,1499.6951,1500.2530397697883,1500.643628912351
M47865,medium,Other,1915-08-01,1484.0,1500.8110111802014,1514.5928,1507.7018923088508,1502.8782785705541
M47865,medium,Other,1915-09-01,1470.0,1500.8110111802014,1499.6951,1500.2530397697883,1500.643628912351
M47865,medium,Other,1915-10-01,1475.0,1500.8110111802014,1509.6268,1505.2189211174446,1502.13339026489
M47865,medium,Other,1915-11-01,1480.0,1500.8110111802014,1519.5586,1510.1848024651008,1503.6231516174291
M47865,medium,Other,1915-12-01,1474.0,1503.5271381296222,1499.6951,1501.6111032444987,1502.9523368193588
M47865,medium,Other,1916-01-01,1529.0,1512.5900126870636,1494.7292,1503.6596303669694,1509.9109071463088
M47871,medium,Other,1917-09-01,989.0,1034.7792069007892,1003.09937,1018.9392860675821,1030.0272306508273
M47871,medium,Other,1917-10-01,965.0,1034.7792069007892,1007.22736,1021.0032814289102,1030.6464323109835
M47871,medium,Other,1917-11-01,999.0,985.2169429935548,986.5874,985.9021726686524,985.4225149478419
M47871,medium,Other,1917-12-01,1002.0,1037.49533385021,990.71545,1014.1053939758863,1030.4783640949443
M47871,medium,Other,1918-01-01,996.0,1033.0565064606217,990.7154,1011.885949763514,1026.7053455550051
M47871,medium,Other,1918-02-01,967.0,1034.7792069007892,990.7154,1012.7472999835977,1028.1696409291476
M47871,medium,Other,1918-03-01,1028.0,985.2169429935548,982.4594,983.8381773073243,984.8033132876857
M47871,medium,Other,1918-04-01,971.0,1048.7396317657156,978.3314,1013.5355263320765,1038.178412342655
M47871,medium,Other,1918-05-01,1051.0,985.2169429935548,974.2035,979.7102171022461,983.5649252261622
M47871,medium,Other,1918-06-01,969.0,1079.033037359689,970.0755,1024.554268923985,1062.689419036009
M47871,medium,Other,1918-07-01,1004.0,985.2169429935548,970.0755,977.646221740918,982.9457388247951
M47871,medium,Other,1918-08-01,995.0,1034.7792069007892,982.4594,1008.6193092609415,1026.931237608835
M47871,medium,Other,1918-09-01,1007.0,1034.7792069007892,978.3314,1006.5553138996133,1026.312051207468
M47871,medium,Other,1918-10-01,1048.0,1034.7792069007892,1007.2273,1021.0032509113321,1030.6464323109835
M47871,medium,Other,1918-11-01,972.0,1079.033037359689,994.8434,1036.9382105743757,1066.4045984793684
M47871,medium,Other,1918-12-01,992.0,987.9330699429756,945.3076,966.6203435652378,981.5392520296543
M47871,medium,Other,1919-01-01,958.0,1046.5582084076514,974.2035,1010.3808498092944,1035.7050008281444
M47871,medium,Other,1919-02-01,1030.0,985.2169429935548,961.8196,973.5182615358399,981.7073507632716
M47881,medium,Other,1917-09-01,842.0,831.0023747995987,829.70483,830.3536043919869,830.8077452031941
M47881,medium,Other,1917-10-01,945.0,922.3175816302877,914.8028,918.560188520222,921.1903728525415
M47881,medium,Other,1917-11-01,991.0,927.2327100882446,994.58215,960.9074317042786,937.3351357283283
M47881,medium,Other,1917-12-01,1071.0,1042.410462308167,1069.0428,1055.7266544939273,1046.405323015653
M47881,medium,Other,1918-01-01,1131.0,1095.7271673245082,1084.9987,1090.3629122755353,1094.1178938615742
M47881,medium,Other,1918-02-01,1075.0,1083.948165817646,1031.8125,1057.880332908823,1076.1278220485146
M47881,medium,Other,1918-03-01,1075.0,1134.8144149018203,1042.4497,1088.6320609665352,1120.9597148247503
M47881,medium,Other,1918-04-01,1003.0,1079.033037359689,957.3518,1018.192422000157,1060.7808649588605
M47881,medium,Other,1918-05-01,1004.0,1034.7792069007892,957.3518,996.0655067707071,1023.1651090687959
M47881,medium,Other,1918-06-01,910.0,1021.2775049537595,882.8911,952.0843091175047,1000.519549254641
M47881,medium,Other,1918-07-01,902.0,976.6303695044821,861.61664,919.1235038440379,959.3783220133802
M47881,medium,Other,1918-08-01,867.0,976.6303695044821,781.8373,879.2338248889598,947.4114106974622
M47881,medium,Other,1918-09-01,902.0,971.7152410465252,845.66077,908.6880038240438,952.8070759832965
M47881,medium,Other,1918-10-01,1001.0,985.2169429935548,936.07733,960.6471372682618,977.8460073794826
M47881,medium,Other,1918-11-01,1055.0,1039.6943353587462,1015.85657,1027.7754513707794,1036.1186793176298
M47881,medium,Other,1918-12-01,1075.0,1086.6642927670669,1095.6359,1091.1500785124397,1088.0100315424365
M47881,medium,Other,1919-01-01,1146.0,1098.0024552700634,1122.2291,1110.115790623313,1101.6364680830695
M47881,medium,Other,1919-02-01,1125.0,1079.033037359689,1084.9987,1082.0158472931257,1079.9278833914777
M47882,long_history,Other,1927-09-01,9950.0,9920.52441595331,9947.022,9933.773438445405,9924.49922035719
M47882,long_history,Other,1927-10-01,9920.0,9959.444922233026,9947.022,9953.233691585263,9957.581650694949
M47882,long_history,Other,1927-11-01,9890.0,9981.721304766445,9947.022,9964.371882851972,9976.516575848354
M47882,long_history,Other,1927-12-01,9880.0,9896.212210818274,9947.022,9921.617335877887,9903.833845992409
M47882,long_history,Other,1928-01-01,9730.0,10041.774957598282,9809.821,9925.79812333039,10006.981980560102
M47882,long_history,Other,1928-02-01,9790.0,10007.946925973954,9878.422,9943.184400486978,9988.518192741925
M47882,long_history,Other,1928-03-01,9820.0,10007.946925973954,9912.723,9960.334791111978,9993.663334343488
M47882,long_history,Other,1928-04-01,9780.0,10007.946925973954,9878.422,9943.184400486978,9988.518192741925
M47882,long_history,Other,1928-05-01,9770.0,10007.946925973954,9878.422,9943.184400486978,9988.518192741925
M47882,long_history,Other,1928-06-01,9750.0,10007.946925973954,9809.821,9908.884107518228,9978.228153679425
M47882,long_history,Other,1928-07-01,9620.0,9981.544829174944,9741.221,9861.38276614997,9945.496210267453
M47882,long_history,Other,1928-08-01,9690.0,10007.946925973954,9741.221,9874.583814549478,9967.937992546613
M47882,long_history,Other,1928-09-01,9720.0,10007.946925973954,9809.821,9908.884107518228,9978.228153679425
M47882,long_history,Other,1928-10-01,9760.0,10007.946925973954,9809.821,9908.884107518228,9978.228153679425
M47882,long_history,Other,1928-11-01,9710.0,10007.946925973954,9844.121,9926.034009861978,9983.373051140363
M47882,long_history,Other,1928-12-01,9660.0,9992.104812245254,9809.821,9900.963050653878,9964.76235701003
M47882,long_history,Other,1929-01-01,9560.0,9816.861285321007,9672.621,9744.741189535504,9795.225280999419
M47882,long_history,Other,1929-02-01,9590.0,9960.764149863158,9706.921,9833.842524150328,9922.687735391499
M47883,long_history,Other,1926-09-01,9850.0,9863.903528804043,9919.509,9891.706158933272,9872.244391085
M47883,long_history,Other,1926-10-01,9880.0,9739.030570664223,9919.509,9829.269679863362,9766.102376666153
M47883,long_history,Other,1926-11-01,9860.0,9916.761466830701,9919.509,9918.1351279466,9917.17363840766
M47883,long_history,Other,1926-12-01,9820.0,9719.633493987145,9847.628,9783.630711837322,9738.832756998449
M47883,long_history,Other,1927-01-01,9670.0,9575.266525977797,9775.748,9675.507286426398,9605.338851768629
M47883,long_history,Other,1927-02-01,9710.0,9742.793519786832,9775.748,9759.270783330916,9747.736796506308
M47883,long_history,Other,1927-03-01,9780.0,9742.793519786832,9847.628,9795.210724737166,9758.518778928183
M47883,long_history,Other,1927-04-01,9710.0,9742.793519786832,9811.6875,9777.240509893416,9753.127665646933
M47883,long_history,Other,1927-05-01,9720.0,9737.878391328875,9811.6875,9774.782945664438,9748.94980645767
M47883,long_history,Other,1927-06-01,9690.0,9737.878391328875,9775.748,9756.813219101938,9743.558937317044
M47883,long_history,Other,1927-07-01,9570.0,9690.69561521808,9703.867,9697.28140135904,9692.671351060368
M47883,long_history,Other,1927-08-01,9610.0,9722.012840475043,9739.808,9730.910228831272,9724.682105810038
M47883,long_history,Other,1927-09-01,9580.0,9716.391422987821,9811.6875,9764.03946149391,9730.685883367774
M47883,long_history,Other,1927-10-01,9650.0,9717.097712017086,9847.628,9782.362820852293,9736.6773423239
M47883,long_history,Other,1927-11-01,9550.0,9711.476294529864,9847.628,9779.552112108682,9731.89913745976
M47883,long_history,Other,1927-12-01,9550.0,9696.994346310745,9811.6875,9754.340923155372,9714.19836819226
M47883,long_history,Other,1928-01-01,9450.0,9816.861285321007,9739.808,9778.334451254254,9805.303283929106
M47883,long_history,Other,1928-02-01,9520.0,9722.368023409954,9775.748,9749.058035142476,9730.375124585962
M47885,medium,Other,1914-08-01,1530.0,1531.3244654308403,1530.0275,1530.6759656255763,1531.1299307480504
M47885,medium,Other,1914-09-01,1542.0,1531.3244654308403,1530.0275,1530.6759656255763,1531.1299307480504
M47885,medium,Other,1914-10-01,1551.0,1531.3244654308403,1530.0275,1530.6759656255763,1531.1299307480504
M47885,medium,Other,1914-11-01,1551.0,1531.3244654308403,1530.0275,1530.6759656255763,1531.1299307480504
M47885,medium,Other,1914-12-01,1563.0,1534.0405923802612,1530.0275,1532.0340291002867,1533.438638655058
M47885,medium,Other,1915-01-01,1556.0,1543.1034669377025,1539.5903,1541.3468994844761,1542.5764997534925
M47885,medium,Other,1915-02-01,1565.0,1586.6237416418383,1539.5903,1563.107036836544,1579.5687332520079
M47885,medium,Other,1915-03-01,1569.0,1531.3244654308403,1544.3716,1537.848023731045,1533.2815420761754
M47885,medium,Other,1915-04-01,1574.0,1586.6237416418383,1534.8088,1560.7162897662315,1578.851509130914
M47885,medium,Other,1915-05-01,1575.0,1586.6237416418383,1539.5902,1563.1069758013878,1579.5687179932188
M47885,medium,Other,1915-06-01,1570.0,1586.6237416418383,1539.5903,1563.107036836544,1579.5687332520079
M47885,medium,Other,1915-07-01,1580.0,1586.6237416418383,1544.3716,1565.497661836544,1580.2859268555235
M47885,medium,Other,1915-08-01,1584.0,1586.6237416418383,1549.153,1567.8883478717003,1581.0031357178282
M47885,medium,Other,1915-09-01,1580.0,1627.8778442578039,1549.153,1588.5153991796833,1616.069122941399
M47885,medium,Other,1915-10-01,1582.0,1604.4666150455696,1553.9343,1579.2004706087223,1596.8867869733047
M47885,medium,Other,1915-11-01,1583.0,1645.7207176615352,1553.9343,1599.827521916705,1631.9527741968755
M47885,medium,Other,1915-12-01,1594.0,1761.8553512232593,1553.9343,1657.8948386975671,1730.6672127243407
M47885,medium,Other,1916-01-01,1599.0,1657.4997191683974,1553.9343,1605.7170226701362,1641.9649254777082
M47887,medium,Other,1914-08-01,1536.0,1531.3244654308403,1501.6874,1516.5059216802638,1526.8789084091832
M47887,medium,Other,1914-09-01,1545.0,1531.3244654308403,1492.2428,1511.7836316412013,1525.4622213974644
M47887,medium,Other,1914-10-01,1564.0,1531.3244654308403,1492.2428,1511.7836316412013,1525.4622213974644
M47887,medium,Other,1914-11-01,1531.0,1531.3244654308403,1501.6874,1516.5059216802638,1526.8789084091832
M47887,medium,Other,1914-12-01,1516.0,1589.3398685912591,1506.4097,1547.8747682800044,1576.9003446013985
M47887,medium,Other,1915-01-01,1535.0,1543.1034669377025,1506.4097,1524.7565674532261,1537.5994031958753
M47887,medium,Other,1915-02-01,1542.0,1531.3244654308403,1511.1318,1521.22815068417,1528.2955801621129
M47887,medium,Other,1915-03-01,1568.0,1531.3244654308403,1501.6874,1516.5059216802638,1526.8789084091832
M47887,medium,Other,1915-04-01,1593.0,1531.3244654308403,1501.6874,1516.5059216802638,1526.8789084091832
M47887,medium,Other,1915-05-01,1631.0,1627.8778442578039,1506.4097,1567.143756113277,1609.6576239179615
M47887,medium,Other,1915-06-01,1621.0,1627.8778442578039,1496.9651,1562.4214660742145,1608.2409369062427
M47887,medium,Other,1915-07-01,1612.0,1627.8778442578039,1501.6874,1564.7826110937458,1608.949280412102
M47887,medium,Other,1915-08-01,1623.0,1627.8778442578039,1496.9651,1562.4214660742145,1608.2409369062427
M47887,medium,Other,1915-09-01,1597.0,1627.8778442578039,1496.9651,1562.4214660742145,1608.2409369062427
M47887,medium,Other,1915-10-01,1621.0,1645.7207176615352,1496.9651,1571.34290277608,1623.4073792994145
M47887,medium,Other,1915-11-01,1615.0,1627.8778442578039,1501.6874,1564.7826110937458,1608.949280412102
M47887,medium,Other,1915-12-01,1621.0,1630.5939712072247,1511.1318,1570.8629035723625,1612.6746600720396
M47887,medium,Other,1916-01-01,1646.0,1639.656845764666,1501.6874,1570.672111847177,1618.961431692935
M47890,medium,Other,1917-08-01,9690.0,9604.365065506436,9596.904,9600.634681190717,9603.24595021172
M47890,medium,Other,1917-09-01,9680.0,9604.365065506436,9665.946,9635.155677284467,9613.602273453907
M47890,medium,Other,1917-10-01,9860.0,9599.44993704848,9493.34,9546.394890399239,9583.533423053708
M47890,medium,Other,1917-11-01,9930.0,9604.365065506436,9562.383,9583.373939003217,9598.06772755547
M47890,medium,Other,1917-12-01,9830.0,9623.89396196097,9665.946,9644.920125511735,9630.201835440263
M47890,medium,Other,1918-01-01,9860.0,9456.34217503196,9804.031,9630.18671251598,9508.495585105291
M47890,medium,Other,1918-02-01,9920.0,9726.879725003331,9631.426,9679.152753126666,9712.561633440333
M47890,medium,Other,1918-03-01,9890.0,9846.837554685195,9596.904,9721.870925780098,9809.347566013666
M47890,medium,Other,1918-04-01,9940.0,9867.618233996982,9665.946,9766.782261529741,9837.367466670872
M47890,medium,Other,1918-05-01,9980.0,9943.696323568518,9665.946,9804.821306315509,9902.033842806679
M47890,medium,Other,1918-06-01,10030.0,9957.787657587596,9665.946,9811.866973325048,9914.011476722895
M47890,medium,Other,1918-07-01,9980.0,10017.254688960218,9804.031,9910.642969480108,9985.271221944311
M47890,medium,Other,1918-08-01,10000.0,10017.254688960218,9734.988,9876.121485105108,9974.914776631811
M47890,medium,Other,1918-09-01,10070.0,10017.254688960218,9734.988,9876.121485105108,9974.914776631811
M47890,medium,Other,1918-10-01,10070.0,10017.254688960218,9665.946,9841.600489011358,9964.558453389624
M47890,medium,Other,1918-11-01,10220.0,10043.656785759227,9596.904,9820.280541317114,9976.643912426594
M47890,medium,Other,1918-12-01,10050.0,10135.621542975472,9665.946,9900.783916018987,10065.170279302589
M47890,medium,Other,1919-01-01,10120.0,10112.418525935283,9596.904,9854.66141140514,10035.091391576241
M47899,long_history,Other,1928-07-01,5760.0,6456.8820603909935,5733.0903,6094.986196211122,6348.313313344064
M47899,long_history,Other,1928-08-01,5570.0,6352.487324346348,5626.922,5989.704599673174,6243.652555772522
M47899,long_history,Other,1928-09-01,5370.0,6237.704354343709,5485.3633,5861.533817796855,6124.853205586684
M47899,long_history,Other,1928-10-01,5180.0,5946.519341790744,5449.974,5698.2467314422465,5872.037595307289
M47899,long_history,Other,1928-11-01,4990.0,5697.80445670271,5379.1953,5538.499884601355,5650.013121693398
M47899,long_history,Other,1928-12-01,4870.0,5722.339434377465,5237.6377,5479.988564844983,5649.6342101388145
M47899,long_history,Other,1929-01-01,4800.0,5779.990160908513,5166.859,5473.424523813632,5688.0205064011425
M47899,long_history,Other,1929-02-01,4750.0,5721.660086686539,5060.6904,5391.17525818702,5622.514650343715
M47899,long_history,Other,1929-03-01,4710.0,5663.583841401677,4989.9116,5326.747731247713,5562.53302056252
M47899,long_history,Other,1929-04-01,4730.0,5663.583841401677,4919.133,5291.358326950838,5551.916199273457
M47899,long_history,Other,1929-05-01,4700.0,5663.583841401677,4812.9644,5238.274098435213,5535.990967339863
M47899,long_history,Other,1929-06-01,4700.0,5645.500370303137,4777.575,5211.537782807818,5515.311606261574
M47899,long_history,Other,1929-07-01,4650.0,5645.500370303137,4742.1855,5193.842958589068,5510.003195617042
M47899,long_history,Other,1929-08-01,4710.0,5445.789063328425,4777.575,5111.682129320463,5345.556995333068
M47899,long_history,Other,1929-09-01,4750.0,5445.789063328425,4848.3535,5147.071289476713,5356.173755586974
M47899,long_history,Other,1929-10-01,4770.0,5501.852768181636,4989.9116,5245.882194637693,5425.0616083254845
M47899,long_history,Other,1929-11-01,4740.0,5466.161594888179,5166.859,5316.5102408034645,5421.266225283859
M47899,long_history,Other,1929-12-01,4880.0,5466.161594888179,5379.1953,5422.6784536940895,5453.116689151047
M47901,long_history,Other,1928-07-01,609.0,1055.3141086867445,612.60895,833.9615282203254,988.9083345468189
M47901,long_history,Other,1928-08-01,586.0,970.5259151228515,588.7411,779.6335019950195,913.258192710381
M47901,long_history,Other,1928-09-01,569.0,970.5259151228515,572.82916,771.6775388602539,910.8714052958302
M47901,long_history,Other,1928-10-01,554.0,970.5259151228515,552.9392,761.7325620536133,907.8879153055958
M47901,long_history,Other,1928-11-01,537.0,911.3755842206531,541.0053,726.1904471396234,855.8200491998599
M47901,long_history,Other,1928-12-01,515.0,872.9786302530663,533.0494,703.0140038472363,821.989248434833
M47901,long_history,Other,1929-01-01,502.0,892.1187282379431,533.0494,712.5840528396747,838.2583317219783
M47901,long_history,Other,1929-02-01,495.0,872.9786302530663,529.0714,701.0250206929394,821.392553488544
M47901,long_history,Other,1929-03-01,489.0,872.9786302530663,533.0494,703.0140038472363,821.989248434833
M47901,long_history,Other,1929-04-01,497.0,872.9786302530663,541.0053,706.99197015583,823.1826383274112
M47901,long_history,Other,1929-05-01,494.0,872.9786302530663,552.9392,712.9589196187206,824.9727231662783
M47901,long_history,Other,1929-06-01,491.0,872.9786302530663,560.89526,716.9369469624706,826.1661283176455
M47901,long_history,Other,1929-07-01,491.0,872.9786302530663,572.8292,722.9039269429394,827.9562207859072
M47901,long_history,Other,1929-08-01,488.0,872.9786302530663,580.78516,726.8818932515331,829.1496106784854
M47901,long_history,Other,1929-09-01,482.0,872.9786302530663,572.82916,722.9038964253613,827.9562131565127
M47901,long_history,Other,1929-10-01,475.0,872.9786302530663,584.7631,728.87087640583,829.7463056247744
M47901,long_history,Other,1929-11-01,466.0,872.9786302530663,596.697,734.8378258687206,831.5363904636416
M47901,long_history,Other,1929-12-01,453.0,813.7678457238501,612.60895,713.1883967388782,783.5940110283586
M47902,long_history,Other,1928-07-01,734.0,1091.31698401826,723.7676,907.54228107163,1036.1845761860288
M47902,long_history,Other,1928-08-01,714.0,1055.3141086867445,703.0885,879.2013048316535,1002.480272107854
M47902,long_history,Other,1928-09-01,693.0,1055.3141086867445,687.5792,871.4466661597785,1000.1538789804126
M47902,long_history,Other,1928-10-01,675.0,1055.3141086867445,672.06995,863.6920274879035,997.8274858529712
M47902,long_history,Other,1928-11-01,655.0,1055.3141086867445,672.06995,863.6920274879035,997.8274858529712
M47902,long_history,Other,1928-12-01,630.0,1055.3141086867445,666.90015,861.1071275855597,997.0520189340259
M47902,long_history,Other,1929-01-01,619.0,1060.952504724592,666.90015,863.9263256044835,1001.8446555661963
M47902,long_history,Other,1929-02-01,608.0,970.5259151228515,672.06995,821.297930705957,925.7575213236622
M47902,long_history,Other,1929-03-01,600.0,970.5259151228515,677.23975,823.8828306083008,926.5329958720021
M47902,long_history,Other,1929-04-01,604.0,970.5259151228515,682.4095,826.4676999930664,927.3084551615528
M47902,long_history,Other,1929-05-01,598.0,970.5259151228515,682.4095,826.4676999930664,927.3084551615528
M47902,long_history,Other,1929-06-01,591.0,970.5259151228515,692.749,831.6374692801758,928.8593889994435
M47902,long_history,Other,1929-07-01,591.0,970.5259151228515,703.0885,836.807208049707,930.410307578545
M47902,long_history,Other,1929-08-01,586.0,970.5259151228515,708.2583,839.3921079520508,931.1857744974903
M47902,long_history,Other,1929-09-01,583.0,970.5259151228515,718.59784,844.5618772391601,932.736708335381
M47902,long_history,Other,1929-10-01,584.0,970.5259151228515,728.9374,849.7316465262695,934.2876421732716
M47902,long_history,Other,1929-11-01,579.0,970.5259151228515,739.277,854.901446330957,935.8385760111622
M47902,long_history,Other,1929-12-01,569.0,970.5259151228515,754.78625,862.656085002832,938.1649691386036
M47903,long_history,Other,1928-07-01,1155.0,1589.4522057031613,1140.8492,1365.150724433612,1522.1617704775701
M47903,long_history,Other,1928-08-01,1127.0,1529.6396467371574,1094.5986,1312.1191397748287,1464.3835038037323
M47903,long_history,Other,1928-09-01,1101.0,1529.6396467371574,1063.7648,1296.702208622485,1459.758427509787
M47903,long_history,Other,1928-10-01,1079.0,1529.6396467371574,1040.6394,1285.1395255170162,1456.2896164746307
M47903,long_history,Other,1928-11-01,1061.0,1516.676535129665,1025.2227,1270.9495956898324,1442.9584563494732
M47903,long_history,Other,1928-12-01,1052.0,1443.0522841838024,1017.51416,1230.2832221700262,1379.221577786701
M47903,long_history,Other,1929-01-01,1041.0,1462.1923821686792,994.3888,1228.2905880569958,1392.02185003869
M47903,long_history,Other,1929-02-01,1061.0,1416.4727145289307,986.68036,1201.5765367078247,1352.0038672861147
M47903,long_history,Other,1929-03-01,1064.0,1416.4727145289307,1009.80566,1213.1391892957154,1355.4726630624818
M47903,long_history,Other,1929-04-01,1069.0,1416.4727145289307,1025.2227,1220.8476853894654,1357.785208838849
M47903,long_history,Other,1929-05-01,1073.0,1416.4727145289307,1048.3479,1232.4103074597779,1361.2540046152162
M47903,long_history,Other,1929-06-01,1070.0,1400.7602651729271,1079.1816,1239.9709528989636,1352.5234836977695
M47903,long_history,Other,1929-07-01,1067.0,1400.7602651729271,1110.0155,1255.3878840513073,1357.1485599917148
M47903,long_history,Other,1929-08-01,1072.0,1400.7602651729271,1140.8492,1270.8047541684948,1361.773621026871
M47903,long_history,Other,1929-09-01,1064.0,1400.7602651729271,1148.5576,1274.6589411802136,1362.929871026871
M47903,long_history,Other,1929-10-01,1065.0,1400.7602651729271,1163.9746,1282.3674372739636,1365.2424168032383
M47903,long_history,Other,1929-11-01,1055.0,1400.7602651729271,1187.0999,1293.930059344276,1368.7112125796054
M47903,long_history,Other,1929-12-01,1047.0,1400.7602651729271,1248.7673,1324.763799578651,1377.961334649918
M47904,cold_start,Other,1903-07-01,1078.0,1079.033037359689,1080.8846,1079.9588404571882,1079.310787444212
M47904,cold_start,Other,1903-08-01,1078.0,1079.033037359689,1080.8846,1079.9588404571882,1079.310787444212
M47904,cold_start,Other,1903-09-01,1078.0,1079.033037359689,1080.8846,1079.9588404571882,1079.310787444212
M47904,cold_start,Other,1903-10-01,1078.0,1079.033037359689,1080.8846,1079.9588404571882,1079.310787444212
M47904,cold_start,Other,1903-11-01,1088.0,1079.033037359689,1080.8846,1079.9588404571882,1079.310787444212
M47904,cold_start,Other,1903-12-01,1088.0,1081.7491643091098,1080.8846,1081.3169039318987,1081.61949535122
M47904,cold_start,Other,1904-01-01,1088.0,1090.8120388665511,1080.8846,1085.8483412106193,1089.322938725045
M47904,cold_start,Other,1904-02-01,1087.0,1079.033037359689,1080.8846,1079.9588404571882,1079.310787444212
M47904,cold_start,Other,1904-03-01,1087.0,1079.033037359689,1080.8846,1079.9588404571882,1079.310787444212
M47904,cold_start,Other,1904-04-01,1071.0,1079.033037359689,1080.8846,1079.9588404571882,1079.310787444212
M47904,cold_start,Other,1904-05-01,1087.0,1079.033037359689,1080.8846,1079.9588404571882,1079.310787444212
M47904,cold_start,Other,1904-06-01,1087.0,1079.033037359689,1080.8846,1079.9588404571882,1079.310787444212
M47904,cold_start,Other,1904-07-01,1087.0,1079.033037359689,1080.8846,1079.9588404571882,1079.310787444212
M47904,cold_start,Other,1904-08-01,1087.0,1079.033037359689,1080.8846,1079.9588404571882,1079.310787444212
M47904,cold_start,Other,1904-09-01,1087.0,1079.033037359689,1080.8846,1079.9588404571882,1079.310787444212
M47904,cold_start,Other,1904-10-01,1087.0,1079.033037359689,1080.8846,1079.9588404571882,1079.310787444212
M47904,cold_start,Other,1904-11-01,1102.0,1197.066199590263,1080.8846,1138.9754215724752,1179.6389753402004
M47904,cold_start,Other,1904-12-01,1102.0,1081.7491643091098,1080.8846,1081.3169039318987,1081.61949535122
M47914,long_history,Other,1927-09-01,2296.0,2361.127231997199,2309.5415,2335.3343679517247,2353.3893910941038
M47914,long_history,Other,1927-10-01,2286.0,2361.127231997199,2309.5415,2335.3343679517247,2353.3893910941038
M47914,long_history,Other,1927-11-01,2268.0,2326.5443320259265,2297.3215,2311.9329326145257,2322.160918306022
M47914,long_history,Other,1927-12-01,2269.0,2329.2604589753473,2297.3215,2313.290996089236,2324.46962621303
M47914,long_history,Other,1928-01-01,2225.0,2558.2114742026943,2309.5415,2433.876489054472,2520.9109969687747
M47914,long_history,Other,1928-02-01,2231.0,2558.2114742026943,2309.5415,2433.876489054472,2520.9109969687747
M47914,long_history,Other,1928-03-01,2245.0,2558.2114742026943,2309.5415,2433.876489054472,2520.9109969687747
M47914,long_history,Other,1928-04-01,2261.0,2549.0381931678958,2321.7612,2435.399711818323,2514.9466548665396
M47914,long_history,Other,1928-05-01,2272.0,2549.0381931678958,2333.981,2441.509575099573,2516.7796321614614
M47914,long_history,Other,1928-06-01,2279.0,2549.0381931678958,2333.981,2441.509575099573,2516.7796321614614
M47914,long_history,Other,1928-07-01,2296.0,2558.2114742026943,2333.981,2446.096215616972,2524.5769210410404
M47914,long_history,Other,1928-08-01,2305.0,2675.1977333536024,2333.981,2504.589345192426,2624.0152413193123
M47914,long_history,Other,1928-09-01,2273.0,2675.1977333536024,2340.0908,2507.644276833051,2624.931714707984
M47914,long_history,Other,1928-10-01,2265.0,2640.6148333823294,2346.2007,2493.4077584880397,2596.452723121074
M47914,long_history,Other,1928-11-01,2262.0,2640.6148333823294,2333.981,2487.2978952067897,2594.6197763437303
M47914,long_history,Other,1928-12-01,2286.0,2558.2114742026943,2333.981,2446.096215616972,2524.5769210410404
M47914,long_history,Other,1929-01-01,2240.0,2558.2114742026943,2327.871,2443.041283976347,2523.6604171347904
M47914,long_history,Other,1929-02-01,2247.0,2558.2114742026943,2327.871,2443.041283976347,2523.6604171347904
M47919,medium,Other,1918-09-01,10140.0,10034.480580198106,10097.654,10066.067438536553,10043.956686527765
M47919,medium,Other,1918-10-01,9920.0,10138.073401597465,10097.654,10117.863849236233,10132.010584717222
M47919,medium,Other,1918-11-01,10040.0,10009.651407937468,10170.825,10090.238301624984,10033.827476043723
M47919,medium,Other,1918-12-01,9960.0,10015.083503521028,10024.482,10019.782962698013,10016.493341274125
M47919,medium,Other,1919-01-01,9600.0,9928.406177098439,9987.896,9958.15133073672,9937.329820846175
M47919,medium,Other,1919-02-01,9910.0,9920.860421636806,10170.825,10045.842808474652,9958.35513768816
M47919,medium,Other,1919-03-01,10110.0,9942.702135891732,10170.825,10056.763665602117,9976.920594804847
M47919,medium,Other,1919-04-01,10060.0,10034.480580198106,10170.825,10102.652887755303,10054.932272465265
M47919,medium,Other,1919-05-01,10100.0,10048.571914217184,10243.997,10146.284492264842,10077.885736459608
M47919,medium,Other,1919-06-01,10070.0,10043.656785759227,10061.068,10052.362572567114,10046.268546215657
M47919,medium,Other,1919-07-01,9720.0,9996.474009648431,9987.896,9992.185247011716,9995.187478513668
M47919,medium,Other,1919-08-01,9940.0,9884.778449797648,10170.825,10027.801822555073,9927.685461624877
M47919,medium,Other,1919-09-01,10070.0,10034.480580198106,10207.411,10120.945856505303,10060.420187504327
M47919,medium,Other,1919-10-01,9840.0,10100.592597469196,10207.411,10154.001865140848,10116.615402184756
M47919,medium,Other,1919-11-01,10290.0,9884.778449797648,10243.997,10064.387760055073,9938.661291703002
M47919,medium,Other,1919-12-01,10290.0,10147.932305755403,10097.654,10122.793301315201,10140.390653251468
M47919,medium,Other,1920-01-01,9790.0,10032.873824937047,10134.24,10083.557029656024,10048.078859594929
M47919,medium,Other,1920-02-01,10020.0,9940.911426235056,10243.997,10092.454248273778,9986.374321674799
M47923,short,Other,1909-09-01,1066.0,1142.0048313053326,1070.667,1106.3359117464163,1131.3041584894156
M47923,short,Other,1909-10-01,1059.0,1086.2234537632012,1070.667,1078.4452229753506,1083.889987578604
M47923,short,Other,1909-11-01,1036.0,1086.2234537632012,1064.7188,1075.4711018816006,1082.9977604057524
M47923,short,Other,1909-12-01,1015.0,1058.6461751186487,1064.7188,1061.6824625593244,1059.5570735578826
M47923,short,Other,1910-01-01,1006.0,1053.7486248111636,1058.7706,1056.259627346988,1054.5019286236688
M47923,short,Other,1910-02-01,1006.0,1041.9696233043014,1052.8225,1047.3960665349632,1043.5975654287736
M47923,short,Other,1910-03-01,1001.0,1041.9696233043014,1046.8744,1044.4220064763695,1042.705338255922
M47923,short,Other,1910-04-01,992.0,1041.9696233043014,1046.8744,1044.4220064763695,1042.705338255922
M47923,short,Other,1910-05-01,1016.0,1041.9696233043014,1040.9263,1041.4479464177757,1041.8131263418595
M47923,short,Other,1910-06-01,1027.0,1034.7792069007892,1040.9263,1037.8527382160196,1035.7012723988742
M47923,short,Other,1910-07-01,988.0,1048.7396317657156,1034.978,1041.858829554733,1046.6753911024207
M47923,short,Other,1910-08-01,999.0,985.2169429935548,1029.0298,1007.1233640749024,991.7888784732326
M47923,short,Other,1910-09-01,998.0,1034.7792069007892,1029.0298,1031.9044960285196,1033.916802794382
M47923,short,Other,1910-10-01,1002.0,1034.7792069007892,1023.0817,1028.930466487504,1033.0245908803195
M47923,short,Other,1910-11-01,993.0,1034.7792069007892,1023.0817,1028.930466487504,1033.0245908803195
M47923,short,Other,1910-12-01,971.0,1037.49533385021,1017.13354,1027.3144393860425,1034.4410716144755
M47923,short,Other,1911-01-01,954.0,996.9959445004168,1023.08167,1010.0388047697397,1000.9088025812138
M47923,short,Other,1911-02-01,967.0,985.2169429935548,1017.13354,1001.1752439577149,990.0044393863185
M47928,short,Other,1909-09-01,10090.0,10048.571914217184,10080.309,10064.440253983592,10053.332513803358
M47928,short,Other,1909-10-01,10020.0,10048.571914217184,10080.309,10064.440253983592,10053.332513803358
M47928,short,Other,1909-11-01,10030.0,10043.656785759227,10080.309,10061.982689754614,10049.154654614094
M47928,short,Other,1909-12-01,10010.0,10024.25970908215,10016.509,10020.384249072325,10023.097071079203
M47928,short,Other,1910-01-01,9870.0,9949.893145439491,10016.509,9983.200967250996,9959.885491982943
M47928,short,Other,1910-02-01,10000.0,10009.651407937468,10112.208,10060.929707874984,10025.034995574973
M47928,short,Other,1910-03-01,10050.0,10034.480580198106,10112.208,10073.344294005303,10046.139791996515
M47928,short,Other,1910-04-01,9980.0,10048.571914217184,10112.208,10080.389961014842,10058.117425912733
M47928,short,Other,1910-05-01,10020.0,10043.656785759227,10144.107,10093.882103817114,10058.724478832844
M47928,short,Other,1910-06-01,9990.0,10043.656785759227,10144.107,10093.882103817114,10058.724478832844
M47928,short,Other,1910-07-01,9880.0,10043.656785759227,10112.208,10077.932396785864,10053.93956672347
M47928,short,Other,1910-08-01,10000.0,10009.651407937468,10112.208,10060.929707874984,10025.034995574973
M47928,short,Other,1910-09-01,10050.0,10034.480580198106,10239.808,10137.144098692803,10065.27968457464
M47928,short,Other,1910-10-01,9950.0,10048.571914217184,10303.607,10176.089668046092,10086.82726477992
M47928,short,Other,1910-11-01,10120.0,10043.656785759227,10239.808,10141.732201473364,10073.079459301594
M47928,short,Other,1910-12-01,10110.0,10029.174837540106,10303.607,10166.391129707554,10070.339749604404
M47928,short,Other,1911-01-01,9950.0,9954.808273897448,10271.708,10113.258140854974,10002.343258398769
M47928,short,Other,1911-02-01,10060.0,10048.571914217184,10271.708,10160.139961014842,10082.042352670545
M47929,medium,Other,1922-05-01,10140.0,10034.480580198106,10139.3955,10086.938044005303,10050.217916996515
M47929,medium,Other,1922-06-01,9920.0,10138.073401597465,10072.248,10105.160724236233,10128.199671631284
M47929,medium,Other,1922-07-01,10040.0,10009.651407937468,10172.97,10091.310567249984,10034.149253387473
M47929,medium,Other,1922-08-01,9960.0,10034.480580198106,10105.822,10070.151422911553,10045.181906254327
M47929,medium,Other,1922-09-01,9600.0,10022.169817418175,9937.951,9980.060494646586,10009.537093828887
M47929,medium,Other,1922-10-01,9910.0,9920.860421636806,10105.822,10013.341343630902,9948.604771477223
M47929,medium,Other,1922-11-01,10110.0,9942.702135891732,10240.118,10091.410149977117,9987.314637773597
M47929,medium,Other,1922-12-01,10060.0,10015.083503521028,10072.248,10043.665775198013,10023.658258266312
M47929,medium,Other,1923-01-01,10100.0,9954.808273897448,10206.544,10080.676109604974,9992.568722265956
M47929,medium,Other,1923-02-01,10070.0,10043.656785759227,10139.3955,10091.526146785864,10058.01769172347
M47929,medium,Other,1923-03-01,9720.0,9996.474009648431,9937.951,9967.212590761716,9987.695657224605
M47929,medium,Other,1923-04-01,9940.0,9884.778449797648,10139.3955,10012.086978805073,9922.971106156127
M47929,medium,Other,1923-05-01,10070.0,10034.480580198106,10240.118,10137.299372130303,10065.326315434015
M47929,medium,Other,1923-06-01,9840.0,10100.592597469196,10240.118,10170.355380765848,10121.521530114444
M47929,medium,Other,1923-07-01,10290.0,9884.778449797648,10273.692,10079.235416305073,9943.115637406127
M47929,medium,Other,1923-08-01,10290.0,10167.329382432481,10206.544,10186.93666387249,10173.211664520735
M47929,medium,Other,1923-09-01,9790.0,10159.81829340945,10005.1,10082.458951392226,10136.61056404647
M47929,medium,Other,1923-10-01,10020.0,9940.911426235056,10139.3955,10040.153467023778,9970.684136127924
M47940,medium,Other,1916-09-01,1010.0,985.2169429935548,971.53174,978.3743406374024,983.1641683902247
M47940,medium,Other,1916-10-01,1030.0,1021.2775049537595,984.3714,1002.8244519397704,1015.7415951530785
M47940,medium,Other,1916-11-01,1040.0,1048.7396317657156,980.09155,1014.4155922500453,1038.4424199110144
M47940,medium,Other,1916-12-01,1010.0,1068.2474623620801,1010.05066,1039.1490607708838,1059.5179418847213
M47940,medium,Other,1917-01-01,1020.0,1046.5582084076514,967.25183,1006.9050197311694,1034.6622609599804
M47940,medium,Other,1917-02-01,1000.0,1048.7396317657156,984.3714,1016.5555153457484,1039.084402943241
M47940,medium,Other,1917-03-01,1010.0,1034.7792069007892,980.09155,1007.4353798175821,1026.5760587758273
M47940,medium,Other,1917-04-01,980.0,1034.7792069007892,988.65125,1011.7152260089883,1027.8600248402804
M47940,medium,Other,1917-05-01,990.0,985.2169429935548,992.93115,989.0740476686524,986.3740835513576
M47940,medium,Other,1917-06-01,990.0,1034.7792069007892,984.3714,1009.5753029132852,1027.2180418080538
M47940,medium,Other,1917-07-01,960.0,1034.7792069007892,1001.4909,1018.135056331254,1029.78597393696
M47940,medium,Other,1917-08-01,1020.0,985.2169429935548,992.93115,989.0740476686524,986.3740835513576
M47940,medium,Other,1917-09-01,980.0,1048.7396317657156,988.65125,1018.6954384414515,1039.7263859754676
M47940,medium,Other,1917-10-01,1000.0,985.2169429935548,975.81165,980.5142942506836,983.8061514224513
M47940,medium,Other,1917-11-01,980.0,1034.7792069007892,967.25183,1001.0155189777383,1024.6501096791476
M47940,medium,Other,1917-12-01,1070.0,987.9330699429756,992.93115,990.4321111433628,988.6827914583653
M47940,medium,Other,1918-01-01,980.0,1090.8120388665511,988.65125,1039.7316419918693,1075.487932011178
M47940,medium,Other,1918-02-01,960.0,990.1320714515117,967.25183,978.6919512530997,986.7000445472617
M47942,medium,Other,1916-09-01,9900.0,9708.39720504851,9626.411,9667.404168930505,9696.099294213109
M47942,medium,Other,1916-10-01,9900.0,9819.67542442828,9626.411,9723.04327862039,9790.685780685913
M47942,medium,Other,1916-11-01,10100.0,9819.67542442828,9698.79,9759.23273174539,9801.542714279663
M47942,medium,Other,1916-12-01,9700.0,9892.056792057576,9698.79,9795.423415560039,9863.066876764566
M47942,medium,Other,1917-01-01,9900.0,9709.516207749517,9662.601,9686.05839684351,9702.47891330584
M47942,medium,Other,1917-02-01,10300.0,9888.910266434972,9626.411,9757.660699623735,9849.535396391602
M47942,medium,Other,1917-03-01,10000.0,10167.329382432481,9662.601,9914.96498418499,10091.62011178636
M47942,medium,Other,1917-04-01,9300.0,10104.70489065459,9554.032,9829.368558608545,10022.10401545484
M47942,medium,Other,1917-05-01,9900.0,9690.598023875717,9554.032,9622.31512521911,9670.113178692798
M47942,medium,Other,1917-06-01,9900.0,9930.05518527206,9554.032,9742.04370591728,9873.65176587969
M47942,medium,Other,1917-07-01,9900.0,9950.835864583847,9554.032,9752.434045573173,9891.31534329471
M47942,medium,Other,1917-08-01,10200.0,9912.909545980918,9626.411,9769.660339396709,9869.934784005656
M47942,medium,Other,1917-09-01,9900.0,10132.115796270502,9662.601,9897.358191104002,10061.688563548678
M47942,medium,Other,1917-10-01,9900.0,10042.424158080807,9626.411,9834.417645446654,9980.02220429056
M47942,medium,Other,1917-11-01,10200.0,10003.693802610505,9771.17,9887.431862242753,9968.815269328305
M47942,medium,Other,1917-12-01,10600.0,10086.316622794415,9554.032,9820.174424678458,10006.47398777369
M47942,medium,Other,1918-01-01,9700.0,10170.854905642895,9409.274,9790.064659852698,10056.617905148023
M47942,medium,Other,1918-02-01,10100.0,9949.045154927171,9192.137,9570.590936838586,9835.508938328721
M47948,medium,Other,1916-09-01,9990.0,10334.080494656957,10205.529,10269.804895765978,10314.797888231851
M47948,medium,Other,1916-10-01,10553.0,10122.029581123543,10669.417,10395.72328665552,10204.137741611263
M47948,medium,Other,1916-11-01,12077.0,10690.731384882536,11974.102,11332.416473691268,10883.23703359547
M47948,medium,Other,1916-12-01,10307.0,11346.625515003107,10379.488,10863.056898126553,11201.555027596392
M47948,medium,Other,1917-01-01,9879.0,10262.288987637103,10234.522,10248.405724287302,10258.124106288413
M47948,medium,Other,1917-02-01,11276.0,10300.190813911247,10959.347,10629.768746799375,10399.064291433937
M47948,medium,Other,1917-03-01,10862.0,10985.128838664516,10727.402,10856.265591207259,10946.469986497652
M47948,medium,Other,1917-04-01,10222.0,10842.806215664728,10118.55,10480.678010176114,10734.167754018144
M47948,medium,Other,1917-05-01,11699.0,10363.456957918384,11075.318,10719.387658646692,10470.236265793128
M47948,medium,Other,1917-06-01,9917.0,11424.611933460592,10060.564,10742.588193292795,11220.00486023838
M47948,medium,Other,1917-07-01,9451.0,10144.224174984998,9770.635,9957.429470305,10088.185763581
M47948,medium,Other,1917-08-01,10984.0,9690.679216088272,10669.417,10180.048104137886,9837.489931331282
M47948,medium,Other,1917-09-01,10604.0,10651.664516098424,10437.474,10544.569074455463,10619.535932433662
M47948,medium,Other,1917-10-01,10727.0,10574.52630906492,11278.27,10926.39792015746,10680.087841220808
M47948,medium,Other,1917-11-01,12193.0,10838.915809975138,12090.072,11464.494037800068,11026.589302736682
M47948,medium,Other,1917-12-01,10306.0,11572.105087570799,10611.432,11091.7683640979,11428.00416818518
M47948,medium,Other,1918-01-01,10721.0,10269.304996825042,10263.516,10266.41031091252,10268.436713121599
M47948,medium,Other,1918-02-01,12585.0,10845.087370170859,11075.318,10960.20286477293,10879.62211620773
M47950,medium,Other,1916-09-01,8641.0,7480.851460470945,7282.752,7381.801706797973,7451.136583197179
M47950,medium,Other,1916-10-01,7455.0,8183.375822115113,7282.7515,7733.063643479431,8048.282168524409
M47950,medium,Other,1916-11-01,7224.0,7137.460845143224,7333.6807,7235.5707546028625,7166.893842395179
M47950,medium,Other,1916-12-01,7497.0,7238.227688569002,7308.216,7273.22175444075,7248.725957158652
M47950,medium,Other,1917-01-01,5816.0,7203.334962422097,7002.6465,7102.990723398549,7173.231690715033
M47950,medium,Other,1917-02-01,6387.0,6223.040243876519,7079.0386,6651.039409047635,6351.440042255979
M47950,medium,Other,1917-03-01,9298.0,7082.341114047311,7613.786,7348.063623429905,7162.057940104277
M47950,medium,Other,1917-04-01,7478.0,7809.23435515768,7231.823,7520.52879867259,7722.62276145434
M47950,medium,Other,1917-05-01,7354.0,7249.486022074152,7308.216,7278.850921193326,7258.29554063803
M47950,medium,Other,1917-06-01,8332.0,7296.869644418453,7461.0015,7378.935554631102,7321.489466310373
M47950,medium,Other,1917-07-01,7338.0,7941.365894836796,7206.3594,7573.862634918398,7831.114990103464
M47950,medium,Other,1917-08-01,7144.0,7351.807489763258,7537.394,7444.600766366004,7379.645497158145
M47950,medium,Other,1917-09-01,8920.0,7468.690948247466,7715.6426,7592.166763186233,7505.733741557222
M47950,medium,Other,1917-10-01,6897.0,8714.403338287682,7613.786,8164.094735550091,8549.310830708593
M47950,medium,Other,1917-11-01,7240.0,7276.826357199817,7613.786,7445.306245006159,7327.370396783907
M47950,medium,Other,1917-12-01,7850.0,7399.526149678627,7511.9297,7455.727918589313,7416.386778008084
M47950,medium,Other,1918-01-01,5871.0,7310.206627276032,7537.394,7423.800335122391,7344.284764044003
M47950,medium,Other,1918-02-01,6727.0,6503.607458946662,7919.3564,7211.481952129581,6715.969904557788
M47953,long_history,Other,1926-06-01,9970.0,9969.773307129495,9926.119,9947.946223877247,9963.225279810073
M47953,long_history,Other,1926-07-01,9820.0,9943.371210330486,9788.256,9865.813534852743,9920.103932101227
M47953,long_history,Other,1926-08-01,9890.0,9862.915654419929,9857.187,9860.051088928714,9862.056309186628
M47953,long_history,Other,1926-09-01,9950.0,9921.676595288658,9926.119,9923.897867956828,9922.34307474536
M47953,long_history,Other,1926-10-01,9920.0,9960.597101568374,9995.051,9977.823941409188,9965.765226762805
M47953,long_history,Other,1926-11-01,9890.0,9982.873484101792,9995.051,9988.962132675897,9984.700151916211
M47953,long_history,Other,1926-12-01,9880.0,9897.364390153623,9995.051,9946.207585701812,9912.017422060268
M47953,long_history,Other,1927-01-01,9730.0,9779.399518943286,9857.187,9818.293021190393,9791.067594031481
M47953,long_history,Other,1927-02-01,9790.0,9742.793519786832,9926.119,9834.456330205916,9770.292460568808
M47953,long_history,Other,1927-03-01,9820.0,9742.793519786832,9926.119,9834.456330205916,9770.292460568808
M47953,long_history,Other,1927-04-01,9780.0,9737.878391328875,9926.119,9831.998765976938,9766.114601379544
M47953,long_history,Other,1927-05-01,9770.0,9737.878391328875,9926.119,9831.998765976938,9766.114601379544
M47953,long_history,Other,1927-06-01,9750.0,9737.878391328875,9891.652,9814.765367539438,9760.944557434232
M47953,long_history,Other,1927-07-01,9620.0,9711.476294529864,9822.721,9767.098498827432,9728.163053475386
M47953,long_history,Other,1927-08-01,9690.0,9742.793519786832,9857.187,9799.990021612166,9759.952494748495
M47953,long_history,Other,1927-09-01,9720.0,9742.793519786832,9926.119,9834.456330205916,9770.292460568808
M47953,long_history,Other,1927-10-01,9760.0,9742.793519786832,9960.585,9851.689240362166,9775.462260373495
M47953,long_history,Other,1927-11-01,9710.0,9737.878391328875,9926.119,9831.998765976938,9766.114601379544
M47954,long_history,Other,1926-06-01,9910.0,9916.761466830701,9918.945,9917.85338966535,9917.089043681097
M47954,long_history,Other,1926-07-01,9810.0,9916.761466830701,9775.192,9845.9769248216,9895.52617747016
M47954,long_history,Other,1926-08-01,9870.0,9796.803637148838,9847.069,9821.936486543169,9804.343516381201
M47954,long_history,Other,1926-09-01,9850.0,9863.903528804043,9918.945,9891.424420652022,9872.159796358437
M47954,long_history,Other,1926-10-01,9880.0,9739.030570664223,9918.945,9828.987941582112,9766.01778193959
M47954,long_history,Other,1926-11-01,9860.0,9916.761466830701,9918.945,9917.85338966535,9917.089043681097
M47954,long_history,Other,1926-12-01,9820.0,9719.633493987145,9918.945,9819.289403243572,9749.530266764074
M47954,long_history,Other,1927-01-01,9670.0,9575.266525977797,9847.069,9711.167930957648,9616.036971885816
M47954,long_history,Other,1927-02-01,9710.0,9742.793519786832,9847.069,9794.931427862166,9758.434916623495
M47954,long_history,Other,1927-03-01,9780.0,9742.793519786832,9918.945,9830.869416143416,9769.216288693808
M47954,long_history,Other,1927-04-01,9710.0,9742.793519786832,9918.945,9830.869416143416,9769.216288693808
M47954,long_history,Other,1927-05-01,9720.0,9737.878391328875,9918.945,9828.411851914438,9765.038429504544
M47954,long_history,Other,1927-06-01,9690.0,9737.878391328875,9918.945,9828.411851914438,9765.038429504544
M47954,long_history,Other,1927-07-01,9570.0,9690.69561521808,9775.192,9732.94399901529,9703.37020359943
M47954,long_history,Other,1927-08-01,9610.0,9722.012840475043,9847.069,9784.541088206272,9740.771339208475
M47954,long_history,Other,1927-09-01,9580.0,9716.391422987821,9847.069,9781.73037946266,9735.993134344337
M47954,long_history,Other,1927-10-01,9650.0,9717.097712017086,9847.069,9782.083523977293,9736.593480019212
M47954,long_history,Other,1927-11-01,9550.0,9711.476294529864,9847.069,9779.272815233682,9731.815275155073
M47955,long_history,Other,1928-04-01,6210.0,7291.327356846164,6249.063,6770.195172563706,7134.987750389552
M47955,long_history,Other,1928-05-01,6040.0,7199.183067887473,6142.544,6670.863506599986,7040.687260536384
M47955,long_history,Other,1928-06-01,5870.0,6742.4433775196985,5965.014,6353.728768837975,6625.829007122213
M47955,long_history,Other,1928-07-01,5770.0,6480.773913461769,5822.99,6151.882073918385,6382.106373805786
M47955,long_history,Other,1928-08-01,5610.0,6467.012424653447,5680.9663,6073.9893666235985,6349.105519451524
M47955,long_history,Other,1928-09-01,5410.0,6352.487324346348,5609.9536,5981.220468813799,6241.1073287217405
M47955,long_history,Other,1928-10-01,5200.0,6013.271044120161,5574.4478,5793.859399013205,5947.447562795106
M47955,long_history,Other,1928-11-01,4940.0,5697.80445670271,5574.4478,5636.12610530448,5679.300963490273
M47955,long_history,Other,1928-12-01,4820.0,5669.322215657632,5538.9414,5604.131810953816,5649.765130867581
M47955,long_history,Other,1929-01-01,4790.0,5692.938482877849,5538.9414,5615.939944563925,5669.838958004766
M47955,long_history,Other,1929-02-01,4740.0,5669.985756142788,5574.448,5622.216999165144,5655.655190084652
M47955,long_history,Other,1929-03-01,4700.0,5663.583841401677,5609.954,5636.768971482088,5655.539429253926
M47955,long_history,Other,1929-04-01,4730.0,5663.583841401677,5645.46,5654.521901169588,5660.865295953145
M47955,long_history,Other,1929-05-01,4710.0,5663.583841401677,5716.4717,5690.027760544588,5671.517029351582
M47955,long_history,Other,1929-06-01,4700.0,5645.500370303137,5822.99,5734.245302339068,5672.123862120949
M47955,long_history,Other,1929-07-01,4670.0,5645.500370303137,5929.5083,5787.504335542193,5688.101584288917
M47955,long_history,Other,1929-08-01,4750.0,5470.187686438622,6036.0264,5753.107026813061,5555.063525172048
M47955,long_history,Other,1929-09-01,4780.0,5509.986496873751,6142.544,5826.265221093126,5604.87017517472
M47956,long_history,Other,1928-04-01,692.0,1055.3141086867445,690.51874,872.9164232398566,1000.5948045785572
M47956,long_history,Other,1928-05-01,666.0,1055.3141086867445,666.5702,860.942149558216,997.0025270517017
M47956,long_history,Other,1928-06-01,638.0,1055.3141086867445,646.613,850.9635423804816,994.0089433725025
M47956,long_history,Other,1928-07-01,615.0,1055.3141086867445,626.65576,840.9849352027472,991.0153596933033
M47956,long_history,Other,1928-08-01,596.0,970.5259151228515,614.68146,792.6036863211914,917.1492525858692
M47956,long_history,Other,1928-09-01,579.0,970.5259151228515,602.70715,786.616534221582,915.3531023783497
M47956,long_history,Other,1928-10-01,558.0,970.5259151228515,590.73285,780.6293821219726,913.5569598002247
M47956,long_history,Other,1928-11-01,530.0,911.3755842206531,582.74994,747.0627615927484,862.0817374322818
M47956,long_history,Other,1928-12-01,506.0,872.9786302530663,570.77563,721.8771325093456,827.648183981708
M47956,long_history,Other,1929-01-01,489.0,892.1187282379431,570.77563,731.447181501784,843.9172672688533
M47956,long_history,Other,1929-02-01,485.0,872.9786302530663,574.7671,723.8728600484081,828.2469007175479
M47956,long_history,Other,1929-03-01,489.0,872.9786302530663,598.7157,735.8471642476269,831.8391935031924
M47956,long_history,Other,1929-04-01,498.0,872.9786302530663,598.7157,735.8471642476269,831.8391935031924
M47956,long_history,Other,1929-05-01,495.0,872.9786302530663,602.70715,737.8428917866894,832.4379102390322
M47956,long_history,Other,1929-06-01,497.0,872.9786302530663,598.7157,735.8471642476269,831.8391935031924
M47956,long_history,Other,1929-07-01,500.0,872.9786302530663,598.7157,735.8471642476269,831.8391935031924
M47956,long_history,Other,1929-08-01,498.0,872.9786302530663,594.72424,733.8514367085644,831.2404767673526
M47956,long_history,Other,1929-09-01,492.0,872.9786302530663,590.7328,731.8557091695019,830.6417600315127
M47958,long_history,Other,1928-04-01,822.0,1269.866440206968,819.97894,1044.922691539031,1202.3833232359816
M47958,long_history,Other,1928-05-01,794.0,1269.866440206968,788.8405,1029.3534776718434,1197.7125544981886
M47958,long_history,Other,1928-06-01,762.0,1171.425357509348,773.2713,972.3483293894396,1111.7022536510124
M47958,long_history,Other,1928-07-01,742.0,1091.31698401826,757.7021,924.5095357103019,1041.2747556293882
M47958,long_history,Other,1928-08-01,722.0,1055.3141086867445,747.32263,901.318370261341,1009.1153886850025
M47958,long_history,Other,1928-09-01,699.0,1055.3141086867445,726.56366,890.9388841773566,1006.0015428598072
M47958,long_history,Other,1928-10-01,679.0,1055.3141086867445,716.18414,885.7491258765754,1004.4446199472095
M47958,long_history,Other,1928-11-01,647.0,1055.3141086867445,716.18414,885.7491258765754,1004.4446199472095
M47958,long_history,Other,1928-12-01,617.0,1041.8124067397148,716.18414,878.9982749030605,992.9681732922343
M47958,long_history,Other,1929-01-01,606.0,989.6660131077278,726.56366,858.1148363878483,950.2006616176429
M47958,long_history,Other,1929-02-01,601.0,970.5259151228515,716.18414,843.3550290946289,932.3746554179005
M47958,long_history,Other,1929-03-01,599.0,970.5259151228515,721.3739,845.9499082450195,933.1531206888966
M47958,long_history,Other,1929-04-01,607.0,970.5259151228515,731.7534,851.1396665458008,934.7100436014942
M47958,long_history,Other,1929-05-01,601.0,970.5259151228515,742.1328,856.3293638114258,936.2669512553028
M47958,long_history,Other,1929-06-01,601.0,970.5259151228515,752.5123,861.519122112207,937.823881797295
M47958,long_history,Other,1929-07-01,600.0,970.5259151228515,762.89185,866.7088804129883,939.3808123392872
M47958,long_history,Other,1929-08-01,595.0,970.5259151228515,768.08154,869.3037290458008,940.1592623514942
M47958,long_history,Other,1929-09-01,593.0,970.5259151228515,778.46106,874.493487346582,941.7161928934864
M47959,long_history,Other,1928-04-01,1291.0,1751.820127326945,1299.726,1525.7730397376913,1684.0060163089581
M47959,long_history,Other,1928-05-01,1232.0,1682.44519472486,1268.7802,1475.6126730460237,1620.3954473764827
M47959,long_history,Other,1928-06-01,1184.0,1625.2004013457158,1222.3612,1423.7808037002017,1564.7745281555774
M47959,long_history,Other,1928-07-01,1164.0,1589.4522057031613,1183.679,1386.5655803906432,1528.5862242129217
M47959,long_history,Other,1928-08-01,1145.0,1529.6396467371574,1152.7332,1341.1864005170162,1473.1036728711151
M47959,long_history,Other,1928-09-01,1116.0,1529.6396467371574,1129.5238,1329.5817252240474,1469.6222733349823
M47959,long_history,Other,1928-10-01,1081.0,1529.6396467371574,1106.3145,1317.9770499310787,1466.1408737988495
M47959,long_history,Other,1928-11-01,1025.0,1498.8336617259338,1106.3143,1302.5739963903106,1439.9557712805204
M47959,long_history,Other,1928-12-01,1026.0,1422.8680599972681,1098.5779,1260.7229704283216,1374.2245331265842
M47959,long_history,Other,1929-01-01,1024.0,1442.008157982145,1106.3143,1274.1612445184162,1391.6540930982999
M47959,long_history,Other,1929-02-01,1056.0,1396.2884903423965,1121.7874,1259.0379219290107,1355.1133289736542
M47959,long_history,Other,1929-03-01,1079.0,1416.4727145289307,1152.7332,1284.6029344129029,1376.9117804941225
M47959,long_history,Other,1929-04-01,1073.0,1416.4727145289307,1183.679,1300.0758348035279,1381.5536567148256
M47959,long_history,Other,1929-05-01,1067.0,1416.4727145289307,1222.3613,1319.4170213269654,1387.356009620099
M47959,long_history,Other,1929-06-01,1085.0,1400.7602651729271,1284.253,1342.5066584653698,1383.2841953676914
M47959,long_history,Other,1929-07-01,1086.0,1400.7602651729271,1338.4083,1369.5842951841198,1391.4074863833164
M47959,long_history,Other,1929-08-01,1112.0,1400.7602651729271,1400.2999,1400.5300959653698,1400.6912235659336
M47959,long_history,Other,1929-09-01,1098.0,1400.7602651729271,1485.4011,1443.080694109901,1413.4564060610508
M47970,medium,Other,1914-05-01,3520.0,3773.884699794428,3500.301,3637.092862592526,3732.847160840889
M47970,medium,Other,1914-06-01,3480.0,3654.7449083510965,3500.301,3577.5229668708607,3631.5783381140573
M47970,medium,Other,1914-07-01,3530.0,3514.783128427287,3512.0469,3513.4150017136435,3514.372727034288
M47970,medium,Other,1914-08-01,3570.0,3521.0986010890924,3488.5552,3504.826888435171,3516.217136121041
M47970,medium,Other,1914-09-01,3570.0,3488.653293741873,3453.3171,3470.9852162068737,3483.3529193094987
M47970,medium,Other,1914-10-01,3560.0,3561.233460049311,3488.5552,3524.89431791528,3550.331766237227
M47970,medium,Other,1914-11-01,3410.0,3561.233460049311,3465.063,3513.14822416528,3546.807901491133
M47970,medium,Other,1914-12-01,3480.0,3433.8180639908355,3547.285,3490.551488050105,3450.8381278297106
M47970,medium,Other,1915-01-01,3440.0,3431.1019370414147,3570.7766,3500.9392741847696,3452.053162598484
M47970,medium,Other,1915-02-01,3460.0,3426.186808583458,3547.285,3486.7358603464163,3444.35156073344
M47970,medium,Other,1915-03-01,3640.0,3418.053079891343,3547.2847,3482.668873930046,3437.4378303099857
M47970,medium,Other,1915-04-01,3520.0,3527.246567595457,3559.0308,3543.1386646571036,3532.014196713951
M47970,medium,Other,1915-05-01,3490.0,3485.434693507714,3465.063,3475.248840894482,3482.3789499307763
M47970,medium,Other,1915-06-01,3520.0,3495.5483746567375,3476.809,3486.1787283439935,3492.737480762915
M47970,medium,Other,1915-07-01,3560.0,3480.5195650497576,3547.2847,3513.9021165092536,3490.534342694638
M47970,medium,Other,1915-08-01,3540.0,3480.5195650497576,3535.539,3508.0293137748786,3488.7725018743254
M47970,medium,Other,1915-09-01,3450.0,3480.5195650497576,3453.3171,3466.918351860816,3476.4392499212004
M47970,medium,Other,1915-10-01,3460.0,3422.9682083492994,3465.063,3444.0155983152745,3429.2824375461237
M47974,medium,Other,1914-05-01,1484.0,1534.4458461942847,1466.8912,1500.6685407729237,1524.3126606713922
M47974,medium,Other,1914-06-01,1468.0,1505.7261396381584,1471.8469,1488.7865317331416,1500.6442725254426
M47974,medium,Other,1914-07-01,1490.0,1474.2314415253297,1471.8469,1473.0391826767273,1473.8737791295382
M47974,medium,Other,1914-08-01,1506.0,1474.2314415253297,1456.9797,1465.6055889267273,1471.6436918492648
M47974,medium,Other,1914-09-01,1505.0,1504.7448957759686,1476.8026,1490.7737540403282,1500.55356241055
M47974,medium,Other,1914-10-01,1501.0,1531.3244654308403,1442.1127,1486.7185681646388,1517.9427054062535
M47974,medium,Other,1914-11-01,1438.0,1531.3244654308403,1466.8912,1499.1078503912013,1521.6594870224644
M47974,medium,Other,1914-12-01,1466.0,1475.482736304987,1476.8026,1476.1426743048373,1475.6807268602156
M47974,medium,Other,1915-01-01,1451.0,1512.5900126870636,1471.8469,1492.2184682575944,1506.478564617012
M47974,medium,Other,1915-02-01,1459.0,1518.6538845839327,1486.7141,1502.6839979560289,1513.862927750835
M47974,medium,Other,1915-03-01,1536.0,1518.6538845839327,1506.5369,1512.5953749091539,1516.8363469402882
M47974,medium,Other,1915-04-01,1486.0,1531.3244654308403,1506.5369,1518.9306653326075,1527.6063406601597
M47974,medium,Other,1915-05-01,1473.0,1500.8110111802014,1496.6255,1498.7182497307258,1500.18319495239
M47974,medium,Other,1915-06-01,1486.0,1500.8110111802014,1476.8026,1488.8068117424446,1497.2097605041479
M47974,medium,Other,1915-07-01,1503.0,1500.8110111802014,1536.2711,1518.541064672132,1506.1300333312963
M47974,medium,Other,1915-08-01,1492.0,1531.3244654308403,1516.4482,1523.88635380917,1529.0930349960972
M47974,medium,Other,1915-09-01,1456.0,1500.8110111802014,1486.714,1493.762500219007,1498.6964700988744
M47974,medium,Other,1915-10-01,1460.0,1500.8110111802014,1521.404,1511.1075319572883,1503.899976568601
M47981,short,Other,1913-07-01,5236.0,4242.167820804648,5263.534,4752.851000246073,4395.372799051138
M47981,short,Other,1913-08-01,5911.0,4805.95101222539,5950.417,5378.184002206444,4977.620921426738
M47981,short,Other,1913-09-01,6595.0,5399.54612047516,6390.3315,5894.938831721955,5548.16394605623
M47981,short,Other,1913-10-01,973.0,5978.999886489788,933.85284,3456.4263653640346,5222.227830152063
M47981,short,Other,1913-11-01,1515.0,2446.1524459294737,1435.5093,1940.8308616366119,2294.555979796889
M47981,short,Other,1913-12-01,2009.0,2678.941025563195,1906.2947,2292.6178516487853,2563.0440855959037
M47981,short,Other,1914-01-01,2596.0,2368.7106116629643,2485.1292,2426.9198810267944,2386.173398575629
M47981,short,Other,1914-02-01,3200.0,2890.1269457107283,3048.5278,2969.327388870989,2913.887109176385
M47981,short,Other,1914-03-01,3762.0,3102.458522997271,3596.491,3349.474744897073,3176.5634383953366
M47981,short,Other,1914-04-01,4326.0,3444.4340497737207,4152.172,3798.3029623868606,3550.5947479717256
M47981,short,Other,1914-05-01,4942.0,4056.290998696402,4785.031,4420.660880207576,4165.601987563818
M47981,short,Other,1914-06-01,5583.0,4298.941265690759,5433.325,4866.133230501629,4469.098916169177
M47981,short,Other,1914-07-01,6166.0,5033.4208511991155,6135.6445,5584.532691224558,5198.754464241905
M47981,short,Other,1914-08-01,6834.0,5541.601805699701,6552.4053,6047.003539568601,5693.2223746884965
M47981,short,Other,1914-09-01,928.0,6216.270463040964,980.15955,3598.215004469701,5430.85383462486
M47981,short,Other,1914-10-01,1510.0,2348.0294129427784,1474.0981,1911.0637787370142,2216.9397318363226
M47981,short,Other,1914-11-01,2032.0,2532.660918525998,1929.448,2231.054458286437,2442.1789865576457
M47981,short,Other,1914-12-01,2658.0,3328.90560532911,2516.0002,2922.4529247348673,3206.9698194613848
M47984,short,Other,1913-07-01,12326.0,10547.620424733674,12285.293,11416.456696741836,10808.271428406437
M47984,short,Other,1913-08-01,13551.0,11855.603591437608,13879.436,12867.519569156304,12159.178580065718
M47984,short,Other,1913-09-01,14868.0,12736.88633710974,15421.596,14079.24102011737,13139.592888496405
M47984,short,Other,1913-10-01,2714.0,12675.053267469904,2789.7495,7732.401389594327,11192.257710210748
M47984,short,Other,1913-11-01,4044.0,5267.082450369485,4141.3047,4704.193568934743,5098.215822560156
M47984,short,Other,1913-12-01,5297.0,6383.399064540927,5406.222,5894.810616254838,6236.822554469163
M47984,short,Other,1914-01-01,6630.0,6118.197101791685,6740.45,6429.323648552092,6211.535102440901
M47984,short,Other,1914-02-01,7945.0,6247.460242213768,7901.402,7074.431048841259,6495.5515330301405
M47984,short,Other,1914-03-01,9266.0,9112.291189584266,9097.009,9104.649989323383,9109.99890274819
M47984,short,Other,1914-04-01,10525.0,9436.21258571421,10292.616,9864.414398325855,9564.673153911766
M47984,short,Other,1914-05-01,11790.0,9184.43025977536,11401.585,10293.00761035643,9517.003513777807
M47984,short,Other,1914-06-01,13250.0,11106.542179811882,12787.795,11947.168550843442,11358.730164363538
M47984,short,Other,1914-07-01,14753.0,12412.159959316094,14329.955,13371.057518720547,12699.829373621806
M47984,short,Other,1914-08-01,16226.0,12843.325668976633,15941.425,14392.375236832067,13308.04068581764
M47984,short,Other,1914-09-01,2808.0,13222.759211255356,2997.6812,8110.220181799553,11688.997520729163
M47984,short,Other,1914-10-01,4295.0,5084.946895894476,4297.254,4691.100401072238,4966.79299627593
M47984,short,Other,1914-11-01,5634.0,7738.484766465172,5544.8433,6641.664014091961,7409.4385529602405
M47984,short,Other,1914-12-01,7051.0,5115.320044328504,6844.4165,5979.868274117377,5374.684513265166
M47990,short,Other,1907-06-01,2994.07,3077.5621838239817,3087.7441,3082.653162224491,3079.0895078617127
M47990,short,Other,1907-07-01,3093.98,2905.004176192691,3087.7441,2996.3741584088457,2932.415201375116
M47990,short,Other,1907-08-01,3211.3,3102.8002377662765,3187.102,3144.951144273763,3115.445540236101
M47990,short,Other,1907-09-01,3024.12,3077.5621838239817,3202.3877,3139.974939568241,3096.2860410648377
M47990,short,Other,1907-10-01,3012.45,3105.6437344501633,3187.102,3146.3728926157064,3117.8625124174046
M47990,short,Other,1907-11-01,3059.09,3120.671320868808,3171.8162,3146.2437414890915,3128.343053158409
M47990,short,Other,1907-12-01,3015.3,3075.363182315446,3202.3877,3138.8754388139732,3094.4168897825825
M47990,short,Other,1908-01-01,3047.65,3072.647055366025,3240.6028,3156.6249192845753,3097.840420645106
M47990,short,Other,1908-02-01,3110.55,3072.647055366025,3187.102,3129.874553073638,3089.815335195887
M47990,short,Other,1908-03-01,3150.35,3072.647055366025,3225.3167,3148.9818528783253,3095.547512930262
M47990,short,Other,1908-04-01,3305.85,3077.5621838239817,3263.5312,3170.546716911991,3105.4575498539
M47990,short,Other,1908-05-01,3141.56,3303.973275113385,3385.8184,3344.8958172441926,3316.2500560631747
M47990,short,Other,1908-06-01,1605.15,3180.204744660596,3317.032,3248.6183635412353,3200.7288425318193
M47990,short,Other,1908-07-01,1774.77,2102.6863647998925,3301.746,2702.2162292749463,2282.545342452956
M47990,short,Other,1908-08-01,1533.45,2273.4414625754525,3301.746,2787.5937781627263,2427.6871755621814
M47990,short,Other,1908-09-01,1528.01,1787.9257210988474,3416.3901,2602.1579289087986,2032.1954200629266
M47990,short,Other,1908-10-01,1568.21,1732.6264448878492,3378.1753,2555.4008689282996,1979.458796514047
M47990,short,Other,1908-11-01,1539.72,1727.7113164298921,3362.8894,2545.3003603633833,1972.9880601275179
M47992,short,Other,1908-03-01,824.60898,520.9038594911357,766.79175,643.8478037690054,557.7870488780122
M47992,short,Other,1908-04-01,1110.23772,958.1734768999036,1036.4329,997.3031691140143,969.9123906676525
M47992,short,Other,1908-05-01,1393.72439,1106.4617167427432,1297.6476,1202.0546498752778,1135.1395997342615
M47992,short,Other,1908-06-01,1680.26292,1401.0908594465895,1567.2886,1484.1897168326698,1426.0205227659294
M47992,short,Other,1908-07-01,2006.9292,1661.5531472337996,1857.9954,1759.7742542809624,1691.019485451464
M47992,short,Other,1908-08-01,2354.50392,2255.4712120489803,2182.4072,2218.93921930574,2244.5116142260085
M47992,short,Other,1908-09-01,2659.35495,2387.9652529731857,2464.6877,2426.3264985569053,2399.4736510623643
M47992,short,Other,1908-10-01,2975.84034,2514.007682296667,2738.542,2626.274837242084,2547.6878409873234
M47992,short,Other,1908-11-01,3260.98762,2822.6029613532137,3003.9697,2913.286343957857,2849.808006652185
M47992,short,Other,1908-12-01,3540.32738,3216.1471054143567,3252.5452,3234.346135714991,3221.6068450221255
M47992,short,Other,1909-01-01,305.7574,3248.6255703381808,265.42792,1757.0267439093248,2801.1459246983427
M47992,short,Other,1909-02-01,624.24087,1285.6551724010835,560.34784,923.0015058782761,1176.8590739701203
M47992,short,Other,1909-03-01,926.71174,997.789823357504,783.6443,890.7170552334395,965.6679959720426
M47992,short,Other,1909-04-01,1240.86233,868.6226778090349,1057.4985,963.0606064826425,896.9540625146329
M47992,short,Other,1909-05-01,1554.29659,1249.3549796475013,1318.7133,1284.0341182417194,1259.7587242775246
M47992,short,Other,1909-06-01,1860.3636,1522.6736683750612,1600.9937,1561.8336603594057,1534.4216812291538
M47992,short,Other,1909-07-01,2218.32686,1825.2363594532394,1887.4873,1856.3618320703697,1834.57401344541
M47992,short,Other,1909-08-01,2591.93189,2318.8064497977066,2199.2598,2259.0331077113533,2300.8744593788324
M48000,short,Other,1908-05-01,5180.0,5086.790598113585,5173.7266,5130.258580306792,5099.831029392641
M48000,short,Other,1908-06-01,5040.0,5127.087858934107,5133.464,5130.275863060804,5128.0442723791475
M48000,short,Other,1908-07-01,5060.0,5086.790598113585,5073.0703,5079.930455306792,5084.732579685609
M48000,short,Other,1908-08-01,5240.0,5065.238053395632,5113.3325,5089.285286463441,5072.452223315975
M48000,short,Other,1908-09-01,5280.0,5205.562527148746,5113.3325,5159.447523339998,5191.7280260061225
M48000,short,Other,1908-10-01,5250.0,5227.115071866699,5173.7266,5200.420817183349,5219.106832082788
M48000,short,Other,1908-11-01,5230.0,5303.103505980678,5173.7266,5238.415034240339,5283.69700107967
M48000,short,Other,1908-12-01,5200.0,5305.819632930099,5173.7266,5239.7730977150495,5286.005708986679
M48000,short,Other,1909-01-01,5090.0,5131.29038009058,5173.7266,5152.50847129529,5137.655844073087
M48000,short,Other,1909-02-01,5050.0,5124.497973692068,5193.8574,5159.177697783534,5134.901951954665
M48000,short,Other,1909-03-01,5060.0,5100.929226689089,5375.039,5237.984144594544,5142.045763095883
M48000,short,Other,1909-04-01,5120.0,5096.014098231132,5213.989,5155.001433881191,5113.710311133182
M48000,short,Other,1909-05-01,5230.0,5096.014098231132,5153.595,5124.804656537441,5104.651290137088
M48000,short,Other,1909-06-01,5280.0,5205.562527148746,5032.8076,5119.185072168123,5179.64929065456
M48000,short,Other,1909-07-01,5360.0,5262.806245160155,5113.3325,5188.069382345702,5240.38518631582
M48000,short,Other,1909-08-01,5250.0,5365.801908820437,5113.3325,5239.567214175844,5327.931500427059
M48000,short,Other,1909-09-01,5220.0,5308.018634438635,5093.201,5200.609903156817,5275.796063882215
M48000,short,Other,1909-10-01,5160.0,5308.018634438635,5113.3325,5210.675576984942,5278.815717202528
M4862,medium,Macro,1918-07-01,10822.0,9274.553905635732,9296.949,9285.751562192865,9277.913300259122
M4862,medium,Macro,1918-08-01,12230.2,10247.621304877805,8258.184,9252.902449313902,9949.205648208635
M4862,medium,Macro,1918-09-01,14474.0,11499.213501406512,8336.092,9917.652649140757,11024.74529455491
M4862,medium,Macro,1918-10-01,15377.0,12013.521647551508,8154.3076,10083.914632369504,11434.639640653158
M4862,medium,Macro,1918-11-01,19252.0,14294.659815265037,8128.3384,11211.499097085643,13369.71169746747
M4862,medium,Macro,1918-12-01,21759.6,16077.0846858211,8128.338,12102.71128822305,14884.772715369812
M4862,medium,Macro,1919-01-01,12328.1,16987.110199016435,7660.8945,12324.002365133218,15588.177946507722
M4862,medium,Macro,1919-02-01,22263.8,15100.381032833704,7453.141,11276.761073057478,13953.2950693149
M4862,medium,Macro,1919-03-01,25277.9,16190.014033550025,7505.079,11847.546567556263,14887.273891408147
M4862,medium,Macro,1919-04-01,16727.5,16337.041002304835,7634.9253,11985.983147636793,15031.723743560673
M4862,medium,Macro,1919-05-01,16639.2,20419.8315113013,7219.419,13819.6252283069,18439.769626402984
M4862,medium,Macro,1919-06-01,18013.0,16632.187465117124,6777.944,11705.065656386687,15154.050934705025
M4862,medium,Macro,1919-07-01,14318.5,17713.95098929045,7219.419,12466.684967301475,16139.77118269376
M4862,medium,Macro,1919-08-01,17353.4,16748.078831299736,7375.2334,12061.656114868618,15342.152040784464
M4862,medium,Macro,1919-09-01,20067.7,16517.334486896936,6596.1597,11556.747077432843,15029.158325092865
M4862,medium,Macro,1919-10-01,25651.0,15951.496593496599,7349.2646,11650.38062096705,14661.161874979922
M4862,medium,Macro,1919-11-01,14337.7,17970.323700791276,7063.6045,12516.964096489388,16334.31591715696
M4862,medium,Macro,1919-12-01,48185.4,17761.504994244595,6959.7275,12360.616266653547,16141.238473623533
M4866,short,Macro,1911-03-01,3335.9,14414.638321401742,2277.1355,8345.886909724308,12594.01291620906
M4866,short,Macro,1911-04-01,2231.7,6523.070251685235,1626.5254,4074.7978211551176,5788.588534733231
M4866,short,Macro,1911-05-01,12745.3,6651.278908673117,1930.1433,4290.711109609996,5943.108587264728
M4866,short,Macro,1911-06-01,3952.2,6636.066064853074,1908.4564,4272.261242875756,5926.924618259879
M4866,short,Macro,1911-07-01,6380.7,8099.8919057610065,2060.2654,5080.078643310191,7193.947945336309
M4866,short,Macro,1911-08-01,2119.1,8619.937790595102,1886.7694,5253.353599887395,7609.962533382791
M4866,short,Macro,1911-09-01,594.8,6379.787293457089,2060.2654,4220.026337158231,5731.859024877979
M4866,short,Macro,1911-10-01,2098.0,4952.727053732913,1691.5864,3322.1567397570816,4463.555971747195
M4866,short,Macro,1911-11-01,3273.4,6333.570894896361,1886.7693,4110.1700910028685,5666.55067203886
M4866,short,Macro,1911-12-01,1184.4,6497.736386928734,1496.4033,3997.069853620617,5747.53643914333
M4866,short,Macro,1912-01-01,2614.8,2665.49065701424,1626.5253,2146.0079627844634,2509.6458640040964
M4866,short,Macro,1912-02-01,3261.7,3671.6260416744967,1583.1514,2627.3887044309986,3358.3548527084786
M4866,short,Macro,1912-03-01,2149.5,3344.7224206871574,1778.3344,2561.5283856365477,3109.764210171975
M4866,short,Macro,1912-04-01,3547.8,2751.8895461456564,1431.3423,2091.615915650953,2553.807469204277
M4866,short,Macro,1912-05-01,4990.1,4532.749256254491,1561.4644,3047.1068058616206,4087.0565333436616
M4866,short,Macro,1912-06-01,9289.2,3919.2671053200547,1691.5863,2805.426704515496,3585.1150003374764
M4866,short,Macro,1912-07-01,3496.0,5528.617731825241,1604.8384,3566.7280553657456,4940.050841094424
M4866,short,Macro,1912-08-01,4457.2,4081.8754177262945,1539.7773,2810.8263807381472,3700.5607188368817
M4880,medium,Macro,1918-07-01,6151.0,4245.160621470761,3382.982,3814.0712775322554,4115.833824392725
M4880,medium,Macro,1918-08-01,2933.0,4740.711531583358,3041.58,3891.145804854179,4485.841831875152
M4880,medium,Macro,1918-09-01,3014.0,3887.593968190718,2793.2878,3340.4409049937967,3723.4480675421887
M4880,medium,Macro,1918-10-01,5081.0,4542.689836276431,2669.1416,3605.9157189194657,4261.657607172858
M4880,medium,Macro,1918-11-01,3502.0,4387.207367106881,2762.2515,3574.7294159753155,4143.464000077958
M4880,medium,Macro,1918-12-01,5655.0,4075.947703363312,2405.331,3240.639379025406,3825.3552304760033
M4880,medium,Macro,1919-01-01,2767.0,4589.288438351182,3103.653,3846.4707572615284,4366.443146231317
M4880,medium,Macro,1919-02-01,3810.0,3440.1032370737416,2917.4338,3178.768537482183,3361.70283329979
M4880,medium,Macro,1919-03-01,3444.0,4521.073378756412,2669.1416,3595.107490159456,4243.283618280841
M4880,medium,Macro,1919-04-01,7336.0,3369.1217084354867,2715.6965,3042.409120819306,3271.107944357664
M4880,medium,Macro,1919-05-01,4382.0,5678.255716645446,2793.2878,4235.771779221161,5245.510553728708
M4880,medium,Macro,1919-06-01,4021.0,4825.61226636733,2824.3242,3824.968242558665,4525.419077535278
M4880,medium,Macro,1919-07-01,3275.0,5042.193898255691,2544.9956,3793.5947518622206,4667.614172648197
M4880,medium,Macro,1919-08-01,4282.0,4016.2629929298555,2560.514,3288.3884544727402,3797.9006619102993
M4880,medium,Macro,1919-09-01,4735.0,4545.372597913665,2498.441,3521.9067579412076,4238.332852025444
M4880,medium,Macro,1919-10-01,5301.0,4714.509889429204,2188.0754,3451.2926644411646,4335.54474024334
M4880,medium,Macro,1919-11-01,4945.0,5021.204500007675,2343.258,3682.23127832415,4619.512533502618
M4880,medium,Macro,1919-12-01,6000.0,5040.459908969862,2374.2947,3707.3772933521186,4640.535148698602
M543,medium,Macro,1918-01-01,9536.0,9267.056707275911,9385.961,9326.508822387956,9284.892366223588
M543,medium,Macro,1918-02-01,9547.0,9719.065755282461,9409.604,9564.334635453732,9672.646443747906
M543,medium,Macro,1918-03-01,9544.0,9649.949346871703,9456.888,9553.418521092102,9620.990147965947
M543,medium,Macro,1918-04-01,9550.0,9645.034218413746,9456.888,9550.960956863124,9616.812288776686
M543,medium,Macro,1918-05-01,9590.0,9645.034218413746,9456.888,9550.960956863124,9616.812288776686
M543,medium,Macro,1918-06-01,9620.0,9645.034218413746,9456.888,9550.960956863124,9616.812288776686
M543,medium,Macro,1918-07-01,9662.0,9660.972929826601,9480.529,9570.751113350801,9633.90645812605
M543,medium,Macro,1918-08-01,9736.0,9660.972929826601,9456.888,9558.930312569551,9630.360193477612
M543,medium,Macro,1918-09-01,9785.0,9665.888058284558,9433.246,9549.56707601728,9630.991788018437
M543,medium,Macro,1918-10-01,9790.0,9665.888058284558,9409.604,9537.74578695478,9627.445401299687
M543,medium,Macro,1918-11-01,9820.0,9660.972929826601,9409.604,9535.288222725801,9623.267542110425
M543,medium,Macro,1918-12-01,9813.0,9662.35653246131,9433.246,9547.801313105654,9627.989991068676
M543,medium,Macro,1919-01-01,9891.0,9505.383413309402,9433.246,9469.314753529701,9494.562839789556
M543,medium,Macro,1919-02-01,9879.0,9851.917879262144,9504.172,9678.044877131073,9799.756051865012
M543,medium,Macro,1919-03-01,9906.0,9851.917879262144,9504.172,9678.044877131073,9799.756051865012
M543,medium,Macro,1919-04-01,9923.0,9904.775817288803,9551.456,9728.115935988151,9851.777950554859
M543,medium,Macro,1919-05-01,9955.0,9904.775817288803,9551.456,9728.115935988151,9851.777950554859
M543,medium,Macro,1919-06-01,9981.0,10003.16335494114,9575.099,9789.13099387682,9938.953744278095
M5787,medium,Macro,1922-07-01,13433.9,17941.404267944232,18154.703,18048.053696472118,17973.399194158847
M5787,medium,Macro,1922-08-01,17366.5,16958.0570948176,17801.393,17379.7248364713,17084.55751496996
M5787,medium,Macro,1922-09-01,20570.0,17478.329807718786,17583.97,17531.150255421893,17494.176039685968
M5787,medium,Macro,1922-10-01,17605.0,17105.415144001843,18399.303,17752.358939188423,17299.49838021407
M5787,medium,Macro,1922-11-01,18564.5,18733.915731150504,19078.744,18906.329935887752,18785.640139056057
M5787,medium,Macro,1922-12-01,20413.2,19132.199394887863,18643.9,18888.049892756433,19058.95469073281
M5787,medium,Macro,1923-01-01,17463.5,19007.698522593426,19160.277,19083.987933171713,19030.585492251288
M5787,medium,Macro,1923-02-01,16864.4,18908.511352891688,19160.277,19034.394348320842,18946.27639800481
M5787,medium,Macro,1923-03-01,18567.3,19053.466846844836,18915.678,18984.572290609918,19032.798626458738
M5787,medium,Macro,1923-04-01,19881.4,18792.615019017852,18970.033,18881.324111071426,18819.227893118303
M5787,medium,Macro,1923-05-01,18680.3,18962.088617301695,19051.566,19006.827511775846,18975.510432128318
M5787,medium,Macro,1923-06-01,22742.6,19086.910941951235,18317.77,18702.34023660062,18971.5398280023
M5787,medium,Macro,1923-07-01,16323.9,18472.597297842232,17176.305,17824.450992671118,18278.15350394715
M5787,medium,Macro,1923-08-01,17741.8,18404.51143199038,16388.152,17396.33188787019,18102.05761758245
M5787,medium,Macro,1923-09-01,21497.2,18317.684072363052,17448.082,17882.883051806526,18187.243863852345
M5787,medium,Macro,1923-10-01,21307.2,18683.823869874843,17801.393,18242.608223999923,18551.459273768618
M5787,medium,Macro,1923-11-01,21789.9,19026.849018894278,18861.322,18944.08564225964,19002.020152388264
M5787,medium,Macro,1923-12-01,24544.9,19864.36164759347,19703.832,19784.096839421734,19840.282351626323
M6038,medium,Macro,1921-01-01,12579.2,13335.521919403252,13624.172,13479.846897201627,13378.819485984954
M6038,medium,Macro,1921-02-01,13336.8,12478.96245902219,14068.723,13273.842557636095,12717.426683918862
M6038,medium,Macro,1921-03-01,15000.9,12509.45331340753,13781.072,13145.262789516266,12700.196205068276
M6038,medium,Macro,1921-04-01,15013.3,13509.261139133283,13990.273,13749.767288316641,13581.412983888291
M6038,medium,Macro,1921-05-01,15750.4,14696.751805362637,13885.672,14291.211840181319,14575.089864636368
M6038,medium,Macro,1921-06-01,14796.2,14910.522779946636,13885.673,14398.097815754569,14756.795437173392
M6038,medium,Macro,1921-07-01,15622.0,14898.526468713872,14251.773,14575.149953106935,14801.513611688042
M6038,medium,Macro,1921-08-01,15416.3,15429.032380674478,13859.523,14644.27790908724,15193.606234510808
M6038,medium,Macro,1921-09-01,16283.3,16274.865856985201,13728.771,15001.8186706801,15892.951896406172
M6038,medium,Macro,1921-10-01,16317.8,16215.581238605793,13807.223,15011.401947427898,15854.327548908675
M6038,medium,Macro,1921-11-01,14622.7,15790.792917996572,13964.123,14877.457982435786,15516.792632640838
M6038,medium,Macro,1921-12-01,14301.8,15272.435409473997,13362.672,14317.553642236999,14985.97097695915
M6038,medium,Macro,1922-01-01,12579.1,14299.156702727565,13101.172,13700.164288863783,14119.459100638744
M6038,medium,Macro,1922-02-01,13512.2,14047.17466638017,12944.271,13495.723075377584,13881.739213493458
M6038,medium,Macro,1922-03-01,15993.3,12477.182079197932,13284.221,12880.701391161467,12598.237946029181
M6038,medium,Macro,1922-04-01,13911.9,14569.603278008048,13598.021,14083.812381191525,14423.866033377155
M6038,medium,Macro,1922-05-01,16085.8,15145.339702312065,13231.921,14188.630300374782,14858.326954973068
M6038,medium,Macro,1922-06-01,15972.3,15416.709372951322,13284.221,14350.46503803816,15096.836145719562
M6084,medium,Macro,1921-01-01,1577.1898,1662.4148476263545,1646.8843,1654.6495624850522,1660.0852742909951
M6084,medium,Macro,1921-02-01,1579.6753,1586.6237416418383,1705.5708,1646.097271211544,1604.4658127197813
M6084,medium,Macro,1921-03-01,1722.2772,1604.4666150455696,1720.2422,1662.3544012727848,1621.8329692242812
M6084,medium,Macro,1921-04-01,1704.5275,1703.9795405906136,1782.5964,1743.2879880687442,1715.772074834053
M6084,medium,Macro,1921-05-01,1751.0817,1703.9795405906136,1731.2458,1717.6126950999942,1708.0694991504593
M6084,medium,Macro,1921-06-01,1745.6736,1759.61103172382,1679.8955,1719.75326976816,1747.6537061888798
M6084,medium,Macro,1921-07-01,1721.9724,1777.4539051275513,1734.9138,1756.1838617434632,1771.072910422872
M6084,medium,Macro,1921-08-01,1744.2614,1699.0644121326566,1683.5632,1691.313822277266,1696.7392504348286
M6084,medium,Macro,1921-09-01,1705.5848,1777.4539051275513,1782.5964,1780.0251703372132,1778.22528469045
M6084,medium,Macro,1921-10-01,1857.559,1699.0644121326566,1789.9321,1744.4982705194534,1712.6945879592427
M6084,medium,Macro,1921-11-01,1718.7304,1782.3690335855083,1771.5928,1776.980903511504,1780.752600666823
M6084,medium,Macro,1921-12-01,1703.7947,1706.6956675400345,1687.2312,1696.9634343559546,1703.7760036883265
M6084,medium,Macro,1922-01-01,1506.7069,1715.7585420974758,1635.8806,1675.8195786659253,1703.7768561197686
M6084,medium,Macro,1922-02-01,1523.8041,1609.3817435035266,1661.5559,1635.4688258533258,1617.2078804154978
M6084,medium,Macro,1922-03-01,1748.9391,1554.0824672925287,1749.5854,1651.8339582556393,1583.4079328920088
M6084,medium,Macro,1922-04-01,1632.6843,1727.0697573745103,1760.589,1743.8293733161613,1732.0976421570058
M6084,medium,Macro,1922-05-01,1585.7513,1650.6358461194923,1756.9211,1703.7784943488086,1666.578646691803
M6084,medium,Macro,1922-06-01,1719.3484,1650.6358461194923,1701.9028,1676.2693390753711,1658.3259001097717
M6480,medium,Macro,1922-04-01,10180.0,10200.43832041556,10310.389,10255.41349614528,10216.930921962601
M6480,medium,Macro,1922-05-01,10140.0,10189.291249576914,10283.112,10236.201777132206,10203.364481085691
M6480,medium,Macro,1922-06-01,10130.0,10157.091005561466,10337.664,10247.377534030733,10184.177012930371
M6480,medium,Macro,1922-07-01,10090.0,10106.7561763405,10364.94,10235.848303014,10145.483838756612
M6480,medium,Macro,1922-08-01,9890.0,10043.656785759227,10310.389,10177.022728817114,10083.66661750472
M6480,medium,Macro,1922-09-01,9910.0,10009.651407937468,10337.664,10173.657735218734,10058.853354949973
M6480,medium,Macro,1922-10-01,9870.0,9995.56007391839,10364.94,10180.250251802945,10050.96715169782
M6480,medium,Macro,1922-11-01,9910.0,9990.644945460434,10337.664,10164.154503980217,10042.697861844494
M6480,medium,Macro,1922-12-01,9860.0,9971.247868783355,10419.493,10195.370516422929,10038.484760731479
M6480,medium,Macro,1923-01-01,9780.0,9866.205342495157,10446.77,10156.48743687258,9953.290044050573
M6480,medium,Macro,1923-02-01,9800.0,9817.829177751912,10501.321,10159.575233407206,9920.353043276626
M6480,medium,Macro,1923-03-01,9660.0,9812.914049293955,10501.321,10157.117669178228,9916.175184087362
M6480,medium,Macro,1923-04-01,9730.0,9817.829177751912,10392.217,10105.022987313456,9903.987442690688
M6480,medium,Macro,1923-05-01,9630.0,9817.829177751912,10446.77,10132.299354500956,9912.170304018813
M6480,medium,Macro,1923-06-01,9690.0,9817.829177751912,10555.874,10186.851600594706,9928.536026675063
M6480,medium,Macro,1923-07-01,9730.0,9812.914049293955,10474.045,10143.479485584478,9912.0837534233
M6480,medium,Macro,1923-08-01,9760.0,9812.914049293955,10528.598,10170.755852771978,9920.266614751425
M6480,medium,Macro,1923-09-01,9740.0,9792.133369982168,10528.598,10160.365513116085,9902.603037336406
M6629,medium,Macro,1918-09-01,7960.0,8240.48539167608,7697.51,7968.99757865054,8159.039047768419
M6629,medium,Macro,1918-10-01,7900.0,8144.945264255444,7500.7686,7822.856909471472,8048.318831062441
M6629,medium,Macro,1918-11-01,7890.0,8105.753437782361,7476.176,7790.964609516181,8011.31681371657
M6629,medium,Macro,1918-12-01,8220.0,7974.401158587882,7279.434,7626.917620309566,7870.156145932512
M6629,medium,Macro,1919-01-01,8360.0,8198.797336318867,7353.212,7776.004625190683,8071.959547394475
M6629,medium,Macro,1919-02-01,7780.0,8348.051589622513,7476.176,7912.113685436257,8217.2702427807
M6629,medium,Macro,1919-03-01,7330.0,7962.470632736493,7353.212,7657.8412733994965,7871.081849349457
M6629,medium,Macro,1919-04-01,8060.0,7629.1655452063815,7205.6562,7417.410897603191,7565.639224167612
M6629,medium,Macro,1919-05-01,7730.0,8011.663793790143,7328.619,7670.141467207572,7909.207193471622
M6629,medium,Macro,1919-06-01,8020.0,7863.561244151396,7353.212,7608.3865791069475,7787.008869052124
M6629,medium,Macro,1919-07-01,7310.0,7852.201745273029,7230.249,7541.225384355264,7758.9088369977
M6629,medium,Macro,1919-08-01,6880.0,7588.199884444823,6861.3584,7224.779141441161,7479.1737591999745
M6629,medium,Macro,1919-09-01,6900.0,7207.623842525053,6935.1367,7071.380280637526,7166.750773958795
M6629,medium,Macro,1919-10-01,6780.0,7151.397491719663,7082.6924,7117.044937266081,7141.091798625776
M6629,medium,Macro,1919-11-01,7140.0,7050.47109076581,6935.1367,6992.803904757905,7033.170934963439
M6629,medium,Macro,1919-12-01,8330.0,7358.322316536174,6959.7295,7159.025904361837,7298.533441711998
M6629,medium,Macro,1920-01-01,5740.0,8007.063305584869,6959.7295,7483.396398886185,7849.96328240339
M6629,medium,Macro,1920-02-01,7560.0,6746.062400318678,6910.544,6828.303172815589,6770.734705309939
M6735,medium,Macro,1922-01-01,10100.0,9929.112466127704,10049.963,9989.537678376353,9947.240103044487
M6735,medium,Macro,1922-02-01,10190.0,10017.254688960218,9995.639,10006.446680417608,10014.012310811499
M6735,medium,Macro,1922-03-01,10250.0,10111.671304798456,9995.639,10053.654988336728,10094.266434274
M6735,medium,Macro,1922-04-01,10180.0,10200.43832041556,10049.963,10125.20060552028,10177.867079189164
M6735,medium,Macro,1922-05-01,10140.0,10189.291249576914,10049.963,10119.627070100956,10168.392068976316
M6735,medium,Macro,1922-06-01,10130.0,10157.091005561466,10104.287,10130.689057468233,10149.170421133496
M6735,medium,Macro,1922-07-01,10090.0,10106.7561763405,10131.449,10119.10269754525,10110.460157115987
M6735,medium,Macro,1922-08-01,9890.0,10043.656785759227,10212.936,10128.296166317114,10069.048697582844
M6735,medium,Macro,1922-09-01,9910.0,10009.651407937468,10158.611,10084.131368031234,10031.995444793723
M6735,medium,Macro,1922-10-01,9870.0,9995.56007391839,10185.773,10090.666755709195,10024.09215169782
M6735,medium,Macro,1922-11-01,9910.0,9990.644945460434,10158.611,10074.628136792717,10015.839951688244
M6735,medium,Macro,1922-12-01,9860.0,9971.247868783355,10131.449,10051.348543766679,9995.278095692416
M6735,medium,Macro,1923-01-01,9780.0,9866.205342495157,10158.611,10012.40833531008,9910.06628916776
M6735,medium,Macro,1923-02-01,9800.0,9817.829177751912,10212.936,10015.382362313456,9877.095230776626
M6735,medium,Macro,1923-03-01,9660.0,9812.914049293955,10240.098,10026.505852771978,9876.991712407675
M6735,medium,Macro,1923-04-01,9730.0,9817.829177751912,10294.422,10056.125526375956,9889.31813116725
M6735,medium,Macro,1923-05-01,9630.0,9817.829177751912,10321.583,10069.706092782206,9893.39234991725
M6735,medium,Macro,1923-06-01,9690.0,9817.829177751912,10267.26,10042.544471688456,9885.243790346938
M7046,short,Macro,1907-03-01,6420.0,6139.359688911714,6414.4,6276.879795627732,6180.615769754645
M7046,short,Macro,1907-04-01,6490.0,6323.953998408969,6460.547,6392.250436704484,6344.44299093278
M7046,short,Macro,1907-05-01,6550.0,6386.077139043681,6495.1567,6440.616938662466,6402.439127757442
M7046,short,Macro,1907-06-01,6610.0,6393.587672152259,6506.6934,6450.140515763629,6410.553549649733
M7046,short,Macro,1907-07-01,6670.0,6516.333786721513,6506.6934,6511.513573048256,6514.887747033599
M7046,short,Macro,1907-08-01,6710.0,6577.356880973297,6518.23,6547.7934307210235,6568.487906932772
M7046,short,Macro,1907-09-01,6760.0,6572.44175251534,6529.7666,6551.10417703892,6566.040516493508
M7046,short,Macro,1907-10-01,6790.0,6572.44175251534,6564.377,6568.40935282017,6571.232044813821
M7046,short,Macro,1907-11-01,6820.0,6700.599674407543,6564.377,6632.488313766271,6680.1662784221935
M7046,short,Macro,1907-12-01,6840.0,6725.08919712209,6587.45,6656.269696217295,6704.443371264714
M7046,short,Macro,1908-01-01,6840.0,6648.962081875556,6587.45,6618.206138594028,6639.735323305161
M7046,short,Macro,1908-02-01,6840.0,6737.715229719022,6529.7666,6633.740915640761,6706.522972116638
M7046,short,Macro,1908-03-01,6820.0,6807.767604812964,6472.083,6639.925306312733,6757.41496409102
M7046,short,Macro,1908-04-01,6790.0,6807.767604812964,6506.6934,6657.230482093983,6762.6064924113325
M7046,short,Macro,1908-05-01,6750.0,6831.271499503248,6610.5234,6720.897468501624,6798.159326823856
M7046,short,Macro,1908-06-01,6690.0,6713.541382316026,6633.597,6673.5692751423885,6701.549786785029
M7046,short,Macro,1908-07-01,6620.0,6691.7679865509,6737.4272,6714.597616322325,6698.616924310453
M7046,short,Macro,1908-08-01,6540.0,6671.346694458642,6875.868,6773.607429260571,6702.0249393132835
M7051,short,Macro,1907-03-01,14060.0,13698.595269087089,14110.898,13904.746853293545,13760.440744349027
M7051,short,Macro,1907-04-01,13920.0,13830.323430816634,14004.802,13917.562594314568,13856.495375178514
M7051,short,Macro,1907-05-01,13730.0,14295.509680726476,13845.655,14070.582477081989,14228.031617289382
M7051,short,Macro,1907-06-01,13490.0,13907.9344064724,13633.461,13770.6976719862,13866.763410540603
M7051,short,Macro,1907-07-01,13200.0,13755.660390806337,13500.84,13628.250117278169,13717.4374308182
M7051,short,Macro,1907-08-01,12860.0,13245.791712930597,13315.172,13280.481793965298,13256.198834897259
M7051,short,Macro,1907-09-01,12480.0,12965.468644291246,13156.025,13060.747017458123,12994.052278311623
M7051,short,Macro,1907-10-01,12070.0,12625.527249207862,12996.88,12811.203566010181,12681.230266318871
M7051,short,Macro,1907-11-01,11650.0,12133.425630502143,12890.783,12512.10441681357,12247.02933963776
M7051,short,Macro,1907-12-01,11220.0,12241.470762856958,12784.687,12513.07864314723,12322.953151358102
M7051,short,Macro,1908-01-01,10780.0,10828.256440340076,12678.589,11753.422653763788,11105.806426437503
M7051,short,Macro,1908-02-01,10380.0,10280.27569095911,12572.492,11426.383939229556,10624.108238682431
M7051,short,Macro,1908-03-01,9980.0,10318.894858242129,12466.395,11392.644694746064,10641.019858021436
M7051,short,Macro,1908-04-01,9600.0,10191.54750674448,12333.773,11262.66047212224,10512.881420771871
M7051,short,Macro,1908-05-01,9240.0,9880.367026162368,12227.677,11054.021891987435,10232.46358356614
M7051,short,Macro,1908-06-01,8920.0,9415.573082197412,12121.58,10768.576580161207,9821.474180414676
M7051,short,Macro,1908-07-01,8630.0,9110.554737305394,12042.008,10576.281274902696,9550.272796240835
M7051,short,Macro,1908-08-01,8360.0,8791.220458319469,11962.435,10376.827514315984,9266.90262394655
M7233,cold_start,Macro,1904-04-01,3100.0,2554.974032685783,2714.5935,2634.783769272579,2578.9169841794005
M7233,cold_start,Macro,1904-05-01,3200.0,3255.9094384836876,2697.1924,2976.550910648094,3172.101910650588
M7233,cold_start,Macro,1904-06-01,3500.0,3238.7595844835405,2784.1987,3011.4791574761452,3170.5754685883535
M7233,cold_start,Macro,1904-07-01,3700.0,3416.07435062277,2819.0012,3117.5377856629475,3326.513387238339
M7233,cold_start,Macro,1904-08-01,4000.0,3553.8299063804775,3201.8286,3377.8292598308635,3501.0297429331717
M7233,cold_start,Macro,1904-09-01,4500.0,3903.2832113759955,3341.0386,3622.160892797373,3818.946521905925
M7233,cold_start,Macro,1904-10-01,4600.0,4254.338062672576,3080.0195,3667.178796961288,4078.1903134767676
M7233,cold_start,Macro,1904-11-01,4500.0,4394.005048635944,2958.2112,3676.1081151382846,4178.635980793678
M7233,cold_start,Macro,1904-12-01,4200.0,4325.46404501115,2749.396,3537.43002055245,4089.053862087603
M7233,cold_start,Macro,1905-01-01,3700.0,4280.249532809515,2784.1987,3532.2241316391323,4055.8419246654316
M7233,cold_start,Macro,1905-02-01,3400.0,3848.2097528082345,2993.0134,3420.6115902713045,3719.9303162541873
M7233,cold_start,Macro,1905-03-01,4000.0,3630.432391842428,3097.421,3363.926645139964,3550.4806922457515
M7233,cold_start,Macro,1905-04-01,4200.0,3880.0921947254014,3167.026,3523.5590368158255,3773.13225955956
M7233,cold_start,Macro,1905-05-01,4400.0,4170.125141314853,3758.6682,3964.396677102739,4108.406602051219
M7233,cold_start,Macro,1905-06-01,3100.0,4292.318370836726,3741.267,4016.792730340238,4209.66067868778
M7233,cold_start,Macro,1905-07-01,3200.0,3712.3473201702823,4002.2856,3857.316482350766,3755.8381176525527
M7233,cold_start,Macro,1905-08-01,3000.0,3463.7598812883916,4037.0881,3750.4240080270083,3549.759131517008
M7233,cold_start,Macro,1905-09-01,2900.0,3174.183708098937,3758.6682,3466.425960494781,3261.8563838176906
M7236,cold_start,Macro,1904-04-01,4300.0,4119.356842912283,3968.4033,4043.8800816123917,4096.713814522316
M7236,cold_start,Macro,1904-05-01,4300.0,4435.228776586164,3848.8733,4142.051033800894,4347.275453750583
M7236,cold_start,Macro,1904-06-01,5000.0,4456.4207867564,3872.7793,4164.6000418157,4368.874599895284
M7236,cold_start,Macro,1904-07-01,4600.0,4894.193426561999,3824.9673,4359.580355859125,4733.8095297652
M7236,cold_start,Macro,1904-08-01,4300.0,4621.6239582232065,3562.0007,4091.8123453225408,4462.680474353007
M7236,cold_start,Macro,1904-09-01,4400.0,4331.731385483,3538.0947,3934.91305602275,4212.6859110589885
M7236,cold_start,Macro,1904-10-01,4300.0,4391.277501336976,3466.3765,3928.826983090363,4252.5423580700235
M7236,cold_start,Macro,1904-11-01,4200.0,4320.604128804844,3442.4707,3881.537415964922,4188.884114952867
M7236,cold_start,Macro,1904-12-01,4500.0,4323.3202557542645,3538.0947,3930.7074911583823,4205.536450789563
M7236,cold_start,Macro,1905-01-01,3800.0,4388.608959825161,3394.6584,3891.633703545393,4239.516407355293
M7236,cold_start,Macro,1905-02-01,3600.0,3951.1835526676196,3824.9673,3888.075418911935,3932.251136954977
M7236,cold_start,Macro,1905-03-01,3400.0,3905.8557897653473,4135.7456,4020.8006976170486,3940.3392987419516
M7236,cold_start,Macro,1905-04-01,3400.0,3664.8581415196054,4637.7725,4151.315301228553,3810.795313846352
M7236,cold_start,Macro,1905-05-01,3800.0,3592.791106745692,4829.021,4210.906051419721,3778.225590147901
M7236,cold_start,Macro,1905-06-01,2800.0,3823.6719125102113,4876.833,4350.252460161356,3981.6460890125863
M7236,cold_start,Macro,1905-07-01,3300.0,2972.6925895697455,5737.4507,4355.071636581748,3387.406315880378
M7236,cold_start,Macro,1905-08-01,3300.0,3441.4381179362485,5737.4507,4589.444400764999,3785.8400149919053
M7236,cold_start,Macro,1905-09-01,3200.0,3468.5611538193566,5785.2627,4626.9119245659285,3816.066409457391
M7436,cold_start,Macro,1904-04-01,2500.0,2789.459165473133,2790.1501,2789.804655978754,2789.5628431423975
M7436,cold_start,Macro,1904-05-01,2200.0,2584.039484120857,2790.1501,2687.094815302616,2614.9561139929633
M7436,cold_start,Macro,1904-06-01,2200.0,2397.933386598619,2744.7817,2571.3575624399346,2449.960663765077
M7436,cold_start,Macro,1904-07-01,2200.0,2411.2568548558024,2744.7817,2578.0192965685264,2461.2856117836823
M7436,cold_start,Macro,1904-08-01,2200.0,2342.251898248095,2790.1501,2566.201022366235,2409.4366660011156
M7436,cold_start,Macro,1904-09-01,2300.0,2342.251898248095,2790.1501,2566.201022366235,2409.4366660011156
M7436,cold_start,Macro,1904-10-01,2400.0,2310.3348294720467,2790.1501,2550.242487978211,2382.307157541474
M7436,cold_start,Macro,1904-11-01,2200.0,2384.604459959567,2835.5186,2610.0615073235335,2452.2415802722726
M7436,cold_start,Macro,1904-12-01,2000.0,2361.9109679725134,2744.7817,2553.3463531268817,2419.3416079328863
M7436,cold_start,Macro,1905-01-01,2000.0,2171.9195445185514,2744.7817,2458.3506413999007,2257.848897997019
M7436,cold_start,Macro,1905-02-01,2000.0,2153.3196501754105,2982.9653,2568.14249110333,2277.7665268678493
M7436,cold_start,Macro,1905-03-01,1900.0,2174.4269533596294,2960.2812,2567.3541016798144,2292.305116166232
M7436,cold_start,Macro,1905-04-01,1900.0,1989.2136806661015,3051.018,2520.115873536176,2148.4843690447024
M7436,cold_start,Macro,1905-05-01,2000.0,1972.097951664297,3062.3599,2517.2289074727732,2135.637262820903
M7436,cold_start,Macro,1905-06-01,1900.0,2055.602877449732,3243.833,2649.717942631116,2233.8374275217257
M7436,cold_start,Macro,1905-07-01,1700.0,1989.2136806661015,3107.728,2548.470854004926,2156.990838771265
M7436,cold_start,Macro,1905-08-01,1700.0,1800.574862417291,3153.0964,2476.835648982083,2003.45311059376
M7436,cold_start,Macro,1905-09-01,1600.0,1766.8964302215954,3153.0964,2459.996432884235,1974.8264432274188
M7620,short,Macro,1907-03-01,1082.0,1086.2234537632012,1083.0743,1084.6488972917568,1085.751086821768
M7620,short,Macro,1907-04-01,1078.0,1086.2234537632012,1083.0743,1084.6488972917568,1085.751086821768
M7620,short,Macro,1907-05-01,1073.0,1086.2234537632012,1083.0743,1084.6488972917568,1085.751086821768
M7620,short,Macro,1907-06-01,1067.0,1079.033037359689,1088.2318,1083.6324244415632,1080.4128534842512
M7620,short,Macro,1907-07-01,1061.0,1079.033037359689,1088.2318,1083.6324244415632,1080.4128534842512
M7620,short,Macro,1907-08-01,1053.0,1079.033037359689,1083.0743,1081.0536890900007,1079.6392328787824
M7620,short,Macro,1907-09-01,1044.0,1079.033037359689,1083.0743,1081.0536890900007,1079.6392328787824
M7620,short,Macro,1907-10-01,1035.0,1079.033037359689,1083.0743,1081.0536890900007,1079.6392328787824
M7620,short,Macro,1907-11-01,1024.0,1048.7396317657156,1088.2318,1068.4857216445766,1054.6634587293738
M7620,short,Macro,1907-12-01,1013.0,1051.4557587151364,1083.0743,1067.2650497677246,1056.198546030913
M7620,short,Macro,1908-01-01,1000.0,1046.5582084076514,1077.9167,1062.2374782272632,1051.2619924052929
M7620,short,Macro,1908-02-01,987.0,1034.7792069007892,1077.9167,1056.347977473832,1041.24984112446
M7620,short,Macro,1908-03-01,972.0,985.2169429935548,1072.7593,1028.9881101686524,998.3482961978419
M7620,short,Macro,1908-04-01,957.0,985.2169429935548,1062.4443,1023.8306394655274,996.8010549869044
M7620,short,Macro,1908-05-01,941.0,985.2169429935548,1062.4443,1023.8306394655274,996.8010549869044
M7620,short,Macro,1908-06-01,925.0,985.2169429935548,1062.4443,1023.8306394655274,996.8010549869044
M7620,short,Macro,1908-07-01,907.0,985.2169429935548,1057.2869,1021.2519041139649,996.0274343814357
M7620,short,Macro,1908-08-01,889.0,985.2169429935548,1057.2869,1021.2519041139649,996.0274343814357
M7645,short,Macro,1907-03-01,7380.0,8074.481090562442,7396.7197,7735.600408562471,7972.816983618701
M7645,short,Macro,1907-04-01,7100.0,7711.029964489304,7130.172,7420.600919744652,7623.901348722159
M7645,short,Macro,1907-05-01,6830.0,7398.114616762439,6863.623,7130.86883181872,7317.9408812793245
M7645,short,Macro,1907-06-01,6560.0,7324.564273285925,6597.0747,6960.8194901585875,7215.440850554755
M7645,short,Macro,1907-07-01,6300.0,6958.87766163378,6330.526,6644.701770270015,6864.6249308457445
M7645,short,Macro,1907-08-01,6040.0,6896.821670813158,6097.2964,6497.059028765954,6776.89290261306
M7645,short,Macro,1907-09-01,5800.0,6490.050128979013,5830.748,6160.399087927006,6391.154853284505
M7645,short,Macro,1907-10-01,5570.0,6289.033340244562,5597.518,5943.275703325406,6185.30608578991
M7645,short,Macro,1907-11-01,5350.0,5966.586718104609,5364.288,5665.437402021054,5876.241959900637
M7645,short,Macro,1907-12-01,5150.0,5756.828135052565,5164.3765,5460.602299948157,5667.960408935306
M7645,short,Macro,1908-01-01,4970.0,5309.0202412882045,4964.4653,5136.742786659727,5257.337004899662
M7645,short,Macro,1908-02-01,4800.0,5141.124815354598,4764.554,4952.839507286673,5084.639259555314
M7645,short,Macro,1908-03-01,4660.0,5018.731110127969,4597.961,4808.346023813985,4955.615596440805
M7645,short,Macro,1908-04-01,4530.0,5015.159035725415,4498.0054,4756.582203409583,4937.585986030666
M7645,short,Macro,1908-05-01,4430.0,4928.783020280602,4331.4126,4630.097808968426,4839.1774813010115
M7645,short,Macro,1908-06-01,4360.0,4727.738381465701,4231.457,4479.59770635785,4653.296191140378
M7645,short,Macro,1908-07-01,4300.0,4698.441062986259,4131.501,4414.971019774379,4613.400062229726
M7645,short,Macro,1908-08-01,4280.0,4542.958046726927,4064.8643,4303.911152269713,4471.244015010858
M767,long_history,Macro,1924-01-01,2989.0,2900.0890477347343,2957.4329,2928.76095453143,2908.690650291321
M767,long_history,Macro,1924-02-01,3011.0,2900.0890477347343,2991.04,2945.5645433986174,2913.7317269514774
M767,long_history,Macro,1924-03-01,3023.0,3072.647055366025,3024.6472,3048.6471360814503,3065.447110098231
M767,long_history,Macro,1924-04-01,3056.0,3072.647055366025,3047.052,3059.8495286595753,3068.8078278716685
M767,long_history,Macro,1924-05-01,3068.0,3072.647055366025,3047.052,3059.8495286595753,3068.8078278716685
M767,long_history,Macro,1924-06-01,3047.0,3072.647055366025,3024.6472,3048.6471360814503,3065.447110098231
M767,long_history,Macro,1924-07-01,2951.0,3072.647055366025,2912.6233,2992.6351731908253,3048.6435212310435
M767,long_history,Macro,1924-08-01,2937.0,2926.018352282054,2901.421,2913.7196253597767,2922.328764722949
M767,long_history,Macro,1924-09-01,2991.0,2905.004176192691,2979.8376,2942.420911338533,2916.229227254022
M767,long_history,Macro,1924-10-01,3057.0,2900.0890477347343,3035.8496,2967.9693285548674,2920.4531624983524
M767,long_history,Macro,1924-11-01,3095.0,3077.5621838239817,3069.4568,3073.5094854666786,3076.346404834369
M767,long_history,Macro,1924-12-01,3086.0,3080.2783107734026,3047.052,3063.665156363264,3075.2943949679393
M767,long_history,Macro,1925-01-01,3058.0,3072.647055366025,3024.6472,3048.6471360814503,3065.447110098231
M767,long_history,Macro,1925-02-01,3070.0,3093.661231455388,3047.052,3070.3566167042563,3086.669877547627
M767,long_history,Macro,1925-03-01,3104.0,3093.661231455388,3091.8616,3092.7614018605063,3093.391313094502
M767,long_history,Macro,1925-04-01,3123.0,3072.647055366025,3114.2664,3093.4567063939503,3078.889981191981
M767,long_history,Macro,1925-05-01,3125.0,3093.661231455388,3114.2664,3103.9637944386313,3096.7520308679395
M767,long_history,Macro,1925-06-01,3106.0,3149.5409685910204,3103.064,3126.302466717385,3142.5694485465083
M7685,short,Macro,1907-03-01,4710.0,5029.629994878528,4749.887,4889.758600954889,4987.668588908468
M7685,short,Macro,1907-04-01,4700.0,5002.355562003152,4763.3813,4882.868454829701,4966.509429851118
M7685,short,Macro,1907-05-01,4680.0,5002.355562003152,4830.8516,4916.603562251576,4976.629974284711
M7685,short,Macro,1907-06-01,4670.0,4802.64425502844,4884.8276,4843.7359458735955,4814.9717989030805
M7685,short,Macro,1907-07-01,4680.0,4802.64425502844,4979.2856,4890.9649497798455,4829.1405000749555
M7685,short,Macro,1907-08-01,4690.0,4779.766481888198,5060.2495,4920.007996803473,4821.838985190906
M7685,short,Macro,1907-09-01,4700.0,4779.766481888198,5114.2256,4946.996033912848,4829.935359702625
M7685,short,Macro,1907-10-01,4700.0,4744.075308594741,5208.6836,4976.37945117237,4813.766563575062
M7685,short,Macro,1907-11-01,4710.0,4699.258241017435,5289.6475,4994.452850977467,4787.816648419507
M7685,short,Macro,1907-12-01,4720.0,4766.171801512181,5370.6113,5068.39156481859,4856.837767125198
M7685,short,Macro,1908-01-01,4730.0,4731.967022425776,5343.6235,5037.795278791013,4823.715548163473
M7685,short,Macro,1908-02-01,4740.0,4755.950660862764,5424.588,5090.269275743882,4856.246294155226
M7685,short,Macro,1908-03-01,4740.0,4763.455674562761,5532.5396,5147.997612672005,4878.818304823659
M7685,short,Macro,1908-04-01,4740.0,4763.455674562761,5559.5273,5161.49150915638,4882.86646156194
M7685,short,Macro,1908-05-01,4720.0,4763.455674562761,5532.5396,5147.997612672005,4878.818304823659
M7685,short,Macro,1908-06-01,4690.0,4763.455674562761,5573.0215,5168.23857946888,4884.890570448659
M7685,short,Macro,1908-07-01,4650.0,4763.455674562761,5505.5513,5134.503472047005,4874.770026015065
M7685,short,Macro,1908-08-01,4620.0,4699.258241017435,5276.1533,4987.705780664967,4785.792539532788
M7688,short,Macro,1907-03-01,5540.0,5662.575871850806,5510.5693,5586.572603894153,5639.774940291935
M7688,short,Macro,1907-04-01,5550.0,5611.968734897689,5510.5693,5561.269035417594,5596.758873881786
M7688,short,Macro,1907-05-01,5570.0,5603.835006205573,5525.423,5564.628928884036,5592.0732318372375
M7688,short,Macro,1907-06-01,5610.0,5585.751535107033,5599.6895,5592.720494116016,5587.84223501676
M7688,short,Macro,1907-07-01,5660.0,5694.288608615227,5659.1025,5676.695573838863,5689.010734803412
M7688,short,Macro,1907-08-01,5720.0,5789.008953995374,5644.249,5716.628988716437,5767.295001032788
M7688,short,Macro,1907-09-01,5790.0,5793.924082453331,5584.836,5689.380009976665,5762.560872917363
M7688,short,Macro,1907-10-01,5850.0,5793.924082453331,5510.5693,5652.246709195415,5751.4209193040815
M7688,short,Macro,1907-11-01,5920.0,5840.353135623425,5421.45,5630.901665467963,5777.517755611943
M7688,short,Macro,1907-12-01,5980.0,5809.696452533627,5258.0635,5533.879964548063,5726.951518344989
M7688,short,Macro,1908-01-01,6030.0,5775.491673447222,5064.9707,5420.23118828611,5668.913527898889
M7688,short,Macro,1908-02-01,6070.0,5876.1875993629,4886.7314,5381.4595223377,5727.769225083465
M7688,short,Macro,1908-03-01,6090.0,5878.77748460494,4723.345,5301.061349724345,5705.462692968887
M7688,short,Macro,1908-04-01,6080.0,5997.864764258811,4604.519,5301.191903613781,5788.862906065303
M7688,short,Macro,1908-05-01,6040.0,5997.513196687605,4530.253,5263.883063187553,5777.424181051652
M7688,short,Macro,1908-06-01,5960.0,6066.572680428393,4485.693,5276.132775761072,5829.440721235228
M7688,short,Macro,1908-07-01,5860.0,5952.586747023563,4470.84,5211.713295386781,5730.324711532528
M7688,short,Macro,1908-08-01,5740.0,5952.586747023563,4426.2793,5189.433021949281,5723.640629501278
M7691,short,Macro,1907-03-01,4980.0,5068.456653629791,5013.589,5041.022760408645,5060.226485663447
M7691,short,Macro,1907-04-01,4910.0,4960.905679155589,4995.02,4977.962849343419,4966.022879040063
M7691,short,Macro,1907-05-01,4820.0,4965.820807613545,4976.451,4971.135989744273,4967.415398873857
M7691,short,Macro,1907-06-01,4690.0,4878.769129582882,4948.5977,4913.68339291644,4889.243432997013
M7691,short,Macro,1907-07-01,4530.0,4813.187870598023,4911.46,4862.323915767762,4827.928684148945
M7691,short,Macro,1907-08-01,4350.0,4707.42576754214,4865.038,4786.23192673982,4731.0676397155075
M7691,short,Macro,1907-09-01,4170.0,4471.115116866456,4809.3315,4640.223329917603,4521.847629609925
M7691,short,Macro,1907-10-01,3990.0,4301.915889025011,4753.625,4527.7704445125055,4369.672267878291
M7691,short,Macro,1907-11-01,3820.0,4006.821738626061,4679.3496,4343.08567400053,4107.700943652464
M7691,short,Macro,1907-12-01,3680.0,3942.328734317961,4632.9277,4287.628234346481,4045.918633154642
M7691,short,Macro,1908-01-01,3560.0,3864.264731059891,4577.2207,4220.742717092446,3971.2081512837203
M7691,short,Macro,1908-02-01,3480.0,3758.8089303525585,4521.5146,4140.16178939503,3873.214824686394
M7691,short,Macro,1908-03-01,3440.0,3665.37127305313,4475.0923,4070.23177910469,3786.82943707563
M7691,short,Macro,1908-04-01,3440.0,3583.0340866667416,4428.67,4005.8520042708706,3709.8795107761057
M7691,short,Macro,1908-05-01,3490.0,3578.118958208785,4391.532,3984.8255923856423,3700.130972875905
M7691,short,Macro,1908-06-01,3610.0,3489.522638364956,4335.826,3912.674405119978,3616.4682050125566
M7691,short,Macro,1908-07-01,3790.0,3598.2029945355453,4270.835,3934.5189777365226,3699.0977894958387
M7691,short,Macro,1908-08-01,4060.0,3805.409272003448,4233.6973,4019.553268814224,3869.652507667775
M7696,short,Macro,1907-03-01,6940.0,6178.7958021259865,6876.2715,6527.533643250494,6283.417227705527
M7696,short,Macro,1907-04-01,7240.0,6663.660664442347,7106.694,6885.177256049299,6730.115715166621
M7696,short,Macro,1907-05-01,7520.0,7046.992671814054,7300.7334,7173.863035125777,7085.053878463822
M7696,short,Macro,1907-06-01,7770.0,7021.655848516305,7458.39,7240.022992617527,7087.166016160735
M7696,short,Macro,1907-07-01,7970.0,7366.0552253944325,7579.6646,7472.859888087842,7398.096648616518
M7696,short,Macro,1907-08-01,8120.0,7454.855756679529,7616.047,7535.451315839764,7479.034497669788
M7696,short,Macro,1907-09-01,8230.0,7738.534442367806,7579.6646,7659.0994965745285,7714.703983043886
M7696,short,Macro,1907-10-01,8300.0,7828.237899348319,7482.645,7655.441459439784,7776.399065032009
M7696,short,Macro,1907-11-01,8340.0,7901.746910455158,7300.7334,7601.240154446329,7811.59498130876
M7696,short,Macro,1907-12-01,8350.0,8116.0288950695585,7143.076,7629.552533472279,7970.085986590376
M7696,short,Macro,1908-01-01,8340.0,8018.201719298031,6961.164,7489.682890899016,7859.646144020515
M7696,short,Macro,1908-02-01,8310.0,8110.587311434789,6742.8696,7426.728470170519,7905.429695676602
M7696,short,Macro,1908-03-01,8280.0,8151.287621963535,6548.8306,7350.059094184892,7910.919124665099
M7696,short,Macro,1908-04-01,8240.0,8165.804515843197,6379.046,7272.425207140348,7897.790772060468
M7696,short,Macro,1908-05-01,8210.0,8165.804515843197,6233.516,7199.660314562223,7875.9613042870305
M7696,short,Macro,1908-06-01,8200.0,8229.553096314485,6148.624,7189.088559875992,7917.413772004032
M7696,short,Macro,1908-07-01,8190.0,8270.918883435505,6112.2417,7191.580291327127,7947.117354631117
M7696,short,Macro,1908-08-01,8200.0,8315.774545138087,6160.7515,7238.2630049909185,7992.521095300968
M7703,short,Macro,1907-03-01,4920.0,4905.498197665636,4875.619,4890.558669145318,4901.016363523604
M7703,short,Macro,1907-04-01,4850.0,4955.230393700899,4789.915,4872.572716381699,4930.433139333265
M7703,short,Macro,1907-05-01,4780.0,4886.902858274997,4713.7334,4800.318128356248,4860.927488127498
M7703,short,Macro,1907-06-01,4710.0,4813.187870598023,4713.7334,4763.460634517762,4798.26974860207
M7703,short,Macro,1907-07-01,4650.0,4813.187870598023,4732.7783,4772.983095455262,4801.126438055195
M7703,short,Macro,1907-08-01,4600.0,4813.187870598023,4780.392,4796.789980220887,4808.268527898945
M7703,short,Macro,1907-09-01,4550.0,4707.42576754214,4866.0967,4786.76122361482,4731.22645319207
M7703,short,Macro,1907-10-01,4500.0,4702.510639084184,4885.1416,4793.8261203233415,4729.905283455932
M7703,short,Macro,1907-11-01,4470.0,4580.9775759564245,4904.187,4742.582293837588,4629.458991320774
M7703,short,Macro,1907-12-01,4430.0,4498.884059178646,4980.369,4739.626599901823,4571.106870223724
M7703,short,Macro,1908-01-01,4410.0,4404.578108124311,5094.6406,4749.609366562156,4508.087497862696
M7703,short,Macro,1908-02-01,4410.0,4378.228644186904,5180.345,4779.286929515327,4498.546166406524
M7703,short,Macro,1908-03-01,4410.0,4378.228644186904,5227.959,4803.093814280952,4505.688256250274
M7703,short,Macro,1908-04-01,4420.0,4378.228644186904,5275.5723,4826.900454905952,4512.830224023712
M7703,short,Macro,1908-05-01,4460.0,4378.228644186904,5323.1855,4850.707095530952,4519.972191797149
M7703,short,Macro,1908-06-01,4510.0,4407.5259626663465,5380.3223,4893.924114145673,4553.445469145301
M7703,short,Macro,1908-07-01,4580.0,4572.883927779678,5351.754,4962.318917014839,4689.71446117132
M7703,short,Macro,1908-08-01,4660.0,4577.799056237634,5418.412,4998.105582806317,4703.8910386223015
M7741,short,Macro,1907-03-01,12890.0,12218.1965813872,12949.982,12584.0895016311,12327.964530702558
M7741,short,Macro,1907-04-01,13080.0,12383.442372270967,13174.81,12779.125971291734,12502.14757404751
M7741,short,Macro,1907-05-01,13210.0,12830.035535067735,13399.636,13114.835638627617,12915.475639377888
M7741,short,Macro,1907-06-01,13280.0,13092.172845576588,13624.462,13358.317379819544,13172.016230263538
M7741,short,Macro,1907-07-01,13280.0,13019.889471897497,13849.287,13434.58829063625,13144.299117519124
M7741,short,Macro,1907-08-01,13220.0,13243.289749698244,14119.078,13681.183937349122,13374.65810364976
M7741,short,Macro,1907-09-01,13110.0,13262.675837309314,14343.904,13803.290067092157,13424.860155072294
M7741,short,Macro,1907-10-01,12940.0,13295.108160823434,14568.731,13931.919803067967,13486.151751153046
M7741,short,Macro,1907-11-01,12740.0,12862.258129515656,14793.558,13827.907873351578,13151.953101494559
M7741,short,Macro,1907-12-01,12500.0,12845.045896961938,15040.866,13942.956053949718,13174.419139370773
M7741,short,Macro,1908-01-01,12250.0,12260.012053375845,15243.209,13751.610518875423,12707.491690681969
M7741,short,Macro,1908-02-01,12000.0,12516.887750158781,15468.035,13992.46145320439,12959.55990990059
M7741,short,Macro,1908-03-01,11740.0,12350.745262415712,15692.861,14021.803295270356,12852.062672272106
M7741,short,Macro,1908-04-01,11480.0,12258.16168447995,15917.6875,14087.924592239975,12807.090752120459
M7741,short,Macro,1908-05-01,11240.0,11480.458840095755,16142.514,13811.486255985377,12179.767211347018
M7741,short,Macro,1908-06-01,11020.0,11480.458840095755,16367.34,13923.899341922877,12213.491088300143
M7741,short,Macro,1908-07-01,10820.0,11102.568977442806,16614.648,13858.608707471403,11929.380896451386
M7741,short,Macro,1908-08-01,10640.0,10882.120280215988,16816.992,13849.556233857995,11772.35106630859
M7908,cold_start,Macro,1904-04-01,1210.0,1185.0312673194112,1194.1006,1189.5659266284556,1186.3916742673982
M7908,cold_start,Macro,1904-05-01,1420.0,1308.145594018995,1268.7317,1288.4386417360602,1302.2335083341147
M7908,cold_start,Macro,1904-06-01,1520.0,1377.5205266210803,1202.393,1289.956735478509,1351.2513953818245
M7908,cold_start,Macro,1904-07-01,1670.0,1480.3600644680062,1144.3463,1312.3531889722844,1429.9580018192898
M7908,cold_start,Macro,1904-08-01,1660.0,1661.426962306234,1094.5922,1378.0095626960856,1576.4017454749473
M7908,cold_start,Macro,1904-09-01,1540.0,1663.3825440461108,1078.0074,1370.6949951675865,1575.5762885378272
M7908,cold_start,Macro,1904-10-01,1450.0,1604.5523605881494,1069.7151,1337.1337242393872,1524.3267818905522
M7908,cold_start,Macro,1904-11-01,1180.0,1531.702741734005,1069.7151,1300.708914812315,1462.4046058645295
M7908,cold_start,Macro,1904-12-01,1050.0,1303.5027287134697,1061.4226,1182.4626680676724,1267.1907135714885
M7908,cold_start,Macro,1905-01-01,900.0,1188.1722382333144,1102.8845,1145.5283798588448,1175.3790807209734
M7908,cold_start,Macro,1905-02-01,960.0,1035.6326668435124,1078.0073,1056.819995531131,1041.9888776568296
M7908,cold_start,Macro,1905-03-01,980.0,1042.8230832470247,1102.8845,1072.8538023656997,1051.8322989826274
M7908,cold_start,Macro,1905-04-01,1100.0,1029.216649052678,1169.2234,1099.2200188622764,1050.217666099073
M7908,cold_start,Macro,1905-05-01,1200.0,1114.984760269277,1359.9478,1237.4662570877636,1151.7292184700966
M7908,cold_start,Macro,1905-06-01,1640.0,1277.3396090077713,1384.8248,1331.082219054667,1293.4624072806291
M7908,cold_start,Macro,1905-07-01,1730.0,1486.1980671316355,1434.5791,1460.3885843470678,1478.4552314515388
M7908,cold_start,Macro,1905-08-01,1540.0,1705.4119980349772,1376.5325,1540.972234369051,1656.0800719869574
M7908,cold_start,Macro,1905-09-01,1450.0,1604.2855680264138,1500.918,1552.601768388207,1588.7804433937408
M8259,cold_start,Macro,1904-04-01,3200.0,2765.5802349534893,2330.171,2547.875566695495,2700.268834476091
M8259,cold_start,Macro,1904-05-01,3400.0,3303.8797886588,2233.0806,2768.480177532525,3143.259917527949
M8259,cold_start,Macro,1904-06-01,3600.0,3513.9928670339914,2233.0806,2873.5367167201207,3321.856034146862
M8259,cold_start,Macro,1904-07-01,3400.0,3544.144437630346,2038.8997,2791.5220479167356,3318.3577329232944
M8259,cold_start,Macro,1904-08-01,4000.0,3499.9934054308683,2135.99,2817.991697832622,3295.3928931513947
M8259,cold_start,Macro,1904-09-01,4100.0,3926.201465057836,2233.0806,3079.641015732043,3672.2333424671297
M8259,cold_start,Macro,1904-10-01,4500.0,3976.9629196452383,2233.0806,3105.0217430257444,3715.3805788664217
M8259,cold_start,Macro,1904-11-01,4800.0,4291.0429660272775,1917.5366,3104.2897935605138,3935.017014287249
M8259,cold_start,Macro,1904-12-01,3800.0,4591.287789340017,1844.7186,3218.0032086348524,4179.302415128468
M8259,cold_start,Macro,1905-01-01,3200.0,3937.222724878105,1893.2639,2915.2433204468653,3630.628909652249
M8259,cold_start,Macro,1905-02-01,2800.0,3631.858137796496,1820.4462,2726.152152394342,3360.14634217585
M8259,cold_start,Macro,1905-03-01,2600.0,3046.632481613974,1820.446,2433.5392632679245,2862.7045344207063
M8259,cold_start,Macro,1905-04-01,4100.0,3354.8782245018824,1990.3544,2672.616297309535,3150.199652447694
M8259,cold_start,Macro,1905-05-01,3500.0,4040.522566065983,1601.9927,2821.2576209236167,3674.7430855750313
M8259,cold_start,Macro,1905-06-01,4300.0,3720.341171610769,1893.2639,2806.802543813197,3446.279589375013
M8259,cold_start,Macro,1905-07-01,4100.0,4227.465146938765,2038.8997,3133.182402570945,3899.180335835451
M8259,cold_start,Macro,1905-08-01,3600.0,4078.5571256197004,1747.6282,2913.0926497239125,3728.9177828509646
M8259,cold_start,Macro,1905-09-01,3100.0,4001.5540188388127,1747.6283,2874.5911573686253,3663.465172604788
M8360,cold_start,Macro,1903-07-01,1581.941176,1555.0765000130646,1406.8727,1480.9745903385635,1532.8459393177457
M8360,cold_start,Macro,1903-08-01,1672.5,1595.3365699084943,1466.1661,1530.7513538019034,1575.9610111800328
M8360,cold_start,Macro,1903-09-01,1746.911765,1703.9795405906136,1530.8499,1617.4146970531192,1678.010096684639
M8360,cold_start,Macro,1903-10-01,1850.0,1782.3690335855083,1530.85,1656.6095045857228,1744.6411809890885
M8360,cold_start,Macro,1903-11-01,1761.764706,1782.3690335855083,1557.8015,1670.0852736286915,1748.6839208572526
M8360,cold_start,Macro,1903-12-01,1969.230769,1791.5942738166068,1498.508,1645.051165228616,1747.6313473437253
M8360,cold_start,Macro,1904-01-01,1780.769231,1995.1385438153252,1611.7048,1803.42168889985,1937.6234995477141
M8360,cold_start,Macro,1904-02-01,1480.0,1824.181194473319,1520.0692,1672.1252041702533,1778.564406537673
M8360,cold_start,Macro,1904-03-01,1850.0,1583.1209018376999,1557.8015,1570.4612077547874,1579.3230088716155
M8360,cold_start,Macro,1904-04-01,1620.0,1737.8078673396376,1568.5822,1653.195010329975,1712.424025495528
M8360,cold_start,Macro,1904-05-01,1350.0,1650.6358461194923,1568.5823,1609.6090607550586,1638.3278227171936
M8360,cold_start,Macro,1904-06-01,1644.117647,1528.2301377964573,1509.2886,1518.7593560076036,1525.3889124150746
M8360,cold_start,Macro,1904-07-01,1300.0,1595.3365699084943,1482.3372,1538.8368640558097,1578.3866703597203
M8360,cold_start,Macro,1904-08-01,1520.0,1481.4489548261672,1498.508,1489.978505733396,1484.0078262018517
M8360,cold_start,Macro,1904-09-01,1420.0,1562.216195984644,1552.4113,1557.3137254337282,1560.745460922885
M8360,cold_start,Macro,1904-10-01,1415.5,1461.0702830324187,1568.5822,1514.8262181763657,1477.197078834392
M8360,cold_start,Macro,1904-11-01,1522.307692,1503.6583399093697,1584.7532,1544.2057568687474,1515.8225711006987
M8360,cold_start,Macro,1904-12-01,2350.0,1582.16076192762,1584.7532,1583.4569678778726,1582.5496298162113
M8432,short,Macro,1907-03-01,2010.0,2030.2487560482675,2009.597,2019.9229009733526,2027.15101783634
M8432,short,Macro,1907-04-01,1988.0,2030.2487560482675,1990.9897,2010.6192510710089,2024.3599106586057
M8432,short,Macro,1907-05-01,1960.0,2030.2487560482675,1972.3823,2001.3155401335089,2021.5688034808713
M8432,short,Macro,1907-06-01,1929.0,2013.133027046463,1949.123,1981.1280369607316,2003.531542227775
M8432,short,Macro,1907-07-01,1894.0,1929.6281012610286,1925.8638,1927.7459353961394,1929.0634637085932
M8432,short,Macro,1907-08-01,1854.0,1929.6281012610286,1893.3009,1911.4645022906707,1924.1790337769526
M8432,short,Macro,1907-09-01,1810.0,1836.494505008917,1860.738,1848.6162710591461,1840.131047031017
M8432,short,Macro,1907-10-01,1762.0,1819.0343308065153,1823.5233,1821.2788231181014,1819.707684603507
M8432,short,Macro,1907-11-01,1710.0,1819.0343308065153,1786.3085,1802.6714012431014,1814.1254702480383
M8432,short,Macro,1907-12-01,1659.0,1719.0089780756325,1749.0938,1734.0513640378163,1723.521706071319
M8432,short,Macro,1908-01-01,1605.0,1679.6432866199095,1707.227,1693.4351687005797,1683.7808695546576
M8432,short,Macro,1908-02-01,1552.0,1667.8642851130473,1665.3606,1666.612440408086,1667.488734753317
M8432,short,Macro,1908-03-01,1498.0,1626.6101824970817,1623.4939,1625.0520394907285,1626.1427487504493
M8432,short,Macro,1908-04-01,1448.0,1540.7974520354448,1586.2792,1563.538313420066,1547.619713502589
M8432,short,Macro,1908-05-01,1402.0,1540.7974520354448,1539.7607,1540.2790971114723,1540.6419608170422
M8432,short,Macro,1908-06-01,1359.0,1507.8379217528525,1511.8496,1509.8437655639264,1508.4396840514482
M8432,short,Macro,1908-07-01,1315.0,1448.0214258823464,1469.9829,1459.002168019298,1451.3156637822212
M8432,short,Macro,1908-08-01,1280.0,1448.0214258823464,1432.7683,1440.3948682146106,1445.7334646855415
M8991,cold_start,Macro,1904-04-01,6100.0,6596.425799523263,6385.4863,6490.956063824131,6564.784927641649
M8991,cold_start,Macro,1904-05-01,6800.0,6561.1071785946115,7119.818,6840.462524844181,6644.913880125733
M8991,cold_start,Macro,1904-06-01,7600.0,6928.849954385332,6896.3257,6912.587818989541,6923.971313766596
M8991,cold_start,Macro,1904-07-01,8000.0,7343.240515322401,6992.108,7167.674212739325,7290.570722203729
M8991,cold_start,Macro,1904-08-01,7600.0,7729.394818295406,6896.3257,7312.860250944578,7604.434448090158
M8991,cold_start,Macro,1904-09-01,7600.0,7434.646456593495,6992.108,7213.377183374872,7368.265772284159
M8991,cold_start,Macro,1904-10-01,7000.0,7371.711412625002,6481.269,6926.490227796876,7238.145069383596
M8991,cold_start,Macro,1904-11-01,6800.0,7266.7158135179525,6193.9224,6730.319088399601,7105.79682039651
M8991,cold_start,Macro,1904-12-01,5900.0,7124.977652045039,5778.865,6451.92144321002,6923.060838222658
M8991,cold_start,Macro,1905-01-01,5400.0,6306.233474688025,5683.0835,5994.658485390888,6212.761038934041
M8991,cold_start,Macro,1905-02-01,5600.0,5664.654696756864,6130.0674,5897.361039784682,5734.466624079272
M8991,cold_start,Macro,1905-03-01,6400.0,5806.652600551629,6385.4863,6096.069464338314,5893.47770851576
M8991,cold_start,Macro,1905-04-01,7300.0,6249.187503832185,6002.3574,6125.7724628535925,6212.16301595267
M8991,cold_start,Macro,1905-05-01,7800.0,7210.21066833763,6130.0674,6670.139025575065,7048.189199922924
M8991,cold_start,Macro,1905-06-01,8800.0,7421.202985676884,6736.6885,7078.945731119692,7318.525833723789
M8991,cold_start,Macro,1905-07-01,7200.0,8431.778262503001,7471.0195,7951.398896876501,8287.664477229115
M8991,cold_start,Macro,1905-08-01,6600.0,7015.518021419867,7630.6562,7323.087135709933,7107.788828949076
M8991,cold_start,Macro,1905-09-01,7000.0,6708.518492461313,7758.366,7233.442351699407,6865.995723474929
M9204,cold_start,Macro,1904-04-01,920.0,976.6303695044821,900.52405,938.5772086780223,965.2144273600599
M9204,cold_start,Macro,1904-05-01,950.0,990.1320714515117,857.64197,923.8870196124747,970.2585620033163
M9204,cold_start,Macro,1904-06-01,970.0,971.7152410465252,843.3479,907.531570718575,952.460144525777
M9204,cold_start,Macro,1904-07-01,940.0,971.7152410465252,809.9951,890.8551791170125,947.457230097066
M9204,cold_start,Macro,1904-08-01,910.0,971.7152410465252,805.23047,888.4728548982625,946.7425313055621
M9204,cold_start,Macro,1904-09-01,830.0,985.2169429935548,824.2892,904.7530637819336,961.0777807559474
M9204,cold_start,Macro,1904-10-01,750.0,997.322487855024,862.4066,929.8645520329808,977.0851071084111
M9204,cold_start,Macro,1904-11-01,730.0,771.5861196590523,919.58276,845.5844416654636,793.7856254162492
M9204,cold_start,Macro,1904-12-01,740.0,774.3022466084732,952.9355,863.6188662241584,801.0972324931788
M9204,cold_start,Macro,1905-01-01,750.0,735.2567009729296,938.6415,836.9490902325585,765.7644299578496
M9204,cold_start,Macro,1905-02-01,730.0,723.4776994660675,933.8768,828.6772347427993,755.0375722561184
M9204,cold_start,Macro,1905-03-01,680.0,723.4776994660675,919.58276,821.5302315689712,752.8934682522122
M9204,cold_start,Macro,1905-04-01,620.0,709.975997519038,881.46533,795.720664775144,735.6994007476276
M9204,cold_start,Macro,1905-05-01,600.0,657.1063363071604,852.87726,754.9917973039708,686.4719807097192
M9204,cold_start,Macro,1905-06-01,610.0,652.1912078492035,824.2892,738.240196209758,678.0059058832488
M9204,cold_start,Macro,1905-07-01,630.0,638.6895059021739,795.7011,717.1953083710089,662.2412512204611
M9204,cold_start,Macro,1905-08-01,660.0,709.975997519038,819.52454,764.7502668259252,726.4082859404987
M9204,cold_start,Macro,1905-09-01,720.0,709.975997519038,819.52454,764.7502668259252,726.4082859404987
M9208,cold_start,Macro,1904-04-01,1200.0,1134.8144149018203,1107.7397,1121.2770804977852,1130.7532176323675
M9208,cold_start,Macro,1904-05-01,1350.0,1201.3066144962818,1084.978,1143.142320920016,1183.8573264234021
M9208,cold_start,Macro,1904-06-01,1500.0,1275.596675556324,1107.7397,1191.668210825037,1250.418139188696
M9208,cold_start,Macro,1904-07-01,1600.0,1404.901026957772,1191.1995,1298.0502449241985,1372.8458045547313
M9208,cold_start,Macro,1904-08-01,1620.0,1515.048149482883,1176.0249,1345.5365259133164,1464.1946746190445
M9208,cold_start,Macro,1904-09-01,1570.0,1577.5378420973932,1176.0249,1376.7813722205715,1517.3109133413782
M9208,cold_start,Macro,1904-10-01,1510.0,1531.3686110234705,1168.4377,1349.9031775820476,1476.9289901463173
M9208,cold_start,Macro,1904-11-01,1440.0,1549.24685108892,1138.0887,1343.6677981030539,1487.5731412966759
M9208,cold_start,Macro,1904-12-01,1330.0,1466.150247576704,1153.2632,1309.706715585227,1419.2171971345344
M9208,cold_start,Macro,1905-01-01,1280.0,1409.5550028234354,1138.0887,1273.8218739703116,1368.835070271014
M9208,cold_start,Macro,1905-02-01,1330.0,1328.401068714488,1145.676,1237.0385470525566,1300.9923183194244
M9208,cold_start,Macro,1905-03-01,1440.0,1319.9036301234685,1221.5486,1270.7261070539216,1305.1503854096359
M9208,cold_start,Macro,1905-04-01,1530.0,1425.8204031412085,1335.3574,1380.5889125081044,1412.250962054793
M9208,cold_start,Macro,1905-05-01,1550.0,1509.6600242339257,1464.3408,1487.0004222732127,1502.862158904501
M9208,cold_start,Macro,1905-06-01,1490.0,1536.2395938887973,1479.5154,1507.8774873740863,1527.7309771931732
M9208,cold_start,Macro,1905-07-01,1470.0,1518.6538845839327,1358.1191,1438.3865126044664,1494.5736821453663
M9208,cold_start,Macro,1905-08-01,1480.0,1518.6538845839327,1213.9613,1366.307594147435,1472.9500096600148
M9208,cold_start,Macro,1905-09-01,1470.0,1518.6538845839327,1305.0083,1411.8310926825914,1486.607053117046
M9399,cold_start,Macro,1904-04-01,3720.0,3493.5684221998295,3617.3594,3555.4638985999145,3512.137101740949
M9399,cold_start,Macro,1904-05-01,3880.0,3559.516049019609,3694.3247,3626.9203780254293,3579.7373843424493
M9399,cold_start,Macro,1904-06-01,3970.0,3725.585536595971,3694.3245,3709.954999743298,3720.8963877472006
M9399,cold_start,Macro,1904-07-01,3910.0,3853.097017047501,3713.566,3783.3314675081256,3832.167376599751
M9399,cold_start,Macro,1904-08-01,3750.0,3848.1818885895445,3559.6357,3703.9088153885223,3804.8999788362694
M9399,cold_start,Macro,1904-09-01,3590.0,3791.5670027757506,3463.4294,3627.498223067563,3742.3464176914194
M9399,cold_start,Macro,1904-10-01,3450.0,3695.7636587820207,3463.4294,3579.596551070698,3660.913575296749
M9399,cold_start,Macro,1904-11-01,3430.0,3544.013099354225,3578.877,3561.445026239612,3549.2426774198416
M9399,cold_start,Macro,1904-12-01,3660.0,3474.1490599962076,3655.8418,3564.9954284356036,3501.4029827350582
M9399,cold_start,Macro,1905-01-01,3860.0,3591.2241854774093,3829.0137,3710.1189286762046,3626.8926084370482
M9399,cold_start,Macro,1905-02-01,3650.0,3758.575927566046,4040.6675,3899.621704017398,3800.889697122546
M9399,cold_start,Macro,1905-03-01,3140.0,3735.8952539283623,4117.6323,3926.763789073556,3793.155863300046
M9399,cold_start,Macro,1905-04-01,2960.0,3327.0550466011377,4329.2866,3828.1708338474436,3477.389794982061
M9399,cold_start,Macro,1905-05-01,3040.0,3081.916872662409,4290.804,3686.360535940579,3263.250008266954
M9399,cold_start,Macro,1905-06-01,2970.0,3159.1992902968486,4194.5977,3676.8984732734243,3314.5090940179466
M9399,cold_start,Macro,1905-07-01,2870.0,2974.064181107302,4175.3564,3574.710313209901,3154.258020738082
M9399,cold_start,Macro,1905-08-01,2840.0,2888.594242297344,4233.08,3560.837160211172,3090.267142085555
M9399,cold_start,Macro,1905-09-01,2850.0,2810.171950592567,4194.5977,3502.3848034212833,3017.835855269307
M9520,cold_start,Macro,1904-04-01,3190.0,3416.164049997977,3045.009,3230.586541600551,3360.4908157892964
M9520,cold_start,Macro,1904-05-01,3260.0,3317.8107100751977,2922.2263,3120.0185142172863,3258.4730574213404
M9520,cold_start,Macro,1904-06-01,3300.0,3403.2801357830335,2848.557,3125.9185102743295,3320.0716542339383
M9520,cold_start,Macro,1904-07-01,3300.0,3370.981527371273,2725.7742,3048.377848646574,3274.200448167926
M9520,cold_start,Macro,1904-08-01,3270.0,3357.815389104067,2627.5479,2992.6816203332837,3248.2752828868947
M9520,cold_start,Macro,1904-09-01,3320.0,3357.815389104067,2529.322,2943.568705294221,3233.5413961681447
M9520,cold_start,Macro,1904-10-01,3350.0,3357.815389104067,2480.209,2919.0121867395337,3226.1744528087697
M9520,cold_start,Macro,1904-11-01,3230.0,3357.815389104067,2381.983,2869.8991496301587,3211.4405355724416
M9520,cold_start,Macro,1904-12-01,3040.0,3249.0572785510053,2332.8696,2790.9634537286274,3111.629137207808
M9520,cold_start,Macro,1905-01-01,2850.0,3246.3411516015844,2381.983,2814.162030878917,3116.6874336953315
M9520,cold_start,Macro,1905-02-01,2710.0,2905.9935698080594,2357.4263,2631.7099196696545,2823.7084869735695
M9520,cold_start,Macro,1905-03-01,2640.0,2781.916126070784,2283.7568,2532.836481004142,2707.1922447578227
M9520,cold_start,Macro,1905-04-01,2620.0,2700.0835535947626,2160.974,2430.5288373442563,2619.217138719611
M9520,cold_start,Macro,1905-05-01,2690.0,2689.968533201837,2136.4175,2413.1930068352935,2606.9358997059367
M9520,cold_start,Macro,1905-06-01,2840.0,2762.358753527978,2038.1915,2400.2751409241455,2653.7336697468286
M9520,cold_start,Macro,1905-07-01,3010.0,2810.171950592567,1989.0785,2399.625220901752,2687.007943892354
M9520,cold_start,Macro,1905-08-01,3180.0,3101.208805700562,1989.0785,2545.14364845575,2934.38927073415
M9520,cold_start,Macro,1905-09-01,3310.0,3151.5373171965493,1989.0785,2570.3079042037434,2977.168505505739
M9525,cold_start,Macro,1904-04-01,1660.0,1708.637607292517,1567.8887,1638.2631395837584,1687.5252700316476
M9525,cold_start,Macro,1904-05-01,1760.0,1700.5038786004018,1557.2948,1628.8993392025445,1679.0225198328026
M9525,cold_start,Macro,1904-06-01,1870.0,1837.1521945243749,1557.2948,1697.2234971645312,1795.1735883681797
M9525,cold_start,Macro,1904-07-01,1950.0,1799.5974725790634,1536.1072,1667.8523251567192,1760.0739436111494
M9525,cold_start,Macro,1904-08-01,1970.0,1994.0976522735905,1546.7009,1770.3992900039827,1926.988146644466
M9525,cold_start,Macro,1904-09-01,1960.0,2000.819716510865,1546.7009,1773.76032212262,1932.7019012461494
M9525,cold_start,Macro,1904-10-01,1970.0,1995.904588052908,1536.1072,1766.0058828936415,1926.9349917639172
M9525,cold_start,Macro,1904-11-01,1930.0,1995.904588052908,1567.8887,1781.896629963954,1931.7022036779797
M9525,cold_start,Macro,1904-12-01,1800.0,1915.1157892168944,1589.0763,1752.0960415811035,1866.209871029673
M9525,cold_start,Macro,1905-01-01,1690.0,1835.9601959801812,1599.6702,1717.815180997903,1800.5166975890136
M9525,cold_start,Macro,1905-02-01,1630.0,1728.3315272760226,1589.0763,1658.7039106106677,1707.443248379932
M9525,cold_start,Macro,1905-03-01,1640.0,1650.6358461194923,1589.0763,1619.8560700324024,1641.401919396881
M9525,cold_start,Macro,1905-04-01,1670.0,1645.7207176615352,1599.6702,1622.69544183858,1638.8131410181645
M9525,cold_start,Macro,1905-05-01,1640.0,1699.0644121326566,1599.6702,1649.367289074141,1684.1552813186177
M9525,cold_start,Macro,1905-06-01,1600.0,1656.4588276266625,1620.8578,1638.6583078562999,1651.1186808508273
M9525,cold_start,Macro,1905-07-01,1630.0,1662.9491566550903,1642.0454,1652.4972834056703,1659.8136068872957
M9525,cold_start,Macro,1905-08-01,1680.0,1662.9491566550903,1652.6393,1657.7942194408265,1661.4026876978426
M9525,cold_start,Macro,1905-09-01,1660.0,1716.2928511262116,1631.4517,1673.8722556412308,1703.566681635991
M9648,cold_start,Macro,1904-04-01,2900.0,2836.8071750378726,2845.5884,2841.1977769720615,2838.1243861357075
M9648,cold_start,Macro,1904-05-01,3200.0,2961.916360256788,2955.8823,2958.899342237769,2961.011260954598
M9648,cold_start,Macro,1904-06-01,3400.0,3152.050448730074,2823.5295,2987.7899948728495,3102.772330883454
M9648,cold_start,Macro,1904-07-01,3200.0,3458.2249729245227,2735.2942,3096.759581188824,3349.7853859213915
M9648,cold_start,Macro,1904-08-01,2700.0,3218.4546537536057,2735.2942,2976.8744216033656,3145.980614626112
M9648,cold_start,Macro,1904-09-01,2500.0,2815.5829109657298,2735.2942,2775.4385502094274,2803.5396332564173
M9648,cold_start,Macro,1904-10-01,2500.0,2672.469904069593,2845.5884,2759.0291414879216,2698.43770581267
M9648,cold_start,Macro,1904-11-01,2600.0,2655.355426449513,2955.8823,2805.618875334131,2700.4344672184143
M9648,cold_start,Macro,1904-12-01,2700.0,2682.0868954247494,3110.294,2896.1904203686245,2746.317959011428
M9648,cold_start,Macro,1905-01-01,2600.0,2761.97597316545,3066.1765,2914.0762434186627,2807.6060603449296
M9648,cold_start,Macro,1905-02-01,2500.0,2666.994579568302,3220.5884,2943.791479237276,2750.0336799865727
M9648,cold_start,Macro,1905-03-01,2300.0,2578.8395921858883,3220.5884,2899.713985546069,2675.101940711521
M9648,cold_start,Macro,1905-04-01,2300.0,2465.818395930391,3330.8823,2898.3503600745707,2595.577991277161
M9648,cold_start,Macro,1905-05-01,2400.0,2481.331289114856,3375.0,2928.165644557428,2615.3816262652063
M9648,cold_start,Macro,1905-06-01,2400.0,2481.331289114856,3242.6472,2861.9892529558656,2595.5286904741906
M9648,cold_start,Macro,1905-07-01,2600.0,2417.4243628709455,3264.706,2841.0652087792228,2544.5166410574916
M9648,cold_start,Macro,1905-08-01,2700.0,2530.814279275678,3176.4707,2853.642491200339,2627.662748956592
M9648,cold_start,Macro,1905-09-01,2600.0,2620.7805804438144,3220.5884,2920.684479675032,2710.751780730758
M9930,cold_start,Macro,1904-04-01,1120.0,1119.8141431846543,1169.7632,1144.7886633892022,1127.3064992460188
M9930,cold_start,Macro,1904-05-01,1160.0,1175.5955207267857,1300.4629,1238.0292056758929,1194.3256353667914
M9930,cold_start,Macro,1904-06-01,1210.0,1157.7172806613362,1333.138,1245.4276100572306,1184.0303916871358
M9930,cold_start,Macro,1904-07-01,1290.0,1237.7111822028273,1411.5577,1324.63446073032,1263.7881779681065
M9930,cold_start,Macro,1904-08-01,1340.0,1242.6263106607844,1339.6729,1291.1495811116422,1257.183307054831
M9930,cold_start,Macro,1904-09-01,1220.0,1312.0012432628696,1365.8129,1338.9070547369035,1320.0729897568376
M9930,cold_start,Macro,1904-10-01,1270.0,1258.1931637278515,1548.7925,1403.4928220983006,1301.783067342502
M9930,cold_start,Macro,1904-11-01,1270.0,1258.1931637278515,1659.8873,1459.0402464147069,1318.4472976891816
M9930,cold_start,Macro,1904-12-01,1110.0,1224.7148597962446,1659.8875,1442.3011554840598,1289.990754606105
M9930,cold_start,Macro,1905-01-01,1020.0,1180.0385095411991,1718.7024,1449.3704510596622,1260.838091996738
M9930,cold_start,Macro,1905-02-01,920.0,1137.9661024403636,1823.262,1480.6140326654943,1240.7605059219654
M9930,cold_start,Macro,1905-03-01,900.0,997.322487855024,1803.657,1400.4897351384495,1118.2726681435674
M9930,cold_start,Macro,1905-04-01,840.0,1010.2855994625163,1757.9121,1384.098854418758,1122.4295881564203
M9930,cold_start,Macro,1905-05-01,860.0,942.4711096412924,1869.0068,1405.7389727893963,1081.4514868962706
M9930,cold_start,Macro,1905-06-01,920.0,945.2204473898036,1934.3569,1439.7886904917768,1093.590944734458
M9930,cold_start,Macro,1905-07-01,810.0,945.2204473898036,2130.4067,1537.8135928355268,1122.998415437583
M9930,cold_start,Macro,1905-08-01,930.0,867.4069425061443,1980.1018,1423.7543745733847,1034.3111904368634
M9930,cold_start,Macro,1905-09-01,990.0,950.1355758477605,2012.7767,1481.4561546230989,1109.5317738944245
M9987,cold_start,Macro,1904-04-01,1730.0,1388.72070073092,1513.8147,1451.2676989982724,1407.484815469915
M9987,cold_start,Macro,1904-05-01,1740.0,1596.7865549819007,1631.0132,1613.8998692878254,1601.9205645324673
M9987,cold_start,Macro,1904-06-01,1940.0,1672.3037954586289,1689.6123,1680.9580500730644,1674.9000748947176
M9987,cold_start,Macro,1904-07-01,1850.0,1868.1788713910441,1738.4453,1803.312091945522,1848.7188558679345
M9987,cold_start,Macro,1904-08-01,1960.0,1792.505449341334,1650.5464,1721.525918030042,1771.2116021549778
M9987,cold_start,Macro,1904-09-01,1970.0,1947.0708279419753,1552.8809,1749.9758436584875,1887.9423479157183
M9987,cold_start,Macro,1904-10-01,1850.0,1964.5310021443772,1435.6824,1700.1066875956262,1885.203723038541
M9987,cold_start,Macro,1904-11-01,1600.0,1772.1800307508272,1328.2502,1550.2151374457262,1705.5905749663282
M9987,cold_start,Macro,1904-12-01,1230.0,1618.5123796283185,1279.4175,1448.9649300485344,1567.648150857899
M9987,cold_start,Macro,1905-01-01,1180.0,1438.288988791838,1318.4836,1378.3863156849816,1420.3181929632967
M9987,cold_start,Macro,1905-02-01,1340.0,1282.136348589345,1513.8147,1397.9755229274851,1316.8881161495763
M9987,cold_start,Macro,1905-03-01,1520.0,1377.2537340593447,1621.2467,1499.2502190804535,1413.852685669193
M9987,cold_start,Macro,1905-04-01,1760.0,1510.8992569174943,1797.0444,1653.9718452556222,1553.8210395224485
M9987,cold_start,Macro,1905-05-01,1810.0,1752.7795669086213,1865.4102,1809.0948615793106,1769.6741553098282
M9987,cold_start,Macro,1905-06-01,1920.0,1812.3441705056819,1963.0758,1887.7099880848723,1834.9539401935017
M9987,cold_start,Macro,1905-07-01,2010.0,1923.3394244147744,2050.9746,1987.1570168948872,1942.4847204693554
M9987,cold_start,Macro,1905-08-01,2180.0,2043.7579650385308,2168.1733,2105.9656524411403,2062.420283466345
M9987,cold_start,Macro,1905-09-01,2270.0,2194.3348483004484,2080.2744,2137.304631181474,2177.225789268272
M9998,cold_start,Macro,1904-04-01,1690.0,1714.0658672839988,1663.1708,1688.6183218255933,1706.4316189052663
M9998,cold_start,Macro,1904-05-01,1720.0,1761.9813017636384,1674.7206,1718.350941409163,1748.8922058643273
M9998,cold_start,Macro,1904-06-01,1680.0,1761.9813017636384,1709.3699,1735.6755874052567,1754.0895935596398
M9998,cold_start,Macro,1904-07-01,1850.0,1761.9813017636384,1720.9197,1741.4504897490067,1755.822076469796
M9998,cold_start,Macro,1904-08-01,1640.0,1845.2859232164901,1744.0193,1794.6526051629326,1830.0959400074544
M9998,cold_start,Macro,1904-09-01,1560.0,1705.4190070583588,1859.5173,1782.468170521367,1728.5337683042926
M9998,cold_start,Macro,1904-10-01,1360.0,1664.1649044423932,1963.4653,1813.8151182368215,1709.0599746842374
M9998,cold_start,Macro,1904-11-01,1360.0,1512.7530502108095,1790.2185,1651.4857780350922,1554.3728685580945
M9998,cold_start,Macro,1904-12-01,1180.0,1444.914571324597,1813.3181,1629.116343279486,1500.1751273251264
M9998,cold_start,Macro,1905-01-01,1060.0,1309.1856051002503,1963.4653,1636.3254685657503,1407.327570243416
M9998,cold_start,Macro,1905-02-01,1120.0,1243.718545544571,1894.1667,1568.942646795723,1341.2857942304636
M9998,cold_start,Macro,1905-03-01,1160.0,1172.3703149353726,1986.565,1579.4676281708112,1294.4995089060044
M9998,cold_start,Macro,1905-04-01,810.0,1223.236564019547,2067.4136,1645.3250691191483,1349.86313996349
M9998,cold_start,Macro,1905-05-01,1000.0,1051.6069647697525,2044.314,1547.9604648067511,1200.5130147808522
M9998,cold_start,Macro,1905-06-01,1090.0,1115.1533728689803,1986.565,1550.859157137615,1245.865108149571
M9998,cold_start,Macro,1905-07-01,1070.0,1233.23975827421,2113.6128,1673.42627562148,1365.2957256854224
M9998,cold_start,Macro,1905-08-01,1140.0,1210.2734524120544,2206.011,1708.1422193700896,1359.6341069135276
M9998,cold_start,Macro,1905-09-01,1240.0,1146.3583461778078,2113.6128,1629.985569573279,1291.4465254034803
