unique_id,length_group,category,ds,y,pred_lgb,pred_xgb
M10200,short,Micro,1907-11-01,1381.0,1392.8608728586162,1390.8046
M10200,short,Micro,1907-12-01,1392.0,1395.576999808037,1391.5571
M10200,short,Micro,1908-01-01,1379.0,1404.6398743654784,1396.8038
M10200,short,Micro,1908-02-01,1379.0,1392.8608728586162,1388.8864
M10200,short,Micro,1908-03-01,1381.0,1392.8608728586162,1391.4927
M10200,short,Micro,1908-04-01,1373.0,1392.8608728586162,1390.4749
M10200,short,Micro,1908-05-01,1370.0,1392.8608728586162,1390.6085
M10200,short,Micro,1908-06-01,1378.0,1392.8608728586162,1390.7764
M10200,short,Micro,1908-07-01,1401.0,1392.8608728586162,1390.6085
M10200,short,Micro,1908-08-01,1412.0,1392.8608728586162,1401.5017
M10200,short,Micro,1908-09-01,1419.0,1392.8608728586162,1404.8503
M10200,short,Micro,1908-10-01,1428.0,1392.8608728586162,1407.7842
M10200,short,Micro,1908-11-01,1428.0,1392.8608728586162,1414.6587
M10200,short,Micro,1908-12-01,1437.0,1395.576999808037,1417.5199
M10200,short,Micro,1909-01-01,1427.0,1457.9660412075566,1444.0955
M10200,short,Micro,1909-02-01,1430.0,1446.1870397006944,1447.9388
M10200,short,Micro,1909-03-01,1429.0,1446.1870397006944,1451.721
M10200,short,Micro,1909-04-01,1411.0,1446.1870397006944,1442.0663
M10216,short,Micro,1913-01-01,3952.0,3887.787238360988,3818.862
M10216,short,Micro,1913-02-01,4679.0,3957.8130401140434,4034.1057
M10216,short,Micro,1913-03-01,3406.0,4458.271111150686,4259.4478
M10216,short,Micro,1913-04-01,3627.0,3815.258907580847,3654.209
M10216,short,Micro,1913-05-01,4252.0,3873.562108804546,3821.4653
M10216,short,Micro,1913-06-01,4176.0,4040.1378349486636,4068.3308
M10216,short,Micro,1913-07-01,4252.0,4248.657157109002,4112.5435
M10216,short,Micro,1913-08-01,4726.0,4239.724678366322,4275.0894
M10216,short,Micro,1913-09-01,5099.0,4560.236938760208,4605.0415
M10216,short,Micro,1913-10-01,4847.0,4784.6616510745025,4937.0547
M10216,short,Micro,1913-11-01,4795.0,4748.16821363286,4832.4556
M10216,short,Micro,1913-12-01,3899.0,4835.693984309481,4830.458
M10216,short,Micro,1914-01-01,4340.0,4098.847071976097,4176.975
M10216,short,Micro,1914-02-01,5076.0,4376.711229253229,4464.3296
M10216,short,Micro,1914-03-01,3628.0,4812.924022563778,4735.872
M10216,short,Micro,1914-04-01,4076.0,3983.514063079972,3967.7217
M10216,short,Micro,1914-05-01,4583.0,3961.98526058716,4308.722
M10216,short,Micro,1914-06-01,4443.0,4493.101536476801,4374.2104
M10390,medium,Micro,1921-12-01,2169.56,2157.060993876984,2149.8367
M10390,medium,Micro,1922-01-01,2188.54,2161.208739976468,2147.5134
M10390,medium,Micro,1922-02-01,2174.68,2218.0523420400505,2176.5227
M10390,medium,Micro,1922-03-01,2227.75,2218.0523420400505,2185.1797
M10390,medium,Micro,1922-04-01,2200.62,2218.0523420400505,2216.3542
M10390,medium,Micro,1922-05-01,2119.21,2180.497620094739,2214.0713
M10390,medium,Micro,1922-06-01,2077.94,2079.76817901369,2138.2876
M10390,medium,Micro,1922-07-01,2076.56,2079.76817901369,2104.7908
M10390,medium,Micro,1922-08-01,2071.58,2074.8530505557333,2096.146
M10390,medium,Micro,1922-09-01,2088.1,2074.8530505557333,2092.3157
M10390,medium,Micro,1922-10-01,2209.07,2112.4077725010447,2096.2166
M10390,medium,Micro,1922-11-01,2240.75,2222.967470498007,2195.5627
M10390,medium,Micro,1922-12-01,2266.04,2225.683597447428,2222.6907
M10390,medium,Micro,1923-01-01,2249.88,2229.831343546912,2221.3286
M10390,medium,Micro,1923-02-01,2231.68,2218.0523420400505,2262.2014
M10390,medium,Micro,1923-03-01,2257.67,2227.2256230748485,2221.1733
M10390,medium,Micro,1923-04-01,2224.86,2218.0523420400505,2222.1362
M10390,medium,Micro,1923-05-01,2183.63,2218.0523420400505,2218.3923
M10405,medium,Micro,1922-11-01,4388.0,4570.2436658827,4398.9185
M10405,medium,Micro,1922-12-01,3691.0,4352.227236637188,4434.8096
M10405,medium,Micro,1923-01-01,3151.0,3850.987375715251,3849.8416
M10405,medium,Micro,1923-02-01,2832.0,3312.4925359869735,3400.8909
M10405,medium,Micro,1923-03-01,2193.0,3099.194432726925,3282.6492
M10405,medium,Micro,1923-04-01,2561.0,3101.2429201499485,2812.4836
M10405,medium,Micro,1923-05-01,3280.0,2982.7453234614477,2965.9814
M10405,medium,Micro,1923-06-01,3964.0,3364.1650757520115,3473.7905
M10405,medium,Micro,1923-07-01,4597.0,3690.8832107593653,3730.9175
M10405,medium,Micro,1923-08-01,4829.0,4384.777198620732,4423.7056
M10405,medium,Micro,1923-09-01,4733.0,4673.555523275604,4606.292
M10405,medium,Micro,1923-10-01,4495.0,4691.504879445114,4620.669
M10405,medium,Micro,1923-11-01,3958.0,4341.859734627278,4580.2734
M10405,medium,Micro,1923-12-01,3695.0,4087.99420333256,4036.823
M10405,medium,Micro,1924-01-01,2994.0,3815.019365897412,3751.296
M10405,medium,Micro,1924-02-01,2752.0,3106.4444671519973,3253.388
M10405,medium,Micro,1924-03-01,2699.0,3088.8410727935734,3107.4883
M10405,medium,Micro,1924-04-01,3251.0,2864.5514181241742,2906.9897
M10438,cold_start,Micro,1904-11-01,7580.0,8068.395285990743,7811.384
M10438,cold_start,Micro,1904-12-01,7880.0,8085.104778317452,7517.113
M10438,cold_start,Micro,1905-01-01,8040.0,7291.4027493938565,7252.034
M10438,cold_start,Micro,1905-02-01,8120.0,7539.035725768507,7505.104
M10438,cold_start,Micro,1905-03-01,8540.0,8246.290742796577,8101.6235
M10438,cold_start,Micro,1905-04-01,8080.0,8498.32746416673,8401.588
M10438,cold_start,Micro,1905-05-01,7280.0,8170.352713563648,8207.687
M10438,cold_start,Micro,1905-06-01,7270.0,7577.849777404297,7658.5576
M10438,cold_start,Micro,1905-07-01,7590.0,7538.242407172852,7429.9614
M10438,cold_start,Micro,1905-08-01,8070.0,7584.503609343531,7519.723
M10438,cold_start,Micro,1905-09-01,7670.0,8301.437716915896,8018.1284
M10438,cold_start,Micro,1905-10-01,5380.0,7597.350971043906,7614.4897
M10438,cold_start,Micro,1905-11-01,5370.0,6076.921758309704,6661.037
M10438,cold_start,Micro,1905-12-01,6360.0,5959.387259315864,6827.0083
M10438,cold_start,Micro,1906-01-01,6510.0,6500.711568274097,6401.397
M10438,cold_start,Micro,1906-02-01,6260.0,6818.443483280355,6573.1177
M10438,cold_start,Micro,1906-03-01,7930.0,6692.804154683317,6710.574
M10438,cold_start,Micro,1906-04-01,7630.0,7616.941117880127,7530.172
M10485,medium,Micro,1918-02-01,1199.0,1221.9987328468237,1205.8016
M10485,medium,Micro,1918-03-01,1200.0,1221.9987328468237,1218.1758
M10485,medium,Micro,1918-04-01,1198.0,1221.9987328468237,1224.5658
M10485,medium,Micro,1918-05-01,1202.0,1221.9987328468237,1224.4321
M10485,medium,Micro,1918-06-01,1207.0,1221.9987328468237,1224.4321
M10485,medium,Micro,1918-07-01,1209.0,1221.9987328468237,1224.5658
M10485,medium,Micro,1918-08-01,1212.0,1221.9987328468237,1224.9407
M10485,medium,Micro,1918-09-01,1214.0,1221.9987328468237,1232.5214
M10485,medium,Micro,1918-10-01,1215.0,1221.9987328468237,1233.3362
M10485,medium,Micro,1918-11-01,1219.0,1221.9987328468237,1233.2025
M10485,medium,Micro,1918-12-01,1221.0,1240.4273091522482,1233.7673
M10485,medium,Micro,1919-01-01,1222.0,1249.4901837096895,1230.203
M10485,medium,Micro,1919-02-01,1220.0,1237.7111822028273,1235.2609
M10485,medium,Micro,1919-03-01,1231.0,1237.7111822028273,1240.0234
M10485,medium,Micro,1919-04-01,1230.0,1237.7111822028273,1244.947
M10485,medium,Micro,1919-05-01,1232.0,1237.7111822028273,1245.319
M10485,medium,Micro,1919-06-01,1230.0,1237.7111822028273,1245.1853
M10485,medium,Micro,1919-07-01,1233.0,1237.7111822028273,1245.1853
M10533,medium,Micro,1919-10-01,2320.0,2393.777740994365,2346.5952
M10533,medium,Micro,1919-11-01,2420.0,2384.604459959567,2353.313
M10533,medium,Micro,1919-12-01,2370.0,2391.5787394858294,2437.9683
M10533,medium,Micro,1920-01-01,2290.0,2381.5015160583935,2411.533
M10533,medium,Micro,1920-02-01,2300.0,2393.777740994365,2335.2766
M10533,medium,Micro,1920-03-01,2350.0,2388.8626125364085,2371.494
M10533,medium,Micro,1920-04-01,2330.0,2388.8626125364085,2359.2026
M10533,medium,Micro,1920-05-01,2340.0,2388.8626125364085,2361.5803
M10533,medium,Micro,1920-06-01,2360.0,2388.8626125364085,2355.9685
M10533,medium,Micro,1920-07-01,2370.0,2388.8626125364085,2369.6436
M10533,medium,Micro,1920-08-01,2350.0,2388.8626125364085,2361.731
M10533,medium,Micro,1920-09-01,2310.0,2388.8626125364085,2371.2441
M10533,medium,Micro,1920-10-01,2360.0,2388.8626125364085,2390.105
M10533,medium,Micro,1920-11-01,2410.0,2388.8626125364085,2375.7295
M10533,medium,Micro,1920-12-01,2340.0,2391.5787394858294,2510.9155
M10533,medium,Micro,1921-01-01,2330.0,2381.5015160583935,2400.967
M10533,medium,Micro,1921-02-01,2390.0,2388.8626125364085,2375.4583
M10533,medium,Micro,1921-03-01,2470.0,2388.8626125364085,2376.3943
M1054,long_history,Macro,1924-01-01,2060.0,2124.1867740079065,2094.1587
M1054,long_history,Macro,1924-02-01,2070.0,2112.4077725010447,2085.8247
M1054,long_history,Macro,1924-03-01,2060.0,2095.620062714687,2086.193
M1054,long_history,Macro,1924-04-01,2060.0,2112.4077725010447,2087.5154
M1054,long_history,Macro,1924-05-01,2070.0,2095.620062714687,2085.5437
M1054,long_history,Macro,1924-06-01,1920.0,2058.0653407693753,2079.4175
M1054,long_history,Macro,1924-07-01,1890.0,1961.95633947872,2001.153
M1054,long_history,Macro,1924-08-01,2010.0,1934.5432297189857,1958.9508
M1054,long_history,Macro,1924-09-01,2040.0,2055.602877449732,2027.8478
M1054,long_history,Macro,1924-10-01,2030.0,2072.7186064515367,2049.0166
M1054,long_history,Macro,1924-11-01,2040.0,2067.80347799358,2062.9937
M1054,long_history,Macro,1924-12-01,2040.0,2098.3361896641077,2081.9392
M1054,long_history,Macro,1925-01-01,2020.0,2107.3990642215485,2084.2634
M1054,long_history,Macro,1925-02-01,2030.0,2095.620062714687,2063.377
M1054,long_history,Macro,1925-03-01,2030.0,2067.80347799358,2063.581
M1054,long_history,Macro,1925-04-01,2040.0,2067.80347799358,2064.0684
M1054,long_history,Macro,1925-05-01,2040.0,2095.620062714687,2068.8555
M1054,long_history,Macro,1925-06-01,1890.0,2058.0653407693753,2067.3467
M10558,medium,Micro,1922-01-01,6600.0,6607.207097344785,6496.0854
M10558,medium,Micro,1922-02-01,6670.0,6615.796422595752,6576.623
M10558,medium,Micro,1922-03-01,6750.0,6673.179220318572,6680.2485
M10558,medium,Micro,1922-04-01,6970.0,6630.258093939279,6695.4375
M10558,medium,Micro,1922-05-01,7000.0,6774.1515610953975,6845.7295
M10558,medium,Micro,1922-06-01,6900.0,6865.240096888037,6940.2827
M10558,medium,Micro,1922-07-01,6890.0,6822.8924417173,6868.0874
M10558,medium,Micro,1922-08-01,6970.0,6889.3174627868775,6847.516
M10558,medium,Micro,1922-09-01,7050.0,6857.434849472144,6924.6567
M10558,medium,Micro,1922-10-01,7080.0,7020.832808265239,6990.793
M10558,medium,Micro,1922-11-01,7020.0,7020.832808265239,7053.078
M10558,medium,Micro,1922-12-01,7010.0,7018.633806756703,7005.4224
M10558,medium,Micro,1923-01-01,7030.0,6893.8918110227205,6941.22
M10558,medium,Micro,1923-02-01,6980.0,6975.217369278536,6982.3774
M10558,medium,Micro,1923-03-01,6990.0,6946.602539779768,6967.9346
M10558,medium,Micro,1923-04-01,6970.0,6946.602539779768,6966.4243
M10558,medium,Micro,1923-05-01,6890.0,7031.383584321546,6970.2573
M10558,medium,Micro,1923-06-01,6900.0,6925.354318268829,6898.0127
M10598,medium,Micro,1920-12-01,3340.0,5047.137796444396,4856.9683
M10598,medium,Micro,1921-01-01,4310.0,4170.877940514212,4208.325
M10598,medium,Micro,1921-02-01,4720.0,4340.414738554046,4569.551
M10598,medium,Micro,1921-03-01,4420.0,4550.738760956762,4432.3306
M10598,medium,Micro,1921-04-01,3860.0,4325.997296760491,4435.732
M10598,medium,Micro,1921-05-01,4180.0,4028.7194655263247,4168.8853
M10598,medium,Micro,1921-06-01,6210.0,4425.846746974733,4554.3457
M10598,medium,Micro,1921-07-01,6750.0,5894.526610863775,5726.188
M10598,medium,Micro,1921-08-01,6490.0,5899.583509190815,6044.4355
M10598,medium,Micro,1921-09-01,6530.0,6391.95064967294,6362.958
M10598,medium,Micro,1921-10-01,6610.0,6315.937150880715,6407.461
M10598,medium,Micro,1921-11-01,5570.0,6400.574965957037,6242.3184
M10598,medium,Micro,1921-12-01,3940.0,5632.901452493982,5576.916
M10598,medium,Micro,1922-01-01,4770.0,4165.433963557254,4644.6357
M10598,medium,Micro,1922-02-01,5280.0,4864.9288179941495,4811.874
M10598,medium,Micro,1922-03-01,4970.0,5171.378655250895,4932.9243
M10598,medium,Micro,1922-04-01,4560.0,4994.677935665806,4990.9653
M10598,medium,Micro,1922-05-01,4970.0,4861.422027367084,4740.0444
M10670,medium,Micro,1916-03-01,2548.7,2490.7783895376547,2523.061
M10670,medium,Micro,1916-04-01,2580.0,2596.4156730278837,2493.3325
M10670,medium,Micro,1916-05-01,2638.5,2679.3707684753285,2600.6235
M10670,medium,Micro,1916-06-01,2749.4,2674.455640017372,2804.017
M10670,medium,Micro,1916-07-01,2668.4,2692.8212353798403,2690.6611
M10670,medium,Micro,1916-08-01,2571.8,2756.9608807364384,2678.3232
M10670,medium,Micro,1916-09-01,2599.6,2666.994579568302,2627.0557
M10670,medium,Micro,1916-10-01,2680.3,2656.8795591753765,2610.4702
M10670,medium,Micro,1916-11-01,2744.8,2751.7609888014695,2658.01
M10670,medium,Micro,1916-12-01,3645.0,2775.1899008703244,2799.88
M10670,medium,Micro,1917-01-01,2684.0,3453.8467802909136,3329.4612
M10670,medium,Micro,1917-02-01,2662.0,2785.8569487000645,3000.8496
M10670,medium,Micro,1917-03-01,2869.3,2846.3232246121715,2828.1433
M10670,medium,Micro,1917-04-01,3002.6,2840.328918458887,2848.3848
M10670,medium,Micro,1917-05-01,2972.3,3103.2719933580925,2906.004
M10670,medium,Micro,1917-06-01,3098.6,2930.7139857268016,2985.9282
M10670,medium,Micro,1917-07-01,3022.9,3085.695912516097,3079.9353
M10670,medium,Micro,1917-08-01,2922.6,3085.695912516097,3068.3035
M10673,medium,Micro,1914-02-01,10129.0,8415.0697570081,8503.321
M10673,medium,Micro,1914-03-01,10129.0,10152.129900347863,9579.262
M10673,medium,Micro,1914-04-01,9979.0,10221.663350209485,9959.401
M10673,medium,Micro,1914-05-01,10033.0,10039.494507887128,9966.848
M10673,medium,Micro,1914-06-01,10033.0,10039.494507887128,9976.826
M10673,medium,Micro,1914-07-01,9923.0,10001.312042954292,9837.136
M10673,medium,Micro,1914-08-01,9923.0,10000.574001607412,9948.432
M10673,medium,Micro,1914-09-01,9923.0,9986.482667588334,9903.414
M10673,medium,Micro,1914-10-01,9960.0,10027.620095972825,9896.355
M10673,medium,Micro,1914-11-01,9960.0,10020.488045410093,9920.97
M10673,medium,Micro,1914-12-01,7666.0,10015.182302752093,9944.177
M10673,medium,Micro,1915-01-01,9960.0,8286.64429825045,8198.027
M10673,medium,Micro,1915-02-01,9989.0,10089.030509766591,9499.012
M10673,medium,Micro,1915-03-01,9989.0,10158.563959628213,9978.47
M10673,medium,Micro,1915-04-01,9989.0,10060.98147622818,9928.339
M10673,medium,Micro,1915-05-01,9989.0,10107.034033070628,9968.738
M10673,medium,Micro,1915-06-01,9989.0,10073.766696595749,9833.505
M10673,medium,Micro,1915-07-01,9989.0,10107.034033070628,9958.531
M10707,long_history,Micro,1924-01-01,1520.0,1543.1034669377025,1574.4305
M10707,long_history,Micro,1924-02-01,1520.0,1586.6237416418383,1554.5338
M10707,long_history,Micro,1924-03-01,1530.0,1531.3244654308403,1549.2063
M10707,long_history,Micro,1924-04-01,1520.0,1531.3244654308403,1546.9174
M10707,long_history,Micro,1924-05-01,1520.0,1531.3244654308403,1548.133
M10707,long_history,Micro,1924-06-01,1530.0,1531.3244654308403,1546.9174
M10707,long_history,Micro,1924-07-01,1540.0,1531.3244654308403,1546.9857
M10707,long_history,Micro,1924-08-01,1550.0,1531.3244654308403,1554.616
M10707,long_history,Micro,1924-09-01,1560.0,1531.3244654308403,1557.9087
M10707,long_history,Micro,1924-10-01,1570.0,1531.3244654308403,1567.9242
M10707,long_history,Micro,1924-11-01,1620.0,1549.1673388345716,1582.7205
M10707,long_history,Micro,1924-12-01,1630.0,1648.436844610956,1632.0637
M10707,long_history,Micro,1925-01-01,1560.0,1639.656845764666,1628.6266
M10707,long_history,Micro,1925-02-01,1550.0,1586.6237416418383,1584.3341
M10707,long_history,Micro,1925-03-01,1560.0,1531.3244654308403,1579.2823
M10707,long_history,Micro,1925-04-01,1560.0,1531.3244654308403,1569.8741
M10707,long_history,Micro,1925-05-01,1570.0,1531.3244654308403,1569.8741
M10707,long_history,Micro,1925-06-01,1570.0,1531.3244654308403,1586.5564
M10908,short,Micro,1907-01-01,3500.0,3683.507925288767,3583.4397
M10908,short,Micro,1907-02-01,3580.0,3584.1446945005664,3559.1865
M10908,short,Micro,1907-03-01,3570.0,3646.611179658981,3583.5166
M10908,short,Micro,1907-04-01,3550.0,3641.6960512010246,3568.7346
M10908,short,Micro,1907-05-01,3530.0,3641.6960512010246,3595.8389
M10908,short,Micro,1907-06-01,3610.0,3553.0997313571957,3550.2805
M10908,short,Micro,1907-07-01,3520.0,3594.9116054449382,3613.4734
M10908,short,Micro,1907-08-01,3560.0,3553.0997313571957,3550.6282
M10908,short,Micro,1907-09-01,3520.0,3553.0997313571957,3588.6794
M10908,short,Micro,1907-10-01,3520.0,3480.5195650497576,3548.583
M10908,short,Micro,1907-11-01,3560.0,3480.5195650497576,3544.064
M10908,short,Micro,1907-12-01,3520.0,3483.2356919991785,3563.995
M10908,short,Micro,1908-01-01,3500.0,3480.5195650497576,3503.2073
M10908,short,Micro,1908-02-01,3560.0,3418.053079891343,3528.7976
M10908,short,Micro,1908-03-01,3570.0,3480.5195650497576,3559.0024
M10908,short,Micro,1908-04-01,3540.0,3480.5195650497576,3567.5251
M10908,short,Micro,1908-05-01,3510.0,3553.0997313571957,3573.0588
M10908,short,Micro,1908-06-01,3550.0,3480.5195650497576,3536.2073
M10966,medium,Micro,1922-01-01,2360.0,2381.5015160583935,2452.7258
M10966,medium,Micro,1922-02-01,2370.0,2388.8626125364085,2396.8525
M10966,medium,Micro,1922-03-01,2380.0,2388.8626125364085,2383.8025
M10966,medium,Micro,1922-04-01,2390.0,2388.8626125364085,2381.6855
M10966,medium,Micro,1922-05-01,2400.0,2388.8626125364085,2386.817
M10966,medium,Micro,1922-06-01,2420.0,2388.8626125364085,2412.1516
M10966,medium,Micro,1922-07-01,2430.0,2388.8626125364085,2441.1646
M10966,medium,Micro,1922-08-01,2440.0,2388.8626125364085,2442.872
M10966,medium,Micro,1922-09-01,2420.0,2388.8626125364085,2442.3198
M10966,medium,Micro,1922-10-01,2430.0,2388.8626125364085,2442.1655
M10966,medium,Micro,1922-11-01,2440.0,2388.8626125364085,2442.3494
M10966,medium,Micro,1922-12-01,2440.0,2391.5787394858294,2459.4148
M10966,medium,Micro,1923-01-01,2390.0,2381.5015160583935,2490.6697
M10966,medium,Micro,1923-02-01,2430.0,2388.8626125364085,2395.51
M10966,medium,Micro,1923-03-01,2440.0,2388.8626125364085,2445.8396
M10966,medium,Micro,1923-04-01,2420.0,2388.8626125364085,2447.0693
M10966,medium,Micro,1923-05-01,2420.0,2388.8626125364085,2447.1133
M10966,medium,Micro,1923-06-01,2430.0,2388.8626125364085,2453.8945
M11035,long_history,Micro,1924-01-01,2340.0,2381.5015160583935,2431.293
M11035,long_history,Micro,1924-02-01,2330.0,2388.8626125364085,2380.977
M11035,long_history,Micro,1924-03-01,2280.0,2388.8626125364085,2373.2942
M11035,long_history,Micro,1924-04-01,2280.0,2354.279712565136,2329.5579
M11035,long_history,Micro,1924-05-01,2310.0,2354.279712565136,2314.586
M11035,long_history,Micro,1924-06-01,2320.0,2388.8626125364085,2348.1155
M11035,long_history,Micro,1924-07-01,2310.0,2388.8626125364085,2369.858
M11035,long_history,Micro,1924-08-01,2300.0,2388.8626125364085,2352.0261
M11035,long_history,Micro,1924-09-01,2330.0,2388.8626125364085,2346.3796
M11035,long_history,Micro,1924-10-01,2320.0,2388.8626125364085,2355.109
M11035,long_history,Micro,1924-11-01,2340.0,2388.8626125364085,2362.4475
M11035,long_history,Micro,1924-12-01,2420.0,2391.5787394858294,2386.3635
M11035,long_history,Micro,1925-01-01,2350.0,2386.41664451635,2440.3645
M11035,long_history,Micro,1925-02-01,2330.0,2388.8626125364085,2382.076
M11035,long_history,Micro,1925-03-01,2340.0,2388.8626125364085,2369.3696
M11035,long_history,Micro,1925-04-01,2340.0,2388.8626125364085,2365.9573
M11035,long_history,Micro,1925-05-01,2350.0,2388.8626125364085,2374.1404
M11035,long_history,Micro,1925-06-01,2360.0,2388.8626125364085,2373.199
M11083,long_history,Micro,1924-01-01,3580.0,3735.8952539283623,3696.289
M11083,long_history,Micro,1924-02-01,3640.0,3694.0833798406197,3665.1335
M11083,long_history,Micro,1924-03-01,3640.0,3688.423053746724,3687.2756
M11083,long_history,Micro,1924-04-01,3690.0,3683.507925288767,3674.7646
M11083,long_history,Micro,1924-05-01,3780.0,3720.2085306249596,3696.936
M11083,long_history,Micro,1924-06-01,3860.0,3796.7316119965917,3765.67
M11083,long_history,Micro,1924-07-01,3940.0,3842.748733083877,3875.8865
M11083,long_history,Micro,1924-08-01,4050.0,3914.41632434557,3897.3086
M11083,long_history,Micro,1924-09-01,4050.0,4033.346484631098,4018.7798
M11083,long_history,Micro,1924-10-01,4050.0,4033.346484631098,4011.716
M11083,long_history,Micro,1924-11-01,4050.0,4028.4313561731415,4016.5852
M11083,long_history,Micro,1924-12-01,3920.0,4144.565989734864,4024.7397
M11083,long_history,Micro,1925-01-01,3930.0,4179.632546107224,3927.8035
M11083,long_history,Micro,1925-02-01,3920.0,4189.389566186174,3976.0325
M11083,long_history,Micro,1925-03-01,4000.0,4140.772847260184,3960.4973
M11083,long_history,Micro,1925-04-01,4050.0,4259.703007545712,4018.9358
M11083,long_history,Micro,1925-05-01,4130.0,4264.618136003669,4031.9531
M11083,long_history,Micro,1925-06-01,4180.0,4326.819246185094,4066.3945
M11165,long_history,Micro,1924-01-01,1310.0,1347.3950809863343,1338.306
M11165,long_history,Micro,1924-02-01,1260.0,1392.8608728586162,1331.7489
M11165,long_history,Micro,1924-03-01,1270.0,1258.1931637278515,1299.3829
M11165,long_history,Micro,1924-04-01,1270.0,1266.2411468773869,1301.2084
M11165,long_history,Micro,1924-05-01,1280.0,1266.2411468773869,1304.0426
M11165,long_history,Micro,1924-06-01,1310.0,1266.2411468773869,1301.7882
M11165,long_history,Micro,1924-07-01,1290.0,1335.616079479472,1311.2145
M11165,long_history,Micro,1924-08-01,1280.0,1266.2411468773869,1307.0234
M11165,long_history,Micro,1924-09-01,1260.0,1266.2411468773869,1302.0991
M11165,long_history,Micro,1924-10-01,1290.0,1266.2411468773869,1296.7651
M11165,long_history,Micro,1924-11-01,1350.0,1266.2411468773869,1302.4349
M11165,long_history,Micro,1924-12-01,1400.0,1338.332206428893,1342.3446
M11165,long_history,Micro,1925-01-01,1310.0,1409.5550028234354,1364.8347
M11165,long_history,Micro,1925-02-01,1260.0,1392.8608728586162,1344.2446
M11165,long_history,Micro,1925-03-01,1270.0,1271.156275335344,1310.6044
M11165,long_history,Micro,1925-04-01,1260.0,1266.2411468773869,1304.6438
M11165,long_history,Micro,1925-05-01,1280.0,1266.2411468773869,1275.7767
M11165,long_history,Micro,1925-06-01,1290.0,1266.2411468773869,1302.5497
M11344,short,Micro,1911-01-01,2060.0,2063.3540132478092,2080.869
M11344,short,Micro,1911-02-01,2120.0,2068.3627215273054,2074.8289
M11344,short,Micro,1911-03-01,2160.0,2058.0653407693753,2098.8157
M11344,short,Micro,1911-04-01,2170.0,2111.875016524295,2125.0452
M11344,short,Micro,1911-05-01,2210.0,2111.875016524295,2159.4976
M11344,short,Micro,1911-06-01,2240.0,2180.497620094739,2202.621
M11344,short,Micro,1911-07-01,2270.0,2180.497620094739,2206.101
M11344,short,Micro,1911-08-01,2300.0,2180.497620094739,2217.71
M11344,short,Micro,1911-09-01,2330.0,2252.635242011323,2290.3608
M11344,short,Micro,1911-10-01,2390.0,2344.2118822257567,2313.5713
M11344,short,Micro,1911-11-01,2380.0,2344.2118822257567,2335.7356
M11344,short,Micro,1911-12-01,2380.0,2391.5787394858294,2374.2273
M11344,short,Micro,1912-01-01,2340.0,2381.5015160583935,2393.1936
M11344,short,Micro,1912-02-01,2380.0,2388.8626125364085,2366.9998
M11344,short,Micro,1912-03-01,2410.0,2388.8626125364085,2363.9663
M11344,short,Micro,1912-04-01,2440.0,2388.8626125364085,2393.9087
M11344,short,Micro,1912-05-01,2460.0,2388.8626125364085,2426.1638
M11344,short,Micro,1912-06-01,2480.0,2501.8838087919057,2441.8274
M11349,long_history,Micro,1924-01-01,6420.0,6422.9510901639105,6355.4067
M11349,long_history,Micro,1924-02-01,6430.0,6444.361662891128,6363.5513
M11349,long_history,Micro,1924-03-01,6430.0,6420.052418185098,6402.1694
M11349,long_history,Micro,1924-04-01,6450.0,6415.137289727141,6393.4175
M11349,long_history,Micro,1924-05-01,6440.0,6415.137289727141,6393.1323
M11349,long_history,Micro,1924-06-01,6430.0,6415.137289727141,6392.8594
M11349,long_history,Micro,1924-07-01,6470.0,6364.530152774024,6388.0254
M11349,long_history,Micro,1924-08-01,6520.0,6426.653293408736,6422.9795
M11349,long_history,Micro,1924-09-01,6540.0,6477.260430361854,6479.0815
M11349,long_history,Micro,1924-10-01,6580.0,6548.566051510429,6482.5825
M11349,long_history,Micro,1924-11-01,6700.0,6642.927671310401,6562.524
M11349,long_history,Micro,1924-12-01,6810.0,6699.399241958277,6623.0864
M11349,long_history,Micro,1925-01-01,6710.0,6747.405473665923,6608.013
M11349,long_history,Micro,1925-02-01,6690.0,6667.82136736905,6685.58
M11349,long_history,Micro,1925-03-01,6720.0,6673.179220318572,6681.1
M11349,long_history,Micro,1925-04-01,6690.0,6668.264091860616,6654.771
M11349,long_history,Micro,1925-05-01,6650.0,6668.264091860616,6673.22
M11349,long_history,Micro,1925-06-01,6650.0,6668.264091860616,6653.5835
M11353,long_history,Micro,1924-01-01,4481.0,4546.31040410065,4409.9126
M11353,long_history,Micro,1924-02-01,4530.0,4400.02094896635,4450.599
M11353,long_history,Micro,1924-03-01,4565.0,4572.883927779678,4509.1533
M11353,long_history,Micro,1924-04-01,4582.0,4572.883927779678,4529.0137
M11353,long_history,Micro,1924-05-01,4570.0,4572.883927779678,4550.7266
M11353,long_history,Micro,1924-06-01,4536.0,4572.883927779678,4569.0845
M11353,long_history,Micro,1924-07-01,4494.0,4572.883927779678,4529.8965
M11353,long_history,Micro,1924-08-01,4517.0,4407.5259626663465,4494.698
M11353,long_history,Micro,1924-09-01,4530.0,4572.883927779678,4512.4585
M11353,long_history,Micro,1924-10-01,4611.0,4572.883927779678,4513.5864
M11353,long_history,Micro,1924-11-01,4710.0,4577.799056237634,4566.517
M11353,long_history,Micro,1924-12-01,4762.0,4622.079852697612,4666.3374
M11353,long_history,Micro,1925-01-01,4686.0,4809.389704904828,4657.1865
M11353,long_history,Micro,1925-02-01,4728.0,4977.465292156386,4708.0806
M11353,long_history,Micro,1925-03-01,4759.0,4984.970305856382,4732.9023
M11353,long_history,Micro,1925-04-01,4763.0,4984.970305856382,4752.899
M11353,long_history,Micro,1925-05-01,4749.0,4984.970305856382,4755.221
M11353,long_history,Micro,1925-06-01,4711.0,4984.970305856382,4756.279
M11472,cold_start,Micro,1905-01-01,2399.0,2381.5015160583935,2424.346
M11472,cold_start,Micro,1905-02-01,2357.0,2388.8626125364085,2399.9102
M11472,cold_start,Micro,1905-03-01,2315.0,2388.8626125364085,2392.151
M11472,cold_start,Micro,1905-04-01,2361.0,2388.8626125364085,2371.1611
M11472,cold_start,Micro,1905-05-01,2308.0,2388.8626125364085,2380.9595
M11472,cold_start,Micro,1905-06-01,2324.0,2388.8626125364085,2372.129
M11472,cold_start,Micro,1905-07-01,2379.0,2388.8626125364085,2374.1558
M11472,cold_start,Micro,1905-08-01,2360.0,2388.8626125364085,2372.3042
M11472,cold_start,Micro,1905-09-01,2370.0,2388.8626125364085,2379.6555
M11472,cold_start,Micro,1905-10-01,2357.0,2388.8626125364085,2372.197
M11472,cold_start,Micro,1905-11-01,2361.0,2388.8626125364085,2373.164
M11472,cold_start,Micro,1905-12-01,2386.0,2391.5787394858294,2385.1606
M11472,cold_start,Micro,1906-01-01,2423.0,2381.5015160583935,2449.9934
M11472,cold_start,Micro,1906-02-01,2356.0,2388.8626125364085,2437.3862
M11472,cold_start,Micro,1906-03-01,2325.0,2388.8626125364085,2389.6602
M11472,cold_start,Micro,1906-04-01,2314.0,2388.8626125364085,2375.6729
M11472,cold_start,Micro,1906-05-01,2303.0,2388.8626125364085,2381.376
M11472,cold_start,Micro,1906-06-01,2367.0,2388.8626125364085,2354.7434
M11572,long_history,Micro,1924-01-01,1950.0,2024.9120285533252,1982.1191
M11572,long_history,Micro,1924-02-01,1920.0,2013.133027046463,1959.057
M11572,long_history,Micro,1924-03-01,1920.0,1929.6281012610286,1954.2771
M11572,long_history,Micro,1924-04-01,1960.0,1929.6281012610286,1952.7072
M11572,long_history,Micro,1924-05-01,1960.0,2013.133027046463,1963.6399
M11572,long_history,Micro,1924-06-01,1980.0,2013.133027046463,1963.6399
M11572,long_history,Micro,1924-07-01,2000.0,2013.133027046463,1962.8989
M11572,long_history,Micro,1924-08-01,2020.0,2013.133027046463,2007.5469
M11572,long_history,Micro,1924-09-01,1990.0,2030.2487560482675,2029.0463
M11572,long_history,Micro,1924-10-01,2000.0,2030.2487560482675,1987.8577
M11572,long_history,Micro,1924-11-01,2020.0,2013.133027046463,2028.3656
M11572,long_history,Micro,1924-12-01,2050.0,2032.9648829976884,2045.8875
M11572,long_history,Micro,1925-01-01,2000.0,2042.0277575551295,2073.801
M11572,long_history,Micro,1925-02-01,2000.0,2030.2487560482675,2049.1045
M11572,long_history,Micro,1925-03-01,2000.0,2030.2487560482675,2046.9271
M11572,long_history,Micro,1925-04-01,2010.0,2084.0877724115508,2026.3285
M11572,long_history,Micro,1925-05-01,2010.0,2030.2487560482675,2033.9424
M11572,long_history,Micro,1925-06-01,2020.0,2030.2487560482675,2035.2377
M11613,long_history,Micro,1924-01-01,8584.0,8621.798916261689,8675.292
M11613,long_history,Micro,1924-02-01,8536.0,8558.32962684124,8659.959
M11613,long_history,Micro,1924-03-01,8590.0,8577.955861855893,8573.487
M11613,long_history,Micro,1924-04-01,8676.0,8573.040733397936,8607.577
M11613,long_history,Micro,1924-05-01,8719.0,8646.358235596103,8636.465
M11613,long_history,Micro,1924-06-01,8718.0,8646.358235596103,8657.841
M11613,long_history,Micro,1924-07-01,8750.0,8641.443107138146,8664.92
M11613,long_history,Micro,1924-08-01,8776.0,8684.11379989619,8723.693
M11613,long_history,Micro,1924-09-01,8758.0,8770.004336803722,8739.201
M11613,long_history,Micro,1924-10-01,8888.0,8684.11379989619,8750.032
M11613,long_history,Micro,1924-11-01,9095.0,8817.590158019722,8811.205
M11613,long_history,Micro,1924-12-01,9202.0,9105.491540366816,9028.919
M11613,long_history,Micro,1925-01-01,8872.0,9167.617558216461,9012.018
M11613,long_history,Micro,1925-02-01,8841.0,8818.031543552917,8865.883
M11613,long_history,Micro,1925-03-01,8884.0,8817.590158019722,8828.9375
M11613,long_history,Micro,1925-04-01,8942.0,8825.161686724858,8824.338
M11613,long_history,Micro,1925-05-01,8992.0,8961.382833130541,8917.731
M11613,long_history,Micro,1925-06-01,9026.0,8981.45045367839,8974.531
M11766,short,Micro,1909-01-01,1740.0,1789.2329066344134,1772.9104
M11766,short,Micro,1909-02-01,1750.0,1699.0644121326566,1769.4678
M11766,short,Micro,1909-03-01,1770.0,1777.4539051275513,1775.4019
M11766,short,Micro,1909-04-01,1800.0,1777.4539051275513,1788.3826
M11766,short,Micro,1909-05-01,1840.0,1777.4539051275513,1794.8638
M11766,short,Micro,1909-06-01,1860.0,1801.8058918129602,1814.2365
M11766,short,Micro,1909-07-01,1860.0,1801.8058918129602,1831.4963
M11766,short,Micro,1909-08-01,1840.0,1801.8058918129602,1845.673
M11766,short,Micro,1909-09-01,1840.0,1801.8058918129602,1840.815
M11766,short,Micro,1909-10-01,1860.0,1801.8058918129602,1839.2037
M11766,short,Micro,1909-11-01,1850.0,1801.8058918129602,1844.3987
M11766,short,Micro,1909-12-01,1860.0,1804.522018762381,1839.6096
M11766,short,Micro,1910-01-01,1870.0,1813.5848933198224,1841.9396
M11766,short,Micro,1910-02-01,1870.0,1801.8058918129602,1841.5972
M11766,short,Micro,1910-03-01,1870.0,1801.8058918129602,1851.314
M11766,short,Micro,1910-04-01,1870.0,1801.8058918129602,1851.5623
M11766,short,Micro,1910-05-01,1870.0,1812.5440017780875,1851.3679
M11766,short,Micro,1910-06-01,1870.0,1812.5440017780875,1850.4305
M11916,long_history,Micro,1924-01-01,8480.0,8621.798916261689,8617.348
M11916,long_history,Micro,1924-02-01,8430.0,8552.05853694344,8587.204
M11916,long_history,Micro,1924-03-01,8440.0,8440.224251759846,8472.64
M11916,long_history,Micro,1924-04-01,8560.0,8477.979816059933,8457.852
M11916,long_history,Micro,1924-05-01,8660.0,8620.626554613937,8559.716
M11916,long_history,Micro,1924-06-01,8790.0,8689.028928354146,8631.367
M11916,long_history,Micro,1924-07-01,8730.0,8817.590158019722,8674.556
M11916,long_history,Micro,1924-08-01,8610.0,8689.028928354146,8732.411
M11916,long_history,Micro,1924-09-01,8680.0,8689.028928354146,8641.709
M11916,long_history,Micro,1924-10-01,8760.0,8689.028928354146,8657.689
M11916,long_history,Micro,1924-11-01,8850.0,8817.590158019722,8692.374
M11916,long_history,Micro,1924-12-01,8910.0,8818.973760654431,8804.956
M11916,long_history,Micro,1925-01-01,8670.0,8621.798916261689,8796.439
M11916,long_history,Micro,1925-02-01,8560.0,8626.732000581449,8715.754
M11916,long_history,Micro,1925-03-01,8660.0,8577.955861855893,8659.567
M11916,long_history,Micro,1925-04-01,8750.0,8689.028928354146,8651.791
M11916,long_history,Micro,1925-05-01,8870.0,8689.028928354146,8697.407
M11916,long_history,Micro,1925-06-01,8980.0,8830.076815182814,8809.756
M11951,long_history,Micro,1924-01-01,8400.0,8355.100563621212,8334.211
M11951,long_history,Micro,1924-02-01,8400.0,8386.53291502983,8403.312
M11951,long_history,Micro,1924-03-01,8420.0,8427.233225558577,8426.331
M11951,long_history,Micro,1924-04-01,8430.0,8427.233225558577,8433.46
M11951,long_history,Micro,1924-05-01,8520.0,8427.233225558577,8433.46
M11951,long_history,Micro,1924-06-01,8580.0,8548.174502481135,8505.424
M11951,long_history,Micro,1924-07-01,8510.0,8548.174502481135,8567.886
M11951,long_history,Micro,1924-08-01,8540.0,8536.988284125378,8535.633
M11951,long_history,Micro,1924-09-01,8480.0,8543.259374023179,8530.755
M11951,long_history,Micro,1924-10-01,8480.0,8536.988284125378,8536.2
M11951,long_history,Micro,1924-11-01,8510.0,8536.988284125378,8536.607
M11951,long_history,Micro,1924-12-01,8560.0,8544.642976657888,8536.422
M11951,long_history,Micro,1925-01-01,8450.0,8369.064749509096,8461.331
M11951,long_history,Micro,1925-02-01,8470.0,8501.20310205459,8457.724
M11951,long_history,Micro,1925-03-01,8490.0,8541.903412583335,8443.177
M11951,long_history,Micro,1925-04-01,8550.0,8566.769643500136,8515.269
M11951,long_history,Micro,1925-05-01,8620.0,8615.71142615598,8549.398
M11951,long_history,Micro,1925-06-01,8680.0,8689.028928354146,8588.204
M12075,long_history,Micro,1924-01-01,5330.0,5457.293902065294,5488.092
M12075,long_history,Micro,1924-02-01,5370.0,5361.657692249019,5385.073
M12075,long_history,Micro,1924-03-01,5380.0,5426.945980330818,5382.583
M12075,long_history,Micro,1924-04-01,5450.0,5375.630824810608,5424.429
M12075,long_history,Micro,1924-05-01,5500.0,5442.382527140025,5445.3945
M12075,long_history,Micro,1924-06-01,5490.0,5447.297655597981,5503.722
M12075,long_history,Micro,1924-07-01,5450.0,5442.382527140025,5461.898
M12075,long_history,Micro,1924-08-01,5480.0,5442.382527140025,5458.9434
M12075,long_history,Micro,1924-09-01,5520.0,5488.782554202278,5453.6675
M12075,long_history,Micro,1924-10-01,5540.0,5488.782554202278,5523.3564
M12075,long_history,Micro,1924-11-01,5580.0,5488.782554202278,5524.0923
M12075,long_history,Micro,1924-12-01,5570.0,5556.083408200514,5551.694
M12075,long_history,Micro,1925-01-01,5390.0,5457.293902065294,5490.3745
M12075,long_history,Micro,1925-02-01,5460.0,5419.440966630822,5438.9927
M12075,long_history,Micro,1925-03-01,5500.0,5493.697682660235,5454.4243
M12075,long_history,Micro,1925-04-01,5580.0,5493.697682660235,5530.6646
M12075,long_history,Micro,1925-05-01,5600.0,5558.28240970905,5540.7583
M12075,long_history,Micro,1925-06-01,5570.0,5558.28240970905,5581.033
M12146,short,Micro,1907-01-01,2306.0,2381.5015160583935,2377.0085
M12146,short,Micro,1907-02-01,2380.0,2388.8626125364085,2339.807
M12146,short,Micro,1907-03-01,2354.0,2388.8626125364085,2361.5422
M12146,short,Micro,1907-04-01,2317.0,2388.8626125364085,2363.2324
M12146,short,Micro,1907-05-01,2311.0,2388.8626125364085,2350.9622
M12146,short,Micro,1907-06-01,2327.0,2388.8626125364085,2354.8513
M12146,short,Micro,1907-07-01,2292.0,2388.8626125364085,2361.2788
M12146,short,Micro,1907-08-01,2298.0,2388.8626125364085,2320.5503
M12146,short,Micro,1907-09-01,2306.0,2388.8626125364085,2325.7007
M12146,short,Micro,1907-10-01,2323.0,2388.8626125364085,2365.8516
M12146,short,Micro,1907-11-01,2358.0,2388.8626125364085,2380.423
M12146,short,Micro,1907-12-01,2308.0,2391.5787394858294,2443.647
M12146,short,Micro,1908-01-01,2334.0,2381.5015160583935,2407.548
M12146,short,Micro,1908-02-01,2393.0,2388.8626125364085,2365.7212
M12146,short,Micro,1908-03-01,2408.0,2388.8626125364085,2373.1667
M12146,short,Micro,1908-04-01,2337.0,2388.8626125364085,2406.8926
M12146,short,Micro,1908-05-01,2381.0,2388.8626125364085,2380.3318
M12146,short,Micro,1908-06-01,2375.0,2388.8626125364085,2376.3413
M12170,long_history,Micro,1924-01-01,4550.0,4731.967022425776,4683.854
M12170,long_history,Micro,1924-02-01,4560.0,4655.103686264838,4634.388
M12170,long_history,Micro,1924-03-01,4580.0,4662.608699964834,4609.745
M12170,long_history,Micro,1924-04-01,4680.0,4657.693571506878,4594.145
M12170,long_history,Micro,1924-05-01,4780.0,4704.173369475391,4669.0864
M12170,long_history,Micro,1924-06-01,4820.0,4704.173369475391,4750.6543
M12170,long_history,Micro,1924-07-01,4830.0,4782.277731461824,4808.211
M12170,long_history,Micro,1924-08-01,4900.0,4777.362603003868,4827.417
M12170,long_history,Micro,1924-09-01,4820.0,4864.414281034531,4890.7666
M12170,long_history,Micro,1924-10-01,4800.0,4777.362603003868,4855.885
M12170,long_history,Micro,1924-11-01,4720.0,4782.277731461824,4833.3643
M12170,long_history,Micro,1924-12-01,4710.0,4771.086929970138,4771.525
M12170,long_history,Micro,1925-01-01,4600.0,4953.481653719397,4692.1387
M12170,long_history,Micro,1925-02-01,4650.0,4876.618317558459,4655.199
M12170,long_history,Micro,1925-03-01,4700.0,4970.505068346319,4669.4536
M12170,long_history,Micro,1925-04-01,4770.0,4965.589939888362,4704.774
M12170,long_history,Micro,1925-05-01,4850.0,5034.702501891645,4750.007
M12170,long_history,Micro,1925-06-01,4880.0,5048.609430332752,4830.8984
M12201,short,Micro,1907-01-01,6972.0,6819.125074723923,6780.5034
M12201,short,Micro,1907-02-01,7014.0,6890.939449283164,6916.5425
M12201,short,Micro,1907-03-01,7066.1,7015.917679807282,7002.2607
M12201,short,Micro,1907-04-01,7046.3,7015.917679807282,7012.444
M12201,short,Micro,1907-05-01,6938.8,7015.917679807282,7009.0386
M12201,short,Micro,1907-06-01,7035.8,6951.517668237725,6967.381
M12201,short,Micro,1907-07-01,6947.2,7020.832808265239,7005.9414
M12201,short,Micro,1907-08-01,7033.2,6951.517668237725,6952.446
M12201,short,Micro,1907-09-01,6950.5,7015.917679807282,7012.539
M12201,short,Micro,1907-10-01,6917.9,6946.602539779768,6955.7627
M12201,short,Micro,1907-11-01,7038.9,6925.354318268829,6901.251
M12201,short,Micro,1907-12-01,6988.0,7023.54893521466,6991.731
M12201,short,Micro,1908-01-01,7080.1,6829.491799453163,6897.81
M12201,short,Micro,1908-02-01,7180.8,7059.9984138203135,7052.4634
M12201,short,Micro,1908-03-01,7297.9,7105.613852807016,7170.512
M12201,short,Micro,1908-04-01,7214.4,7351.4958615946525,7262.2124
M12201,short,Micro,1908-05-01,7207.7,7266.714817052876,7196.2256
M12201,short,Micro,1908-06-01,7216.1,7346.580733136696,7215.536
M12262,medium,Micro,1922-01-01,1770.0,1995.1385438153252,1894.4736
M12262,medium,Micro,1922-02-01,1630.0,1824.181194473319,1814.9214
M12262,medium,Micro,1922-03-01,1620.0,1674.9878328049012,1746.6066
M12262,medium,Micro,1922-04-01,1600.0,1650.6358461194923,1677.7604
M12262,medium,Micro,1922-05-01,1630.0,1645.7207176615352,1634.5901
M12262,medium,Micro,1922-06-01,1640.0,1645.7207176615352,1656.1005
M12262,medium,Micro,1922-07-01,1620.0,1645.7207176615352,1661.4915
M12262,medium,Micro,1922-08-01,1620.0,1645.7207176615352,1662.7079
M12262,medium,Micro,1922-09-01,1610.0,1645.7207176615352,1655.4448
M12262,medium,Micro,1922-10-01,1660.0,1645.7207176615352,1640.8568
M12262,medium,Micro,1922-11-01,1820.0,1656.4588276266625,1670.9297
M12262,medium,Micro,1922-12-01,1900.0,1802.3135995284842,1782.0364
M12262,medium,Micro,1923-01-01,1670.0,1911.6336180298908,1881.2808
M12262,medium,Micro,1923-02-01,1580.0,1745.7917014784243,1755.865
M12262,medium,Micro,1923-03-01,1600.0,1609.3817435035266,1649.1096
M12262,medium,Micro,1923-04-01,1600.0,1645.7207176615352,1629.3636
M12262,medium,Micro,1923-05-01,1590.0,1645.7207176615352,1632.5471
M12262,medium,Micro,1923-06-01,1630.0,1645.7207176615352,1633.6807
M12336,long_history,Micro,1924-01-01,2750.0,2781.61020025803,2787.118
M12336,long_history,Micro,1924-02-01,2750.0,2743.9120235863666,2784.412
M12336,long_history,Micro,1924-03-01,2760.0,2743.9120235863666,2782.2178
M12336,long_history,Micro,1924-04-01,2800.0,2743.9120235863666,2775.839
M12336,long_history,Micro,1924-05-01,2830.0,2781.61020025803,2792.692
M12336,long_history,Micro,1924-06-01,2800.0,2781.61020025803,2808.4937
M12336,long_history,Micro,1924-07-01,2820.0,2781.61020025803,2810.3857
M12336,long_history,Micro,1924-08-01,2840.0,2781.61020025803,2807.3345
M12336,long_history,Micro,1924-09-01,2830.0,2781.61020025803,2850.9568
M12336,long_history,Micro,1924-10-01,2870.0,2781.61020025803,2825.2458
M12336,long_history,Micro,1924-11-01,2880.0,2809.7039804668198,2850.4412
M12336,long_history,Micro,1924-12-01,2870.0,2812.4201074162406,2864.3967
M12336,long_history,Micro,1925-01-01,2830.0,2809.7039804668198,2849.8362
M12336,long_history,Micro,1925-02-01,2830.0,2781.61020025803,2836.674
M12336,long_history,Micro,1925-03-01,2830.0,2781.61020025803,2822.984
M12336,long_history,Micro,1925-04-01,2860.0,2835.449216621312,2812.2202
M12336,long_history,Micro,1925-05-01,2870.0,2809.7039804668198,2850.5784
M12336,long_history,Micro,1925-06-01,2840.0,2809.7039804668198,2860.478
M12457,short,Micro,1907-01-01,2425.0,2381.5015160583935,2467.166
M12457,short,Micro,1907-02-01,2503.0,2388.8626125364085,2445.513
M12457,short,Micro,1907-03-01,2483.0,2501.8838087919057,2475.8667
M12457,short,Micro,1907-04-01,2451.0,2501.8838087919057,2479.7654
M12457,short,Micro,1907-05-01,2449.0,2501.8838087919057,2463.8574
M12457,short,Micro,1907-06-01,2478.0,2501.8838087919057,2451.7292
M12457,short,Micro,1907-07-01,2424.0,2565.7907350358164,2457.4207
M12457,short,Micro,1907-08-01,2433.0,2452.769538780319,2448.84
M12457,short,Micro,1907-09-01,2418.0,2388.8626125364085,2444.8965
M12457,short,Micro,1907-10-01,2418.0,2388.8626125364085,2421.177
M12457,short,Micro,1907-11-01,2517.0,2388.8626125364085,2419.5544
M12457,short,Micro,1907-12-01,2470.0,2509.515064199283,2473.956
M12457,short,Micro,1908-01-01,2497.0,2494.5227123138907,2474.9575
M12457,short,Micro,1908-02-01,2540.0,2565.7907350358164,2516.7827
M12457,short,Micro,1908-03-01,2527.0,2565.7907350358164,2523.0688
M12457,short,Micro,1908-04-01,2522.0,2565.7907350358164,2530.8657
M12457,short,Micro,1908-05-01,2541.0,2565.7907350358164,2533.6162
M12457,short,Micro,1908-06-01,2520.0,2565.7907350358164,2534.291
M12554,short,Micro,1907-01-01,7496.6,7647.020490844626,7667.1904
M12554,short,Micro,1907-02-01,7667.5,7559.107743284152,7620.047
M12554,short,Micro,1907-03-01,7569.0,7780.332724129398,7704.085
M12554,short,Micro,1907-04-01,7483.3,7540.105909099784,7637.8896
M12554,short,Micro,1907-05-01,7397.2,7486.559957528479,7592.2983
M12554,short,Micro,1907-06-01,7459.6,7532.896209001412,7588.2886
M12554,short,Micro,1907-07-01,7466.4,7463.308471478429,7486.9185
M12554,short,Micro,1907-08-01,7508.9,7527.981080543455,7517.6646
M12554,short,Micro,1907-09-01,7566.8,7535.190780641828,7582.4307
M12554,short,Micro,1907-10-01,7554.8,7527.981080543455,7585.1284
M12554,short,Micro,1907-11-01,7669.5,7535.190780641828,7599.3545
M12554,short,Micro,1907-12-01,7607.7,7776.860759168187,7670.6313
M12554,short,Micro,1908-01-01,7595.2,7575.297888687719,7535.15
M12554,short,Micro,1908-02-01,7804.9,7505.617127606803,7582.1953
M12554,short,Micro,1908-03-01,7774.0,7715.660115064374,7698.0684
M12554,short,Micro,1908-04-01,7732.3,7697.323757472281,7742.649
M12554,short,Micro,1908-05-01,7767.9,7710.744986606417,7731.335
M12554,short,Micro,1908-06-01,7804.9,7710.744986606417,7731.5386
M12568,long_history,Micro,1924-01-01,3850.0,4122.920055527555,4037.1362
M12568,long_history,Micro,1924-02-01,3810.0,3979.309924983839,3951.089
M12568,long_history,Micro,1924-03-01,3850.0,3868.3992032582846,3903.1519
M12568,long_history,Micro,1924-04-01,3890.0,3909.5011958876134,3896.134
M12568,long_history,Micro,1924-05-01,3890.0,3919.258215966564,3906.003
M12568,long_history,Micro,1924-06-01,3900.0,3919.258215966564,3913.061
M12568,long_history,Micro,1924-07-01,3870.0,3909.5011958876134,3906.7322
M12568,long_history,Micro,1924-08-01,3880.0,3909.5011958876134,3903.4424
M12568,long_history,Micro,1924-09-01,3870.0,3909.5011958876134,3900.1536
M12568,long_history,Micro,1924-10-01,3950.0,3909.5011958876134,3903.493
M12568,long_history,Micro,1924-11-01,4100.0,3909.5011958876134,3908.8438
M12568,long_history,Micro,1924-12-01,4140.0,4036.062611580519,4090.009
M12568,long_history,Micro,1925-01-01,3870.0,4379.071280692963,4050.4426
M12568,long_history,Micro,1925-02-01,3850.0,4200.82455627746,3952.2373
M12568,long_history,Micro,1925-03-01,3860.0,4179.632546107224,3946.8193
M12568,long_history,Micro,1925-04-01,3900.0,4131.015827181233,3904.1257
M12568,long_history,Micro,1925-05-01,3950.0,4140.772847260184,3931.157
M12568,long_history,Micro,1925-06-01,3960.0,4140.772847260184,3937.409
M12589,cold_start,Micro,1905-01-01,6197.8,6406.41430278866,6339.503
M12589,cold_start,Micro,1905-02-01,6279.8,6419.529503851158,6313.1577
M12589,cold_start,Micro,1905-03-01,6389.3,6366.83618305382,6321.0396
M12589,cold_start,Micro,1905-04-01,6283.9,6304.062063414099,6338.545
M12589,cold_start,Micro,1905-05-01,6428.0,6300.411161984242,6341.924
M12589,cold_start,Micro,1905-06-01,6400.8,6369.4452812319805,6377.3945
M12589,cold_start,Micro,1905-07-01,6487.3,6486.477439254675,6397.4316
M12589,cold_start,Micro,1905-08-01,6389.4,6477.260430361854,6462.284
M12589,cold_start,Micro,1905-09-01,6626.6,6486.477439254675,6428.845
M12589,cold_start,Micro,1905-10-01,6656.5,6525.096685199103,6537.3945
M12589,cold_start,Micro,1905-11-01,6790.4,6696.6831150088565,6666.447
M12589,cold_start,Micro,1905-12-01,6881.4,6750.704338075922,6697.2207
M12589,cold_start,Micro,1906-01-01,7114.9,6662.0109390256275,6728.794
M12589,cold_start,Micro,1906-02-01,7245.2,6856.271288438055,6954.3765
M12589,cold_start,Micro,1906-03-01,7287.0,7168.301889884876,7186.246
M12589,cold_start,Micro,1906-04-01,7239.4,7215.307795572756,7248.2715
M12589,cold_start,Micro,1906-05-01,7560.0,7210.392667114799,7252.676
M12589,cold_start,Micro,1906-06-01,7693.0,7215.307795572756,7349.1143
M12611,long_history,Micro,1924-01-01,2320.0,2381.5015160583935,2390.2144
M12611,long_history,Micro,1924-02-01,2320.0,2388.8626125364085,2359.342
M12611,long_history,Micro,1924-03-01,2330.0,2388.8626125364085,2373.8438
M12611,long_history,Micro,1924-04-01,2330.0,2388.8626125364085,2369.327
M12611,long_history,Micro,1924-05-01,2340.0,2388.8626125364085,2369.327
M12611,long_history,Micro,1924-06-01,2350.0,2388.8626125364085,2372.8374
M12611,long_history,Micro,1924-07-01,2370.0,2388.8626125364085,2362.791
M12611,long_history,Micro,1924-08-01,2390.0,2388.8626125364085,2369.6565
M12611,long_history,Micro,1924-09-01,2410.0,2388.8626125364085,2372.6318
M12611,long_history,Micro,1924-10-01,2400.0,2388.8626125364085,2407.1611
M12611,long_history,Micro,1924-11-01,2410.0,2388.8626125364085,2414.9011
M12611,long_history,Micro,1924-12-01,2420.0,2391.5787394858294,2462.435
M12611,long_history,Micro,1925-01-01,2350.0,2381.5015160583935,2452.936
M12611,long_history,Micro,1925-02-01,2390.0,2388.8626125364085,2386.6902
M12611,long_history,Micro,1925-03-01,2400.0,2388.8626125364085,2380.9211
M12611,long_history,Micro,1925-04-01,2390.0,2388.8626125364085,2413.0544
M12611,long_history,Micro,1925-05-01,2440.0,2388.8626125364085,2388.2253
M12611,long_history,Micro,1925-06-01,2440.0,2388.8626125364085,2443.3115
M12864,short,Micro,1907-01-01,10020.8,9884.570542360767,9789.773
M12864,short,Micro,1907-02-01,9995.5,10029.565451740149,9941.236
M12864,short,Micro,1907-03-01,10092.1,10043.656785759227,9974.953
M12864,short,Micro,1907-04-01,10009.4,10017.254688960218,10021.507
M12864,short,Micro,1907-05-01,9855.6,10022.169817418175,9973.772
M12864,short,Micro,1907-06-01,10109.3,9884.778449797648,9861.95
M12864,short,Micro,1907-07-01,10217.1,10008.078483399097,9976.83
M12864,short,Micro,1907-08-01,10419.4,10181.42071645156,10089.201
M12864,short,Micro,1907-09-01,10320.5,10402.668935769103,10314.859
M12864,short,Micro,1907-10-01,10564.6,10237.553692888965,10275.388
M12864,short,Micro,1907-11-01,10609.9,10604.504851243519,10481.182
M12864,short,Micro,1907-12-01,10752.9,10585.10777456644,10518.734
M12864,short,Micro,1908-01-01,10667.3,10275.76517681157,10482.1
M12864,short,Micro,1908-02-01,10871.7,10654.599278611791,10548.046
M12864,short,Micro,1908-03-01,10315.0,10778.628976895268,10646.405
M12864,short,Micro,1908-04-01,10558.4,10295.781848949353,10358.265
M12864,short,Micro,1908-05-01,10352.5,10578.10275444451,10537.185
M12864,short,Micro,1908-06-01,10803.4,10421.515940135614,10363.182
M12919,long_history,Micro,1924-01-01,5460.0,5457.293902065294,5489.9663
M12919,long_history,Micro,1924-02-01,5500.0,5486.192668960239,5442.529
M12919,long_history,Micro,1924-03-01,5510.0,5488.782554202278,5523.2656
M12919,long_history,Micro,1924-04-01,5590.0,5488.782554202278,5537.9033
M12919,long_history,Micro,1924-05-01,5610.0,5553.367281251093,5564.4287
M12919,long_history,Micro,1924-06-01,5590.0,5630.144253332395,5582.9873
M12919,long_history,Micro,1924-07-01,5600.0,5553.367281251093,5599.359
M12919,long_history,Micro,1924-08-01,5610.0,5553.367281251093,5603.5654
M12919,long_history,Micro,1924-09-01,5600.0,5625.229124874439,5611.242
M12919,long_history,Micro,1924-10-01,5610.0,5553.367281251093,5611.687
M12919,long_history,Micro,1924-11-01,5630.0,5658.601934913658,5613.297
M12919,long_history,Micro,1924-12-01,5670.0,5722.665597204007,5614.2993
M12919,long_history,Micro,1925-01-01,5570.0,5688.460818117602,5649.3306
M12919,long_history,Micro,1925-02-01,5590.0,5575.99788588243,5598.0903
M12919,long_history,Micro,1925-03-01,5590.0,5558.28240970905,5605.0903
M12919,long_history,Micro,1925-04-01,5620.0,5586.740091290312,5605.176
M12919,long_history,Micro,1925-05-01,5640.0,5694.288608615227,5616.5483
M12919,long_history,Micro,1925-06-01,5630.0,5753.322280293805,5671.7007
M13045,long_history,Micro,1924-01-01,3650.0,3755.1158782024427,3683.2012
M13045,long_history,Micro,1924-02-01,3680.0,3730.9801254704057,3682.0664
M13045,long_history,Micro,1924-03-01,3640.0,3730.9801254704057,3685.151
M13045,long_history,Micro,1924-04-01,3670.0,3683.507925288767,3671.7698
M13045,long_history,Micro,1924-05-01,3680.0,3683.507925288767,3687.5002
M13045,long_history,Micro,1924-06-01,3680.0,3683.507925288767,3700.9966
M13045,long_history,Micro,1924-07-01,3700.0,3730.9801254704057,3709.7007
M13045,long_history,Micro,1924-08-01,3710.0,3730.9801254704057,3717.1794
M13045,long_history,Micro,1924-09-01,3690.0,3755.1158782024427,3745.6501
M13045,long_history,Micro,1924-10-01,3710.0,3730.9801254704057,3718.1907
M13045,long_history,Micro,1924-11-01,3770.0,3755.1158782024427,3755.6995
M13045,long_history,Micro,1924-12-01,3750.0,3757.8320051518635,3768.7322
M13045,long_history,Micro,1925-01-01,3730.0,3976.630509496064,3715.1711
M13045,long_history,Micro,1925-02-01,3750.0,3976.630509496064,3749.2615
M13045,long_history,Micro,1925-03-01,3700.0,4013.3311148322564,3752.7402
M13045,long_history,Micro,1925-04-01,3720.0,3989.1953621002194,3731.684
M13045,long_history,Micro,1925-05-01,3770.0,4013.3311148322564,3758.1658
M13045,long_history,Micro,1925-06-01,3810.0,4013.3311148322564,3769.5461
M13140,short,Micro,1907-01-01,2340.0,2381.5015160583935,2372.1062
M13140,short,Micro,1907-02-01,2354.0,2388.8626125364085,2358.3833
M13140,short,Micro,1907-03-01,2359.0,2388.8626125364085,2368.2183
M13140,short,Micro,1907-04-01,2366.0,2388.8626125364085,2374.2747
M13140,short,Micro,1907-05-01,2335.0,2388.8626125364085,2370.063
M13140,short,Micro,1907-06-01,2340.0,2388.8626125364085,2372.879
M13140,short,Micro,1907-07-01,2347.0,2388.8626125364085,2368.8025
M13140,short,Micro,1907-08-01,2347.0,2388.8626125364085,2369.4348
M13140,short,Micro,1907-09-01,2356.0,2388.8626125364085,2401.7605
M13140,short,Micro,1907-10-01,2359.0,2388.8626125364085,2379.312
M13140,short,Micro,1907-11-01,2434.0,2388.8626125364085,2377.9746
M13140,short,Micro,1907-12-01,2366.0,2391.5787394858294,2436.537
M13140,short,Micro,1908-01-01,2400.0,2381.5015160583935,2417.6296
M13140,short,Micro,1908-02-01,2408.0,2388.8626125364085,2412.4492
M13140,short,Micro,1908-03-01,2413.0,2388.8626125364085,2414.9958
M13140,short,Micro,1908-04-01,2414.0,2388.8626125364085,2421.6597
M13140,short,Micro,1908-05-01,2390.0,2388.8626125364085,2422.1128
M13140,short,Micro,1908-06-01,2381.0,2388.8626125364085,2393.235
M1319,long_history,Macro,1924-01-01,3340.0,3385.300649237351,3392.8604
M1319,long_history,Macro,1924-02-01,3357.0,3316.92922975796,3354.5
M1319,long_history,Macro,1924-03-01,3370.0,3343.583337872039,3342.2612
M1319,long_history,Macro,1924-04-01,3417.0,3376.3357685260307,3364.7207
M1319,long_history,Macro,1924-05-01,3471.0,3418.053079891343,3417.828
M1319,long_history,Macro,1924-06-01,3486.0,3418.053079891343,3438.424
M1319,long_history,Macro,1924-07-01,3439.0,3418.053079891343,3498.7217
M1319,long_history,Macro,1924-08-01,3467.0,3418.053079891343,3473.8499
M1319,long_history,Macro,1924-09-01,3456.0,3418.053079891343,3477.8691
M1319,long_history,Macro,1924-10-01,3464.0,3418.053079891343,3477.6003
M1319,long_history,Macro,1924-11-01,3476.0,3418.053079891343,3478.032
M1319,long_history,Macro,1924-12-01,3480.0,3420.7692068407637,3507.247
M1319,long_history,Macro,1925-01-01,3395.0,3418.053079891343,3469.765
M1319,long_history,Macro,1925-02-01,3410.0,3418.053079891343,3419.2202
M1319,long_history,Macro,1925-03-01,3424.0,3418.053079891343,3436.6406
M1319,long_history,Macro,1925-04-01,3462.0,3418.053079891343,3435.3696
M1319,long_history,Macro,1925-05-01,3528.0,3418.053079891343,3450.7256
M1319,long_history,Macro,1925-06-01,3547.0,3485.434693507714,3506.7507
M13221,long_history,Micro,1924-01-01,1173.0,1233.777734353686,1215.8048
M13221,long_history,Micro,1924-02-01,1156.0,1142.0048313053326,1194.8369
M13221,long_history,Micro,1924-03-01,1164.0,1142.0048313053326,1171.7417
M13221,long_history,Micro,1924-04-01,1171.0,1142.0048313053326,1172.02
M13221,long_history,Micro,1924-05-01,1185.0,1142.0048313053326,1187.2466
M13221,long_history,Micro,1924-06-01,1197.0,1186.2505372042692,1204.8636
M13221,long_history,Micro,1924-07-01,1201.0,1221.9987328468237,1216.6782
M13221,long_history,Micro,1924-08-01,1209.0,1221.9987328468237,1224.5768
M13221,long_history,Micro,1924-09-01,1214.0,1221.9987328468237,1224.5768
M13221,long_history,Micro,1924-10-01,1219.0,1221.9987328468237,1232.1575
M13221,long_history,Micro,1924-11-01,1244.0,1237.7111822028273,1233.3362
M13221,long_history,Micro,1924-12-01,1276.0,1240.4273091522482,1250.6794
M13221,long_history,Micro,1925-01-01,1230.0,1233.777734353686,1250.0863
M13221,long_history,Micro,1925-02-01,1218.0,1221.9987328468237,1242.236
M13221,long_history,Micro,1925-03-01,1217.0,1237.5655859138908,1241.1045
M13221,long_history,Micro,1925-04-01,1230.0,1221.9987328468237,1239.0188
M13221,long_history,Micro,1925-05-01,1241.0,1221.9987328468237,1243.8347
M13221,long_history,Micro,1925-06-01,1251.0,1250.6742938103198,1250.0703
M13238,short,Micro,1907-01-01,1934.0,1934.916773739463,2125.8533
M13238,short,Micro,1907-02-01,1963.0,1923.1377722326008,1947.9302
M13238,short,Micro,1907-03-01,1930.0,2006.6426980180352,1942.7626
M13238,short,Micro,1907-04-01,1933.0,1923.1377722326008,1951.7535
M13238,short,Micro,1907-05-01,1917.0,1923.1377722326008,1948.207
M13238,short,Micro,1907-06-01,1913.0,1923.1377722326008,1946.7413
M13238,short,Micro,1907-07-01,1930.0,1923.1377722326008,1947.1849
M13238,short,Micro,1907-08-01,1923.0,1923.1377722326008,1952.2657
M13238,short,Micro,1907-09-01,1936.0,1923.1377722326008,1951.8657
M13238,short,Micro,1907-10-01,1945.0,1923.1377722326008,1951.8657
M13238,short,Micro,1907-11-01,1940.0,2006.6426980180352,1950.3195
M13238,short,Micro,1907-12-01,1927.0,1925.8538991820217,1963.7374
M13238,short,Micro,1908-01-01,1981.0,1941.4071027678908,2005.5714
M13238,short,Micro,1908-02-01,1986.0,2013.133027046463,1956.6229
M13238,short,Micro,1908-03-01,1971.0,2013.133027046463,1960.7856
M13238,short,Micro,1908-04-01,1950.0,2013.133027046463,1956.5635
M13238,short,Micro,1908-05-01,1950.0,2006.6426980180352,1956.1936
M13238,short,Micro,1908-06-01,1945.0,2006.6426980180352,1956.094
M13381,short,Micro,1907-01-01,9285.4,9423.582954646996,9354.481
M13381,short,Micro,1907-02-01,9464.4,9411.553220418498,9336.395
M13381,short,Micro,1907-03-01,9576.0,9568.079467789581,9416.48
M13381,short,Micro,1907-04-01,9595.8,9719.065755282461,9564.215
M13381,short,Micro,1907-05-01,9679.8,9649.949346871703,9592.368
M13381,short,Micro,1907-06-01,9767.5,9665.888058284558,9615.006
M13381,short,Micro,1907-07-01,9683.1,9665.888058284558,9662.614
M13381,short,Micro,1907-08-01,9807.2,9660.972929826601,9650.023
M13381,short,Micro,1907-09-01,9953.3,9711.179370268494,9702.682
M13381,short,Micro,1907-10-01,9910.1,9829.681522704093,9853.666
M13381,short,Micro,1907-11-01,9979.4,9909.730971722127,9895.953
M13381,short,Micro,1907-12-01,10065.4,9932.432975583555,9903.614
M13381,short,Micro,1908-01-01,9849.3,9703.883694940809,9773.543
M13381,short,Micro,1908-02-01,9762.9,9798.909321626017,9782.81
M13381,short,Micro,1908-03-01,9844.0,9784.817987606939,9787.906
M13381,short,Micro,1908-04-01,9966.2,9727.044921122324,9769.172
M13381,short,Micro,1908-05-01,10069.6,9955.220545372438,9920.943
M13381,short,Micro,1908-06-01,9922.7,10022.169817418175,9974.056
M13754,cold_start,Micro,1904-05-01,3370.0,3462.8874139196505,3524.2517
M13754,cold_start,Micro,1904-06-01,3376.0,3389.3846256761026,3474.2727
M13754,cold_start,Micro,1904-07-01,3338.0,3384.469497218146,3428.0427
M13754,cold_start,Micro,1904-08-01,3387.0,3357.815389104067,3368.2217
M13754,cold_start,Micro,1904-09-01,3393.0,3376.3357685260307,3389.5476
M13754,cold_start,Micro,1904-10-01,3653.0,3418.053079891343,3372.723
M13754,cold_start,Micro,1904-11-01,3447.0,3527.246567595457,3553.2522
M13754,cold_start,Micro,1904-12-01,3400.0,3425.6843352987203,3490.4014
M13754,cold_start,Micro,1905-01-01,3743.0,3422.9682083492994,3453.7183
M13754,cold_start,Micro,1905-02-01,3648.0,3551.3823203274937,3612.5942
M13754,cold_start,Micro,1905-03-01,3662.0,3599.826733902895,3642.4766
M13754,cold_start,Micro,1905-04-01,2274.0,3735.8952539283623,3649.7534
M13754,cold_start,Micro,1905-05-01,3005.0,2627.62462267696,2964.8616
M13754,cold_start,Micro,1905-06-01,2923.0,3170.795291957338,3068.6704
M13754,cold_start,Micro,1905-07-01,3140.0,3050.316674725998,3033.7673
M13754,cold_start,Micro,1905-08-01,3017.0,3151.5373171965493,3177.7546
M13754,cold_start,Micro,1905-09-01,2946.0,3151.5373171965493,3075.5232
M13754,cold_start,Micro,1905-10-01,3103.0,3055.0196195214867,2986.9968
M13792,medium,Micro,1916-05-01,4107.953,4006.821738626061,4156.8076
M13792,medium,Micro,1916-06-01,4038.971,4132.816428533694,4217.851
M13792,medium,Micro,1916-07-01,3981.297,4082.050308443555,4120.76
M13792,medium,Micro,1916-08-01,4060.209,3985.6297284558254,4034.4426
M13792,medium,Micro,1916-09-01,4116.084,4055.943169815363,4082.1938
M13792,medium,Micro,1916-10-01,4138.885,4114.9256797626285,4110.283
M13792,medium,Micro,1916-11-01,4239.392,4175.596175425646,4152.2637
M13792,medium,Micro,1916-12-01,4451.817,4246.732738190162,4235.7397
M13792,medium,Micro,1917-01-01,4470.855,4370.718211054095,4305.922
M13792,medium,Micro,1917-02-01,4520.085,4384.0518006672,4414.9805
M13792,medium,Micro,1917-03-01,4715.312,4572.883927779678,4494.3657
M13792,medium,Micro,1917-04-01,4570.889,4617.876389569151,4594.279
M13792,medium,Micro,1917-05-01,5013.991,4576.311720058594,4583.722
M13792,medium,Micro,1917-06-01,4919.721,4967.259319095534,4920.5137
M13792,medium,Micro,1917-07-01,5132.139,4867.842073313447,4873.6104
M13792,medium,Micro,1917-08-01,4838.268,5018.933649639285,5069.213
M13792,medium,Micro,1917-09-01,4636.58,4832.464725826535,4877.047
M13792,medium,Micro,1917-10-01,4275.039,4809.454719651822,4746.1636
M13808,medium,Micro,1917-03-01,1109.82,1443.2805926162785,1476.1534
M13808,medium,Micro,1917-04-01,1497.93,1248.4071671729969,1304.4736
M13808,medium,Micro,1917-05-01,1580.7,1425.8204031412085,1440.2375
M13808,medium,Micro,1917-06-01,1521.19,1486.2737195255581,1503.7928
M13808,medium,Micro,1917-07-01,1670.21,1586.6237416418383,1562.0819
M13808,medium,Micro,1917-08-01,1569.82,1630.837390975884,1613.5576
M13808,medium,Micro,1917-09-01,1573.55,1551.9961888374312,1584.0449
M13808,medium,Micro,1917-10-01,1714.12,1564.9593004449237,1575.674
M13808,medium,Micro,1917-11-01,1607.94,1686.1366671868823,1665.3533
M13808,medium,Micro,1917-12-01,1408.76,1608.9295300103101,1624.7815
M13808,medium,Micro,1918-01-01,1318.21,1544.7600155313833,1503.281
M13808,medium,Micro,1918-02-01,1316.25,1477.6817378135231,1410.0851
M13808,medium,Micro,1918-03-01,1132.13,1374.8731355570574,1353.8654
M13808,medium,Micro,1918-04-01,1403.75,1217.7419434487244,1277.2579
M13808,medium,Micro,1918-05-01,1532.73,1384.9536509960321,1399.7444
M13808,medium,Micro,1918-06-01,1418.67,1467.346573979652,1482.6738
M13808,medium,Micro,1918-07-01,1484.05,1495.5246112172545,1464.3949
M13808,medium,Micro,1918-08-01,1484.75,1523.5690130418898,1486.417
M13895,medium,Micro,1918-12-01,4633.9,4580.515183187055,4628.949
M13895,medium,Micro,1919-01-01,4288.0,4587.875073611207,4550.531
M13895,medium,Micro,1919-02-01,4426.8,4333.354676869835,4443.759
M13895,medium,Micro,1919-03-01,4598.3,4412.441091124303,4467.858
M13895,medium,Micro,1919-04-01,4479.7,4577.799056237634,4534.9746
M13895,medium,Micro,1919-05-01,4502.9,4412.441091124303,4478.419
M13895,medium,Micro,1919-06-01,4658.8,4577.799056237634,4523.783
M13895,medium,Micro,1919-07-01,4601.6,4619.363725748191,4586.147
M13895,medium,Micro,1919-08-01,4302.8,4577.799056237634,4595.677
M13895,medium,Micro,1919-09-01,4920.5,4333.354676869835,4447.2046
M13895,medium,Micro,1919-10-01,4832.1,4720.322332219962,4740.9277
M13895,medium,Micro,1919-11-01,4885.0,4718.080297916498,4794.4536
M13895,medium,Micro,1919-12-01,4670.5,4926.938467219818,4853.629
M13895,medium,Micro,1920-01-01,4313.6,4745.015879575848,4686.9336
M13895,medium,Micro,1920-02-01,4538.5,4426.29804928915,4540.491
M13895,medium,Micro,1920-03-01,4935.4,4662.608699964834,4541.007
M13895,medium,Micro,1920-04-01,4645.8,4813.265704639277,4796.322
M13895,medium,Micro,1920-05-01,4520.0,4776.504531712832,4706.533
M13953,medium,Micro,1922-12-01,6810.764,6382.95185844565,6346.513
M13953,medium,Micro,1923-01-01,6328.501,6610.570445604949,6531.2783
M13953,medium,Micro,1923-02-01,6078.7,6420.3046750441235,6398.8364
M13953,medium,Micro,1923-03-01,6204.344,6221.700864444668,6295.0933
M13953,medium,Micro,1923-04-01,6313.895,6281.433143105489,6270.174
M13953,medium,Micro,1923-05-01,6206.401,6232.616258650866,6301.9746
M13953,medium,Micro,1923-06-01,6282.428,6281.433143105489,6286.3345
M13953,medium,Micro,1923-07-01,6363.308,6366.83618305382,6301.0063
M13953,medium,Micro,1923-08-01,6147.68,6270.64269284124,6317.894
M13953,medium,Micro,1923-09-01,6809.411,6261.176182124295,6265.73
M13953,medium,Micro,1923-10-01,6435.568,6676.296951628656,6596.9307
M13953,medium,Micro,1923-11-01,6241.13,6433.605132729642,6458.1855
M13953,medium,Micro,1923-12-01,6579.108,6457.510608207343,6412.7705
M13953,medium,Micro,1924-01-01,6359.324,6422.9510901639105,6362.067
M13953,medium,Micro,1924-02-01,6303.363,6393.75452593801,6324.246
M13953,medium,Micro,1924-03-01,6548.172,6348.606613421865,6376.8403
M13953,medium,Micro,1924-04-01,6518.858,6482.17555881981,6444.7837
M13953,medium,Micro,1924-05-01,6349.54,6483.008915287372,6460.4907
M14045,short,Micro,1911-10-01,6200.0,5397.857412070501,5277.2246
M14045,short,Micro,1911-11-01,5260.0,5700.937506915393,5776.1494
M14045,short,Micro,1911-12-01,5000.0,5506.58332542607,5492.7827
M14045,short,Micro,1912-01-01,4840.0,5136.828704132074,5226.174
M14045,short,Micro,1912-02-01,5160.0,5019.923087073469,5007.4165
M14045,short,Micro,1912-03-01,5790.0,5286.595306134093,5246.59
M14045,short,Micro,1912-04-01,5070.0,5546.313998112571,5533.16
M14045,short,Micro,1912-05-01,4860.0,5094.9243268057,5265.414
M14045,short,Micro,1912-06-01,5540.0,4967.806420846933,4996.23
M14045,short,Micro,1912-07-01,4910.0,5338.231232552081,5312.003
M14045,short,Micro,1912-08-01,5950.0,4995.507081023613,5034.6055
M14045,short,Micro,1912-09-01,5470.0,5661.632098892804,5648.8257
M14045,short,Micro,1912-10-01,5270.0,5775.800777037105,5553.911
M14045,short,Micro,1912-11-01,8250.0,5316.15236313075,5325.659
M14045,short,Micro,1912-12-01,4490.0,6947.479348725971,6232.2466
M14045,short,Micro,1913-01-01,4870.0,4435.5594486358905,4898.8022
M14045,short,Micro,1913-02-01,4600.0,4744.855701768053,5310.8164
M14045,short,Micro,1913-03-01,5060.0,4795.404191170191,4728.9404
M14205,medium,Micro,1921-03-01,6149.9,6111.3223231663505,6132.2446
M14205,medium,Micro,1921-04-01,6204.4,6111.3223231663505,6152.2124
M14205,medium,Micro,1921-05-01,6210.9,6174.500410526837,6226.1523
M14205,medium,Micro,1921-06-01,6240.7,6202.409907690804,6239.198
M14205,medium,Micro,1921-07-01,6267.0,6219.597674071063,6251.456
M14205,medium,Micro,1921-08-01,6360.3,6244.8888965731685,6261.974
M14205,medium,Micro,1921-09-01,6388.5,6270.64269284124,6310.126
M14205,medium,Micro,1921-10-01,6473.5,6369.4452812319805,6355.8066
M14205,medium,Micro,1921-11-01,6496.3,6431.568421866693,6444.41
M14205,medium,Micro,1921-12-01,6504.1,6434.284548816114,6451.2793
M14205,medium,Micro,1922-01-01,6560.8,6367.428824752837,6368.3096
M14205,medium,Micro,1922-02-01,6607.5,6470.827665842663,6485.99
M14205,medium,Micro,1922-03-01,6671.2,6554.314536435947,6581.274
M14205,medium,Micro,1922-04-01,6629.1,6579.650956986162,6661.4873
M14205,medium,Micro,1922-05-01,6659.5,6549.39940797799,6598.699
M14205,medium,Micro,1922-06-01,6679.2,6574.735828528205,6670.425
M14205,medium,Micro,1922-07-01,6607.7,6574.735828528205,6689.575
M14205,medium,Micro,1922-08-01,6672.3,6600.006544931108,6625.314
M14247,medium,Micro,1921-03-01,5456.0,5531.443196610489,5444.131
M14247,medium,Micro,1921-04-01,5568.0,5343.725337984177,5468.0615
M14247,medium,Micro,1921-05-01,5664.0,5379.416511277634,5570.2954
M14247,medium,Micro,1921-06-01,5973.0,5530.607126397921,5635.447
M14247,medium,Micro,1921-07-01,6388.0,5769.605753279252,5818.689
M14247,medium,Micro,1921-08-01,6690.0,6109.11490954855,6219.5596
M14247,medium,Micro,1921-09-01,8641.0,6871.884380527845,7129.3535
M14247,medium,Micro,1921-10-01,5332.0,6992.389106076306,7298.601
M14247,medium,Micro,1921-11-01,5163.0,5603.030597587506,5681.1045
M14247,medium,Micro,1921-12-01,5542.0,5671.0887984508145,5711.924
M14247,medium,Micro,1922-01-01,5186.0,5493.3834814584725,5320.3447
M14247,medium,Micro,1922-02-01,5586.0,5431.897790821125,5392.3325
M14247,medium,Micro,1922-03-01,5331.0,5651.468775233904,5559.3745
M14247,medium,Micro,1922-04-01,5413.0,5335.0513672223915,5457.6284
M14247,medium,Micro,1922-05-01,5487.0,5573.858216952878,5516.164
M14247,medium,Micro,1922-06-01,5712.0,5601.767714116845,5534.852
M14247,medium,Micro,1922-07-01,5822.0,5806.904892840663,5779.8823
M14247,medium,Micro,1922-08-01,5953.0,5990.946391662357,5881.884
M14345,long_history,Micro,1929-01-01,5348.57,4663.200528442493,4158.1567
M14345,long_history,Micro,1929-02-01,5297.34,5578.235471003255,5505.9565
M14345,long_history,Micro,1929-03-01,5578.89,5612.133805899091,5643.6445
M14345,long_history,Micro,1929-04-01,4766.68,5891.282966514911,5592.554
M14345,long_history,Micro,1929-05-01,5596.48,5252.722334909597,5598.532
M14345,long_history,Micro,1929-06-01,5774.21,6136.693246462987,5860.8345
M14345,long_history,Micro,1929-07-01,5393.71,6050.780563974715,5539.409
M14345,long_history,Micro,1929-08-01,5580.03,5905.131066682816,5507.2876
M14345,long_history,Micro,1929-09-01,5486.83,5882.3158439891,5473.104
M14345,long_history,Micro,1929-10-01,5331.77,5817.731116940286,5558.452
M14345,long_history,Micro,1929-11-01,5277.39,5739.59616729132,5447.368
M14345,long_history,Micro,1929-12-01,4359.32,5739.59616729132,5358.798
M14345,long_history,Micro,1930-01-01,5130.44,5015.493352635683,5044.428
M14345,long_history,Micro,1930-02-01,5409.19,5799.744055249843,5361.4966
M14345,long_history,Micro,1930-03-01,5542.62,6026.896130135693,5270.7046
M14345,long_history,Micro,1930-04-01,5310.84,5791.2428702665675,5308.1606
M14345,long_history,Micro,1930-05-01,5466.37,5780.984266166503,5222.619
M14345,long_history,Micro,1930-06-01,5607.59,5941.205916579292,5416.8364
M1445,long_history,Macro,1924-01-01,2370.0,2617.3693919794305,2556.5928
M1445,long_history,Macro,1924-02-01,2374.0,2457.684667238276,2412.452
M1445,long_history,Macro,1924-03-01,2442.0,2457.684667238276,2396.0415
M1445,long_history,Macro,1924-04-01,2556.0,2388.8626125364085,2442.5364
M1445,long_history,Macro,1924-05-01,2704.0,2506.7989372498623,2504.7578
M1445,long_history,Macro,1924-06-01,2798.0,2684.687506687725,2647.7478
M1445,long_history,Macro,1924-07-01,2802.0,2727.5855752943576,2760.762
M1445,long_history,Macro,1924-08-01,2797.0,2786.5253287159867,2775.283
M1445,long_history,Macro,1924-09-01,2689.0,2781.61020025803,2773.0286
M1445,long_history,Macro,1924-10-01,2625.0,2748.827152044323,2710.636
M1445,long_history,Macro,1924-11-01,2560.0,2658.8608508761868,2637.8179
M1445,long_history,Macro,1924-12-01,2539.0,2632.361743864823,2616.5916
M1445,long_history,Macro,1925-01-01,2448.0,2617.3693919794305,2588.7046
M1445,long_history,Macro,1925-02-01,2458.0,2629.645616915402,2558.3955
M1445,long_history,Macro,1925-03-01,2507.0,2565.7907350358164,2546.3083
M1445,long_history,Macro,1925-04-01,2625.0,2565.7907350358164,2513.6428
M1445,long_history,Macro,1925-05-01,2777.0,2594.7212055195887,2620.1746
M1445,long_history,Macro,1925-06-01,2866.0,2684.687506687725,2722.3347
M14483,medium,Micro,1921-03-01,11700.0,11531.570093223592,11146.225
M14483,medium,Micro,1921-04-01,12170.0,11861.806211118977,11620.721
M14483,medium,Micro,1921-05-01,12680.0,11870.905093919304,12005.633
M14483,medium,Micro,1921-06-01,13150.0,12280.117437077533,12201.528
M14483,medium,Micro,1921-07-01,13470.0,12852.372865672447,12850.242
M14483,medium,Micro,1921-08-01,13600.0,13216.193383228738,13013.273
M14483,medium,Micro,1921-09-01,13590.0,13118.143730230931,13063.552
M14483,medium,Micro,1921-10-01,13520.0,13916.394883098113,13459.773
M14483,medium,Micro,1921-11-01,13550.0,13823.228643690203,13503.668
M14483,medium,Micro,1921-12-01,13750.0,13940.106724123532,13493.775
M14483,medium,Micro,1922-01-01,14080.0,13323.288538266192,13289.02
M14483,medium,Micro,1922-02-01,14470.0,14209.449422764506,13917.91
M14483,medium,Micro,1922-03-01,14770.0,14068.002873503703,13988.577
M14483,medium,Micro,1922-04-01,14890.0,14055.538235506598,13952.934
M14483,medium,Micro,1922-05-01,14850.0,14599.744046359252,13989.43
M14483,medium,Micro,1922-06-01,14790.0,14699.593203950533,14484.85
M14483,medium,Micro,1922-07-01,14820.0,15047.05425181677,14463.503
M14483,medium,Micro,1922-08-01,15000.0,15314.17136706835,14742.736
M1449,long_history,Macro,1924-01-01,3530.0,3863.484074800328,3807.2095
M1449,long_history,Macro,1924-02-01,3750.0,3730.783985176812,3689.7188
M1449,long_history,Macro,1924-03-01,3800.0,3796.7316119965917,3775.2705
M1449,long_history,Macro,1924-04-01,4010.0,3796.7316119965917,3818.7869
M1449,long_history,Macro,1924-05-01,3920.0,3989.644894163064,3946.3645
M1449,long_history,Macro,1924-06-01,3770.0,3914.41632434557,3934.4785
M1449,long_history,Macro,1924-07-01,3720.0,3868.3992032582846,3834.892
M1449,long_history,Macro,1924-08-01,3690.0,3868.3992032582846,3798.7488
M1449,long_history,Macro,1924-09-01,3870.0,3767.680730806598,3743.4207
M1449,long_history,Macro,1924-10-01,3930.0,3842.748733083877,3855.4268
M1449,long_history,Macro,1924-11-01,3940.0,3914.41632434557,3897.5186
M1449,long_history,Macro,1924-12-01,3920.0,3912.2173228370343,3930.6965
M1449,long_history,Macro,1925-01-01,3650.0,4131.015827181233,3882.6758
M1449,long_history,Macro,1925-02-01,3900.0,4065.77808181987,3804.007
M1449,long_history,Macro,1925-03-01,3910.0,4135.93095563919,3886.415
M1449,long_history,Macro,1925-04-01,3910.0,4135.93095563919,3895.7214
M1449,long_history,Macro,1925-05-01,3930.0,4131.015827181233,3899.1477
M1449,long_history,Macro,1925-06-01,3660.0,4131.015827181233,3923.1226
M14968,short,Micro,1907-01-01,6868.0,6911.303353913506,6722.109
M14968,short,Micro,1907-02-01,6925.0,6949.449364803855,6835.6943
M14968,short,Micro,1907-03-01,6903.0,6956.702705092689,6926.3184
M14968,short,Micro,1907-04-01,7198.0,6956.702705092689,6954.434
M14968,short,Micro,1907-05-01,6736.0,7110.227158372728,7097.579
M14968,short,Micro,1907-06-01,7351.0,6933.055406671047,6920.938
M14968,short,Micro,1907-07-01,7404.0,7287.329865707358,7227.3867
M14968,short,Micro,1907-08-01,7018.0,7274.8485457449915,7327.261
M14968,short,Micro,1907-09-01,6290.0,7052.46854795495,7114.5054
M14968,short,Micro,1907-10-01,6819.0,6654.328865953007,6655.3823
M14968,short,Micro,1907-11-01,6719.0,6771.106467467515,6775.8013
M14968,short,Micro,1907-12-01,6944.0,6765.34322189747,6793.8765
M14968,short,Micro,1908-01-01,6787.0,6784.494693319606,6729.32
M14968,short,Micro,1908-02-01,7075.0,6832.15188790653,6794.471
M14968,short,Micro,1908-03-01,7011.0,6992.9296814754025,7007.447
M14968,short,Micro,1908-04-01,6974.0,7110.227158372728,7016.1143
M14968,short,Micro,1908-05-01,6993.0,6923.614541447889,6965.407
M14968,short,Micro,1908-06-01,6784.0,7141.348885396723,7007.078
M15167,long_history,Micro,1931-01-01,3429.6,3587.037155330793,3215.8083
M15167,long_history,Micro,1931-02-01,3079.41,3763.664212078508,3328.0508
M15167,long_history,Micro,1931-03-01,3313.63,3569.1660722282613,3099.8142
M15167,long_history,Micro,1931-04-01,3206.54,3695.292792599117,3241.1655
M15167,long_history,Micro,1931-05-01,3362.18,3561.032343536146,3111.0503
M15167,long_history,Micro,1931-06-01,3301.28,3729.326065205546,3267.724
M15167,long_history,Micro,1931-07-01,3229.62,3735.4243877454583,3232.286
M15167,long_history,Micro,1931-08-01,3574.71,3627.1687504771344,3268.504
M15167,long_history,Micro,1931-09-01,3335.73,3833.5098617292724,3369.3691
M15167,long_history,Micro,1931-10-01,3586.74,3735.4243877454583,3395.401
M15167,long_history,Micro,1931-11-01,3486.62,4129.588797764628,3475.409
M15167,long_history,Micro,1931-12-01,4124.4,3771.0433765708576,3485.6519
M15167,long_history,Micro,1932-01-01,3504.93,4491.752656426467,3691.4478
M15167,long_history,Micro,1932-02-01,3624.37,4055.9713937400634,3607.9165
M15167,long_history,Micro,1932-03-01,3620.46,4346.371212789651,3607.1167
M15167,long_history,Micro,1932-04-01,3336.25,4266.14658195402,3581.7375
M15167,long_history,Micro,1932-05-01,3426.44,3832.154436281403,3380.6768
M15167,long_history,Micro,1932-06-01,3892.89,3844.374843264184,3452.4487
M15328,short,Micro,1913-02-01,5039.733,5141.080765608296,4920.356
M15328,short,Micro,1913-03-01,4649.345,4956.053726955768,5047.99
M15328,short,Micro,1913-04-01,3931.249,4705.185238785501,4694.4805
M15328,short,Micro,1913-05-01,3483.664,4092.6666214313,4131.636
M15328,short,Micro,1913-06-01,3694.502,3794.0668974106115,3790.6343
M15328,short,Micro,1913-07-01,4153.018,3792.597139798198,3848.155
M15328,short,Micro,1913-08-01,4248.545,3972.615177306801,4022.255
M15328,short,Micro,1913-09-01,3647.835,4235.018741953123,4188.463
M15328,short,Micro,1913-10-01,3458.252,3933.175681982884,3848.8528
M15328,short,Micro,1913-11-01,3956.263,3692.3361308367644,3723.1711
M15328,short,Micro,1913-12-01,4899.012,3879.104555722821,4012.8403
M15328,short,Micro,1914-01-01,5326.929,4637.9124941122645,4759.2314
M15328,short,Micro,1914-02-01,4797.967,5121.10775352704,4972.8735
M15328,short,Micro,1914-03-01,4275.916,4735.617036068782,4869.124
M15328,short,Micro,1914-04-01,3655.484,4462.141708876873,4446.996
M15328,short,Micro,1914-05-01,3345.282,3933.175681982884,4019.3523
M15328,short,Micro,1914-06-01,3770.552,3610.3262962014937,3519.7222
M15328,short,Micro,1914-07-01,4631.767,3759.6396274774406,3811.151
M15361,short,Micro,1905-05-01,4729.9761,3556.9928770380207,3648.5393
M15361,short,Micro,1905-06-01,4838.2304,4644.214827202394,4605.008
M15361,short,Micro,1905-07-01,6162.2166,4388.517730051245,4602.4644
M15361,short,Micro,1905-08-01,4729.9761,5447.428420972518,5178.956
M15361,short,Micro,1905-09-01,3642.9458,4731.50255686661,4943.677
M15361,short,Micro,1905-10-01,6162.2166,3982.3587681616195,3909.6746
M15361,short,Micro,1905-11-01,8133.4911,5089.857791113867,5141.8794
M15361,short,Micro,1905-12-01,6385.9437,6187.854971453891,6162.3276
M15361,short,Micro,1906-01-01,8133.4911,5589.659874249915,5784.5513
M15361,short,Micro,1906-02-01,7862.4871,7143.572219303577,6856.1543
M15361,short,Micro,1906-03-01,6385.9437,7523.190886935824,7779.551
M15361,short,Micro,1906-04-01,3973.2394,6502.505870481823,6422.015
M15361,short,Micro,1906-05-01,7862.4871,4652.872977609354,5575.086
M15361,short,Micro,1906-06-01,8117.6207,6404.725373233761,6914.71
M15361,short,Micro,1906-07-01,5633.5326,6787.389073123319,7651.875
M15361,short,Micro,1906-08-01,8132.0144,6395.851272608845,5956.685
M15361,short,Micro,1906-09-01,8231.7474,7139.877770806843,7083.9473
M15361,short,Micro,1906-10-01,5655.5703,7689.3449383514935,7550.98
M15421,short,Micro,1913-02-01,13223.763,12309.591346246569,13421.368
M15421,short,Micro,1913-03-01,13189.549,11699.52851697449,12188.206
M15421,short,Micro,1913-04-01,14315.981,14242.200208957185,13034.457
M15421,short,Micro,1913-05-01,10290.821,12055.225183444816,12828.7
M15421,short,Micro,1913-06-01,9156.213,9435.225895097079,10000.489
M15421,short,Micro,1913-07-01,8567.75,7910.448635293915,7858.7134
M15421,short,Micro,1913-08-01,6585.565,8488.98472996914,8156.1816
M15421,short,Micro,1913-09-01,7054.854,8447.619738928384,8849.462
M15421,short,Micro,1913-10-01,10081.968,9042.70987812138,8956.058
M15421,short,Micro,1913-11-01,12327.413,10731.263403246396,9631.7295
M15421,short,Micro,1913-12-01,9222.167,12215.330711023624,11911.776
M15421,short,Micro,1914-01-01,11978.158,11091.575040355952,9510.308
M15421,short,Micro,1914-02-01,11042.624,11472.056812268791,12211.464
M15421,short,Micro,1914-03-01,11656.962,11495.201932576842,12147.059
M15421,short,Micro,1914-04-01,11846.369,11242.990557213061,11245.472
M15421,short,Micro,1914-05-01,11623.08,11049.850475240904,11202.167
M15421,short,Micro,1914-06-01,7550.793,11082.500764578313,11098.592
M15421,short,Micro,1914-07-01,8305.561,7971.433395568947,9098.981
M155,cold_start,Macro,1904-03-01,1093.0,1134.8144149018203,1133.4873
M155,cold_start,Macro,1904-04-01,1094.0,1134.8144149018203,1116.196
M155,cold_start,Macro,1904-05-01,1099.0,1134.8144149018203,1109.9341
M155,cold_start,Macro,1904-06-01,1088.0,1134.8144149018203,1117.2328
M155,cold_start,Macro,1904-07-01,1098.0,1134.8144149018203,1114.6802
M155,cold_start,Macro,1904-08-01,1093.0,1079.033037359689,1115.9493
M155,cold_start,Macro,1904-09-01,1108.0,1134.8144149018203,1116.3527
M155,cold_start,Macro,1904-10-01,1105.0,1134.8144149018203,1118.0768
M155,cold_start,Macro,1904-11-01,1109.0,1134.8144149018203,1123.9727
M155,cold_start,Macro,1904-12-01,1124.0,1137.5305418512412,1132.9818
M155,cold_start,Macro,1905-01-01,1118.0,1146.5934164086825,1142.9586
M155,cold_start,Macro,1905-02-01,1124.0,1134.8144149018203,1133.8627
M155,cold_start,Macro,1905-03-01,1132.0,1134.8144149018203,1146.9034
M155,cold_start,Macro,1905-04-01,1123.0,1134.8144149018203,1139.6978
M155,cold_start,Macro,1905-05-01,1129.0,1134.8144149018203,1141.0583
M155,cold_start,Macro,1905-06-01,1129.0,1134.8144149018203,1139.737
M155,cold_start,Macro,1905-07-01,1139.0,1134.8144149018203,1139.1194
M155,cold_start,Macro,1905-08-01,1134.0,1134.8144149018203,1140.7062
M1555,long_history,Macro,1924-01-01,5890.0,5916.1829664286215,5963.394
M1555,long_history,Macro,1924-02-01,5860.0,5945.081733323566,5952.985
M1555,long_history,Macro,1924-03-01,5820.0,5952.586747023563,5920.0884
M1555,long_history,Macro,1924-04-01,6110.0,5788.657386424168,5866.9683
M1555,long_history,Macro,1924-05-01,6260.0,6031.3728727577545,6043.4707
M1555,long_history,Macro,1924-06-01,6400.0,6232.616258650866,6185.3906
M1555,long_history,Macro,1924-07-01,6380.0,6253.806494032187,6280.6514
M1555,long_history,Macro,1924-08-01,6400.0,6369.796848803187,6316.3726
M1555,long_history,Macro,1924-09-01,6230.0,6373.015449037345,6342.3413
M1555,long_history,Macro,1924-10-01,6140.0,6337.762323235227,6309.7783
M1555,long_history,Macro,1924-11-01,6100.0,6175.781647484,6235.391
M1555,long_history,Macro,1924-12-01,6080.0,6127.434928072112,6183.4595
M1555,long_history,Macro,1925-01-01,6050.0,6043.217756983524,6004.244
M1555,long_history,Macro,1925-02-01,6050.0,6059.067666728397,6011.1597
M1555,long_history,Macro,1925-03-01,6060.0,6024.383906044296,6021.059
M1555,long_history,Macro,1925-04-01,6250.0,6058.606606831615,6065.2505
M1555,long_history,Macro,1925-05-01,6430.0,6213.638239772113,6195.174
M1555,long_history,Macro,1925-06-01,6550.0,6346.983189793392,6293.346
M15585,medium,Micro,1922-09-01,11239.0,11580.493300642518,11183.529
M15585,medium,Micro,1922-10-01,11143.0,11562.561101748717,11132.676
M15585,medium,Micro,1922-11-01,11069.0,11557.64597329076,11135.45
M15585,medium,Micro,1922-12-01,11102.0,11030.640947109501,11158.227
M15585,medium,Micro,1923-01-01,11317.0,10731.385896364189,10576.79
M15585,medium,Micro,1923-02-01,11466.0,11558.900418960919,11021.621
M15585,medium,Micro,1923-03-01,11538.0,11574.262600889431,11637.567
M15585,medium,Micro,1923-04-01,11740.0,11574.262600889431,11690.412
M15585,medium,Micro,1923-05-01,11725.0,11803.575787235077,11700.165
M15585,medium,Micro,1923-06-01,11767.0,11812.674670035403,11697.157
M15585,medium,Micro,1923-07-01,11754.0,11759.677712130038,11691.809
M15585,medium,Micro,1923-08-01,11899.0,11759.677712130038,11676.211
M15585,medium,Micro,1923-09-01,12038.0,11727.507645672344,11785.554
M15585,medium,Micro,1923-10-01,12210.0,12096.738825857046,12122.732
M15585,medium,Micro,1923-11-01,12302.0,12252.149109718153,12194.122
M15585,medium,Micro,1923-12-01,12379.0,12232.752033041075,12215.852
M15585,medium,Micro,1924-01-01,12230.0,11832.178722848228,12056.454
M15585,medium,Micro,1924-02-01,12305.0,12310.076053275448,12196.568
M15619,medium,Micro,1920-03-01,10426.0,10604.504851243519,10419.098
M15619,medium,Micro,1920-04-01,10437.0,10285.440371522089,10390.125
M15619,medium,Micro,1920-05-01,11242.0,10390.198714878648,10420.622
M15619,medium,Micro,1920-06-01,10605.0,11217.561716868506,10810.468
M15619,medium,Micro,1920-07-01,10545.0,10712.603021708448,10614.262
M15619,medium,Micro,1920-08-01,10491.0,10604.504851243519,10484.876
M15619,medium,Micro,1920-09-01,10345.0,10604.504851243519,10462.04
M15619,medium,Micro,1920-10-01,10474.0,10421.515940135614,10394.8125
M15619,medium,Micro,1920-11-01,10474.0,10428.161771485862,10434.808
M15619,medium,Micro,1920-12-01,10543.0,10402.118863458536,10484.115
M15619,medium,Micro,1921-01-01,10703.0,10270.850048353614,10357.381
M15619,medium,Micro,1921-02-01,10963.0,10604.504851243519,10702.588
M15619,medium,Micro,1921-03-01,11005.0,10778.628976895268,10777.482
M15619,medium,Micro,1921-04-01,11037.0,10778.628976895268,10973.987
M15619,medium,Micro,1921-05-01,11029.0,10857.405857936192,11085.103
M15619,medium,Micro,1921-06-01,11666.0,10773.713848437312,11011.151
M15619,medium,Micro,1921-07-01,11612.0,11551.74915052761,11486.915
M15619,medium,Micro,1921-08-01,11666.0,11636.233952807344,11602.659
M15648,short,Micro,1906-06-01,3573.0,3478.981243757,3572.608
M15648,short,Micro,1906-07-01,3610.0,3517.8832646688106,3585.9666
M15648,short,Micro,1906-08-01,3624.0,3570.2929034830618,3609.032
M15648,short,Micro,1906-09-01,3504.0,3643.3763301424256,3608.777
M15648,short,Micro,1906-10-01,3629.0,3621.9924776971047,3555.8008
M15648,short,Micro,1906-11-01,3764.0,3640.157729908267,3606.4172
M15648,short,Micro,1906-12-01,3714.0,3682.52250277419,3701.4229
M15648,short,Micro,1907-01-01,4006.0,3727.2785760064075,3693.3445
M15648,short,Micro,1907-02-01,3792.0,3952.9442888268713,3889.5808
M15648,short,Micro,1907-03-01,3885.0,3831.698597922092,3823.208
M15648,short,Micro,1907-04-01,4115.0,3877.7157190093776,3860.1453
M15648,short,Micro,1907-05-01,3966.0,4061.60302442344,4028.1921
M15648,short,Micro,1907-06-01,4131.0,3979.309924983839,3950.1995
M15648,short,Micro,1907-07-01,4205.0,4113.438343583588,4069.9995
M15648,short,Micro,1907-08-01,3875.0,4232.77225498275,4182.6025
M15648,short,Micro,1907-09-01,4072.0,3987.4436536759545,3967.789
M15648,short,Micro,1907-10-01,4050.0,4043.1035047100486,4058.0667
M15648,short,Micro,1907-11-01,4197.0,4054.5384948013334,4052.337
M15679,medium,Micro,1922-01-01,1033.0,1060.5186332725777,1089.3169
M15679,medium,Micro,1922-02-01,1012.0,1048.7396317657156,1066.4166
M15679,medium,Micro,1922-03-01,1013.0,1034.7792069007892,1023.09265
M15679,medium,Micro,1922-04-01,1018.0,1034.7792069007892,1012.63293
M15679,medium,Micro,1922-05-01,1015.0,1034.7792069007892,1055.5752
M15679,medium,Micro,1922-06-01,994.0,1034.7792069007892,1056.379
M15679,medium,Micro,1922-07-01,1008.0,1034.7792069007892,1010.8978
M15679,medium,Micro,1922-08-01,1029.0,1034.7792069007892,1010.44806
M15679,medium,Micro,1922-09-01,1006.0,1048.7396317657156,1052.9122
M15679,medium,Micro,1922-10-01,1014.0,1034.7792069007892,1014.21454
M15679,medium,Micro,1922-11-01,1014.0,1034.7792069007892,1055.8564
M15679,medium,Micro,1922-12-01,1016.0,1037.49533385021,1057.316
M15679,medium,Micro,1923-01-01,1017.0,1046.5582084076514,1127.787
M15679,medium,Micro,1923-02-01,1014.0,1034.7792069007892,1066.5085
M15679,medium,Micro,1923-03-01,1039.0,1034.7792069007892,1068.5508
M15679,medium,Micro,1923-04-01,1053.0,1079.033037359689,1058.9166
M15679,medium,Micro,1923-05-01,1076.0,1079.033037359689,1075.336
M15679,medium,Micro,1923-06-01,1101.0,1079.033037359689,1078.6946
M16637,cold_start,Micro,1904-04-01,7817.0,8130.587529844528,8207.22
M16637,cold_start,Micro,1904-05-01,7816.0,7461.866523436886,7652.929
M16637,cold_start,Micro,1904-06-01,6710.0,7523.3413336732365,7477.675
M16637,cold_start,Micro,1904-07-01,6750.0,6739.331354191291,6886.4844
M16637,cold_start,Micro,1904-08-01,7623.0,6724.093441578243,6901.595
M16637,cold_start,Micro,1904-09-01,8158.0,7528.5716695909,7315.8545
M16637,cold_start,Micro,1904-10-01,7947.0,8041.31245757895,7856.409
M16637,cold_start,Micro,1904-11-01,13352.0,7861.392707049865,7898.9917
M16637,cold_start,Micro,1904-12-01,13570.0,11805.40153365265,10394.498
M16637,cold_start,Micro,1905-01-01,12964.0,11469.160981551044,10363.368
M16637,cold_start,Micro,1905-02-01,12610.0,13115.921363372303,11652.841
M16637,cold_start,Micro,1905-03-01,14109.0,9916.665990717422,10823.644
M16637,cold_start,Micro,1905-04-01,12933.0,10909.67333496478,11415.093
M16637,cold_start,Micro,1905-05-01,12968.0,10200.265316295181,11719.952
M16637,cold_start,Micro,1905-06-01,11899.0,11183.071969367164,11907.91
M16637,cold_start,Micro,1905-07-01,12174.0,9796.753489332237,11417.815
M16637,cold_start,Micro,1905-08-01,13358.0,10891.644933084153,11482.636
M16637,cold_start,Micro,1905-09-01,13845.0,12321.271650084798,11762.758
M17110,short,Micro,1911-06-01,4249.945,4997.29170437188,4950.1143
M17110,short,Micro,1911-07-01,4115.621,5235.972547566451,5182.647
M17110,short,Micro,1911-08-01,4129.105,4680.205007886815,4591.251
M17110,short,Micro,1911-09-01,4124.289,4437.294298313488,4632.5996
M17110,short,Micro,1911-10-01,4178.057,4131.338516682703,4129.9287
M17110,short,Micro,1911-11-01,4160.998,4229.480417911629,4188.6562
M17110,short,Micro,1911-12-01,4165.687,4168.691237503911,4168.501
M17110,short,Micro,1912-01-01,4149.134,4172.019605891492,4131.8726
M17110,short,Micro,1912-02-01,3915.908,4175.596175425646,4180.448
M17110,short,Micro,1912-03-01,3927.426,3998.6880099339455,4015.836
M17110,short,Micro,1912-04-01,3982.463,3977.49599976371,3990.0208
M17110,short,Micro,1912-05-01,4147.858,3928.8792808377198,3977.8477
M17110,short,Micro,1912-06-01,4184.295,4159.319293713366,4109.5723
M17110,short,Micro,1912-07-01,4209.942,4234.395546369586,4164.8853
M17110,short,Micro,1912-08-01,4199.654,4219.7233978326785,4231.996
M17110,short,Micro,1912-09-01,4193.788,4219.7233978326785,4188.2246
M17110,short,Micro,1912-10-01,4179.819,4219.7233978326785,4188.3477
M17110,short,Micro,1912-11-01,4193.618,4229.480417911629,4187.9365
M17244,cold_start,Micro,1904-04-01,3536.0,3551.4837337634794,3562.844
M17244,cold_start,Micro,1904-05-01,3772.0,3613.9502189218942,3560.2197
M17244,cold_start,Micro,1904-06-01,3808.0,3757.3931405070684,3734.0034
M17244,cold_start,Micro,1904-07-01,3790.0,3804.865340688707,3825.8909
M17244,cold_start,Micro,1904-08-01,3881.0,3799.9502122307504,3806.223
M17244,cold_start,Micro,1904-09-01,3961.0,3909.5011958876134,3879.3945
M17244,cold_start,Micro,1904-10-01,3905.0,3914.41632434557,3917.1626
M17244,cold_start,Micro,1904-11-01,3741.0,3909.5011958876134,3922.087
M17244,cold_start,Micro,1904-12-01,3516.0,3871.1153302077055,3835.6208
M17244,cold_start,Micro,1905-01-01,3263.0,3694.0833798406197,3659.2505
M17244,cold_start,Micro,1905-02-01,3114.0,3451.3268374058525,3442.2314
M17244,cold_start,Micro,1905-03-01,3096.0,3343.0712001375286,3304.9382
M17244,cold_start,Micro,1905-04-01,2027.0,3228.7262326820805,3267.0469
M17244,cold_start,Micro,1905-05-01,2203.0,2570.059582329814,2681.398
M17244,cold_start,Micro,1905-06-01,2268.0,2710.684885529476,2649.9048
M17244,cold_start,Micro,1905-07-01,3626.0,2529.7385903151176,2440.3992
M17244,cold_start,Micro,1905-08-01,3347.0,3737.3501153548796,3198.0864
M17244,cold_start,Micro,1905-09-01,3225.0,3353.00740678161,3483.6643
M17653,cold_start,Micro,1904-04-01,5600.0,5527.61906116535,5515.0117
M17653,cold_start,Micro,1904-05-01,7900.0,5842.080214839745,5795.6763
M17653,cold_start,Micro,1904-06-01,10400.0,6668.678617030041,6286.792
M17653,cold_start,Micro,1904-07-01,9600.0,8657.477196709066,9094.502
M17653,cold_start,Micro,1904-08-01,8400.0,8890.393326719462,9264.509
M17653,cold_start,Micro,1904-09-01,9000.0,7905.544841970123,7828.4346
M17653,cold_start,Micro,1904-10-01,9000.0,8330.750048319303,8733.405
M17653,cold_start,Micro,1904-11-01,7800.0,8463.06260932567,8786.264
M17653,cold_start,Micro,1904-12-01,5700.0,7448.880563499723,7297.302
M17653,cold_start,Micro,1905-01-01,5400.0,6371.447308584064,5835.6753
M17653,cold_start,Micro,1905-02-01,6100.0,5288.564827727975,5968.8306
M17653,cold_start,Micro,1905-03-01,6600.0,5860.857691610801,5833.029
M17653,cold_start,Micro,1905-04-01,6700.0,5903.946734705152,6301.8257
M17653,cold_start,Micro,1905-05-01,7200.0,6739.745800413143,6914.867
M17653,cold_start,Micro,1905-06-01,9000.0,7094.585019628318,7240.135
M17653,cold_start,Micro,1905-07-01,9500.0,8842.10996412732,8514.717
M17653,cold_start,Micro,1905-08-01,8700.0,9241.067003612483,9204.683
M17653,cold_start,Micro,1905-09-01,8900.0,8585.786745980136,8583.055
M17749,cold_start,Micro,1904-04-01,3300.0,4136.175950478666,4478.79
M17749,cold_start,Micro,1904-05-01,3900.0,3847.9063181103957,3854.2534
M17749,cold_start,Micro,1904-06-01,4400.0,3972.5570845621705,4166.6133
M17749,cold_start,Micro,1904-07-01,3800.0,4278.864890410369,4463.528
M17749,cold_start,Micro,1904-08-01,4400.0,3976.689519665027,4059.5854
M17749,cold_start,Micro,1904-09-01,4800.0,4332.323500957354,4541.111
M17749,cold_start,Micro,1904-10-01,4900.0,4524.804329534353,4567.979
M17749,cold_start,Micro,1904-11-01,4800.0,4734.583942959378,4796.9697
M17749,cold_start,Micro,1904-12-01,4800.0,4699.21001003853,4768.077
M17749,cold_start,Micro,1905-01-01,4600.0,4655.248210873174,4773.9814
M17749,cold_start,Micro,1905-02-01,4600.0,4718.326915164648,4655.4136
M17749,cold_start,Micro,1905-03-01,4800.0,4663.2318955483715,4616.147
M17749,cold_start,Micro,1905-04-01,2700.0,4709.08242862888,4714.2183
M17749,cold_start,Micro,1905-05-01,2300.0,3592.0159356522813,3212.256
M17749,cold_start,Micro,1905-06-01,2800.0,3520.604224843472,3324.9836
M17749,cold_start,Micro,1905-07-01,2900.0,3281.0361778306055,2842.8867
M17749,cold_start,Micro,1905-08-01,2600.0,3208.817879356232,2822.7065
M17749,cold_start,Micro,1905-09-01,2200.0,3455.5466383375415,2883.437
M1793,long_history,Macro,1926-01-01,2410.0,2734.8445883167024,2803.3525
M1793,long_history,Macro,1926-02-01,2720.0,2552.931994920524,2523.5117
M1793,long_history,Macro,1926-03-01,3220.0,2784.84996282793,2788.1907
M1793,long_history,Macro,1926-04-01,3330.0,3190.122251703297,3201.0742
M1793,long_history,Macro,1926-05-01,3450.0,3338.197694162431,3299.3887
M1793,long_history,Macro,1926-06-01,3290.0,3489.031739254074,3365.164
M1793,long_history,Macro,1926-07-01,2930.0,3453.412750428675,3349.4382
M1793,long_history,Macro,1926-08-01,3910.0,3124.3337816906032,3082.937
M1793,long_history,Macro,1926-09-01,2920.0,3919.0116491769895,3637.2688
M1793,long_history,Macro,1926-10-01,3690.0,3035.3233818690037,3157.479
M1793,long_history,Macro,1926-11-01,2340.0,3833.345882173202,3533.1182
M1793,long_history,Macro,1926-12-01,2690.0,2628.735744958567,2875.4001
M1793,long_history,Macro,1927-01-01,2640.0,2968.368750368803,2893.4226
M1793,long_history,Macro,1927-02-01,2420.0,2709.704207543965,2737.9568
M1793,long_history,Macro,1927-03-01,3500.0,2582.980670512148,2894.6304
M1793,long_history,Macro,1927-04-01,3690.0,3479.3911540811278,3434.8958
M1793,long_history,Macro,1927-05-01,4060.0,3863.3328910170994,3668.9434
M1793,long_history,Macro,1927-06-01,4270.0,4254.159162273077,3813.875
M18017,cold_start,Micro,1904-04-01,6700.0,6184.227770708394,6028.1704
M18017,cold_start,Micro,1904-05-01,6600.0,6701.021707599913,6765.0054
M18017,cold_start,Micro,1904-06-01,7000.0,6785.783416647894,6881.9795
M18017,cold_start,Micro,1904-07-01,7500.0,7182.2916515098805,6961.6924
M18017,cold_start,Micro,1904-08-01,8000.0,7325.275759874116,7340.1934
M18017,cold_start,Micro,1904-09-01,8100.0,7648.12341673482,7754.5024
M18017,cold_start,Micro,1904-10-01,8500.0,7840.159789461636,7973.5605
M18017,cold_start,Micro,1904-11-01,7200.0,8286.325354760793,8271.877
M18017,cold_start,Micro,1904-12-01,5900.0,7093.716431820521,7294.0957
M18017,cold_start,Micro,1905-01-01,5400.0,6468.741598683928,6096.9795
M18017,cold_start,Micro,1905-02-01,5800.0,5634.6818301311405,5805.71
M18017,cold_start,Micro,1905-03-01,5200.0,5800.06520961632,5839.62
M18017,cold_start,Micro,1905-04-01,5900.0,5725.456378255507,5525.591
M18017,cold_start,Micro,1905-05-01,6600.0,6007.07702742291,5988.281
M18017,cold_start,Micro,1905-06-01,5300.0,6294.9881317611,6407.427
M18017,cold_start,Micro,1905-07-01,5300.0,5523.032574709615,5896.059
M18017,cold_start,Micro,1905-08-01,5000.0,5815.974771761792,5894.684
M18017,cold_start,Micro,1905-09-01,5400.0,5406.719523375336,5254.996
M18155,cold_start,Micro,1904-04-01,4500.0,3968.4981304760913,3938.8801
M18155,cold_start,Micro,1904-05-01,6000.0,4300.4236791459325,4345.1616
M18155,cold_start,Micro,1904-06-01,6400.0,5290.779418824736,5079.125
M18155,cold_start,Micro,1904-07-01,6600.0,5665.729924103267,5709.609
M18155,cold_start,Micro,1904-08-01,6900.0,6111.949442303645,6361.6655
M18155,cold_start,Micro,1904-09-01,6200.0,6510.171909645425,6620.7427
M18155,cold_start,Micro,1904-10-01,5800.0,6320.3780876487,6221.187
M18155,cold_start,Micro,1904-11-01,5600.0,5737.934128748236,5785.8066
M18155,cold_start,Micro,1904-12-01,5000.0,5554.996555411737,5457.489
M18155,cold_start,Micro,1905-01-01,5000.0,5059.893346698669,5124.3623
M18155,cold_start,Micro,1905-02-01,5400.0,5100.697591677863,5167.922
M18155,cold_start,Micro,1905-03-01,5300.0,5300.500409004269,5300.0664
M18155,cold_start,Micro,1905-04-01,5900.0,5227.738267450236,5335.732
M18155,cold_start,Micro,1905-05-01,4900.0,5780.153624515511,5752.5986
M18155,cold_start,Micro,1905-06-01,6000.0,5215.398101823807,5391.395
M18155,cold_start,Micro,1905-07-01,5700.0,5836.84000418929,5964.5317
M18155,cold_start,Micro,1905-08-01,6200.0,5882.754972422423,5883.921
M18155,cold_start,Micro,1905-09-01,5500.0,6123.997485633587,6112.763
M18278,cold_start,Micro,1904-04-01,740.0,714.8911259769949,733.403
M18278,cold_start,Micro,1904-05-01,860.0,709.975997519038,737.35223
M18278,cold_start,Micro,1904-06-01,990.0,877.7281328096994,840.606
M18278,cold_start,Micro,1904-07-01,1160.0,927.2903967169342,930.57263
M18278,cold_start,Micro,1904-08-01,1270.0,1070.4464638706163,1077.5122
M18278,cold_start,Micro,1904-09-01,1180.0,1206.2217429542388,1221.2408
M18278,cold_start,Micro,1904-10-01,1080.0,1178.6072760037996,1209.8759
M18278,cold_start,Micro,1904-11-01,920.0,1149.92842317193,1145.7728
M18278,cold_start,Micro,1904-12-01,800.0,987.4802251460183,1054.2749
M18278,cold_start,Micro,1905-01-01,740.0,913.8144663618426,1033.7559
M18278,cold_start,Micro,1905-02-01,670.0,788.2608680083963,884.2078
M18278,cold_start,Micro,1905-03-01,720.0,759.0277300006258,815.82574
M18278,cold_start,Micro,1905-04-01,770.0,754.1126015426688,800.3682
M18278,cold_start,Micro,1905-05-01,800.0,790.0843710101259,802.0478
M18278,cold_start,Micro,1905-06-01,960.0,811.7198016492707,831.08453
M18278,cold_start,Micro,1905-07-01,990.0,898.4202511602413,937.3196
M18278,cold_start,Micro,1905-08-01,1040.0,1062.597201118262,1012.8256
M18278,cold_start,Micro,1905-09-01,970.0,1086.2234537632012,1047.873
M1842,long_history,Macro,1924-01-01,1366.0,1486.010443032192,1480.81
M1842,long_history,Macro,1924-02-01,1399.0,1392.8608728586162,1419.5082
M1842,long_history,Macro,1924-03-01,1414.0,1392.8608728586162,1411.6536
M1842,long_history,Macro,1924-04-01,1432.0,1392.8608728586162,1410.9158
M1842,long_history,Macro,1924-05-01,1443.0,1419.4404425134878,1433.0714
M1842,long_history,Macro,1924-06-01,1444.0,1500.8110111802014,1448.0978
M1842,long_history,Macro,1924-07-01,1428.0,1500.8110111802014,1449.9528
M1842,long_history,Macro,1924-08-01,1428.0,1472.766609355566,1441.8549
M1842,long_history,Macro,1924-09-01,1426.0,1472.766609355566,1436.8324
M1842,long_history,Macro,1924-10-01,1459.0,1472.766609355566,1439.6329
M1842,long_history,Macro,1924-11-01,1466.0,1500.8110111802014,1477.7258
M1842,long_history,Macro,1924-12-01,1460.0,1503.5271381296222,1492.4933
M1842,long_history,Macro,1925-01-01,1388.0,1486.010443032192,1484.5653
M1842,long_history,Macro,1925-02-01,1406.0,1446.1870397006944,1443.5167
M1842,long_history,Macro,1925-03-01,1420.0,1392.8608728586162,1421.8282
M1842,long_history,Macro,1925-04-01,1435.0,1419.4404425134878,1418.1285
M1842,long_history,Macro,1925-05-01,1450.0,1419.4404425134878,1438.5317
M1842,long_history,Macro,1925-06-01,1451.0,1500.8110111802014,1483.9597
M18681,cold_start,Micro,1904-04-01,5930.0,5597.299261863044,5569.4517
M18681,cold_start,Micro,1904-05-01,6740.0,5788.527810991776,5742.7935
M18681,cold_start,Micro,1904-06-01,7420.0,6264.611267681886,6326.731
M18681,cold_start,Micro,1904-07-01,7720.0,6941.323603419987,6815.4937
M18681,cold_start,Micro,1904-08-01,7940.0,7527.260395849916,7287.096
M18681,cold_start,Micro,1904-09-01,8220.0,7469.422041508265,7362.162
M18681,cold_start,Micro,1904-10-01,8430.0,7744.0769727768975,7769.6934
M18681,cold_start,Micro,1904-11-01,8680.0,7831.816236939534,8008.7334
M18681,cold_start,Micro,1904-12-01,7740.0,8132.005948768527,8245.8125
M18681,cold_start,Micro,1905-01-01,7260.0,7233.7107418904525,7116.5156
M18681,cold_start,Micro,1905-02-01,7760.0,6997.286331288764,7040.9805
M18681,cold_start,Micro,1905-03-01,8560.0,7341.396022525892,7318.0107
M18681,cold_start,Micro,1905-04-01,7150.0,8244.263104724567,8091.1772
M18681,cold_start,Micro,1905-05-01,7870.0,7115.941180679181,7203.284
M18681,cold_start,Micro,1905-06-01,8920.0,7765.419848206376,7665.775
M18681,cold_start,Micro,1905-07-01,9840.0,8797.460469219342,8736.907
M18681,cold_start,Micro,1905-08-01,10420.0,9596.67449991982,9424.441
M18681,cold_start,Micro,1905-09-01,10290.0,10136.723684021601,9934.356
M18742,cold_start,Micro,1904-04-01,2000.0,1862.8620040584858,1849.4253
M18742,cold_start,Micro,1904-05-01,2340.0,2026.2977908361288,2030.0577
M18742,cold_start,Micro,1904-06-01,2280.0,2270.7250828018446,2203.4531
M18742,cold_start,Micro,1904-07-01,2200.0,2248.677280032118,2237.278
M18742,cold_start,Micro,1904-08-01,2420.0,2257.850561066916,2274.4592
M18742,cold_start,Micro,1904-09-01,2210.0,2374.836820217824,2357.7896
M18742,cold_start,Micro,1904-10-01,2190.0,2231.1011991901223,2311.1143
M18742,cold_start,Micro,1904-11-01,2120.0,2240.2744802249204,2267.7441
M18742,cold_start,Micro,1904-12-01,1810.0,2123.257628142581,2151.345
M18742,cold_start,Micro,1905-01-01,1580.0,1905.8139481815654,1945.5815
M18742,cold_start,Micro,1905-02-01,1590.0,1663.6961523078587,1809.7733
M18742,cold_start,Micro,1905-03-01,1970.0,1676.3456556536032,1700.2533
M18742,cold_start,Micro,1905-04-01,2110.0,2006.1984167355322,1886.987
M18742,cold_start,Micro,1905-05-01,2540.0,2085.565299568655,2092.9065
M18742,cold_start,Micro,1905-06-01,2560.0,2400.5339888436997,2312.4187
M18742,cold_start,Micro,1905-07-01,2360.0,2482.9373480233353,2454.44
M18742,cold_start,Micro,1905-08-01,2270.0,2374.836820217824,2405.1973
M18742,cold_start,Micro,1905-09-01,2370.0,2340.2539202465514,2315.739
M18959,cold_start,Micro,1904-04-01,5800.0,6616.072494378776,6734.625
M18959,cold_start,Micro,1904-05-01,6000.0,6260.151905717527,6016.3145
M18959,cold_start,Micro,1904-06-01,6400.0,6180.542837066883,6296.4062
M18959,cold_start,Micro,1904-07-01,6400.0,6505.109251849953,6354.8994
M18959,cold_start,Micro,1904-08-01,6900.0,6653.177015739246,6472.8926
M18959,cold_start,Micro,1904-09-01,7300.0,6901.11532926808,6743.965
M18959,cold_start,Micro,1904-10-01,7300.0,7124.7135844072445,7066.474
M18959,cold_start,Micro,1904-11-01,7100.0,7248.002652039876,7243.6
M18959,cold_start,Micro,1904-12-01,7000.0,7051.842675889539,7148.377
M18959,cold_start,Micro,1905-01-01,7000.0,6881.749734600073,6972.9653
M18959,cold_start,Micro,1905-02-01,6200.0,7228.695911914333,7030.75
M18959,cold_start,Micro,1905-03-01,5400.0,6729.322853392867,6692.766
M18959,cold_start,Micro,1905-04-01,7500.0,5904.174935685418,5911.365
M18959,cold_start,Micro,1905-05-01,7600.0,7080.035254153024,6796.542
M18959,cold_start,Micro,1905-06-01,7800.0,7067.168927905324,7053.11
M18959,cold_start,Micro,1905-07-01,7700.0,7488.0879600577,7477.724
M18959,cold_start,Micro,1905-08-01,8000.0,7475.554999266033,7534.5596
M18959,cold_start,Micro,1905-09-01,7900.0,7678.384848231205,7634.4775
M18978,cold_start,Micro,1904-04-01,2620.0,2594.7212055195887,2642.9546
M18978,cold_start,Micro,1904-05-01,2780.0,2594.7212055195887,2631.1572
M18978,cold_start,Micro,1904-06-01,2740.0,2743.627260109354,2727.1616
M18978,cold_start,Micro,1904-07-01,2790.0,2748.827152044323,2754.7202
M18978,cold_start,Micro,1904-08-01,2920.0,2781.61020025803,2774.7295
M18978,cold_start,Micro,1904-09-01,3020.0,2905.004176192691,2848.7437
M18978,cold_start,Micro,1904-10-01,2520.0,3077.5621838239817,2996.1335
M18978,cold_start,Micro,1904-11-01,2510.0,2639.098121435183,2708.273
M18978,cold_start,Micro,1904-12-01,2340.0,2636.614356449635,2599.6968
M18978,cold_start,Micro,1905-01-01,2200.0,2534.9731337160006,2522.7869
M18978,cold_start,Micro,1905-02-01,1940.0,2507.751330222743,2413.297
M18978,cold_start,Micro,1905-03-01,2170.0,2113.351796053127,2136.648
M18978,cold_start,Micro,1905-04-01,1600.0,2190.801967984163,2218.1584
M18978,cold_start,Micro,1905-05-01,1500.0,1855.747759163907,1971.9541
M18978,cold_start,Micro,1905-06-01,1520.0,1741.5352556574821,1838.3151
M18978,cold_start,Micro,1905-07-01,1580.0,1635.088569299031,1626.1007
M18978,cold_start,Micro,1905-08-01,1520.0,1630.173440841074,1630.7375
M18978,cold_start,Micro,1905-09-01,1480.0,1685.4727170520719,1617.4365
M19219,cold_start,Micro,1904-04-01,4900.0,4733.581857270693,5116.8467
M19219,cold_start,Micro,1904-05-01,5900.0,5077.26078473396,5106.8945
M19219,cold_start,Micro,1904-06-01,6500.0,5848.965297408876,5799.4478
M19219,cold_start,Micro,1904-07-01,6300.0,6357.216406956258,6504.8945
M19219,cold_start,Micro,1904-08-01,7000.0,6363.473586770625,6390.5854
M19219,cold_start,Micro,1904-09-01,7000.0,6775.029210938523,6732.7666
M19219,cold_start,Micro,1904-10-01,6600.0,6863.530267317125,6809.803
M19219,cold_start,Micro,1904-11-01,6600.0,6574.026535058955,6677.8296
M19219,cold_start,Micro,1904-12-01,5200.0,6562.545913141793,6637.195
M19219,cold_start,Micro,1905-01-01,4600.0,5455.49812161465,5610.845
M19219,cold_start,Micro,1905-02-01,4500.0,5303.509172399425,5258.0503
M19219,cold_start,Micro,1905-03-01,4800.0,4559.778474058001,4780.59
M19219,cold_start,Micro,1905-04-01,6100.0,4739.945511655316,4770.975
M19219,cold_start,Micro,1905-05-01,6400.0,5784.143546444263,5482.704
M19219,cold_start,Micro,1905-06-01,7600.0,6214.859859680587,6289.4287
M19219,cold_start,Micro,1905-07-01,8700.0,7061.551938729617,6867.1714
M19219,cold_start,Micro,1905-08-01,8600.0,8104.98965435252,7967.959
M19219,cold_start,Micro,1905-09-01,8300.0,8129.634026109942,8220.633
M19244,cold_start,Micro,1904-04-01,4600.0,4723.308637978243,4923.543
M19244,cold_start,Micro,1904-05-01,5200.0,4928.783020280602,4955.6016
M19244,cold_start,Micro,1904-06-01,6400.0,5170.723542045016,5203.474
M19244,cold_start,Micro,1904-07-01,5900.0,5881.65150291164,5829.104
M19244,cold_start,Micro,1904-08-01,6200.0,5901.5792831810295,5844.854
M19244,cold_start,Micro,1904-09-01,6200.0,6039.696892288297,6097.181
M19244,cold_start,Micro,1904-10-01,5700.0,6051.133808014389,6123.35
M19244,cold_start,Micro,1904-11-01,5000.0,5710.743749847953,5747.243
M19244,cold_start,Micro,1904-12-01,4600.0,5290.855159244345,5444.4497
M19244,cold_start,Micro,1905-01-01,3600.0,4887.728114526628,4761.8657
M19244,cold_start,Micro,1905-02-01,3800.0,3977.3557586047323,4419.0864
M19244,cold_start,Micro,1905-03-01,4600.0,4001.4243931657124,4193.0947
M19244,cold_start,Micro,1905-04-01,3600.0,4495.705614133732,4429.329
M19244,cold_start,Micro,1905-05-01,4400.0,3959.8280104091855,4008.698
M19244,cold_start,Micro,1905-06-01,4800.0,4498.127974681806,4794.3135
M19244,cold_start,Micro,1905-07-01,4500.0,4529.991081054065,4916.509
M19244,cold_start,Micro,1905-08-01,3800.0,4643.036482182261,4911.3315
M19244,cold_start,Micro,1905-09-01,3400.0,4321.13866153252,4226.2197
M1926,long_history,Macro,1924-01-01,1269.0,1265.0570367767566,1292.6069
M1926,long_history,Macro,1924-02-01,1268.0,1266.2411468773869,1293.5405
M1926,long_history,Macro,1924-03-01,1282.0,1266.2411468773869,1297.7034
M1926,long_history,Macro,1924-04-01,1282.0,1266.2411468773869,1299.2443
M1926,long_history,Macro,1924-05-01,1287.0,1266.2411468773869,1299.1948
M1926,long_history,Macro,1924-06-01,1284.0,1266.2411468773869,1299.1948
M1926,long_history,Macro,1924-07-01,1233.0,1266.2411468773869,1295.7594
M1926,long_history,Macro,1924-08-01,1257.0,1266.2411468773869,1289.8826
M1926,long_history,Macro,1924-09-01,1269.0,1266.2411468773869,1270.4164
M1926,long_history,Macro,1924-10-01,1275.0,1250.6742938103198,1274.6542
M1926,long_history,Macro,1924-11-01,1288.0,1266.2411468773869,1299.0973
M1926,long_history,Macro,1924-12-01,1290.0,1268.9572738268078,1299.5284
M1926,long_history,Macro,1925-01-01,1256.0,1265.0570367767566,1290.6938
M1926,long_history,Macro,1925-02-01,1263.0,1266.2411468773869,1289.1953
M1926,long_history,Macro,1925-03-01,1270.0,1266.2411468773869,1292.3562
M1926,long_history,Macro,1925-04-01,1278.0,1266.2411468773869,1275.5846
M1926,long_history,Macro,1925-05-01,1287.0,1266.2411468773869,1298.7498
M1926,long_history,Macro,1925-06-01,1284.0,1266.2411468773869,1298.7498
M1940,long_history,Macro,1924-01-01,1820.0,1813.5848933198224,1840.5488
M1940,long_history,Macro,1924-02-01,1820.0,1801.8058918129602,1822.1964
M1940,long_history,Macro,1924-03-01,1830.0,1801.8058918129602,1824.7913
M1940,long_history,Macro,1924-04-01,1830.0,1801.8058918129602,1826.7859
M1940,long_history,Macro,1924-05-01,1850.0,1801.8058918129602,1831.5153
M1940,long_history,Macro,1924-06-01,1880.0,1801.8058918129602,1835.7645
M1940,long_history,Macro,1924-07-01,1900.0,1894.9394880650716,1879.9855
M1940,long_history,Macro,1924-08-01,1930.0,1912.3996622674736,1910.868
M1940,long_history,Macro,1924-09-01,1910.0,1912.3996622674736,1927.6387
M1940,long_history,Macro,1924-10-01,1910.0,1912.3996622674736,1921.9928
M1940,long_history,Macro,1924-11-01,1910.0,1912.3996622674736,1926.116
M1940,long_history,Macro,1924-12-01,1930.0,2082.373312192481,2080.1257
M1940,long_history,Macro,1925-01-01,1920.0,1924.1786637743357,1940.3876
M1940,long_history,Macro,1925-02-01,1920.0,1912.3996622674736,1924.3622
M1940,long_history,Macro,1925-03-01,1930.0,1923.1377722326008,1928.8248
M1940,long_history,Macro,1925-04-01,1930.0,1923.1377722326008,1937.3302
M1940,long_history,Macro,1925-05-01,1930.0,1923.1377722326008,1938.0214
M1940,long_history,Macro,1925-06-01,1960.0,1976.9767885958827,1938.7407
M19797,cold_start,Micro,1904-04-01,5000.0,5326.861216899547,5389.0493
M19797,cold_start,Micro,1904-05-01,4800.0,5175.827889377636,5244.2754
M19797,cold_start,Micro,1904-06-01,4800.0,4991.741427071896,4945.5244
M19797,cold_start,Micro,1904-07-01,4700.0,5082.042911222803,4904.5215
M19797,cold_start,Micro,1904-08-01,4400.0,5034.545123336485,4819.722
M19797,cold_start,Micro,1904-09-01,4200.0,4712.179207471985,4649.427
M19797,cold_start,Micro,1904-10-01,4000.0,4644.30664059842,4488.09
M19797,cold_start,Micro,1904-11-01,4000.0,4150.802382245824,4206.673
M19797,cold_start,Micro,1904-12-01,4000.0,4132.326499025009,4163.568
M19797,cold_start,Micro,1905-01-01,4000.0,4125.9307328827745,4083.1616
M19797,cold_start,Micro,1905-02-01,3700.0,4125.9307328827745,4109.275
M19797,cold_start,Micro,1905-03-01,3200.0,3887.032440150121,3899.3018
M19797,cold_start,Micro,1905-04-01,3200.0,3494.3589668191917,3598.243
M19797,cold_start,Micro,1905-05-01,3500.0,3421.7788005117536,3466.8337
M19797,cold_start,Micro,1905-06-01,3900.0,3565.16300356421,3699.1162
M19797,cold_start,Micro,1905-07-01,3700.0,3936.7937308115843,3989.1362
M19797,cold_start,Micro,1905-08-01,3200.0,3639.671681388443,3774.3784
M19797,cold_start,Micro,1905-09-01,3100.0,3363.75565193733,3504.7405
M19963,cold_start,Micro,1904-04-01,1670.0,1627.8778442578039,1643.4407
M19963,cold_start,Micro,1904-05-01,1800.0,1681.2215387289252,1650.9818
M19963,cold_start,Micro,1904-06-01,1910.0,1764.526160181777,1726.2175
M19963,cold_start,Micro,1904-07-01,1900.0,1899.8546165230287,1870.2946
M19963,cold_start,Micro,1904-08-01,1890.0,1917.3147907254306,1890.0231
M19963,cold_start,Micro,1904-09-01,2020.0,1912.3996622674736,1884.0974
M19963,cold_start,Micro,1904-10-01,2200.0,2000.819716510865,1977.5826
M19963,cold_start,Micro,1904-11-01,2240.0,2151.396599772783,2131.6768
M19963,cold_start,Micro,1904-12-01,2250.0,2179.034165200677,2183.73
M19963,cold_start,Micro,1905-01-01,2280.0,2183.181911300161,2184.5876
M19963,cold_start,Micro,1905-02-01,2240.0,2171.4029097932994,2233.5276
M19963,cold_start,Micro,1905-03-01,2240.0,2171.4029097932994,2246.8203
M19963,cold_start,Micro,1905-04-01,2310.0,2180.5761908280974,2243.4543
M19963,cold_start,Micro,1905-05-01,2320.0,2197.8520810724567,2277.5684
M19963,cold_start,Micro,1905-06-01,2320.0,2290.9935502172193,2300.9094
M19963,cold_start,Micro,1905-07-01,2440.0,2300.1668312520173,2315.089
M19963,cold_start,Micro,1905-08-01,2630.0,2349.732690020626,2397.747
M19963,cold_start,Micro,1905-09-01,2760.0,2493.2595573303665,2517.394
M20573,cold_start,Micro,1904-04-01,1340.0,1437.2833159172192,1391.5164
M20573,cold_start,Micro,1904-05-01,1360.0,1437.2833159172192,1398.31
M20573,cold_start,Micro,1904-06-01,1350.0,1437.2833159172192,1397.2676
M20573,cold_start,Micro,1904-07-01,1310.0,1419.4404425134878,1395.3706
M20573,cold_start,Micro,1904-08-01,1290.0,1392.8608728586162,1359.2019
M20573,cold_start,Micro,1904-09-01,1300.0,1266.2411468773869,1330.5669
M20573,cold_start,Micro,1904-10-01,1320.0,1266.2411468773869,1332.9579
M20573,cold_start,Micro,1904-11-01,1360.0,1335.616079479472,1346.6405
M20573,cold_start,Micro,1904-12-01,1380.0,1338.332206428893,1362.0754
M20573,cold_start,Micro,1905-01-01,1380.0,1404.6398743654784,1382.5236
M20573,cold_start,Micro,1905-02-01,1400.0,1392.8608728586162,1392.0925
M20573,cold_start,Micro,1905-03-01,1430.0,1392.8608728586162,1399.6577
M20573,cold_start,Micro,1905-04-01,1420.0,1392.8608728586162,1419.7919
M20573,cold_start,Micro,1905-05-01,1380.0,1392.8608728586162,1421.5387
M20573,cold_start,Micro,1905-06-01,1380.0,1392.8608728586162,1399.6578
M20573,cold_start,Micro,1905-07-01,1440.0,1392.8608728586162,1396.8296
M20573,cold_start,Micro,1905-08-01,1500.0,1420.9052746832515,1420.4419
M20573,cold_start,Micro,1905-09-01,1510.0,1509.6600242339257,1482.9244
M21023,short,Demographic,1914-01-01,1541.3,1543.1034669377025,1551.9324
M21023,short,Demographic,1914-02-01,1515.2,1531.3244654308403,1568.0464
M21023,short,Demographic,1914-03-01,1486.5,1531.3244654308403,1550.1654
M21023,short,Demographic,1914-04-01,1486.0,1500.8110111802014,1516.1368
M21023,short,Demographic,1914-05-01,1488.8,1500.8110111802014,1508.5569
M21023,short,Demographic,1914-06-01,1521.9,1500.8110111802014,1504.041
M21023,short,Demographic,1914-07-01,1532.5,1531.3244654308403,1523.1658
M21023,short,Demographic,1914-08-01,1527.4,1531.3244654308403,1535.3127
M21023,short,Demographic,1914-09-01,1530.1,1531.3244654308403,1542.5054
M21023,short,Demographic,1914-10-01,1530.1,1531.3244654308403,1546.63
M21023,short,Demographic,1914-11-01,1557.5,1531.3244654308403,1545.1749
M21023,short,Demographic,1914-12-01,1574.2,1534.0405923802612,1556.1342
M21023,short,Demographic,1915-01-01,1557.3,1543.1034669377025,1573.3746
M21023,short,Demographic,1915-02-01,1551.9,1586.6237416418383,1563.4325
M21023,short,Demographic,1915-03-01,1550.5,1531.3244654308403,1568.4303
M21023,short,Demographic,1915-04-01,1536.6,1531.3244654308403,1568.9915
M21023,short,Demographic,1915-05-01,1560.2,1531.3244654308403,1556.2877
M21023,short,Demographic,1915-06-01,1560.4,1531.3244654308403,1567.865
M21060,short,Demographic,1914-01-01,2170.0,2029.7144470195315,2033.2001
M21060,short,Demographic,1914-02-01,2420.0,2116.7901449822516,2154.7603
M21060,short,Demographic,1914-03-01,2380.0,2257.5503704692796,2283.2188
M21060,short,Demographic,1914-04-01,2290.0,2321.6184882092866,2313.5955
M21060,short,Demographic,1914-05-01,2330.0,2294.343849744847,2278.7412
M21060,short,Demographic,1914-06-01,2250.0,2344.2118822257567,2330.7002
M21060,short,Demographic,1914-07-01,2620.0,2309.628982254484,2290.5676
M21060,short,Demographic,1914-08-01,2580.0,2530.814279275678,2520.5635
M21060,short,Demographic,1914-09-01,2780.0,2529.7747269329952,2558.8257
M21060,short,Demographic,1914-10-01,2330.0,2648.776184406101,2664.8508
M21060,short,Demographic,1914-11-01,2450.0,2437.7161785048606,2448.6272
M21060,short,Demographic,1914-12-01,2390.0,2577.674603028006,2498.122
M21060,short,Demographic,1915-01-01,2330.0,2450.3235707602607,2397.497
M21060,short,Demographic,1915-02-01,2400.0,2457.684667238276,2390.894
M21060,short,Demographic,1915-03-01,2250.0,2388.8626125364085,2413.6206
M21060,short,Demographic,1915-04-01,2150.0,2359.1948410230925,2362.8586
M21060,short,Demographic,1915-05-01,2420.0,2208.168878273013,2248.3008
M21060,short,Demographic,1915-06-01,2670.0,2302.2011007799315,2374.487
M21134,short,Demographic,1914-01-01,1749.0,1715.7585420974758,1718.7664
M21134,short,Demographic,1914-02-01,1650.0,1777.4539051275513,1724.781
M21134,short,Demographic,1914-03-01,1732.0,1650.6358461194923,1700.3182
M21134,short,Demographic,1914-04-01,1731.0,1703.9795405906136,1723.7223
M21134,short,Demographic,1914-05-01,1851.0,1699.0644121326566,1753.2847
M21134,short,Demographic,1914-06-01,1754.0,1782.3690335855083,1803.1366
M21134,short,Demographic,1914-07-01,1659.0,1806.7210202709173,1782.5975
M21134,short,Demographic,1914-08-01,1727.0,1650.6358461194923,1736.9604
M21134,short,Demographic,1914-09-01,1777.0,1699.0644121326566,1711.3314
M21134,short,Demographic,1914-10-01,1788.0,1782.3690335855083,1740.5415
M21134,short,Demographic,1914-11-01,1874.0,1777.4539051275513,1786.2974
M21134,short,Demographic,1914-12-01,1878.0,1902.5707434724495,1822.0708
M21134,short,Demographic,1915-01-01,1902.0,1929.0937922322928,1826.5096
M21134,short,Demographic,1915-02-01,1827.0,1912.3996622674736,1882.0438
M21134,short,Demographic,1915-03-01,1944.0,1819.266066015362,1839.8965
M21134,short,Demographic,1915-04-01,1951.0,1983.3595423084632,1902.2446
M21134,short,Demographic,1915-05-01,1927.0,2011.5578264759922,1935.0616
M21134,short,Demographic,1915-06-01,1960.0,1912.3996622674736,1928.6193
M21283,short,Demographic,1914-01-01,6500.0,4483.824892483407,4643.289
M21283,short,Demographic,1914-02-01,4100.0,5066.622307548981,5655.363
M21283,short,Demographic,1914-03-01,1900.0,4786.242654573735,4946.9004
M21283,short,Demographic,1914-04-01,3000.0,4497.785763308403,5098.3833
M21283,short,Demographic,1914-05-01,2400.0,4282.270651514369,4260.051
M21283,short,Demographic,1914-06-01,4300.0,4545.814062747486,3291.9421
M21283,short,Demographic,1914-07-01,2800.0,4288.013286724544,3660.5303
M21283,short,Demographic,1914-08-01,4200.0,3338.817579982529,3361.3123
M21283,short,Demographic,1914-09-01,6500.0,4041.939582754756,4075.5737
M21283,short,Demographic,1914-10-01,2400.0,4703.678887926747,4360.8853
M21283,short,Demographic,1914-11-01,3500.0,4187.997013301653,3856.7773
M21283,short,Demographic,1914-12-01,4100.0,4843.732973365799,4974.407
M21283,short,Demographic,1915-01-01,5400.0,4138.456498994704,4182.8716
M21283,short,Demographic,1915-02-01,3100.0,4720.540155681484,4437.839
M21283,short,Demographic,1915-03-01,3000.0,3611.2358612420703,3497.708
M21283,short,Demographic,1915-04-01,3900.0,3730.2783221694544,3625.4412
M21283,short,Demographic,1915-05-01,5600.0,3614.330695056259,3864.398
M21283,short,Demographic,1915-06-01,8400.0,4317.34102558105,4291.7695
M21323,short,Demographic,1914-01-01,5300.0,5146.721698747662,5010.5713
M21323,short,Demographic,1914-02-01,5900.0,5198.680709032287,5162.3535
M21323,short,Demographic,1914-03-01,6500.0,5824.590841328216,5830.773
M21323,short,Demographic,1914-04-01,7800.0,6214.069741704367,6203.4404
M21323,short,Demographic,1914-05-01,7700.0,6965.450966985161,6723.2554
M21323,short,Demographic,1914-06-01,4500.0,7422.777379151943,7228.578
M21323,short,Demographic,1914-07-01,6200.0,5752.891329518719,5699.402
M21323,short,Demographic,1914-08-01,5900.0,6240.427028721553,6059.9614
M21323,short,Demographic,1914-09-01,4800.0,6034.108317904499,5881.5933
M21323,short,Demographic,1914-10-01,3400.0,5502.820862299879,5700.9863
M21323,short,Demographic,1914-11-01,3100.0,4372.1932808544525,4602.387
M21323,short,Demographic,1914-12-01,3600.0,3794.246743311116,4208.6064
M21323,short,Demographic,1915-01-01,4800.0,4244.839983563624,4439.1606
M21323,short,Demographic,1915-02-01,3500.0,4724.748046465528,4712.9277
M21323,short,Demographic,1915-03-01,5900.0,3842.0181963236846,3970.9233
M21323,short,Demographic,1915-04-01,3500.0,5490.365699037861,5622.0337
M21323,short,Demographic,1915-05-01,2200.0,4164.037015321231,4227.4727
M21323,short,Demographic,1915-06-01,3400.0,4180.888560957528,4516.215
M21370,short,Demographic,1914-01-01,3090.0,2905.004176192691,2887.2888
M21370,short,Demographic,1914-02-01,3020.0,3077.5621838239817,3075.2715
M21370,short,Demographic,1914-03-01,2830.0,3077.5621838239817,3068.4355
M21370,short,Demographic,1914-04-01,4980.0,2807.5395048053497,2925.947
M21370,short,Demographic,1914-05-01,2710.0,3502.432579377066,3612.1968
M21370,short,Demographic,1914-06-01,2320.0,3246.9178039897365,3028.5137
M21370,short,Demographic,1914-07-01,2160.0,3431.7298728470087,3359.1038
M21370,short,Demographic,1914-08-01,2410.0,2967.443304330135,2530.7656
M21370,short,Demographic,1914-09-01,2520.0,3108.1162249305435,2584.6567
M21370,short,Demographic,1914-10-01,2300.0,3102.607383563064,2584.4128
M21370,short,Demographic,1914-11-01,1670.0,2447.606680669471,2559.6704
M21370,short,Demographic,1914-12-01,1950.0,2134.2071380814514,2133.4531
M21370,short,Demographic,1915-01-01,2340.0,2367.4471728786007,2266.6409
M21370,short,Demographic,1915-02-01,2480.0,2456.6613135588095,2360.0173
M21370,short,Demographic,1915-03-01,2360.0,2492.5926482505174,2585.4614
M21370,short,Demographic,1915-04-01,1980.0,2599.637430803178,2784.8364
M21370,short,Demographic,1915-05-01,1790.0,2201.109334423374,2217.2632
M21370,short,Demographic,1915-06-01,1880.0,1945.9166432870136,2011.6171
M21456,cold_start,Demographic,1904-08-01,1015.0,985.2169429935548,1015.7736
M21456,cold_start,Demographic,1904-09-01,1051.0,1034.7792069007892,1053.582
M21456,cold_start,Demographic,1904-10-01,1077.0,1079.033037359689,1074.1357
M21456,cold_start,Demographic,1904-11-01,1077.0,1079.033037359689,1079.7327
M21456,cold_start,Demographic,1904-12-01,1087.0,1081.7491643091098,1084.6653
M21456,cold_start,Demographic,1905-01-01,1103.0,1090.8120388665511,1106.9727
M21456,cold_start,Demographic,1905-02-01,1120.0,1079.033037359689,1110.425
M21456,cold_start,Demographic,1905-03-01,1140.0,1134.8144149018203,1124.7872
M21456,cold_start,Demographic,1905-04-01,1106.0,1134.8144149018203,1134.6965
M21456,cold_start,Demographic,1905-05-01,1135.0,1134.8144149018203,1133.1609
M21456,cold_start,Demographic,1905-06-01,1066.0,1134.8144149018203,1134.8932
M21456,cold_start,Demographic,1905-07-01,1037.0,1134.8144149018203,1116.311
M21456,cold_start,Demographic,1905-08-01,1048.0,1048.7396317657156,1071.605
M21456,cold_start,Demographic,1905-09-01,1093.0,1079.033037359689,1069.8092
M21456,cold_start,Demographic,1905-10-01,1124.0,1079.033037359689,1090.349
M21456,cold_start,Demographic,1905-11-01,1101.0,1134.8144149018203,1112.4028
M21456,cold_start,Demographic,1905-12-01,1111.0,1137.5305418512412,1132.0779
M21456,cold_start,Demographic,1906-01-01,1138.0,1146.5934164086825,1129.08
M21457,cold_start,Demographic,1904-11-01,1019.0,1034.7792069007892,1014.6034
M21457,cold_start,Demographic,1904-12-01,1019.0,1051.4557587151364,1056.7615
M21457,cold_start,Demographic,1905-01-01,1026.0,1060.5186332725777,1106.9899
M21457,cold_start,Demographic,1905-02-01,1018.0,1048.7396317657156,1064.6757
M21457,cold_start,Demographic,1905-03-01,1019.0,1034.7792069007892,1066.5698
M21457,cold_start,Demographic,1905-04-01,1026.0,1048.7396317657156,1057.034
M21457,cold_start,Demographic,1905-05-01,1034.0,1048.7396317657156,1056.7615
M21457,cold_start,Demographic,1905-06-01,1038.0,1048.7396317657156,1059.0178
M21457,cold_start,Demographic,1905-07-01,1032.0,1079.033037359689,1059.1316
M21457,cold_start,Demographic,1905-08-01,1035.0,1048.7396317657156,1059.4795
M21457,cold_start,Demographic,1905-09-01,1034.0,1048.7396317657156,1059.4795
M21457,cold_start,Demographic,1905-10-01,1034.0,1048.7396317657156,1058.9136
M21457,cold_start,Demographic,1905-11-01,1039.0,1048.7396317657156,1067.0828
M21457,cold_start,Demographic,1905-12-01,1043.0,1081.7491643091098,1059.717
M21457,cold_start,Demographic,1906-01-01,1037.0,1090.8120388665511,1079.0
M21457,cold_start,Demographic,1906-02-01,1032.0,1048.7396317657156,1077.593
M21457,cold_start,Demographic,1906-03-01,1038.0,1048.7396317657156,1070.1805
M21457,cold_start,Demographic,1906-04-01,1041.0,1079.033037359689,1060.3691
M21460,cold_start,Demographic,1903-11-01,7690.0,8051.271164021588,8141.0747
M21460,cold_start,Demographic,1903-12-01,7130.0,7970.125325269002,7923.738
M21460,cold_start,Demographic,1904-01-01,6920.0,7371.082611689493,7235.528
M21460,cold_start,Demographic,1904-02-01,6830.0,7209.575140834706,7068.796
M21460,cold_start,Demographic,1904-03-01,6860.0,7343.950360896994,7127.634
M21460,cold_start,Demographic,1904-04-01,7180.0,7197.143170723626,7042.8516
M21460,cold_start,Demographic,1904-05-01,7300.0,7350.667624003665,7208.8804
M21460,cold_start,Demographic,1904-06-01,7320.0,7590.909514224443,7395.6475
M21460,cold_start,Demographic,1904-07-01,7310.0,7595.856482264157,7406.674
M21460,cold_start,Demographic,1904-08-01,7310.0,7554.904498324249,7419.4946
M21460,cold_start,Demographic,1904-09-01,7350.0,7545.713536547413,7417.9644
M21460,cold_start,Demographic,1904-10-01,7400.0,7581.750392029365,7395.019
M21460,cold_start,Demographic,1904-11-01,7280.0,7488.31924310739,7456.043
M21460,cold_start,Demographic,1904-12-01,6860.0,7423.144160757626,7322.8633
M21460,cold_start,Demographic,1905-01-01,6580.0,6894.142617529733,6895.961
M21460,cold_start,Demographic,1905-02-01,6610.0,6689.085350169093,6740.2144
M21460,cold_start,Demographic,1905-03-01,6980.0,6715.517278632708,6726.9854
M21460,cold_start,Demographic,1905-04-01,7280.0,7002.044643236367,6882.194
M21530,long_history,Demographic,1929-03-01,8800.0,8873.4377573064,8612.713
M21530,long_history,Demographic,1929-04-01,8300.0,8959.328294213932,8709.013
M21530,long_history,Demographic,1929-05-01,8400.0,8618.230088471255,8397.736
M21530,long_history,Demographic,1929-06-01,7900.0,8504.981992186835,8433.654
M21530,long_history,Demographic,1929-07-01,7700.0,8196.817103848152,7962.654
M21530,long_history,Demographic,1929-08-01,7700.0,8108.016572563059,7722.915
M21530,long_history,Demographic,1929-09-01,7900.0,8068.4092023316125,7690.6826
M21530,long_history,Demographic,1929-10-01,7800.0,8270.457829901126,7819.797
M21530,long_history,Demographic,1929-11-01,7500.0,8226.512960318612,7772.4233
M21530,long_history,Demographic,1929-12-01,7800.0,8002.351368365808,7694.0933
M21530,long_history,Demographic,1930-01-01,8300.0,8047.99685594701,7702.275
M21530,long_history,Demographic,1930-02-01,8400.0,8552.518899495606,8190.904
M21530,long_history,Demographic,1930-03-01,7700.0,8611.555567616446,8344.813
M21530,long_history,Demographic,1930-04-01,7100.0,8225.154669788499,7906.3896
M21530,long_history,Demographic,1930-05-01,6500.0,7651.607692037611,7445.96
M21530,long_history,Demographic,1930-06-01,6700.0,7281.864908398492,6992.3027
M21530,long_history,Demographic,1930-07-01,7100.0,7246.01217988,6801.4126
M21530,long_history,Demographic,1930-08-01,7200.0,7523.456129342793,6867.095
M21563,short,Demographic,1912-11-01,1337.59,1335.616079479472,1357.0043
M21563,short,Demographic,1912-12-01,1350.2,1338.332206428893,1361.384
M21563,short,Demographic,1913-01-01,1347.35,1404.6398743654784,1380.1906
M21563,short,Demographic,1913-02-01,1349.55,1392.8608728586162,1382.1249
M21563,short,Demographic,1913-03-01,1343.62,1392.8608728586162,1386.8256
M21563,short,Demographic,1913-04-01,1344.79,1392.8608728586162,1382.9792
M21563,short,Demographic,1913-05-01,1350.86,1392.8608728586162,1382.9792
M21563,short,Demographic,1913-06-01,1347.11,1392.8608728586162,1385.8169
M21563,short,Demographic,1913-07-01,1333.79,1392.8608728586162,1385.8169
M21563,short,Demographic,1913-08-01,1325.4,1392.8608728586162,1383.0938
M21563,short,Demographic,1913-09-01,1316.48,1392.8608728586162,1382.3583
M21563,short,Demographic,1913-10-01,1331.77,1335.616079479472,1344.1602
M21563,short,Demographic,1913-11-01,1348.89,1335.616079479472,1360.1533
M21563,short,Demographic,1913-12-01,1358.66,1395.576999808037,1382.1123
M21563,short,Demographic,1914-01-01,1360.63,1404.6398743654784,1379.3322
M21563,short,Demographic,1914-02-01,1359.81,1392.8608728586162,1382.3854
M21563,short,Demographic,1914-03-01,1354.18,1392.8608728586162,1386.832
M21563,short,Demographic,1914-04-01,1359.52,1392.8608728586162,1386.1003
M21579,short,Demographic,1907-03-01,4662.1,6241.287471197447,6367.956
M21579,short,Demographic,1907-04-01,6219.81,5036.334853299362,5431.869
M21579,short,Demographic,1907-05-01,5341.37,6142.413441727751,6243.697
M21579,short,Demographic,1907-06-01,5548.97,5463.434228721397,5628.288
M21579,short,Demographic,1907-07-01,6080.0,5788.590073846005,5838.315
M21579,short,Demographic,1907-08-01,6577.29,6168.787201468583,6105.094
M21579,short,Demographic,1907-09-01,5608.67,6268.126087341265,6331.6387
M21579,short,Demographic,1907-10-01,5741.67,5745.537462410259,5811.24
M21579,short,Demographic,1907-11-01,5385.23,5792.749865600972,5884.0186
M21579,short,Demographic,1907-12-01,4388.2,5415.541258415649,5524.008
M21579,short,Demographic,1908-01-01,5944.1,4735.452623845779,4774.8447
M21579,short,Demographic,1908-02-01,5341.2,5942.669823877053,5852.816
M21579,short,Demographic,1908-03-01,5053.8,5162.927334465,5365.137
M21579,short,Demographic,1908-04-01,5491.55,5314.815347605894,5398.692
M21579,short,Demographic,1908-05-01,5220.95,5443.06980134898,5382.424
M21579,short,Demographic,1908-06-01,5100.48,5301.568920426649,5342.1074
M21579,short,Demographic,1908-07-01,6272.89,5314.463780034688,5324.0664
M21579,short,Demographic,1908-08-01,5773.79,5914.312429143014,6008.0635
M21778,long_history,Demographic,1924-01-01,7826.0,7995.108311145714,8033.851
M21778,long_history,Demographic,1924-02-01,7548.0,7772.857525997583,7869.4844
M21778,long_history,Demographic,1924-03-01,7516.0,7544.850308758989,7703.1104
M21778,long_history,Demographic,1924-04-01,7384.0,7544.850308758989,7591.454
M21778,long_history,Demographic,1924-05-01,7830.0,7639.762047451315,7565.742
M21778,long_history,Demographic,1924-06-01,8228.0,7913.717866689791,7820.626
M21778,long_history,Demographic,1924-07-01,8469.0,8322.7413289995,8198.708
M21778,long_history,Demographic,1924-08-01,8331.0,8538.288355585115,8303.829
M21778,long_history,Demographic,1924-09-01,7904.0,8305.115546631658,8280.191
M21778,long_history,Demographic,1924-10-01,7948.0,8010.30550326003,8023.588
M21778,long_history,Demographic,1924-11-01,8241.0,8010.30550326003,8040.7754
M21778,long_history,Demographic,1924-12-01,8125.0,8295.512434059108,8202.028
M21778,long_history,Demographic,1925-01-01,7849.0,7912.838796429574,8020.8394
M21778,long_history,Demographic,1925-02-01,7799.0,7722.700903459188,7825.1216
M21778,long_history,Demographic,1925-03-01,8157.0,7763.401213987934,7837.261
M21778,long_history,Demographic,1925-04-01,8107.0,8170.7196443011535,8059.197
M21778,long_history,Demographic,1925-05-01,8413.0,8135.6921776952995,8168.475
M21778,long_history,Demographic,1925-06-01,8855.0,8346.081207393217,8348.326
M21806,long_history,Demographic,1924-01-01,7982.0,7856.33458636735,8010.931
M21806,long_history,Demographic,1924-02-01,8079.0,8002.437124800727,8042.0664
M21806,long_history,Demographic,1924-03-01,8110.0,8167.498982247809,8090.5557
M21806,long_history,Demographic,1924-04-01,8083.0,8172.414110705766,8167.3174
M21806,long_history,Demographic,1924-05-01,8129.0,8167.498982247809,8158.149
M21806,long_history,Demographic,1924-06-01,8228.0,8167.498982247809,8165.1714
M21806,long_history,Demographic,1924-07-01,8317.0,8320.689673596044,8225.956
M21806,long_history,Demographic,1924-08-01,8167.0,8337.947478701102,8277.795
M21806,long_history,Demographic,1924-09-01,8123.0,8320.689673596044,8245.087
M21806,long_history,Demographic,1924-10-01,8169.0,8172.414110705766,8216.325
M21806,long_history,Demographic,1924-11-01,8179.0,8315.774545138087,8227.47
M21806,long_history,Demographic,1924-12-01,8153.0,8323.429237670596,8226.043
M21806,long_history,Demographic,1925-01-01,8103.0,8133.886824633915,8119.082
M21806,long_history,Demographic,1925-02-01,8182.0,8126.798671719063,8187.4595
M21806,long_history,Demographic,1925-03-01,8224.0,8315.774545138087,8208.799
M21806,long_history,Demographic,1925-04-01,8257.0,8320.689673596044,8229.254
M21806,long_history,Demographic,1925-05-01,8298.0,8315.774545138087,8262.079
M21806,long_history,Demographic,1925-06-01,8383.0,8333.032350243146,8281.557
M2191,short,Macro,1907-01-01,3910.0,4060.7189453461306,4047.5964
M2191,short,Macro,1907-02-01,3850.0,3967.8749348925544,3980.8994
M2191,short,Macro,1907-03-01,4130.0,3924.1733444245206,3963.0383
M2191,short,Macro,1907-04-01,4040.0,4115.061634970423,4090.9534
M2191,short,Macro,1907-05-01,4130.0,4064.295514880284,4072.2385
M2191,short,Macro,1907-06-01,4120.0,4105.304614891473,4113.5366
M2191,short,Macro,1907-07-01,4170.0,4121.581496603752,4113.453
M2191,short,Macro,1907-08-01,4140.0,4156.21809047554,4186.1885
M2191,short,Macro,1907-09-01,4080.0,4165.97511055449,4164.111
M2191,short,Macro,1907-10-01,3920.0,4059.3803864223273,4109.028
M2191,short,Macro,1907-11-01,4110.0,3989.0669450627897,3992.412
M2191,short,Macro,1907-12-01,4000.0,4117.777761919844,4093.9407
M2191,short,Macro,1908-01-01,3770.0,4060.7189453461306,4023.4773
M2191,short,Macro,1908-02-01,3750.0,3921.857813805269,3916.748
M2191,short,Macro,1908-03-01,3750.0,3878.156223337235,3853.3855
M2191,short,Macro,1908-04-01,3840.0,3791.816483538635,3799.0168
M2191,short,Macro,1908-05-01,4020.0,3852.5057531628277,3891.8599
M2191,short,Macro,1908-06-01,4020.0,3989.644894163064,3997.3425
M21932,long_history,Demographic,1924-01-01,1610.0,1639.656845764666,1629.1348
M21932,long_history,Demographic,1924-02-01,1620.0,1645.7207176615352,1615.9921
M21932,long_history,Demographic,1924-03-01,1620.0,1645.7207176615352,1639.5647
M21932,long_history,Demographic,1924-04-01,1630.0,1645.7207176615352,1639.849
M21932,long_history,Demographic,1924-05-01,1650.0,1645.7207176615352,1640.9257
M21932,long_history,Demographic,1924-06-01,1660.0,1645.7207176615352,1651.8694
M21932,long_history,Demographic,1924-07-01,1680.0,1645.7207176615352,1662.3689
M21932,long_history,Demographic,1924-08-01,1680.0,1699.0644121326566,1678.2762
M21932,long_history,Demographic,1924-09-01,1660.0,1699.0644121326566,1680.5634
M21932,long_history,Demographic,1924-10-01,1680.0,1645.7207176615352,1669.9852
M21932,long_history,Demographic,1924-11-01,1700.0,1699.0644121326566,1684.0771
M21932,long_history,Demographic,1924-12-01,1710.0,1701.7805390820774,1689.5824
M21932,long_history,Demographic,1925-01-01,1670.0,1710.8434136395188,1700.6619
M21932,long_history,Demographic,1925-02-01,1700.0,1699.0644121326566,1675.2032
M21932,long_history,Demographic,1925-03-01,1680.0,1699.0644121326566,1691.018
M21932,long_history,Demographic,1925-04-01,1700.0,1699.0644121326566,1685.3016
M21932,long_history,Demographic,1925-05-01,1700.0,1699.0644121326566,1692.9456
M21932,long_history,Demographic,1925-06-01,1700.0,1699.0644121326566,1693.1746
M21943,long_history,Demographic,1924-01-01,3680.0,3683.507925288767,3658.5474
M21943,long_history,Demographic,1924-02-01,3730.0,3683.507925288767,3694.7808
M21943,long_history,Demographic,1924-03-01,3760.0,3755.1158782024427,3737.8362
M21943,long_history,Demographic,1924-04-01,3760.0,3755.1158782024427,3759.1667
M21943,long_history,Demographic,1924-05-01,3790.0,3755.1158782024427,3754.8926
M21943,long_history,Demographic,1924-06-01,3820.0,3791.816483538635,3786.131
M21943,long_history,Demographic,1924-07-01,3790.0,3791.816483538635,3820.1958
M21943,long_history,Demographic,1924-08-01,3810.0,3863.484074800328,3800.1387
M21943,long_history,Demographic,1924-09-01,3800.0,3863.484074800328,3834.1099
M21943,long_history,Demographic,1924-10-01,3770.0,3863.484074800328,3842.5806
M21943,long_history,Demographic,1924-11-01,3760.0,3791.816483538635,3799.3733
M21943,long_history,Demographic,1924-12-01,3730.0,3794.532610488056,3777.506
M21943,long_history,Demographic,1925-01-01,3700.0,4013.3311148322564,3732.5693
M21943,long_history,Demographic,1925-02-01,3740.0,3989.1953621002194,3740.6226
M21943,long_history,Demographic,1925-03-01,3780.0,4013.3311148322564,3765.2449
M21943,long_history,Demographic,1925-04-01,3800.0,4013.3311148322564,3777.42
M21943,long_history,Demographic,1925-05-01,3810.0,4013.3311148322564,3832.9075
M21943,long_history,Demographic,1925-06-01,3810.0,4013.3311148322564,3833.3218
M22005,long_history,Demographic,1924-01-01,1660.0,1710.8434136395188,1687.4059
M22005,long_history,Demographic,1924-02-01,1670.0,1645.7207176615352,1667.4054
M22005,long_history,Demographic,1924-03-01,1680.0,1699.0644121326566,1677.5122
M22005,long_history,Demographic,1924-04-01,1680.0,1699.0644121326566,1691.9768
M22005,long_history,Demographic,1924-05-01,1690.0,1699.0644121326566,1687.2513
M22005,long_history,Demographic,1924-06-01,1690.0,1699.0644121326566,1689.0537
M22005,long_history,Demographic,1924-07-01,1680.0,1699.0644121326566,1689.3673
M22005,long_history,Demographic,1924-08-01,1670.0,1699.0644121326566,1689.3761
M22005,long_history,Demographic,1924-09-01,1700.0,1699.0644121326566,1674.5739
M22005,long_history,Demographic,1924-10-01,1720.0,1699.0644121326566,1695.4377
M22005,long_history,Demographic,1924-11-01,1740.0,1699.0644121326566,1712.9933
M22005,long_history,Demographic,1924-12-01,1740.0,1701.7805390820774,1738.5605
M22005,long_history,Demographic,1925-01-01,1710.0,1710.8434136395188,1745.9983
M22005,long_history,Demographic,1925-02-01,1700.0,1699.0644121326566,1739.3777
M22005,long_history,Demographic,1925-03-01,1710.0,1699.0644121326566,1710.4667
M22005,long_history,Demographic,1925-04-01,1710.0,1699.0644121326566,1714.3853
M22005,long_history,Demographic,1925-05-01,1710.0,1699.0644121326566,1721.6257
M22005,long_history,Demographic,1925-06-01,1700.0,1699.0644121326566,1719.801
M22323,short,Demographic,1911-01-01,2880.0,2900.0890477347343,2928.7356
M22323,short,Demographic,1911-02-01,3000.0,2809.7039804668198,2886.169
M22323,short,Demographic,1911-03-01,2960.0,2905.004176192691,2953.3213
M22323,short,Demographic,1911-04-01,2940.0,2905.004176192691,2948.4993
M22323,short,Demographic,1911-05-01,2890.0,2900.0890477347343,2940.7336
M22323,short,Demographic,1911-06-01,3060.0,2900.0890477347343,2884.1873
M22323,short,Demographic,1911-07-01,3030.0,3077.5621838239817,3032.9993
M22323,short,Demographic,1911-08-01,2950.0,3077.5621838239817,3070.2505
M22323,short,Demographic,1911-09-01,3010.0,2905.004176192691,2987.2568
M22323,short,Demographic,1911-10-01,2950.0,3072.647055366025,2976.5693
M22323,short,Demographic,1911-11-01,2990.0,2900.0890477347343,2967.6235
M22323,short,Demographic,1911-12-01,2890.0,2902.805174684155,2977.2793
M22323,short,Demographic,1912-01-01,2950.0,2900.0890477347343,2904.3955
M22323,short,Demographic,1912-02-01,2980.0,2900.0890477347343,2939.0845
M22323,short,Demographic,1912-03-01,3020.0,2900.0890477347343,2915.4602
M22323,short,Demographic,1912-04-01,2950.0,3072.647055366025,3049.929
M22323,short,Demographic,1912-05-01,2980.0,2900.0890477347343,2977.4631
M22323,short,Demographic,1912-06-01,3070.0,2900.0890477347343,2972.7507
M22338,long_history,Demographic,1924-01-01,1409.2,1404.6398743654784,1388.047
M22338,long_history,Demographic,1924-02-01,1397.1,1392.8608728586162,1397.0822
M22338,long_history,Demographic,1924-03-01,1412.8,1392.8608728586162,1401.8715
M22338,long_history,Demographic,1924-04-01,1402.0,1392.8608728586162,1406.3033
M22338,long_history,Demographic,1924-05-01,1408.4,1392.8608728586162,1406.198
M22338,long_history,Demographic,1924-06-01,1438.2,1419.4404425134878,1406.039
M22338,long_history,Demographic,1924-07-01,1422.9,1392.8608728586162,1429.037
M22338,long_history,Demographic,1924-08-01,1395.1,1392.8608728586162,1422.1306
M22338,long_history,Demographic,1924-09-01,1402.9,1392.8608728586162,1414.9805
M22338,long_history,Demographic,1924-10-01,1401.1,1392.8608728586162,1408.7145
M22338,long_history,Demographic,1924-11-01,1403.6,1392.8608728586162,1406.2883
M22338,long_history,Demographic,1924-12-01,1393.8,1508.9955064203402,1406.6904
M22338,long_history,Demographic,1925-01-01,1406.6,1404.6398743654784,1433.6847
M22338,long_history,Demographic,1925-02-01,1412.0,1392.8608728586162,1402.934
M22338,long_history,Demographic,1925-03-01,1410.9,1392.8608728586162,1405.3015
M22338,long_history,Demographic,1925-04-01,1406.3,1392.8608728586162,1406.0564
M22338,long_history,Demographic,1925-05-01,1407.9,1392.8608728586162,1406.0564
M22338,long_history,Demographic,1925-06-01,1437.5,1419.4404425134878,1415.5201
M22352,long_history,Demographic,1924-01-01,4308.0,4303.9787021206175,4265.842
M22352,long_history,Demographic,1924-02-01,4316.0,4307.555271654772,4304.733
M22352,long_history,Demographic,1924-03-01,4283.0,4307.555271654772,4335.9507
M22352,long_history,Demographic,1924-04-01,4266.0,4307.555271654772,4322.9023
M22352,long_history,Demographic,1924-05-01,4288.0,4307.555271654772,4303.8853
M22352,long_history,Demographic,1924-06-01,4393.0,4307.555271654772,4312.49
M22352,long_history,Demographic,1924-07-01,4442.0,4362.2594958877535,4389.7563
M22352,long_history,Demographic,1924-08-01,4352.0,4391.556814367196,4403.444
M22352,long_history,Demographic,1924-09-01,4296.0,4378.228644186904,4382.4263
M22352,long_history,Demographic,1924-10-01,4331.0,4312.470400112728,4341.035
M22352,long_history,Demographic,1924-11-01,4325.0,4307.555271654772,4339.6577
M22352,long_history,Demographic,1924-12-01,4319.0,4310.271398604193,4342.7417
M22352,long_history,Demographic,1925-01-01,4346.0,4525.493333414239,4270.255
M22352,long_history,Demographic,1925-02-01,4319.0,4529.069902948393,4328.707
M22352,long_history,Demographic,1925-03-01,4331.0,4529.069902948393,4338.877
M22352,long_history,Demographic,1925-04-01,4297.0,4529.069902948393,4341.9395
M22352,long_history,Demographic,1925-05-01,4323.0,4529.069902948393,4323.1973
M22352,long_history,Demographic,1925-06-01,4408.0,4529.069902948393,4350.7173
M22437,long_history,Demographic,1924-01-01,4722.4,4731.967022425776,4669.076
M22437,long_history,Demographic,1924-02-01,4714.3,4755.950660862764,4721.5386
M22437,long_history,Demographic,1924-03-01,4754.9,4763.455674562761,4735.214
M22437,long_history,Demographic,1924-04-01,4772.9,4763.455674562761,4764.9478
M22437,long_history,Demographic,1924-05-01,4812.1,4808.272742140067,4765.577
M22437,long_history,Demographic,1924-06-01,4913.5,4822.179670581174,4817.0645
M22437,long_history,Demographic,1924-07-01,4999.0,4914.146477069794,4883.7754
M22437,long_history,Demographic,1924-08-01,4950.6,5065.238053395632,5002.7065
M22437,long_history,Demographic,1924-09-01,4922.1,4960.905679155589,4964.939
M22437,long_history,Demographic,1924-10-01,4979.6,4960.905679155589,4931.677
M22437,long_history,Demographic,1924-11-01,4946.9,4960.905679155589,4969.18
M22437,long_history,Demographic,1924-12-01,4892.9,4963.6218061050095,4969.3057
M22437,long_history,Demographic,1925-01-01,4818.8,5150.931658312225,4855.195
M22437,long_history,Demographic,1925-02-01,4758.1,5092.778747176507,4857.2783
M22437,long_history,Demographic,1925-03-01,4755.8,5034.702501891645,4790.5527
M22437,long_history,Demographic,1925-04-01,4724.8,5029.787373433688,4793.126
M22437,long_history,Demographic,1925-05-01,4740.4,5029.787373433688,4762.9414
M22437,long_history,Demographic,1925-06-01,4761.8,5029.787373433688,4774.136
M22626,long_history,Demographic,1926-01-01,5560.0,5782.548149973689,5694.8535
M22626,long_history,Demographic,1926-02-01,5610.0,5708.3731562356925,5625.3057
M22626,long_history,Demographic,1926-03-01,5600.0,5852.324740607849,5647.0
M22626,long_history,Demographic,1926-04-01,5640.0,5647.45461310718,5626.9146
M22626,long_history,Demographic,1926-05-01,5660.0,5883.096285851461,5682.224
M22626,long_history,Demographic,1926-06-01,5680.0,5883.096285851461,5697.075
M22626,long_history,Demographic,1926-07-01,5470.0,5814.036802110673,5690.01
M22626,long_history,Demographic,1926-08-01,5500.0,5587.785014516322,5566.6074
M22626,long_history,Demographic,1926-09-01,5730.0,5656.84449825711,5574.9185
M22626,long_history,Demographic,1926-10-01,5840.0,5793.29106892927,5678.548
M22626,long_history,Demographic,1926-11-01,5840.0,5970.127141181081,5781.499
M22626,long_history,Demographic,1926-12-01,5780.0,5972.843268130502,5816.2866
M22626,long_history,Demographic,1927-01-01,5630.0,5800.706298183759,5704.443
M22626,long_history,Demographic,1927-02-01,5670.0,5903.402514191193,5630.8867
M22626,long_history,Demographic,1927-03-01,5660.0,5875.220854189621,5712.109
M22626,long_history,Demographic,1927-04-01,5690.0,5905.992399433233,5699.306
M22626,long_history,Demographic,1927-05-01,5720.0,5905.992399433233,5703.1465
M22626,long_history,Demographic,1927-06-01,5670.0,5905.992399433233,5709.961
M22835,long_history,Demographic,1924-01-01,7136.0,7293.487036565687,7227.6055
M22835,long_history,Demographic,1924-02-01,7239.0,7180.851620179703,7104.556
M22835,long_history,Demographic,1924-03-01,7180.3,7420.428033808205,7277.7
M22835,long_history,Demographic,1924-04-01,7112.4,7221.551930708449,7190.287
M22835,long_history,Demographic,1924-05-01,7067.0,7221.551930708449,7144.258
M22835,long_history,Demographic,1924-06-01,7187.7,7221.551930708449,7094.6406
M22835,long_history,Demographic,1924-07-01,7142.3,7221.551930708449,7122.931
M22835,long_history,Demographic,1924-08-01,7063.9,7221.551930708449,7100.7354
M22835,long_history,Demographic,1924-09-01,7073.8,7221.551930708449,7013.2285
M22835,long_history,Demographic,1924-10-01,7208.2,7169.630896562612,7084.32
M22835,long_history,Demographic,1924-11-01,7254.3,7373.422128120325,7125.323
M22835,long_history,Demographic,1924-12-01,7211.5,7423.144160757626,7277.2803
M22835,long_history,Demographic,1925-01-01,7076.8,7257.071296707682,7101.742
M22835,long_history,Demographic,1925-02-01,7131.2,7144.435880321698,7115.291
M22835,long_history,Demographic,1925-03-01,7158.3,7185.136190850444,7095.615
M22835,long_history,Demographic,1925-04-01,7130.3,7147.704630036939,7121.804
M22835,long_history,Demographic,1925-05-01,7172.0,7147.704630036939,7111.083
M22835,long_history,Demographic,1925-06-01,7225.8,7180.2210623924875,7152.7563
M22856,long_history,Demographic,1924-01-01,2396.8,2381.5015160583935,2410.503
M22856,long_history,Demographic,1924-02-01,2408.1,2388.8626125364085,2391.35
M22856,long_history,Demographic,1924-03-01,2410.9,2388.8626125364085,2421.755
M22856,long_history,Demographic,1924-04-01,2388.0,2388.8626125364085,2423.5408
M22856,long_history,Demographic,1924-05-01,2390.3,2388.8626125364085,2394.5913
M22856,long_history,Demographic,1924-06-01,2431.6,2388.8626125364085,2403.7034
M22856,long_history,Demographic,1924-07-01,2392.3,2388.8626125364085,2443.2925
M22856,long_history,Demographic,1924-08-01,2369.7,2388.8626125364085,2394.0264
M22856,long_history,Demographic,1924-09-01,2360.1,2388.8626125364085,2382.1357
M22856,long_history,Demographic,1924-10-01,2366.5,2388.8626125364085,2372.63
M22856,long_history,Demographic,1924-11-01,2347.6,2388.8626125364085,2372.4514
M22856,long_history,Demographic,1924-12-01,2333.2,2391.5787394858294,2388.8315
M22856,long_history,Demographic,1925-01-01,2342.4,2381.5015160583935,2391.794
M22856,long_history,Demographic,1925-02-01,2356.3,2388.8626125364085,2376.0427
M22856,long_history,Demographic,1925-03-01,2354.7,2388.8626125364085,2372.9329
M22856,long_history,Demographic,1925-04-01,2362.7,2388.8626125364085,2405.5417
M22856,long_history,Demographic,1925-05-01,2378.0,2388.8626125364085,2378.5105
M22856,long_history,Demographic,1925-06-01,2386.7,2388.8626125364085,2376.0164
M23276,long_history,Demographic,1924-01-01,978.1,996.9959445004168,1079.6307
M23276,long_history,Demographic,1924-02-01,976.0,985.2169429935548,1004.5606
M23276,long_history,Demographic,1924-03-01,976.3,985.2169429935548,1013.0095
M23276,long_history,Demographic,1924-04-01,966.6,985.2169429935548,1001.78284
M23276,long_history,Demographic,1924-05-01,976.0,985.2169429935548,995.69366
M23276,long_history,Demographic,1924-06-01,990.6,985.2169429935548,995.69366
M23276,long_history,Demographic,1924-07-01,985.7,1034.7792069007892,1003.61304
M23276,long_history,Demographic,1924-08-01,987.4,985.2169429935548,1003.7534
M23276,long_history,Demographic,1924-09-01,986.8,985.2169429935548,1003.7534
M23276,long_history,Demographic,1924-10-01,981.7,985.2169429935548,1002.98926
M23276,long_history,Demographic,1924-11-01,973.1,985.2169429935548,1001.2481
M23276,long_history,Demographic,1924-12-01,965.5,987.9330699429756,1002.208
M23276,long_history,Demographic,1925-01-01,960.7,996.9959445004168,1065.4867
M23276,long_history,Demographic,1925-02-01,957.0,985.2169429935548,996.91907
M23276,long_history,Demographic,1925-03-01,958.9,985.2169429935548,985.33356
M23276,long_history,Demographic,1925-04-01,943.7,985.2169429935548,973.80896
M23276,long_history,Demographic,1925-05-01,943.7,985.2169429935548,973.80896
M23276,long_history,Demographic,1925-06-01,951.4,985.2169429935548,973.1088
M23422,long_history,Demographic,1924-01-01,6671.2,6607.207097344785,6508.734
M23422,long_history,Demographic,1924-02-01,6694.9,6669.551866294208,6609.3916
M23422,long_history,Demographic,1924-03-01,6712.3,6696.6831150088565,6648.89
M23422,long_history,Demographic,1924-04-01,6665.2,6691.7679865509,6653.279
M23422,long_history,Demographic,1924-05-01,6729.3,6691.7679865509,6673.4307
M23422,long_history,Demographic,1924-06-01,6753.5,6691.7679865509,6661.6562
M23422,long_history,Demographic,1924-07-01,6787.1,6691.7679865509,6684.3706
M23422,long_history,Demographic,1924-08-01,6689.8,6809.498103738122,6697.9697
M23422,long_history,Demographic,1924-09-01,6652.9,6713.541382316026,6708.5166
M23422,long_history,Demographic,1924-10-01,6703.9,6696.6831150088565,6659.6294
M23422,long_history,Demographic,1924-11-01,6642.2,6691.7679865509,6658.9814
M23422,long_history,Demographic,1924-12-01,6614.4,6694.484113500321,6677.033
M23422,long_history,Demographic,1925-01-01,6668.7,6607.207097344785,6551.0366
M23422,long_history,Demographic,1925-02-01,6669.5,6664.636737836251,6621.114
M23422,long_history,Demographic,1925-03-01,6664.5,6691.7679865509,6662.5923
M23422,long_history,Demographic,1925-04-01,6672.2,6691.7679865509,6657.4717
M23422,long_history,Demographic,1925-05-01,6742.6,6691.7679865509,6657.199
M23422,long_history,Demographic,1925-06-01,6737.0,6691.7679865509,6666.2046
M23428,long_history,Demographic,1924-01-01,6457.8,6460.957088085247,6384.1753
M23428,long_history,Demographic,1924-02-01,6530.7,6454.43106208207,6379.7544
M23428,long_history,Demographic,1924-03-01,6583.7,6520.181556741147,6496.585
M23428,long_history,Demographic,1924-04-01,6583.9,6671.346694458642,6516.158
M23428,long_history,Demographic,1924-05-01,6524.2,6642.927671310401,6561.4497
M23428,long_history,Demographic,1924-06-01,6492.1,6642.927671310401,6546.3403
M23428,long_history,Demographic,1924-07-01,6510.1,6642.927671310401,6515.8247
M23428,long_history,Demographic,1924-08-01,6305.9,6548.566051510429,6445.043
M23428,long_history,Demographic,1924-09-01,6487.2,6442.134876754276,6396.9634
M23428,long_history,Demographic,1924-10-01,6494.5,6525.096685199103,6446.643
M23428,long_history,Demographic,1924-11-01,6418.0,6525.096685199103,6449.269
M23428,long_history,Demographic,1924-12-01,6419.3,6460.774543055855,6410.048
M23428,long_history,Demographic,1925-01-01,6391.4,6398.833947450535,6313.435
M23428,long_history,Demographic,1925-02-01,6521.7,6454.43106208207,6364.7383
M23428,long_history,Demographic,1925-03-01,6506.3,6548.6005798893875,6491.6597
M23428,long_history,Demographic,1925-04-01,6582.4,6600.041073310066,6456.7734
M23428,long_history,Demographic,1925-05-01,6512.8,6614.991072580006,6558.8994
M23428,long_history,Demographic,1925-06-01,6489.1,6642.927671310401,6545.175
M23568,short,Demographic,1911-05-01,9548.8413553,9457.734626558344,9390.325
M23568,short,Demographic,1911-06-01,10038.066122,9858.359924130144,9543.881
M23568,short,Demographic,1911-07-01,9303.2060493,9825.328594233117,9773.973
M23568,short,Demographic,1911-08-01,9634.6510263,9485.798966381704,9444.049
M23568,short,Demographic,1911-09-01,9933.5975923,9778.78013033323,9596.542
M23568,short,Demographic,1911-10-01,9659.62938,9837.815251396209,9794.065
M23568,short,Demographic,1911-11-01,9703.5431629,9785.4251162317,9699.6875
M23568,short,Demographic,1911-12-01,9435.2667024,9675.405389611382,9694.676
M23568,short,Demographic,1912-01-01,9172.4431136,9173.377900105988,9292.559
M23568,short,Demographic,1912-02-01,9701.08885,9263.274514058518,9361.751
M23568,short,Demographic,1912-03-01,9262.190439,9763.918874699219,9633.817
M23568,short,Demographic,1912-04-01,9698.4991627,9372.622797604405,9433.929
M23568,short,Demographic,1912-05-01,9379.1880975,9719.313098960609,9608.731
M23568,short,Demographic,1912-06-01,10232.057286,9550.84738926618,9491.171
M23568,short,Demographic,1912-07-01,9536.2318366,9970.664053630584,9850.387
M23568,short,Demographic,1912-08-01,9682.149472,9874.373136954478,9739.889
M23568,short,Demographic,1912-09-01,10071.845425,9805.18222713224,9662.483
M23568,short,Demographic,1912-10-01,10023.909822,9942.573594752766,9881.188
M23617,long_history,Demographic,1926-05-01,5757.607347,5980.49624418753,6003.9746
M23617,long_history,Demographic,1926-06-01,5970.522407,5904.693720939218,5913.117
M23617,long_history,Demographic,1926-07-01,5941.052532,5986.8094478108815,5955.327
M23617,long_history,Demographic,1926-08-01,5846.304246,5952.586747023563,5918.2104
M23617,long_history,Demographic,1926-09-01,6139.947714,5903.597738917755,5910.3315
M23617,long_history,Demographic,1926-10-01,6121.476491,6031.3728727577545,6092.5005
M23617,long_history,Demographic,1926-11-01,6097.770489,6202.710277454822,6109.5073
M23617,long_history,Demographic,1926-12-01,5997.234167,6103.511508165133,6106.8057
M23617,long_history,Demographic,1927-01-01,5968.303573,6015.667718268064,5954.976
M23617,long_history,Demographic,1927-02-01,5903.244336,6096.63944711995,5980.591
M23617,long_history,Demographic,1927-03-01,5918.98585,6004.790432934697,5956.388
M23617,long_history,Demographic,1927-04-01,6099.08942,5998.477229311345,5936.1543
M23617,long_history,Demographic,1927-05-01,6030.057352,6052.195148084024,6034.1045
M23617,long_history,Demographic,1927-06-01,6082.954579,6080.104645247991,5980.826
M23617,long_history,Demographic,1927-07-01,6023.133309,6117.378291174132,6006.1406
M23617,long_history,Demographic,1927-08-01,6062.652621,6047.280019626068,5985.999
M23617,long_history,Demographic,1927-09-01,6155.050511,6081.502720413387,6035.8223
M23617,long_history,Demographic,1927-10-01,6236.258232,6236.534353353884,6124.9746
M23628,short,Demographic,1913-11-01,5350.27761,5685.0354413739315,5696.024
M23628,short,Demographic,1913-12-01,5613.72165,5506.503752141936,5497.1665
M23628,short,Demographic,1914-01-01,5535.34582,5721.841781890821,5441.0903
M23628,short,Demographic,1914-02-01,5725.85452,5609.378849655649,5552.4214
M23628,short,Demographic,1914-03-01,5667.34291,5848.050779407953,5697.6206
M23628,short,Demographic,1914-04-01,5891.52306,5848.050779407953,5714.264
M23628,short,Demographic,1914-05-01,6245.09428,5922.032777587501,5812.8857
M23628,short,Demographic,1914-06-01,5887.3993,6068.813555594244,6097.731
M23628,short,Demographic,1914-07-01,5704.02433,5884.173538017109,5954.0195
M23628,short,Demographic,1914-08-01,5977.88337,5819.245577525705,5850.0415
M23628,short,Demographic,1914-09-01,5916.44429,5884.173538017109,5891.309
M23628,short,Demographic,1914-10-01,5784.90817,5815.114054276321,5896.739
M23628,short,Demographic,1914-11-01,5335.68483,5732.646759833452,5831.867
M23628,short,Demographic,1914-12-01,5600.78397,5543.792390711487,5590.7812
M23628,short,Demographic,1915-01-01,4641.21573,5534.9274862641805,5529.929
M23628,short,Demographic,1915-02-01,4502.37272,5051.3989840414915,5118.3096
M23628,short,Demographic,1915-03-01,4295.99878,4971.604935250595,4905.7725
M23628,short,Demographic,1915-04-01,4504.38103,4605.488466188274,4587.2197
M23730,short,Demographic,1913-11-01,4980.28437,5167.694160685521,5125.036
M23730,short,Demographic,1913-12-01,5005.66122,5004.228107856423,5092.973
M23730,short,Demographic,1914-01-01,5090.12117,5064.525446094148,4971.091
M23730,short,Demographic,1914-02-01,5164.869,5108.16825743722,5085.026
M23730,short,Demographic,1914-03-01,5203.60398,5115.673271137216,5135.366
M23730,short,Demographic,1914-04-01,5103.77119,5262.806245160155,5162.058
M23730,short,Demographic,1914-05-01,4869.06399,5117.566642949085,5159.937
M23730,short,Demographic,1914-06-01,5007.03799,5046.724370185481,4976.891
M23730,short,Demographic,1914-07-01,5095.00581,5100.929226689089,5047.13
M23730,short,Demographic,1914-08-01,5246.55239,5115.673271137216,5087.041
M23730,short,Demographic,1914-09-01,5134.9865,5241.253700442203,5162.185
M23730,short,Demographic,1914-10-01,4996.91391,5086.790598113585,5148.524
M23730,short,Demographic,1914-11-01,4946.66651,5110.450442674111,5078.137
M23730,short,Demographic,1914-12-01,5127.73334,4968.536934562966,5013.5435
M23730,short,Demographic,1915-01-01,5112.2006,5069.440574552104,5023.898
M23730,short,Demographic,1915-02-01,4971.102,5093.424212989093,5100.577
M23730,short,Demographic,1915-03-01,5071.97473,5001.511980907002,5023.522
M23730,short,Demographic,1915-04-01,5199.23011,5100.929226689089,5098.0254
M24084,short,Demographic,1913-11-01,2174.44316,1790.4332502317138,1885.8721
M24084,short,Demographic,1913-12-01,2180.28968,2150.756012320569,2112.3857
M24084,short,Demographic,1914-01-01,2153.79401,2211.1824998685743,2173.2466
M24084,short,Demographic,1914-02-01,1818.76943,2111.875016524295,2136.1763
M24084,short,Demographic,1914-03-01,2181.12203,1903.129656976143,1965.0602
M24084,short,Demographic,1914-04-01,2392.62837,2134.049135562131,2122.5107
M24084,short,Demographic,1914-05-01,2476.30499,2261.802983054092,2245.9036
M24084,short,Demographic,1914-06-01,2388.32845,2478.684735438523,2384.708
M24084,short,Demographic,1914-07-01,2248.08997,2369.9216917598674,2343.1865
M24084,short,Demographic,1914-08-01,2414.19572,2302.69919830124,2288.8489
M24084,short,Demographic,1914-09-01,2052.75392,2357.2607393758285,2364.813
M24084,short,Demographic,1914-10-01,2205.57833,2070.6734687122503,2121.8777
M24084,short,Demographic,1914-11-01,2287.82639,2260.003772057099,2249.2732
M24084,short,Demographic,1914-12-01,2404.58128,2304.9172277293524,2250.4644
M24084,short,Demographic,1915-01-01,2759.28257,2396.383461466429,2382.259
M24084,short,Demographic,1915-02-01,2364.95918,2595.959841623871,2639.805
M24084,short,Demographic,1915-03-01,2637.45818,2416.5537137713295,2458.9521
M24084,short,Demographic,1915-04-01,2601.76256,2530.814279275678,2608.3896
M24097,short,Demographic,1913-11-01,6194.59255,6551.819180123546,6499.2427
M24097,short,Demographic,1913-12-01,6493.59302,6574.808085104668,6410.1953
M24097,short,Demographic,1914-01-01,6534.30754,6497.509839925603,6311.4775
M24097,short,Demographic,1914-02-01,6257.2424,6532.041528501248,6503.966
M24097,short,Demographic,1914-03-01,6743.71081,6517.079264865239,6407.1333
M24097,short,Demographic,1914-04-01,6421.43788,6621.738726897894,6611.7114
M24097,short,Demographic,1914-05-01,6576.30766,6537.917932675354,6479.4087
M24097,short,Demographic,1914-06-01,6581.49919,6619.906201037963,6591.527
M24097,short,Demographic,1914-07-01,6668.10723,6671.346694458642,6552.952
M24097,short,Demographic,1914-08-01,6705.47258,6673.179220318572,6665.328
M24097,short,Demographic,1914-09-01,6517.41065,6673.179220318572,6705.955
M24097,short,Demographic,1914-10-01,6725.54471,6647.8427997683575,6623.915
M24097,short,Demographic,1914-11-01,6771.31837,6528.210463565483,6692.274
M24097,short,Demographic,1914-12-01,6484.92947,6793.6254644552155,6740.42
M24097,short,Demographic,1915-01-01,6478.7774,6612.122225802742,6544.9146
M24097,short,Demographic,1915-02-01,6347.42996,6475.74279430062,6529.232
M24097,short,Demographic,1915-03-01,6614.8415,6465.63877144456,6456.618
M24097,short,Demographic,1915-04-01,6680.50781,6525.096685199103,6556.02
M24098,short,Demographic,1913-11-01,5478.87167,5719.949470254586,5792.435
M24098,short,Demographic,1913-12-01,5779.18737,5591.134154989803,5603.696
M24098,short,Demographic,1914-01-01,5608.18379,5726.397189043571,5706.591
M24098,short,Demographic,1914-02-01,5655.27296,5714.557225129989,5634.1284
M24098,short,Demographic,1914-03-01,5718.86923,5793.924082453331,5717.9917
M24098,short,Demographic,1914-04-01,5680.93296,5793.924082453331,5727.732
M24098,short,Demographic,1914-05-01,5683.76254,5789.008953995374,5717.9307
M24098,short,Demographic,1914-06-01,5730.50762,5789.008953995374,5711.1343
M24098,short,Demographic,1914-07-01,5617.43618,5816.918451159341,5746.392
M24098,short,Demographic,1914-08-01,5908.69662,5793.924082453331,5666.924
M24098,short,Demographic,1914-09-01,5690.66257,5876.039809324994,5793.225
M24098,short,Demographic,1914-10-01,5771.68791,5793.924082453331,5725.6284
M24098,short,Demographic,1914-11-01,5739.05942,5724.864598712543,5747.4546
M24098,short,Demographic,1914-12-01,5779.01278,5791.725080944795,5751.4243
M24098,short,Demographic,1915-01-01,5851.41125,5721.833628156821,5716.012
M24098,short,Demographic,1915-02-01,5694.05399,5868.183228053792,5805.901
M24098,short,Demographic,1915-03-01,5767.3164,5793.924082453331,5759.634
M24098,short,Demographic,1915-04-01,5645.47571,5793.924082453331,5775.2183
M24232,medium,Demographic,1917-03-01,1172.154417,1142.0048313053326,1187.5616
M24232,medium,Demographic,1917-04-01,1177.836176,1142.0048313053326,1187.7134
M24232,medium,Demographic,1917-05-01,1174.33858,1186.2505372042692,1187.847
M24232,medium,Demographic,1917-06-01,1182.953265,1142.0048313053326,1187.847
M24232,medium,Demographic,1917-07-01,1202.292501,1186.2505372042692,1204.9055
M24232,medium,Demographic,1917-08-01,1190.066328,1221.9987328468237,1216.7833
M24232,medium,Demographic,1917-09-01,1187.076688,1186.2505372042692,1217.1888
M24232,medium,Demographic,1917-10-01,1194.627935,1186.2505372042692,1210.9515
M24232,medium,Demographic,1917-11-01,1171.792479,1221.9987328468237,1209.2269
M24232,medium,Demographic,1917-12-01,1174.539085,1144.7209582547534,1192.6626
M24232,medium,Demographic,1918-01-01,1188.662281,1153.7838328121948,1184.3373
M24232,medium,Demographic,1918-02-01,1193.923994,1186.2505372042692,1199.7538
M24232,medium,Demographic,1918-03-01,1212.805107,1221.9987328468237,1208.8254
M24232,medium,Demographic,1918-04-01,1245.331078,1221.9987328468237,1225.983
M24232,medium,Demographic,1918-05-01,1236.521018,1221.9987328468237,1242.1396
M24232,medium,Demographic,1918-06-01,1217.513277,1221.9987328468237,1245.7134
M24232,medium,Demographic,1918-07-01,1216.997552,1237.7111822028273,1240.9521
M24232,medium,Demographic,1918-08-01,1224.133192,1221.9987328468237,1239.4569
M24374,long_history,Demographic,1926-05-01,12823.64018,12257.91972465499,12839.485
M24374,long_history,Demographic,1926-06-01,12783.55161,12186.268792409206,12960.641
M24374,long_history,Demographic,1926-07-01,12629.13173,12470.727637818378,13034.22
M24374,long_history,Demographic,1926-08-01,12361.25568,12430.115656275644,12706.183
M24374,long_history,Demographic,1926-09-01,11058.39543,12417.731024038536,12534.534
M24374,long_history,Demographic,1926-10-01,11055.25231,11340.756584496472,11551.768
M24374,long_history,Demographic,1926-11-01,12453.73257,10936.377452929504,11352.795
M24374,long_history,Demographic,1926-12-01,13050.55314,12146.278488214235,12088.482
M24374,long_history,Demographic,1927-01-01,12950.34852,11686.64513056265,12203.385
M24374,long_history,Demographic,1927-02-01,13765.42169,12593.22322533178,13019.341
M24374,long_history,Demographic,1927-03-01,14166.34568,12785.973887807058,13286.627
M24374,long_history,Demographic,1927-04-01,13033.57907,14531.005025459874,13914.395
M24374,long_history,Demographic,1927-05-01,13561.81036,14244.375717788429,13556.867
M24374,long_history,Demographic,1927-06-01,13437.0836,14001.884200451062,13529.335
M24374,long_history,Demographic,1927-07-01,14442.34825,13115.649455017594,12959.201
M24374,long_history,Demographic,1927-08-01,13631.52663,14629.770010466626,13725.961
M24374,long_history,Demographic,1927-09-01,11839.66571,14162.787561912312,13473.142
M24374,long_history,Demographic,1927-10-01,12684.39887,12083.184711171747,12513.096
M24383,long_history,Demographic,1926-05-01,7762.73078,7835.283523151331,7878.3916
M24383,long_history,Demographic,1926-06-01,8073.08004,7881.897601743489,7827.155
M24383,long_history,Demographic,1926-07-01,7951.21101,8094.726516933741,7922.339
M24383,long_history,Demographic,1926-08-01,7860.94871,7852.201745273029,7893.2227
M24383,long_history,Demographic,1926-09-01,8482.47847,7913.371243282819,7964.6914
M24383,long_history,Demographic,1926-10-01,8047.33603,8421.73418419734,8423.874
M24383,long_history,Demographic,1926-11-01,7921.02596,8051.271164021588,8048.486
M24383,long_history,Demographic,1926-12-01,7745.83598,7964.970805397842,7964.1865
M24383,long_history,Demographic,1927-01-01,7832.41945,7704.786009286141,7775.772
M24383,long_history,Demographic,1927-02-01,8087.87621,7847.850094600137,7796.8325
M24383,long_history,Demographic,1927-03-01,8116.48836,8101.379320319136,8112.3267
M24383,long_history,Demographic,1927-04-01,7783.50476,8109.5130490112515,8132.678
M24383,long_history,Demographic,1927-05-01,7592.5824,7850.07005522884,7872.9062
M24383,long_history,Demographic,1927-06-01,7682.14646,7667.583976285104,7699.036
M24383,long_history,Demographic,1927-07-01,7723.87292,7851.828472118416,7710.699
M24383,long_history,Demographic,1927-08-01,7503.79053,7833.492114526323,7738.217
M24383,long_history,Demographic,1927-09-01,8086.75678,7667.583976285104,7633.6772
M24383,long_history,Demographic,1927-10-01,7738.68049,8114.761340482388,8019.8906
M24432,short,Demographic,1913-11-01,3579.69315,3584.1446945005664,3581.41
M24432,short,Demographic,1913-12-01,3653.3009,3649.327306608402,3611.3408
M24432,short,Demographic,1914-01-01,3672.04241,3688.423053746724,3632.754
M24432,short,Demographic,1914-02-01,3846.21234,3683.507925288767,3655.0762
M24432,short,Demographic,1914-03-01,3707.88951,3806.0481277476847,3832.0933
M24432,short,Demographic,1914-04-01,3672.41928,3760.0310066603993,3739.9084
M24432,short,Demographic,1914-05-01,3736.41964,3735.8952539283623,3711.8833
M24432,short,Demographic,1914-06-01,3633.5236,3755.1158782024427,3737.1143
M24432,short,Demographic,1914-07-01,3638.32173,3735.8952539283623,3695.2651
M24432,short,Demographic,1914-08-01,3657.00201,3688.423053746724,3674.9438
M24432,short,Demographic,1914-09-01,3732.9222,3683.507925288767,3672.2883
M24432,short,Demographic,1914-10-01,3767.92167,3755.1158782024427,3716.053
M24432,short,Demographic,1914-11-01,3692.04855,3760.0310066603993,3746.419
M24432,short,Demographic,1914-12-01,3861.01783,3733.6962524198266,3714.4207
M24432,short,Demographic,1915-01-01,4055.01413,3842.748733083877,3835.7844
M24432,short,Demographic,1915-02-01,4098.10577,3989.644894163064,3970.6519
M24432,short,Demographic,1915-03-01,4327.70177,4033.346484631098,4032.0938
M24432,short,Demographic,1915-04-01,4502.91069,4232.77225498275,4245.058
M24678,long_history,Demographic,1926-05-01,5187.175415,5411.934882284892,5346.2725
M24678,long_history,Demographic,1926-06-01,5249.740292,5276.525536989735,5279.82
M24678,long_history,Demographic,1926-07-01,5255.329624,5416.850010742849,5312.054
M24678,long_history,Demographic,1926-08-01,5365.575843,5374.856221698528,5300.252
M24678,long_history,Demographic,1926-09-01,5743.741747,5551.826497557555,5363.3057
M24678,long_history,Demographic,1926-10-01,5855.347843,5755.024770559132,5602.7925
M24678,long_history,Demographic,1926-11-01,5558.006583,5896.174169109374,5728.917
M24678,long_history,Demographic,1926-12-01,5415.635255,5693.355215538006,5603.4995
M24678,long_history,Demographic,1927-01-01,5476.675113,5582.588239281523,5449.4824
M24678,long_history,Demographic,1927-02-01,5400.652284,5611.309843090213,5424.775
M24678,long_history,Demographic,1927-03-01,5327.415361,5613.899728332252,5422.6787
M24678,long_history,Demographic,1927-04-01,5439.553062,5486.146151386874,5363.1675
M24678,long_history,Demographic,1927-05-01,5426.03539,5564.28110103584,5416.497
M24678,long_history,Demographic,1927-06-01,5332.445977,5564.28110103584,5418.402
M24678,long_history,Demographic,1927-07-01,5275.909858,5439.746124324621,5349.624
M24678,long_history,Demographic,1927-08-01,5332.000614,5439.746124324621,5306.03
M24678,long_history,Demographic,1927-09-01,5615.088633,5503.890479607452,5346.1846
M24678,long_history,Demographic,1927-10-01,5670.875981,5769.787155448788,5573.616
M24960,medium,Demographic,1915-05-01,1309.952433,1266.2411468773869,1308.1835
M24960,medium,Demographic,1915-06-01,1315.9699541,1335.616079479472,1320.5206
M24960,medium,Demographic,1915-07-01,1321.9306544,1335.616079479472,1322.0596
M24960,medium,Demographic,1915-08-01,1296.9172177,1335.616079479472,1342.6897
M24960,medium,Demographic,1915-09-01,1314.6311731,1266.2411468773869,1326.358
M24960,medium,Demographic,1915-10-01,1318.7436683,1335.616079479472,1323.7157
M24960,medium,Demographic,1915-11-01,1311.689559,1335.616079479472,1322.4907
M24960,medium,Demographic,1915-12-01,1318.4013354,1338.332206428893,1322.9581
M24960,medium,Demographic,1916-01-01,1321.6501512,1347.3950809863343,1327.6722
M24960,medium,Demographic,1916-02-01,1336.9828249,1335.616079479472,1341.1622
M24960,medium,Demographic,1916-03-01,1344.6361998,1335.616079479472,1347.5924
M24960,medium,Demographic,1916-04-01,1308.7081787,1392.8608728586162,1379.2728
M24960,medium,Demographic,1916-05-01,1337.7138315,1323.485940256531,1356.127
M24960,medium,Demographic,1916-06-01,1348.7317335,1392.8608728586162,1377.8899
M24960,medium,Demographic,1916-07-01,1364.3184366,1392.8608728586162,1380.693
M24960,medium,Demographic,1916-08-01,1355.2012257,1392.8608728586162,1387.0479
M24960,medium,Demographic,1916-09-01,1352.5126929,1392.8608728586162,1387.0803
M24960,medium,Demographic,1916-10-01,1350.1267192,1392.8608728586162,1387.6907
M24962,medium,Demographic,1915-05-01,5951.61483,5870.7731132958315,5914.3413
M24962,medium,Demographic,1915-06-01,5998.37876,5870.7731132958315,5937.277
M24962,medium,Demographic,1915-07-01,6004.44668,5903.597738917755,5962.7866
M24962,medium,Demographic,1915-08-01,5915.84404,5871.124680867038,5969.971
M24962,medium,Demographic,1915-09-01,5961.71757,5870.7731132958315,5965.7153
M24962,medium,Demographic,1915-10-01,5899.53182,5871.124680867038,5963.9087
M24962,medium,Demographic,1915-11-01,5984.74273,5975.581115729573,5922.9673
M24962,medium,Demographic,1915-12-01,5946.0477,5978.297242678994,5971.109
M24962,medium,Demographic,1916-01-01,5914.5457,5839.284461158847,5930.0356
M24962,medium,Demographic,1916-02-01,5810.77854,5863.268099595835,5952.491
M24962,medium,Demographic,1916-03-01,5915.02722,5821.482012046092,5869.429
M24962,medium,Demographic,1916-04-01,5761.03789,5875.688241753788,5906.5566
M24962,medium,Demographic,1916-05-01,5914.88138,5821.482012046092,5826.051
M24962,medium,Demographic,1916-06-01,5891.07645,5903.597738917755,5915.9077
M24962,medium,Demographic,1916-07-01,5934.81138,5909.910942541107,5893.2705
M24962,medium,Demographic,1916-08-01,5942.25254,5871.124680867038,5932.994
M24962,medium,Demographic,1916-09-01,5923.2228,5898.6826104597985,5945.4756
M24962,medium,Demographic,1916-10-01,5981.22041,5871.124680867038,5938.935
M24981,medium,Demographic,1915-05-01,5968.71583,5912.827449631333,5897.1187
M24981,medium,Demographic,1915-06-01,5959.89527,5968.65180818634,5931.5156
M24981,medium,Demographic,1915-07-01,6011.14544,6011.572934565633,5964.887
M24981,medium,Demographic,1915-08-01,6149.88358,6083.370093586366,6016.1045
M24981,medium,Demographic,1915-09-01,6124.31283,5997.501739541642,6110.455
M24981,medium,Demographic,1915-10-01,6104.61375,6150.811719982832,6111.216
M24981,medium,Demographic,1915-11-01,6623.22539,6239.07328728608,6140.5054
M24981,medium,Demographic,1915-12-01,6416.85176,6326.42792273723,6396.182
M24981,medium,Demographic,1916-01-01,6132.69387,6389.715195782255,6249.619
M24981,medium,Demographic,1916-02-01,6391.79304,6247.452987160092,6212.9814
M24981,medium,Demographic,1916-03-01,6325.70443,6268.348616828375,6331.1997
M24981,medium,Demographic,1916-04-01,6037.34978,6230.322182638001,6300.377
M24981,medium,Demographic,1916-05-01,6146.4631,6124.718801122691,6129.3486
M24981,medium,Demographic,1916-06-01,6149.95837,6161.334715168533,6204.5283
M24981,medium,Demographic,1916-07-01,6028.37007,6150.460152411626,6154.656
M24981,medium,Demographic,1916-08-01,6433.58942,6105.710509673669,6059.001
M24981,medium,Demographic,1916-09-01,6289.11016,6253.454926460981,6282.1455
M24981,medium,Demographic,1916-10-01,6253.7072,6232.616258650866,6274.0537
M25020,medium,Demographic,1915-05-01,6551.32296,6609.223553823929,6474.6475
M25020,medium,Demographic,1915-06-01,6464.41963,6619.906201037963,6555.72
M25020,medium,Demographic,1915-07-01,6508.66214,6537.917932675354,6513.375
M25020,medium,Demographic,1915-08-01,6683.23309,6614.991072580006,6509.517
M25020,medium,Demographic,1915-09-01,6547.29907,6645.242621588178,6667.2246
M25020,medium,Demographic,1915-10-01,6436.27798,6647.8427997683575,6599.8076
M25020,medium,Demographic,1915-11-01,6328.09596,6609.223553823929,6516.107
M25020,medium,Demographic,1915-12-01,6417.90562,6468.354898393981,6430.0806
M25020,medium,Demographic,1916-01-01,6468.91673,6403.749075908491,6293.0635
M25020,medium,Demographic,1916-02-01,6462.0932,6521.469331174739,6420.336
M25020,medium,Demographic,1916-03-01,6658.03889,6481.5623107967185,6488.226
M25020,medium,Demographic,1916-04-01,6796.18775,6621.738726897894,6663.2
M25020,medium,Demographic,1916-05-01,6874.34892,6814.413232196079,6696.833
M25020,medium,Demographic,1916-06-01,6896.67434,6812.682733270921,6807.222
M25020,medium,Demographic,1916-07-01,6746.24249,6836.186627961205,6830.7354
M25020,medium,Demographic,1916-08-01,6738.87822,6718.456510773983,6804.5386
M25020,medium,Demographic,1916-09-01,6693.87496,6696.6831150088565,6774.776
M25020,medium,Demographic,1916-10-01,6818.09181,6668.264091860616,6739.5444
M25088,medium,Demographic,1915-05-01,6282.80495,5980.847811758736,5979.463
M25088,medium,Demographic,1915-06-01,5985.72707,6232.616258650866,6189.5977
M25088,medium,Demographic,1915-07-01,5848.87039,6028.998222194979,6041.8413
M25088,medium,Demographic,1915-08-01,5922.97446,5970.126080975027,5953.6577
M25088,medium,Demographic,1915-09-01,6012.31062,5952.586747023563,5948.4995
M25088,medium,Demographic,1915-10-01,6061.32371,5960.239550761465,5943.2188
M25088,medium,Demographic,1915-11-01,6089.79856,6029.299034502253,6021.5215
M25088,medium,Demographic,1915-12-01,6308.43843,6061.322733781036,6045.7104
M25088,medium,Demographic,1916-01-01,6158.66547,6193.369592580825,6145.0405
M25088,medium,Demographic,1916-02-01,6350.91502,6171.910525284798,6173.439
M25088,medium,Demographic,1916-03-01,6247.08514,6249.804025031125,6301.0073
M25088,medium,Demographic,1916-04-01,6153.58928,6207.325036148761,6268.776
M25088,medium,Demographic,1916-05-01,6118.17581,6230.8260061523715,6236.866
M25088,medium,Demographic,1916-06-01,6169.17208,6161.334715168533,6179.065
M25088,medium,Demographic,1916-07-01,6270.91385,6174.500410526837,6147.589
M25088,medium,Demographic,1916-08-01,6364.18729,6250.097951109853,6247.7456
M25088,medium,Demographic,1916-09-01,6390.3898,6253.454926460981,6310.039
M25088,medium,Demographic,1916-10-01,6345.68202,6369.4452812319805,6349.0015
M25105,medium,Demographic,1915-05-01,6715.575974,6671.346694458642,6698.0522
M25105,medium,Demographic,1915-06-01,6757.069595,6696.6831150088565,6723.4785
M25105,medium,Demographic,1915-07-01,6742.554876,6696.6831150088565,6747.2153
M25105,medium,Demographic,1915-08-01,6695.490639,6691.7679865509,6752.412
M25105,medium,Demographic,1915-09-01,6757.961036,6691.7679865509,6747.5527
M25105,medium,Demographic,1915-10-01,6740.562478,6691.7679865509,6728.697
M25105,medium,Demographic,1915-11-01,6667.435849,6691.7679865509,6747.1616
M25105,medium,Demographic,1915-12-01,6728.219595,6694.484113500321,6748.942
M25105,medium,Demographic,1916-01-01,6693.070168,6648.264122711028,6656.2305
M25105,medium,Demographic,1916-02-01,6666.524229,6664.636737836251,6718.5664
M25105,medium,Demographic,1916-03-01,6715.437875,6691.7679865509,6728.278
M25105,medium,Demographic,1916-04-01,6695.304339,6691.7679865509,6722.4116
M25105,medium,Demographic,1916-05-01,6743.372978,6691.7679865509,6742.6914
M25105,medium,Demographic,1916-06-01,6740.263976,6691.7679865509,6730.6226
M25105,medium,Demographic,1916-07-01,6783.746672,6691.7679865509,6747.523
M25105,medium,Demographic,1916-08-01,6839.41467,6809.498103738122,6761.122
M25105,medium,Demographic,1916-09-01,6832.276274,6831.271499503248,6832.5034
M25105,medium,Demographic,1916-10-01,6773.530373,6831.271499503248,6838.1094
M2512,long_history,Macro,1924-01-01,1550.0,1616.2456165524318,1598.1166
M2512,long_history,Macro,1924-02-01,1590.0,1604.4666150455696,1578.8983
M2512,long_history,Macro,1924-03-01,1590.0,1590.4214414505373,1612.2223
M2512,long_history,Macro,1924-04-01,1580.0,1645.7207176615352,1616.291
M2512,long_history,Macro,1924-05-01,1580.0,1604.4666150455696,1597.3895
M2512,long_history,Macro,1924-06-01,1480.0,1586.6237416418383,1587.9916
M2512,long_history,Macro,1924-07-01,1480.0,1561.0254158491564,1545.9562
M2512,long_history,Macro,1924-08-01,1450.0,1505.7261396381584,1519.1302
M2512,long_history,Macro,1924-09-01,1560.0,1518.6538845839327,1509.4801
M2512,long_history,Macro,1924-10-01,1570.0,1554.0824672925287,1545.6437
M2512,long_history,Macro,1924-11-01,1580.0,1554.0824672925287,1573.9769
M2512,long_history,Macro,1924-12-01,1570.0,1607.1827419949905,1590.8993
M2512,long_history,Macro,1925-01-01,1530.0,1616.2456165524318,1586.4022
M2512,long_history,Macro,1925-02-01,1570.0,1604.4666150455696,1562.5935
M2512,long_history,Macro,1925-03-01,1580.0,1549.1673388345716,1583.4033
M2512,long_history,Macro,1925-04-01,1580.0,1604.4666150455696,1583.6417
M2512,long_history,Macro,1925-05-01,1590.0,1604.4666150455696,1591.0671
M2512,long_history,Macro,1925-06-01,1500.0,1627.8778442578039,1606.7186
M25175,medium,Demographic,1915-05-01,6224.9484964,6145.545023953669,6221.753
M25175,medium,Demographic,1915-06-01,6239.1625421,6230.8260061523715,6248.601
M25175,medium,Demographic,1915-07-01,6251.766186,6213.638239772113,6261.3086
M25175,medium,Demographic,1915-08-01,6236.7117116,6225.910877694415,6270.5713
M25175,medium,Demographic,1915-09-01,6231.2513877,6225.910877694415,6272.3525
M25175,medium,Demographic,1915-10-01,6227.5906298,6225.910877694415,6271.024
M25175,medium,Demographic,1915-11-01,6228.728109,6225.910877694415,6255.5996
M25175,medium,Demographic,1915-12-01,6217.9233607,6228.627004643836,6259.7305
M25175,medium,Demographic,1916-01-01,6232.1978073,6174.795990542778,6191.046
M25175,medium,Demographic,1916-02-01,6262.0623099,6198.779628979766,6237.404
M25175,medium,Demographic,1916-03-01,6322.6314293,6244.8888965731685,6277.84
M25175,medium,Demographic,1916-04-01,6210.654762,6244.8888965731685,6302.3823
M25175,medium,Demographic,1916-05-01,6336.594153,6230.8260061523715,6277.064
M25175,medium,Demographic,1916-06-01,6327.2263698,6249.804025031125,6299.73
M25175,medium,Demographic,1916-07-01,6321.9498041,6249.804025031125,6317.06
M25175,medium,Demographic,1916-08-01,6345.6119313,6244.8888965731685,6351.129
M25175,medium,Demographic,1916-09-01,6319.841199,6244.8888965731685,6362.41
M25175,medium,Demographic,1916-10-01,6327.6705244,6244.8888965731685,6351.63
M25190,medium,Demographic,1915-05-01,6110.15652,6383.24118060376,6277.2363
M25190,medium,Demographic,1915-06-01,5590.9998,6141.558946696681,6187.588
M25190,medium,Demographic,1915-07-01,5695.75569,5840.965606007988,5848.1523
M25190,medium,Demographic,1915-08-01,5598.69929,5878.6047488440145,5819.1646
M25190,medium,Demographic,1915-09-01,5466.35362,5891.572742961105,5714.619
M25190,medium,Demographic,1915-10-01,5584.85554,5616.532295784439,5670.5044
M25190,medium,Demographic,1915-11-01,5715.34671,5635.124054570747,5616.678
M25190,medium,Demographic,1915-12-01,5010.48455,5806.653697930344,5772.6333
M25190,medium,Demographic,1916-01-01,5455.35127,5329.726722531163,5276.711
M25190,medium,Demographic,1916-02-01,5663.50476,5614.251593628431,5557.135
M25190,medium,Demographic,1916-03-01,5050.72087,5873.564010645587,5762.605
M25190,medium,Demographic,1916-04-01,5158.15364,5305.624385829058,5369.4243
M25190,medium,Demographic,1916-05-01,5560.15512,5250.699031071887,5334.5024
M25190,medium,Demographic,1916-06-01,5597.4437,5443.591805050836,5480.384
M25190,medium,Demographic,1916-07-01,5591.13454,5643.690405529037,5535.319
M25190,medium,Demographic,1916-08-01,5391.88825,5548.473792920174,5573.136
M25190,medium,Demographic,1916-09-01,5463.37615,5388.67968196068,5462.6445
M25190,medium,Demographic,1916-10-01,5455.63431,5535.204221391569,5453.169
M25666,medium,Demographic,1923-01-01,13600.0,14528.007487697601,12875.701
M25666,medium,Demographic,1923-02-01,16300.0,13949.032405324462,13877.855
M25666,medium,Demographic,1923-03-01,14400.0,16144.724160744996,13665.176
M25666,medium,Demographic,1923-04-01,9700.0,13969.336495585923,12049.3955
M25666,medium,Demographic,1923-05-01,8400.0,10821.30026630646,8822.729
M25666,medium,Demographic,1923-06-01,6500.0,7651.832368195284,6596.9062
M25666,medium,Demographic,1923-07-01,9200.0,8815.663102376882,9122.048
M25666,medium,Demographic,1923-08-01,7500.0,9194.905849040613,8602.223
M25666,medium,Demographic,1923-09-01,8100.0,8695.816236220257,8546.056
M25666,medium,Demographic,1923-10-01,11700.0,9287.617738707955,10441.861
M25666,medium,Demographic,1923-11-01,14300.0,11796.74809661467,11622.271
M25666,medium,Demographic,1923-12-01,17900.0,14113.80964169543,14475.473
M25666,medium,Demographic,1924-01-01,14200.0,14825.043023614224,13080.666
M25666,medium,Demographic,1924-02-01,17700.0,15060.994940047929,13505.544
M25666,medium,Demographic,1924-03-01,17200.0,16193.460033633335,13879.743
M25666,medium,Demographic,1924-04-01,10400.0,16503.67616946938,14184.992
M25666,medium,Demographic,1924-05-01,7900.0,15726.77077963323,11612.976
M25666,medium,Demographic,1924-06-01,7100.0,8834.493298953534,8158.3564
M25777,medium,Demographic,1914-06-01,5399.29147,5325.195607069024,5321.9365
M25777,medium,Demographic,1914-07-01,5440.81229,5391.947309398441,5387.6724
M25777,medium,Demographic,1914-08-01,5501.438,5391.947309398441,5420.405
M25777,medium,Demographic,1914-09-01,5528.47281,5396.862437856397,5482.838
M25777,medium,Demographic,1914-10-01,5578.18996,5427.6384826918975,5497.903
M25777,medium,Demographic,1914-11-01,5591.58372,5538.623236802966,5532.4062
M25777,medium,Demographic,1914-12-01,5620.26212,5541.339363752387,5544.3457
M25777,medium,Demographic,1915-01-01,5675.62561,5578.996428289327,5535.5215
M25777,medium,Demographic,1915-02-01,5721.82953,5697.700412106463,5624.269
M25777,medium,Demographic,1915-03-01,5760.12671,5724.864598712543,5692.5586
M25777,medium,Demographic,1915-04-01,5801.00591,5719.949470254586,5723.0347
M25777,medium,Demographic,1915-05-01,5823.97129,5719.949470254586,5749.4707
M25777,medium,Demographic,1915-06-01,5865.93105,5719.949470254586,5763.49
M25777,medium,Demographic,1915-07-01,5896.19721,5802.06519712625,5813.6343
M25777,medium,Demographic,1915-08-01,5907.98867,5802.06519712625,5860.6445
M25777,medium,Demographic,1915-09-01,5919.18452,5802.06519712625,5859.6846
M25777,medium,Demographic,1915-10-01,5919.74436,5835.438007165469,5913.0327
M25777,medium,Demographic,1915-11-01,5966.29812,5835.438007165469,5928.5317
M25796,medium,Demographic,1914-06-01,2237.35666,2457.684667238276,2414.9077
M25796,medium,Demographic,1914-07-01,2192.3886,2359.1948410230925,2362.848
M25796,medium,Demographic,1914-08-01,2141.73988,2276.791481843457,2236.857
M25796,medium,Demographic,1914-09-01,2083.66919,2194.0804687802583,2202.527
M25796,medium,Demographic,1914-10-01,2033.6751,2170.1073599617685,2149.093
M25796,medium,Demographic,1914-11-01,1977.09772,2170.1073599617685,2116.574
M25796,medium,Demographic,1914-12-01,1922.59529,2156.0357771248314,2056.7742
M25796,medium,Demographic,1915-01-01,1860.43518,2036.661412173926,2027.1027
M25796,medium,Demographic,1915-02-01,1856.90614,1887.0980841043008,1927.2422
M25796,medium,Demographic,1915-03-01,1873.72382,1864.722781443942,1902.4694
M25796,medium,Demographic,1915-04-01,1877.64525,1949.7226490039382,1898.446
M25796,medium,Demographic,1915-05-01,1890.97994,1967.18282320634,1893.8724
M25796,medium,Demographic,1915-06-01,1905.76536,1967.18282320634,1927.2516
M25796,medium,Demographic,1915-07-01,1912.91982,1967.18282320634,1944.3422
M25796,medium,Demographic,1915-08-01,1902.6893,1967.18282320634,1954.8645
M25796,medium,Demographic,1915-09-01,1918.01581,1967.18282320634,1956.5297
M25796,medium,Demographic,1915-10-01,1941.20494,1929.6281012610286,1953.3513
M25796,medium,Demographic,1915-11-01,1952.97423,2013.133027046463,1951.378
M25822,medium,Demographic,1914-06-01,6629.24844,6457.183843017795,6432.2515
M25822,medium,Demographic,1914-07-01,6686.15723,6500.5799670024035,6503.3906
M25822,medium,Demographic,1914-08-01,6699.48405,6577.356880973297,6636.449
M25822,medium,Demographic,1914-09-01,6734.09983,6600.351249679307,6664.9897
M25822,medium,Demographic,1914-10-01,6802.59732,6572.44175251534,6678.719
M25822,medium,Demographic,1914-11-01,6828.53222,6722.996495324486,6712.186
M25822,medium,Demographic,1914-12-01,6825.92919,6725.08919712209,6809.7764
M25822,medium,Demographic,1915-01-01,6838.5534,6657.095810567671,6756.4077
M25822,medium,Demographic,1915-02-01,6849.1354,6695.24182145802,6799.5205
M25822,medium,Demographic,1915-03-01,6845.22592,6764.846478433671,6832.381
M25822,medium,Demographic,1915-04-01,6788.54693,6807.767604812964,6835.5454
M25822,medium,Demographic,1915-05-01,6768.44467,6831.271499503248,6818.627
M25822,medium,Demographic,1915-06-01,6739.75119,6831.271499503248,6818.2686
M25822,medium,Demographic,1915-07-01,6745.07278,6713.541382316026,6777.688
M25822,medium,Demographic,1915-08-01,6801.93631,6691.7679865509,6757.1147
M25822,medium,Demographic,1915-09-01,6783.2617,6809.498103738122,6764.719
M25822,medium,Demographic,1915-10-01,6762.00332,6831.271499503248,6816.306
M25822,medium,Demographic,1915-11-01,6756.21839,6713.541382316026,6819.472
M2599,medium,Macro,1918-11-01,1496.7,1672.794995827178,1512.716
M2599,medium,Macro,1918-12-01,1497.1,1788.929629388902,1529.8989
M2599,medium,Macro,1919-01-01,1497.9,1673.8358873689128,1510.8185
M2599,medium,Macro,1919-02-01,1498.3,1500.8110111802014,1492.8839
M2599,medium,Macro,1919-03-01,1498.7,1500.8110111802014,1496.777
M2599,medium,Macro,1919-04-01,1498.4,1531.3244654308403,1496.8386
M2599,medium,Macro,1919-05-01,1497.7,1500.8110111802014,1497.5662
M2599,medium,Macro,1919-06-01,1496.9,1500.8110111802014,1497.5662
M2599,medium,Macro,1919-07-01,1496.2,1500.8110111802014,1497.5662
M2599,medium,Macro,1919-08-01,1495.8,1500.8110111802014,1497.7102
M2599,medium,Macro,1919-09-01,1332.3,1500.8110111802014,1497.7102
M2599,medium,Macro,1919-10-01,1288.4,1477.6817378135231,1445.5358
M2599,medium,Macro,1919-11-01,1284.0,1354.9806383693597,1374.8639
M2599,medium,Macro,1919-12-01,1452.9,1295.5368434816794,1338.4373
M2599,medium,Macro,1920-01-01,1471.9,1464.1789743029424,1453.3507
M2599,medium,Macro,1920-02-01,1477.2,1452.3999727960802,1461.7423
M2599,medium,Macro,1920-03-01,1495.0,1500.8110111802014,1489.8882
M2599,medium,Macro,1920-04-01,1494.9,1500.8110111802014,1495.7816
M26060,short,Demographic,1908-03-01,4679.0,4609.742660877036,4547.0327
M26060,short,Demographic,1908-04-01,4655.0,4617.876389569151,4644.7085
M26060,short,Demographic,1908-05-01,4636.0,4612.961261111194,4652.254
M26060,short,Demographic,1908-06-01,4643.0,4612.961261111194,4659.7207
M26060,short,Demographic,1908-07-01,4659.0,4689.637176146279,4657.64
M26060,short,Demographic,1908-08-01,4659.0,4689.637176146279,4657.3438
M26060,short,Demographic,1908-09-01,4680.0,4699.258241017435,4657.58
M26060,short,Demographic,1908-10-01,4756.0,4699.258241017435,4669.3457
M26060,short,Demographic,1908-11-01,4883.0,4704.173369475391,4727.058
M26060,short,Demographic,1908-12-01,5043.0,4872.045536441909,4835.125
M26060,short,Demographic,1909-01-01,5163.0,4988.932333681341,4929.5493
M26060,short,Demographic,1909-02-01,5243.0,5057.733039695636,5066.776
M26060,short,Demographic,1909-03-01,5327.0,5235.248800558814,5167.5645
M26060,short,Demographic,1909-04-01,5421.0,5235.248800558814,5290.3506
M26060,short,Demographic,1909-05-01,5515.0,5404.9961665485125,5382.4624
M26060,short,Demographic,1909-06-01,5592.0,5404.9961665485125,5468.602
M26060,short,Demographic,1909-07-01,5672.0,5469.580893597327,5496.585
M26060,short,Demographic,1909-08-01,5712.0,5623.533937576383,5620.355
M26088,short,Demographic,1908-03-01,2650.0,2987.350209037434,3205.2573
M26088,short,Demographic,1908-04-01,2840.0,2932.517035161043,2928.2275
M26088,short,Demographic,1908-05-01,3210.0,2819.266054675861,2949.4573
M26088,short,Demographic,1908-06-01,3260.0,3238.7595844835405,3179.9438
M26088,short,Demographic,1908-07-01,3490.0,3238.7325198742988,3260.5896
M26088,short,Demographic,1908-08-01,3830.0,3451.7280815924114,3420.0256
M26088,short,Demographic,1908-09-01,4220.0,3643.7792880017896,3735.622
M26088,short,Demographic,1908-10-01,4060.0,4094.6013644101436,4152.509
M26088,short,Demographic,1908-11-01,3870.0,3974.0231629663826,4094.3699
M26088,short,Demographic,1908-12-01,3930.0,3932.7802966524723,3929.558
M26088,short,Demographic,1909-01-01,3840.0,3881.7988458645946,3864.6067
M26088,short,Demographic,1909-02-01,3330.0,3833.182126938604,3849.7537
M26088,short,Demographic,1909-03-01,2910.0,3482.8477696861146,3457.9658
M26088,short,Demographic,1909-04-01,3000.0,3081.9817582974233,3241.7678
M26088,short,Demographic,1909-05-01,3420.0,2971.7599351140975,3112.4585
M26088,short,Demographic,1909-06-01,3230.0,3366.749308451012,3411.4727
M26088,short,Demographic,1909-07-01,3170.0,3305.4765830880456,3340.2485
M26088,short,Demographic,1909-08-01,3430.0,3254.4748802936997,3283.874
M26224,medium,Demographic,1914-06-01,3530.08627,3480.5195650497576,3530.5925
M26224,medium,Demographic,1914-07-01,3518.48786,3480.5195650497576,3532.613
M26224,medium,Demographic,1914-08-01,3498.82262,3480.5195650497576,3532.9778
M26224,medium,Demographic,1914-09-01,3478.15136,3418.053079891343,3530.102
M26224,medium,Demographic,1914-10-01,3456.27238,3418.053079891343,3524.1655
M26224,medium,Demographic,1914-11-01,3424.38016,3418.053079891343,3492.1748
M26224,medium,Demographic,1914-12-01,3414.86881,3420.7692068407637,3469.9143
M26224,medium,Demographic,1915-01-01,3397.42532,3418.053079891343,3407.4333
M26224,medium,Demographic,1915-02-01,3373.10517,3418.053079891343,3398.465
M26224,medium,Demographic,1915-03-01,3361.12803,3376.3357685260307,3391.767
M26224,medium,Demographic,1915-04-01,3375.8268,3376.3357685260307,3365.4072
M26224,medium,Demographic,1915-05-01,3372.05746,3376.3357685260307,3371.658
M26224,medium,Demographic,1915-06-01,3351.85575,3376.3357685260307,3371.7312
M26224,medium,Demographic,1915-07-01,3335.91783,3376.3357685260307,3345.8137
M26224,medium,Demographic,1915-08-01,3340.77546,3349.6816604119517,3339.2666
M26224,medium,Demographic,1915-09-01,3312.62536,3349.6816604119517,3338.373
M26224,medium,Demographic,1915-10-01,3308.49378,3349.6816604119517,3327.2598
M26224,medium,Demographic,1915-11-01,3305.96239,3349.6816604119517,3328.3784
M26246,long_history,Demographic,1927-11-01,2771.803949,2753.8748197188206,2861.9038
M26246,long_history,Demographic,1927-12-01,2825.940952,2718.892769996578,2810.1978
M26246,long_history,Demographic,1928-01-01,2836.456046,3062.7454291402546,2801.489
M26246,long_history,Demographic,1928-02-01,2834.516588,3062.7454291402546,2814.2224
M26246,long_history,Demographic,1928-03-01,2860.917847,3062.7454291402546,2820.7156
M26246,long_history,Demographic,1928-04-01,2813.325224,3090.8392093490447,2847.0774
M26246,long_history,Demographic,1928-05-01,2898.851339,3062.7454291402546,2823.8425
M26246,long_history,Demographic,1928-06-01,2920.81844,3181.2242766169593,2857.0442
M26246,long_history,Demographic,1928-07-01,2957.225569,3181.2242766169593,2866.754
M26246,long_history,Demographic,1928-08-01,2941.374287,3181.2242766169593,2885.2144
M26246,long_history,Demographic,1928-09-01,2903.220635,3181.2242766169593,2881.7603
M26246,long_history,Demographic,1928-10-01,2868.425473,3181.2242766169593,2916.5642
M26246,long_history,Demographic,1928-11-01,2864.712796,3090.8392093490447,2886.5154
M26246,long_history,Demographic,1928-12-01,2896.383119,3090.8392093490447,2884.0833
M26246,long_history,Demographic,1929-01-01,2846.886444,3181.2242766169593,2852.911
M26246,long_history,Demographic,1929-02-01,2871.966441,3062.7454291402546,2865.0835
M26246,long_history,Demographic,1929-03-01,2862.387437,3090.8392093490447,2869.3005
M26246,long_history,Demographic,1929-04-01,2904.767237,3090.8392093490447,2855.0645
M26325,cold_start,Demographic,1904-11-01,4438.64,6508.8234893522795,6462.165
M26325,cold_start,Demographic,1904-12-01,4804.06,8032.790310681113,7746.1294
M26325,cold_start,Demographic,1905-01-01,6968.63,7733.917257232578,5684.026
M26325,cold_start,Demographic,1905-02-01,8647.17,6865.817500479796,6057.801
M26325,cold_start,Demographic,1905-03-01,4804.06,8776.675265223796,8137.9946
M26325,cold_start,Demographic,1905-04-01,4895.47,7335.823583297149,6976.79
M26325,cold_start,Demographic,1905-05-01,4783.18,6308.574153324271,6167.374
M26325,cold_start,Demographic,1905-06-01,4895.47,5595.641138004983,5469.1304
M26325,cold_start,Demographic,1905-07-01,4037.45,5985.731130339735,6143.127
M26325,cold_start,Demographic,1905-08-01,4783.18,4468.656427914116,4913.243
M26325,cold_start,Demographic,1905-09-01,8095.17,4645.109076991637,4825.401
M26325,cold_start,Demographic,1905-10-01,4037.45,6079.523511825268,6576.85
M26325,cold_start,Demographic,1905-11-01,10014.31,4734.264686278877,5069.7344
M26325,cold_start,Demographic,1905-12-01,11454.4,6954.532726731619,7431.1475
M26325,cold_start,Demographic,1906-01-01,10014.31,8382.165292533915,7628.208
M26325,cold_start,Demographic,1906-02-01,6592.62,8419.32594085623,8902.944
M26325,cold_start,Demographic,1906-03-01,11454.4,6552.925927291643,6346.898
M26325,cold_start,Demographic,1906-04-01,12110.9,6937.251778427002,8262.926
M26337,medium,Demographic,1922-04-01,1366.0,1392.8608728586162,1386.7825
M26337,medium,Demographic,1922-05-01,1348.0,1392.8608728586162,1387.3069
M26337,medium,Demographic,1922-06-01,1333.0,1392.8608728586162,1394.059
M26337,medium,Demographic,1922-07-01,1307.0,1392.8608728586162,1382.7611
M26337,medium,Demographic,1922-08-01,1326.0,1323.485940256531,1345.4983
M26337,medium,Demographic,1922-09-01,1337.0,1335.616079479472,1361.8552
M26337,medium,Demographic,1922-10-01,1334.0,1335.616079479472,1360.7671
M26337,medium,Demographic,1922-11-01,1343.0,1392.8608728586162,1380.3618
M26337,medium,Demographic,1922-12-01,1352.0,1395.576999808037,1380.681
M26337,medium,Demographic,1923-01-01,1360.0,1404.6398743654784,1383.4347
M26337,medium,Demographic,1923-02-01,1356.0,1392.8608728586162,1382.0216
M26337,medium,Demographic,1923-03-01,1354.0,1392.8608728586162,1387.3097
M26337,medium,Demographic,1923-04-01,1346.0,1392.8608728586162,1387.785
M26337,medium,Demographic,1923-05-01,1358.0,1392.8608728586162,1381.0624
M26337,medium,Demographic,1923-06-01,1350.0,1392.8608728586162,1386.3612
M26337,medium,Demographic,1923-07-01,1358.0,1392.8608728586162,1385.8152
M26337,medium,Demographic,1923-08-01,1353.0,1392.8608728586162,1386.3374
M26337,medium,Demographic,1923-09-01,1361.0,1392.8608728586162,1386.3374
M26366,medium,Demographic,1919-04-01,5100.0,5457.675485678911,6046.674
M26366,medium,Demographic,1919-05-01,4500.0,5743.984734573396,5881.656
M26366,medium,Demographic,1919-06-01,4800.0,5046.047006041562,5485.7876
M26366,medium,Demographic,1919-07-01,5400.0,4967.150097232361,5082.8804
M26366,medium,Demographic,1919-08-01,6000.0,5547.0110632064325,5616.67
M26366,medium,Demographic,1919-09-01,6800.0,6033.192075139434,6036.94
M26366,medium,Demographic,1919-10-01,6300.0,6797.144330716473,6918.434
M26366,medium,Demographic,1919-11-01,6700.0,7054.980183517385,7000.331
M26366,medium,Demographic,1919-12-01,6800.0,6672.187100608917,6627.851
M26366,medium,Demographic,1920-01-01,7100.0,6745.695644095011,6560.4834
M26366,medium,Demographic,1920-02-01,6600.0,6707.375561306623,6871.4233
M26366,medium,Demographic,1920-03-01,6700.0,6433.831671536082,6629.65
M26366,medium,Demographic,1920-04-01,6300.0,6480.399378707392,6596.4473
M26366,medium,Demographic,1920-05-01,6800.0,6357.806746957111,6398.7812
M26366,medium,Demographic,1920-06-01,5900.0,6600.449297929694,6608.292
M26366,medium,Demographic,1920-07-01,6300.0,6069.479239183838,6193.2627
M26366,medium,Demographic,1920-08-01,5800.0,6275.419446182227,6356.025
M26366,medium,Demographic,1920-09-01,6700.0,6029.859607654028,6095.9536
M26421,medium,Demographic,1922-04-01,2240.0,2262.7030723507023,2234.8892
M26421,medium,Demographic,1922-05-01,2240.0,2262.7030723507023,2235.0994
M26421,medium,Demographic,1922-06-01,2180.0,2262.7030723507023,2237.895
M26421,medium,Demographic,1922-07-01,2180.0,2262.7030723507023,2200.7659
M26421,medium,Demographic,1922-08-01,2220.0,2218.0523420400505,2200.1687
M26421,medium,Demographic,1922-09-01,2230.0,2218.0523420400505,2234.3296
M26421,medium,Demographic,1922-10-01,2220.0,2218.0523420400505,2233.1125
M26421,medium,Demographic,1922-11-01,2240.0,2218.0523420400505,2232.1116
M26421,medium,Demographic,1922-12-01,2240.0,2220.7684689894713,2236.1868
M26421,medium,Demographic,1923-01-01,2200.0,2274.482073857564,2254.9907
M26421,medium,Demographic,1923-02-01,2200.0,2262.7030723507023,2230.154
M26421,medium,Demographic,1923-03-01,2200.0,2262.7030723507023,2233.9265
M26421,medium,Demographic,1923-04-01,2180.0,2316.5420887139844,2203.7737
M26421,medium,Demographic,1923-05-01,2150.0,2218.0523420400505,2200.486
M26421,medium,Demographic,1923-06-01,2160.0,2149.4297384696065,2172.5476
M26421,medium,Demographic,1923-07-01,2150.0,2149.4297384696065,2149.567
M26421,medium,Demographic,1923-08-01,2120.0,2149.4297384696065,2150.9397
M26421,medium,Demographic,1923-09-01,2140.0,2112.4077725010447,2135.8389
M26651,medium,Demographic,1922-01-01,12980.0,12247.409007729077,12657.396
M26651,medium,Demographic,1922-02-01,13250.0,12918.663460685797,12835.0625
M26651,medium,Demographic,1922-03-01,13600.0,13038.379383808313,12908.995
M26651,medium,Demographic,1922-04-01,13380.0,13247.59318106274,13051.227
M26651,medium,Demographic,1922-05-01,13390.0,13363.954599914432,13036.238
M26651,medium,Demographic,1922-06-01,13350.0,13332.459022781935,13045.898
M26651,medium,Demographic,1922-07-01,13340.0,13302.766978824491,13075.625
M26651,medium,Demographic,1922-08-01,13200.0,13010.553329208386,13106.319
M26651,medium,Demographic,1922-09-01,13070.0,13015.468457666342,13115.289
M26651,medium,Demographic,1922-10-01,12960.0,13052.381089873661,13132.068
M26651,medium,Demographic,1922-11-01,12950.0,12790.243779364808,13046.136
M26651,medium,Demographic,1922-12-01,13010.0,13044.35981909678,13072.064
M26651,medium,Demographic,1923-01-01,13180.0,12277.013069590172,12632.374
M26651,medium,Demographic,1923-02-01,13070.0,12731.990649224681,12995.791
M26651,medium,Demographic,1923-03-01,13000.0,13060.920369601625,13034.894
M26651,medium,Demographic,1923-04-01,12940.0,12767.287481960275,13004.852
M26651,medium,Demographic,1923-05-01,12860.0,12571.830255040119,12956.171
M26651,medium,Demographic,1923-06-01,12860.0,12669.622192895802,12931.715
M26652,medium,Demographic,1922-01-01,5160.0,5150.949552996663,5215.0493
M26652,medium,Demographic,1922-02-01,4970.0,5153.380646715699,5193.1294
M26652,medium,Demographic,1922-03-01,4790.0,5037.808570073082,5062.0757
M26652,medium,Demographic,1922-04-01,4610.0,4937.338076016581,4897.6953
M26652,medium,Demographic,1922-05-01,4610.0,4965.706020950552,4750.0996
M26652,medium,Demographic,1922-06-01,4500.0,4765.99471397584,4667.3633
M26652,medium,Demographic,1922-07-01,4610.0,4585.892704414381,4608.421
M26652,medium,Demographic,1922-08-01,4540.0,4765.99471397584,4638.062
M26652,medium,Demographic,1922-09-01,4650.0,4804.131481571763,4647.3374
M26652,medium,Demographic,1922-10-01,4620.0,4722.749739759197,4684.023
M26652,medium,Demographic,1922-11-01,4760.0,4666.441025800513,4695.9453
M26652,medium,Demographic,1922-12-01,4680.0,4795.53146598769,4731.101
M26652,medium,Demographic,1923-01-01,4790.0,4708.3758906318635,4656.23
M26652,medium,Demographic,1923-02-01,4680.0,4774.772717761828,4785.6104
M26652,medium,Demographic,1923-03-01,4770.0,4768.370803020717,4719.247
M26652,medium,Demographic,1923-04-01,4600.0,4768.370803020717,4754.199
M26652,medium,Demographic,1923-05-01,4580.0,4662.608699964834,4654.32
M26652,medium,Demographic,1923-06-01,4520.0,4662.608699964834,4613.2075
M26676,medium,Demographic,1922-01-01,2830.0,2905.004176192691,2873.939
M26676,medium,Demographic,1922-02-01,2670.0,2802.038221900452,2861.1235
M26676,medium,Demographic,1922-03-01,2670.0,2748.827152044323,2774.2603
M26676,medium,Demographic,1922-04-01,2510.0,2748.827152044323,2716.0073
M26676,medium,Demographic,1922-05-01,2330.0,2634.845508850371,2612.7786
M26676,medium,Demographic,1922-06-01,2330.0,2524.75814935202,2518.7102
M26676,medium,Demographic,1922-07-01,2250.0,2465.818395930391,2452.8936
M26676,medium,Demographic,1922-08-01,2200.0,2426.320367501162,2380.3555
M26676,medium,Demographic,1922-09-01,2230.0,2284.925210535572,2340.531
M26676,medium,Demographic,1922-10-01,2340.0,2270.8368010428176,2269.7793
M26676,medium,Demographic,1922-11-01,2320.0,2310.3348294720467,2359.2957
M26676,medium,Demographic,1922-12-01,2170.0,2395.454315601103,2469.385
M26676,medium,Demographic,1923-01-01,2080.0,2208.941510487113,2304.9119
M26676,medium,Demographic,1923-02-01,2110.0,2171.1469123044512,2183.6938
M26676,medium,Demographic,1923-03-01,1940.0,2157.0585028116966,2164.2634
M26676,medium,Demographic,1923-04-01,1900.0,2078.4687054842184,2075.0188
M26676,medium,Demographic,1923-05-01,1840.0,1972.097951664297,2004.9835
M26676,medium,Demographic,1923-06-01,1860.0,1874.0492269542285,1909.6919
M26715,short,Demographic,1907-06-01,997.98052,1034.7792069007892,1006.46387
M26715,short,Demographic,1907-07-01,996.1968513,1034.7792069007892,1010.9889
M26715,short,Demographic,1907-08-01,1011.9762684,1034.7792069007892,1010.0703
M26715,short,Demographic,1907-09-01,1007.3216314,1034.7792069007892,1006.5857
M26715,short,Demographic,1907-10-01,1030.3300656,1034.7792069007892,1006.8537
M26715,short,Demographic,1907-11-01,983.5996232,1048.7396317657156,1056.7253
M26715,short,Demographic,1907-12-01,990.5074863,987.9330699429756,1009.3805
M26715,short,Demographic,1908-01-01,990.4761065,1046.5582084076514,1054.1448
M26715,short,Demographic,1908-02-01,998.1257588,1034.7792069007892,1013.55
M26715,short,Demographic,1908-03-01,1006.595797,1034.7792069007892,1015.4001
M26715,short,Demographic,1908-04-01,1014.9926174,1034.7792069007892,1006.7226
M26715,short,Demographic,1908-05-01,999.1065616,1034.7792069007892,1048.5789
M26715,short,Demographic,1908-06-01,990.2045122,1034.7792069007892,1011.4794
M26715,short,Demographic,1908-07-01,1000.653534,1034.7792069007892,1010.13354
M26715,short,Demographic,1908-08-01,1015.7414101,1034.7792069007892,1006.32715
M26715,short,Demographic,1908-09-01,1005.453474,1034.7792069007892,1049.8624
M26715,short,Demographic,1908-10-01,1015.6601863,1034.7792069007892,1010.91
M26715,short,Demographic,1908-11-01,995.747622,1034.7792069007892,1056.3489
M26718,short,Demographic,1913-06-01,3907.3,4301.939435707882,4320.0483
M26718,short,Demographic,1913-07-01,3897.7,3987.4436536759545,4030.4526
M26718,short,Demographic,1913-08-01,4010.5,3966.251643505719,3940.7324
M26718,short,Demographic,1913-09-01,4327.2,3997.778622855179,4020.1873
M26718,short,Demographic,1913-10-01,4194.29,4221.337264891465,4227.915
M26718,short,Demographic,1913-11-01,3994.4,4242.529275061701,4184.378
M26718,short,Demographic,1913-12-01,4104.14,4065.3883504428695,4126.5874
M26718,short,Demographic,1914-01-01,4252.61,4113.438343583588,4092.3188
M26718,short,Demographic,1914-02-01,4794.52,4224.638526290635,4216.8154
M26718,short,Demographic,1914-03-01,4987.02,4679.581835484535,4503.9116
M26718,short,Demographic,1914-04-01,4310.36,4728.456060912077,4864.3965
M26718,short,Demographic,1914-05-01,4305.15,4331.731385483,4591.573
M26718,short,Demographic,1914-06-01,4391.82,4331.867340690795,4405.865
M26718,short,Demographic,1914-07-01,4779.63,4355.857031250756,4380.0664
M26718,short,Demographic,1914-08-01,3833.58,4617.876389569151,4599.89
M26718,short,Demographic,1914-09-01,4527.68,4075.2755274980473,4123.604
M26718,short,Demographic,1914-10-01,4250.22,4534.235433131251,4505.3013
M26718,short,Demographic,1914-11-01,4415.94,4242.529275061701,4322.4004
M27141,short,Industry,1912-08-01,3103.0,2905.004176192691,2957.0815
M27141,short,Industry,1912-09-01,3355.0,3125.8275076624386,3094.164
M27141,short,Industry,1912-10-01,3036.0,3279.6406816735503,3245.334
M27141,short,Industry,1912-11-01,3017.0,3154.456097048977,3126.435
M27141,short,Industry,1912-12-01,2955.0,3175.0433071009293,3036.758
M27141,short,Industry,1913-01-01,2891.0,2900.0890477347343,2962.5583
M27141,short,Industry,1913-02-01,3005.0,2905.004176192691,2920.1118
M27141,short,Industry,1913-03-01,3150.0,3077.5621838239817,2971.2864
M27141,short,Industry,1913-04-01,3076.0,3077.5621838239817,3102.031
M27141,short,Industry,1913-05-01,3027.0,3077.5621838239817,3091.1687
M27141,short,Industry,1913-06-01,2889.0,3102.8002377662765,3083.9944
M27141,short,Industry,1913-07-01,2469.0,2926.018352282054,2965.2605
M27141,short,Industry,1913-08-01,2004.0,2731.892683545221,2681.5786
M27141,short,Industry,1913-09-01,2007.0,2541.312815168294,2366.4846
M27141,short,Industry,1913-10-01,1953.0,2426.6088530178354,2263.2751
M27141,short,Industry,1913-11-01,1899.0,2191.0329455112196,2300.0273
M27141,short,Industry,1913-12-01,1804.0,2045.687749992005,2041.0206
M27141,short,Industry,1914-01-01,1823.0,1961.6170282973355,1980.811
M27387,long_history,Industry,1931-02-01,1661.0,1960.2575290712614,1664.0936
M27387,long_history,Industry,1931-03-01,1662.0,2013.6012235423827,1669.9907
M27387,long_history,Industry,1931-04-01,1662.0,2157.004224820501,1666.081
M27387,long_history,Industry,1931-05-01,1663.0,2157.004224820501,1668.5062
M27387,long_history,Industry,1931-06-01,1660.0,2157.004224820501,1666.3147
M27387,long_history,Industry,1931-07-01,1666.0,2103.6605303493798,1689.5387
M27387,long_history,Industry,1931-08-01,1661.0,2157.004224820501,1701.6139
M27387,long_history,Industry,1931-09-01,1665.0,2157.004224820501,1710.3466
M27387,long_history,Industry,1931-10-01,1669.0,2157.004224820501,1708.6632
M27387,long_history,Industry,1931-11-01,1663.0,2013.6012235423827,1709.0867
M27387,long_history,Industry,1931-12-01,1669.0,2013.6012235423827,1721.4427
M27387,long_history,Industry,1932-01-01,1677.0,2032.74132152726,1670.8711
M27387,long_history,Industry,1932-02-01,1689.0,2013.6012235423827,1679.9838
M27387,long_history,Industry,1932-03-01,1690.0,2013.6012235423827,1687.1956
M27387,long_history,Industry,1932-04-01,1683.0,2013.6012235423827,1689.5746
M27387,long_history,Industry,1932-05-01,1699.0,2013.6012235423827,1691.3351
M27387,long_history,Industry,1932-06-01,1686.0,2013.6012235423827,1693.4175
M27387,long_history,Industry,1932-07-01,1685.0,2013.6012235423827,1692.1992
M27427,medium,Industry,1919-02-01,1207.0,1237.7111822028273,1219.6409
M27427,medium,Industry,1919-03-01,1207.0,1237.7111822028273,1235.2167
M27427,medium,Industry,1919-04-01,1206.0,1237.7111822028273,1224.7068
M27427,medium,Industry,1919-05-01,1218.0,1237.7111822028273,1225.8928
M27427,medium,Industry,1919-06-01,1219.0,1237.7111822028273,1233.6447
M27427,medium,Industry,1919-07-01,1217.0,1237.7111822028273,1234.4595
M27427,medium,Industry,1919-08-01,1221.0,1237.7111822028273,1234.8896
M27427,medium,Industry,1919-09-01,1221.0,1237.7111822028273,1234.8896
M27427,medium,Industry,1919-10-01,1223.0,1237.7111822028273,1234.4595
M27427,medium,Industry,1919-11-01,1224.0,1237.7111822028273,1240.3723
M27427,medium,Industry,1919-12-01,1222.0,1353.8458157645514,1245.2445
M27427,medium,Industry,1920-01-01,1222.0,1249.4901837096895,1237.7594
M27427,medium,Industry,1920-02-01,1225.0,1237.7111822028273,1247.6588
M27427,medium,Industry,1920-03-01,1226.0,1237.7111822028273,1267.2784
M27427,medium,Industry,1920-04-01,1225.0,1237.7111822028273,1245.2815
M27427,medium,Industry,1920-05-01,1219.0,1237.7111822028273,1245.5691
M27427,medium,Industry,1920-06-01,1218.0,1237.7111822028273,1241.2992
M27427,medium,Industry,1920-07-01,1208.0,1237.7111822028273,1240.9272
M2743,cold_start,Macro,1904-05-01,1287.3,1179.060120800757,1183.1593
M2743,cold_start,Macro,1904-06-01,1368.1,1219.7234449012685,1235.3202
M2743,cold_start,Macro,1904-07-01,1424.6,1289.0983775033537,1319.1877
M2743,cold_start,Macro,1904-08-01,1449.5,1361.910023949565,1368.0221
M2743,cold_start,Macro,1904-09-01,1478.6,1385.0392973162432,1422.0775
M2743,cold_start,Macro,1904-10-01,1442.2,1438.3654641583214,1464.9052
M2743,cold_start,Macro,1904-11-01,1523.5,1458.518992169326,1442.7255
M2743,cold_start,Macro,1904-12-01,1575.6,1491.748573369386,1503.5055
M2743,cold_start,Macro,1905-01-01,1606.4,1521.4390257407879,1535.8896
M2743,cold_start,Macro,1905-02-01,1603.8,1585.5858252469286,1607.419
M2743,cold_start,Macro,1905-03-01,1726.1,1585.5858252469286,1596.2976
M2743,cold_start,Macro,1905-04-01,1785.9,1643.8446481760068,1656.3121
M2743,cold_start,Macro,1905-05-01,1941.5,1737.9465905269049,1709.4923
M2743,cold_start,Macro,1905-06-01,2067.7,1938.93709924986,1859.5148
M2743,cold_start,Macro,1905-07-01,2199.3,1991.1105717992493,1972.0016
M2743,cold_start,Macro,1905-08-01,2181.1,2176.0512456895203,2107.4512
M2743,cold_start,Macro,1905-09-01,2108.4,2158.475164847525,2132.6904
M2743,cold_start,Macro,1905-10-01,2021.4,2047.9154668505623,2084.27
M27462,cold_start,Industry,1905-02-01,1095.0,1134.8144149018203,1123.3217
M27462,cold_start,Industry,1905-03-01,1104.0,1134.8144149018203,1128.3342
M27462,cold_start,Industry,1905-04-01,1111.0,1134.8144149018203,1115.9493
M27462,cold_start,Industry,1905-05-01,1111.0,1134.8144149018203,1121.3903
M27462,cold_start,Industry,1905-06-01,1096.0,1134.8144149018203,1131.6107
M27462,cold_start,Industry,1905-07-01,1111.0,1134.8144149018203,1129.8568
M27462,cold_start,Industry,1905-08-01,1115.0,1134.8144149018203,1130.6816
M27462,cold_start,Industry,1905-09-01,1103.0,1134.8144149018203,1130.9592
M27462,cold_start,Industry,1905-10-01,1126.0,1134.8144149018203,1133.9943
M27462,cold_start,Industry,1905-11-01,1113.0,1134.8144149018203,1136.4036
M27462,cold_start,Industry,1905-12-01,1214.0,1137.5305418512412,1134.9987
M27462,cold_start,Industry,1906-01-01,1209.0,1231.5024464081307,1196.5182
M27462,cold_start,Industry,1906-02-01,1161.0,1219.7234449012685,1218.6208
M27462,cold_start,Industry,1906-03-01,1109.0,1134.8144149018203,1177.1931
M27462,cold_start,Industry,1906-04-01,1129.0,1134.8144149018203,1154.1642
M27462,cold_start,Industry,1906-05-01,1184.0,1134.8144149018203,1140.8964
M27462,cold_start,Industry,1906-06-01,1219.0,1179.060120800757,1185.5071
M27462,cold_start,Industry,1906-07-01,1416.0,1214.8083164433115,1221.0254
M2757,cold_start,Macro,1904-05-01,1030.0,1134.8144149018203,1138.1697
M2757,cold_start,Macro,1904-06-01,1030.0,1109.436137765804,1107.1418
M2757,cold_start,Macro,1904-07-01,1030.0,1053.6547602236726,1067.11
M2757,cold_start,Macro,1904-08-01,1020.0,1048.7396317657156,1059.7626
M2757,cold_start,Macro,1904-09-01,1040.0,1048.7396317657156,1060.5354
M2757,cold_start,Macro,1904-10-01,1060.0,1079.033037359689,1063.2195
M2757,cold_start,Macro,1904-11-01,1040.0,1079.033037359689,1080.6296
M2757,cold_start,Macro,1904-12-01,1030.0,1081.7491643091098,1064.9023
M2757,cold_start,Macro,1905-01-01,1050.0,1060.5186332725777,1077.4719
M2757,cold_start,Macro,1905-02-01,1010.0,1086.2234537632012,1086.5099
M2757,cold_start,Macro,1905-03-01,960.0,1041.9696233043014,1034.782
M2757,cold_start,Macro,1905-04-01,1130.0,992.407359397067,1005.0415
M2757,cold_start,Macro,1905-05-01,1170.0,1083.948165817646,1089.6189
M2757,cold_start,Macro,1905-06-01,1160.0,1139.7295433597774,1140.3604
M2757,cold_start,Macro,1905-07-01,1160.0,1134.8144149018203,1159.6467
M2757,cold_start,Macro,1905-08-01,1110.0,1134.8144149018203,1161.9391
M2757,cold_start,Macro,1905-09-01,1090.0,1134.8144149018203,1137.2876
M2757,cold_start,Macro,1905-10-01,1080.0,1134.8144149018203,1131.4028
M27570,short,Industry,1912-02-01,3002.0,3149.5409685910204,3153.944
M27570,short,Industry,1912-03-01,2975.0,3118.3131309507417,3049.7334
M27570,short,Industry,1912-04-01,2971.0,2945.755123319451,3008.4358
M27570,short,Industry,1912-05-01,2894.0,2915.6019409191995,2986.228
M27570,short,Industry,1912-06-01,2868.0,2915.6019409191995,2933.2258
M27570,short,Industry,1912-07-01,2835.0,2830.1320021092415,2885.483
M27570,short,Industry,1912-08-01,2836.0,2797.1230934424952,2847.156
M27570,short,Industry,1912-09-01,2836.0,2797.1230934424952,2832.1885
M27570,short,Industry,1912-10-01,2838.0,2850.9621098057773,2829.6343
M27570,short,Industry,1912-11-01,2820.0,2850.9621098057773,2825.4978
M27570,short,Industry,1912-12-01,2822.0,2799.839220391916,2915.643
M27570,short,Industry,1913-01-01,2820.0,2781.61020025803,2820.93
M27570,short,Industry,1913-02-01,2750.0,2835.449216621312,2824.41
M27570,short,Industry,1913-03-01,2734.0,2743.9120235863666,2805.3696
M27570,short,Industry,1913-04-01,2722.0,2743.9120235863666,2792.5552
M27570,short,Industry,1913-05-01,2704.0,2743.9120235863666,2773.4053
M27570,short,Industry,1913-06-01,2699.0,2743.9120235863666,2703.9695
M27570,short,Industry,1913-07-01,2677.0,2743.9120235863666,2702.797
M2760,cold_start,Macro,1904-05-01,5281.97,5081.875469655628,5149.724
M2760,cold_start,Macro,1904-06-01,5347.04,5205.562527148746,5202.5337
M2760,cold_start,Macro,1904-07-01,5456.03,5227.115071866699,5315.627
M2760,cold_start,Macro,1904-08-01,5499.17,5432.553611149854,5402.542
M2760,cold_start,Macro,1904-09-01,5615.36,5432.553611149854,5424.4785
M2760,cold_start,Macro,1904-10-01,5672.05,5569.000181822014,5502.1143
M2760,cold_start,Macro,1904-11-01,5738.62,5623.533937576383,5636.139
M2760,cold_start,Macro,1904-12-01,5851.78,5720.970409905952,5697.7974
M2760,cold_start,Macro,1905-01-01,5885.12,5768.88135769121,5729.903
M2760,cold_start,Macro,1905-02-01,5929.59,5792.864996128198,5791.563
M2760,cold_start,Macro,1905-03-01,6066.84,5795.454881370238,5837.1455
M2760,cold_start,Macro,1905-04-01,6117.37,5877.082297306884,5953.0537
M2760,cold_start,Macro,1905-05-01,6331.95,5921.831940044842,6038.3135
M2760,cold_start,Macro,1905-06-01,6442.75,6161.614266468419,6222.722
M2760,cold_start,Macro,1905-07-01,6602.04,6215.825744317754,6290.1143
M2760,cold_start,Macro,1905-08-01,6548.2,6393.587672152259,6467.1777
M2760,cold_start,Macro,1905-09-01,6496.42,6552.020460423082,6538.36
M2760,cold_start,Macro,1905-10-01,6312.04,6552.020460423082,6510.181
M27710,cold_start,Industry,1905-02-01,1233.0,1295.0967368689228,1341.0496
M27710,cold_start,Industry,1905-03-01,1246.0,1282.1336252614303,1299.9586
M27710,cold_start,Industry,1905-04-01,1313.0,1282.1336252614303,1290.8406
M27710,cold_start,Industry,1905-05-01,1391.0,1333.6656844597842,1288.8711
M27710,cold_start,Industry,1905-06-01,1405.0,1338.5808129177412,1367.5033
M27710,cold_start,Industry,1905-07-01,1353.0,1406.4773309059954,1379.2823
M27710,cold_start,Industry,1905-08-01,1296.0,1379.8977612511237,1371.0609
M27710,cold_start,Industry,1905-09-01,1279.0,1315.4379571069956,1344.7928
M27710,cold_start,Industry,1905-10-01,1324.0,1266.2411468773869,1312.3687
M27710,cold_start,Industry,1905-11-01,1360.0,1335.616079479472,1342.6711
M27710,cold_start,Industry,1905-12-01,1360.0,1338.332206428893,1358.3405
M27710,cold_start,Industry,1906-01-01,1370.0,1404.6398743654784,1366.2692
M27710,cold_start,Industry,1906-02-01,1319.0,1392.8608728586162,1380.0729
M27710,cold_start,Industry,1906-03-01,1272.0,1392.8608728586162,1354.2388
M27710,cold_start,Industry,1906-04-01,1240.0,1266.2411468773869,1331.6656
M27710,cold_start,Industry,1906-05-01,1222.0,1266.2411468773869,1306.8766
M27710,cold_start,Industry,1906-06-01,1226.0,1266.2411468773869,1268.0687
M27710,cold_start,Industry,1906-07-01,1201.0,1250.6742938103198,1264.7073
M27829,medium,Industry,1919-01-01,5440.0,5090.437052875958,5172.1494
M27829,medium,Industry,1919-02-01,4650.0,5322.859775518043,5309.3535
M27829,medium,Industry,1919-03-01,5900.0,4836.7528223381405,4861.745
M27829,medium,Industry,1919-04-01,5330.0,5630.186559559263,5538.251
M27829,medium,Industry,1919-05-01,6450.0,5481.845134644379,5439.1924
M27829,medium,Industry,1919-06-01,6700.0,6192.750357009054,5900.7417
M27829,medium,Industry,1919-07-01,6430.0,6142.57629126032,6297.711
M27829,medium,Industry,1919-08-01,7090.0,6282.924692771008,6289.788
M27829,medium,Industry,1919-09-01,6340.0,6648.176951247039,6720.9805
M27829,medium,Industry,1919-10-01,7180.0,6399.869554017094,6395.51
M27829,medium,Industry,1919-11-01,7280.0,6693.243195200448,6846.5596
M27829,medium,Industry,1919-12-01,7330.0,6940.063684908046,6971.8926
M27829,medium,Industry,1920-01-01,8200.0,6995.846742180098,7025.322
M27829,medium,Industry,1920-02-01,8270.0,7880.846612518766,7531.71
M27829,medium,Industry,1920-03-01,9330.0,7817.452112970509,7978.49
M27829,medium,Industry,1920-04-01,9800.0,8762.491674049394,8826.036
M27829,medium,Industry,1920-05-01,9920.0,9150.193628403742,9377.962
M27829,medium,Industry,1920-06-01,10060.0,9544.49283379,9515.096
M27843,medium,Industry,1920-10-01,5686.0,5273.059017744444,5089.627
M27843,medium,Industry,1920-11-01,5710.0,5525.113020965825,5497.7456
M27843,medium,Industry,1920-12-01,5900.0,5534.637648185071,5582.648
M27843,medium,Industry,1921-01-01,6002.0,5843.385317758674,5715.073
M27843,medium,Industry,1921-02-01,5703.0,5785.35446301962,5801.4004
M27843,medium,Industry,1921-03-01,6437.0,5710.743749847953,5669.815
M27843,medium,Industry,1921-04-01,5322.0,6134.962932112861,6157.1123
M27843,medium,Industry,1921-05-01,6031.0,5414.071029171117,5539.4746
M27843,medium,Industry,1921-06-01,5914.0,5901.1520074554865,5840.0845
M27843,medium,Industry,1921-07-01,6090.0,5807.2519535965375,5765.098
M27843,medium,Industry,1921-08-01,6378.0,5877.082297306884,5997.5557
M27843,medium,Industry,1921-09-01,6371.0,6275.953221752232,6173.7207
M27843,medium,Industry,1921-10-01,7116.0,6251.5124180193225,6278.326
M27843,medium,Industry,1921-11-01,6869.0,6748.315956513086,6805.1216
M27843,medium,Industry,1921-12-01,7097.0,6728.767482651902,6784.3345
M27843,medium,Industry,1922-01-01,7661.0,6784.1366919590755,6891.001
M27843,medium,Industry,1922-02-01,7038.0,7423.544875165852,7352.236
M27843,medium,Industry,1922-03-01,7745.0,7025.622654249834,7135.735
M27897,short,Industry,1910-01-01,2101.0,2386.41664451635,2339.934
M27897,short,Industry,1910-02-01,2381.0,2161.973631269653,2180.0454
M27897,short,Industry,1910-03-01,2482.0,2311.3743818147295,2352.799
M27897,short,Industry,1910-04-01,2363.0,2497.6256562150643,2458.9326
M27897,short,Industry,1910-05-01,2362.0,2393.777740994365,2387.04
M27897,short,Industry,1910-06-01,2705.0,2393.777740994365,2389.782
M27897,short,Industry,1910-07-01,2201.0,2584.8692581621904,2556.252
M27897,short,Industry,1910-08-01,2421.0,2368.6473455428736,2365.5374
M27897,short,Industry,1910-09-01,2638.0,2398.0303535791772,2440.085
M27897,short,Industry,1910-10-01,2470.0,2525.893610825692,2543.2441
M27897,short,Industry,1910-11-01,2368.0,2570.705863493773,2498.0183
M27897,short,Industry,1910-12-01,2430.0,2460.4007941876966,2456.7063
M27897,short,Industry,1911-01-01,2309.0,2386.41664451635,2430.788
M27897,short,Industry,1911-02-01,2642.0,2393.777740994365,2381.621
M27897,short,Industry,1911-03-01,2648.0,2594.7212055195887,2545.7515
M27897,short,Industry,1911-04-01,2466.0,2594.7212055195887,2604.9526
M27897,short,Industry,1911-05-01,2522.0,2570.705863493773,2531.6865
M27897,short,Industry,1911-06-01,2720.0,2570.705863493773,2552.0771
M28099,medium,Industry,1914-02-01,10080.0,10022.169817418175,9924.035
M28099,medium,Industry,1914-03-01,10070.0,10022.169817418175,9973.488
M28099,medium,Industry,1914-04-01,10160.0,9957.787657587596,10017.4375
M28099,medium,Industry,1914-05-01,10040.0,10106.7561763405,10099.311
M28099,medium,Industry,1914-06-01,10160.0,10008.122486808563,10042.789
M28099,medium,Industry,1914-07-01,10180.0,10138.073401597465,10113.228
M28099,medium,Industry,1914-08-01,10280.0,10183.493102360475,10143.911
M28099,medium,Industry,1914-09-01,10220.0,10226.84041721457,10240.368
M28099,medium,Industry,1914-10-01,10300.0,10232.638564431008,10197.176
M28099,medium,Industry,1914-11-01,10150.0,10221.925288756613,10247.039
M28099,medium,Industry,1914-12-01,10020.0,10174.809301357793,10197.275
M28099,medium,Industry,1915-01-01,10120.0,10233.017618228572,9964.971
M28099,medium,Industry,1915-02-01,10210.0,10048.571914217184,10051.147
M28099,medium,Industry,1915-03-01,9950.0,10181.42071645156,10140.633
M28099,medium,Industry,1915-04-01,9840.0,10093.991614980194,10068.675
M28099,medium,Industry,1915-05-01,10000.0,9884.778449797648,9892.822
M28099,medium,Industry,1915-06-01,10050.0,10034.480580198106,9973.631
M28099,medium,Industry,1915-07-01,10010.0,10048.571914217184,9993.516
M28181,short,Industry,1913-02-01,9555.0,9563.164339331624,9449.9
M28181,short,Industry,1913-03-01,9560.0,9690.325530397682,9580.026
M28181,short,Industry,1913-04-01,9638.0,9645.034218413746,9612.215
M28181,short,Industry,1913-05-01,9663.0,9706.264241810537,9618.8545
M28181,short,Industry,1913-06-01,9640.0,9665.888058284558,9643.731
M28181,short,Industry,1913-07-01,9621.0,9660.972929826601,9643.617
M28181,short,Industry,1913-08-01,9699.0,9706.264241810537,9651.018
M28181,short,Industry,1913-09-01,9734.0,9706.264241810537,9652.421
M28181,short,Industry,1913-10-01,9755.0,9711.179370268494,9702.79
M28181,short,Industry,1913-11-01,9825.0,9706.264241810537,9712.706
M28181,short,Industry,1913-12-01,9819.0,9707.647844445246,9751.431
M28181,short,Industry,1914-01-01,9671.0,9505.383413309402,9646.949
M28181,short,Industry,1914-02-01,9791.0,9711.179370268494,9686.967
M28181,short,Industry,1914-03-01,9819.0,9731.96004958028,9743.074
M28181,short,Industry,1914-04-01,9909.0,9791.427080952903,9767.939
M28181,short,Industry,1914-05-01,9966.0,9916.300039092723,9890.773
M28181,short,Industry,1914-06-01,9996.0,10008.078483399097,9909.586
M28181,short,Industry,1914-07-01,10015.0,9996.474009648431,9929.125
M2839,short,Macro,1912-01-01,1416.1,1535.348014548752,1496.717
M2839,short,Macro,1912-02-01,1292.1,1442.1984443751762,1448.7537
M2839,short,Macro,1912-03-01,1353.7,1372.823511773091,1388.4891
M2839,short,Macro,1912-04-01,1424.7,1442.1984443751762,1397.3928
M2839,short,Macro,1912-05-01,1371.4,1424.3555709714449,1402.7587
M2839,short,Macro,1912-06-01,1362.8,1437.2833159172192,1402.7386
M2839,short,Macro,1912-07-01,1417.5,1437.2833159172192,1401.7255
M2839,short,Macro,1912-08-01,1456.4,1419.4404425134878,1408.453
M2839,short,Macro,1912-09-01,1419.2,1465.3277177418545,1463.0164
M2839,short,Macro,1912-10-01,1464.3,1472.766609355566,1449.3618
M2839,short,Macro,1912-11-01,1483.6,1474.2314415253297,1465.761
M2839,short,Macro,1912-12-01,1573.5,1503.5271381296222,1497.8805
M2839,short,Macro,1913-01-01,1442.6,1521.4390257407879,1531.5253
M2839,short,Macro,1913-02-01,1525.0,1534.4458461942847,1475.8715
M2839,short,Macro,1913-03-01,1525.8,1509.6600242339257,1513.51
M2839,short,Macro,1913-04-01,1578.6,1531.3244654308403,1517.1704
M2839,short,Macro,1913-05-01,1475.3,1504.7448957759686,1555.3809
M2839,short,Macro,1913-06-01,1637.5,1534.4458461942847,1518.0452
M28664,medium,Industry,1918-01-01,936.8,1146.5934164086825,1102.9471
M28664,medium,Industry,1918-02-01,906.1,976.6303695044821,1017.2732
M28664,medium,Industry,1918-03-01,1066.1,990.1320714515117,997.48553
M28664,medium,Industry,1918-04-01,1073.2,1083.948165817646,1057.2229
M28664,medium,Industry,1918-05-01,1075.2,1083.948165817646,1083.3479
M28664,medium,Industry,1918-06-01,1067.8,1079.033037359689,1086.3726
M28664,medium,Industry,1918-07-01,955.2,1079.033037359689,1082.0621
M28664,medium,Industry,1918-08-01,914.8,976.6303695044821,1002.2286
M28664,medium,Industry,1918-09-01,1040.2,990.1320714515117,983.89526
M28664,medium,Industry,1918-10-01,1070.4,1083.948165817646,1038.2081
M28664,medium,Industry,1918-11-01,1075.5,1083.948165817646,1075.751
M28664,medium,Industry,1918-12-01,1059.0,1081.7491643091098,1084.114
M28664,medium,Industry,1919-01-01,918.5,1077.3103369195214,1085.6046
M28664,medium,Industry,1919-02-01,884.9,976.6303695044821,1021.6301
M28664,medium,Industry,1919-03-01,1042.3,990.1320714515117,994.7846
M28664,medium,Industry,1919-04-01,1048.5,1083.948165817646,1036.0375
M28664,medium,Industry,1919-05-01,1050.2,1083.948165817646,1060.2188
M28664,medium,Industry,1919-06-01,1034.8,1079.033037359689,1079.2787
M28787,medium,Industry,1918-01-01,1035.0,1090.8120388665511,1080.1145
M28787,medium,Industry,1918-02-01,1045.6,1048.7396317657156,1072.3303
M28787,medium,Industry,1918-03-01,1037.1,1079.033037359689,1070.8514
M28787,medium,Industry,1918-04-01,1029.7,1079.033037359689,1062.2451
M28787,medium,Industry,1918-05-01,1036.7,1048.7396317657156,1059.8834
M28787,medium,Industry,1918-06-01,1028.2,1048.7396317657156,1060.625
M28787,medium,Industry,1918-07-01,1020.7,1048.7396317657156,1057.2473
M28787,medium,Industry,1918-08-01,1017.3,1048.7396317657156,1057.5952
M28787,medium,Industry,1918-09-01,1005.2,1034.7792069007892,1057.1335
M28787,medium,Industry,1918-10-01,1009.5,1034.7792069007892,1014.1513
M28787,medium,Industry,1918-11-01,1016.1,1034.7792069007892,1013.46387
M28787,medium,Industry,1918-12-01,1008.4,1037.49533385021,1056.3348
M28787,medium,Industry,1919-01-01,994.6,1046.5582084076514,1047.7
M28787,medium,Industry,1919-02-01,1007.6,1034.7792069007892,1017.67694
M28787,medium,Industry,1919-03-01,1005.7,1034.7792069007892,1020.57684
M28787,medium,Industry,1919-04-01,1014.6,1034.7792069007892,1006.98724
M28787,medium,Industry,1919-05-01,1017.0,1034.7792069007892,1053.8125
M28787,medium,Industry,1919-06-01,997.4,1034.7792069007892,1057.9882
M28858,medium,Industry,1918-01-01,996.0,1046.5582084076514,1165.2109
M28858,medium,Industry,1918-02-01,1008.0,1034.7792069007892,1023.03186
M28858,medium,Industry,1918-03-01,1015.0,1034.7792069007892,1020.57556
M28858,medium,Industry,1918-04-01,1013.0,1034.7792069007892,1049.6348
M28858,medium,Industry,1918-05-01,1015.0,1034.7792069007892,1014.555
M28858,medium,Industry,1918-06-01,1015.0,1034.7792069007892,1056.4757
M28858,medium,Industry,1918-07-01,997.0,1034.7792069007892,1057.4569
M28858,medium,Industry,1918-08-01,1005.0,1034.7792069007892,1011.8074
M28858,medium,Industry,1918-09-01,1013.0,1034.7792069007892,1010.31323
M28858,medium,Industry,1918-10-01,1013.0,1034.7792069007892,1006.98724
M28858,medium,Industry,1918-11-01,1012.0,1034.7792069007892,1013.8279
M28858,medium,Industry,1918-12-01,1011.0,1150.9138404625132,1013.94916
M28858,medium,Industry,1919-01-01,995.0,1046.5582084076514,1084.9012
M28858,medium,Industry,1919-02-01,1001.0,1034.7792069007892,1018.754
M28858,medium,Industry,1919-03-01,1004.0,1034.7792069007892,1020.6522
M28858,medium,Industry,1919-04-01,1002.0,1034.7792069007892,1006.98724
M28858,medium,Industry,1919-05-01,1002.0,1034.7792069007892,1011.0171
M28858,medium,Industry,1919-06-01,1000.0,1034.7792069007892,1011.0171
M28963,medium,Industry,1918-01-01,11612.0,11344.963442258733,11554.879
M28963,medium,Industry,1918-02-01,11611.0,11738.305520112819,11683.515
M28963,medium,Industry,1918-03-01,11562.0,11792.049072830838,11701.784
M28963,medium,Industry,1918-04-01,11609.0,11820.510752354327,11683.301
M28963,medium,Industry,1918-05-01,11626.0,11820.510752354327,11685.413
M28963,medium,Industry,1918-06-01,11693.0,11820.510752354327,11681.058
M28963,medium,Industry,1918-07-01,11731.0,11800.675524521497,11669.242
M28963,medium,Industry,1918-08-01,11602.0,11814.68953577978,11669.634
M28963,medium,Industry,1918-09-01,11581.0,11814.68953577978,11682.084
M28963,medium,Industry,1918-10-01,11302.0,11805.590652979454,11739.163
M28963,medium,Industry,1918-11-01,10994.0,11526.180771442023,11377.595
M28963,medium,Industry,1918-12-01,10319.0,11299.4033725246,11328.235
M28963,medium,Industry,1919-01-01,9627.0,10590.874207844487,10213.331
M28963,medium,Industry,1919-02-01,9898.0,10174.121199745028,10082.402
M28963,medium,Industry,1919-03-01,10277.0,10329.095157931011,10208.675
M28963,medium,Industry,1919-04-01,10365.0,10499.647667878533,10309.285
M28963,medium,Industry,1919-05-01,10596.0,10734.987221215155,10423.516
M28963,medium,Industry,1919-06-01,10589.0,10991.748302985474,10709.3955
M29167,long_history,Industry,1924-01-01,8950.0,9103.560586654508,8917.44
M29167,long_history,Industry,1924-02-01,9010.0,8976.535325220433,8947.091
M29167,long_history,Industry,1924-03-01,9020.0,9119.260429822,9022.431
M29167,long_history,Industry,1924-04-01,9090.0,9131.747086985091,9033.346
M29167,long_history,Industry,1924-05-01,9070.0,9131.747086985091,9083.939
M29167,long_history,Industry,1924-06-01,9100.0,9131.747086985091,9092.859
M29167,long_history,Industry,1924-07-01,9060.0,9131.747086985091,9137.688
M29167,long_history,Industry,1924-08-01,9120.0,9131.747086985091,9087.865
M29167,long_history,Industry,1924-09-01,9030.0,9131.747086985091,9136.407
M29167,long_history,Industry,1924-10-01,9130.0,9131.747086985091,9103.021
M29167,long_history,Industry,1924-11-01,9190.0,9136.662215443048,9140.573
M29167,long_history,Industry,1924-12-01,9130.0,9202.10278963971,9181.693
M29167,long_history,Industry,1925-01-01,9130.0,9130.758350374297,9069.634
M29167,long_history,Industry,1925-02-01,9200.0,9131.747086985091,9139.576
M29167,long_history,Industry,1925-03-01,9180.0,9195.804058547044,9174.5625
M29167,long_history,Industry,1925-04-01,9350.0,9131.747086985091,9210.557
M29167,long_history,Industry,1925-05-01,9300.0,9293.074650495144,9294.869
M29167,long_history,Industry,1925-06-01,9290.0,9293.074650495144,9257.874
M29285,long_history,Industry,1924-01-01,2001.0,2063.3540132478092,2092.497
M29285,long_history,Industry,1924-02-01,1989.0,2058.0653407693753,2050.4033
M29285,long_history,Industry,1924-03-01,2082.0,2030.2487560482675,1988.0659
M29285,long_history,Industry,1924-04-01,2076.0,2018.04815550442,2049.8135
M29285,long_history,Industry,1924-05-01,2123.0,2079.76817901369,2073.2712
M29285,long_history,Industry,1924-06-01,2134.0,2074.8530505557333,2113.801
M29285,long_history,Industry,1924-07-01,2134.0,2074.8530505557333,2111.8389
M29285,long_history,Industry,1924-08-01,2171.0,2074.8530505557333,2115.2395
M29285,long_history,Industry,1924-09-01,2183.0,2180.497620094739,2161.7075
M29285,long_history,Industry,1924-10-01,2159.0,2218.0523420400505,2170.5024
M29285,long_history,Industry,1924-11-01,2174.0,2149.4297384696065,2153.069
M29285,long_history,Industry,1924-12-01,2175.0,2220.7684689894713,2178.1895
M29285,long_history,Industry,1925-01-01,2100.0,2192.2766216016007,2181.5715
M29285,long_history,Industry,1925-02-01,2118.0,2074.8530505557333,2119.7734
M29285,long_history,Industry,1925-03-01,2138.0,2112.4077725010447,2128.0664
M29285,long_history,Industry,1925-04-01,2115.0,2112.4077725010447,2142.7988
M29285,long_history,Industry,1925-05-01,2183.0,2112.4077725010447,2130.2527
M29285,long_history,Industry,1925-06-01,2207.0,2218.0523420400505,2169.3665
M29353,cold_start,Industry,1904-02-01,8110.3,8010.570853492843,8089.7856
M29353,cold_start,Industry,1904-03-01,8058.3,8223.218532155928,8209.988
M29353,cold_start,Industry,1904-04-01,8016.8,8038.222306871517,8111.7075
M29353,cold_start,Industry,1904-05-01,8079.7,8038.222306871517,8093.513
M29353,cold_start,Industry,1904-06-01,8048.0,8167.498982247809,8095.277
M29353,cold_start,Industry,1904-07-01,7850.4,8038.222306871517,8055.568
M29353,cold_start,Industry,1904-08-01,7808.5,7954.336904044378,7981.026
M29353,cold_start,Industry,1904-09-01,7629.1,7954.336904044378,7918.565
M29353,cold_start,Industry,1904-10-01,7650.0,7914.7295338129325,7724.0713
M29353,cold_start,Industry,1904-11-01,7673.4,7922.863262505048,7758.4243
M29353,cold_start,Industry,1904-12-01,7534.8,7876.503437125926,7748.23
M29353,cold_start,Industry,1905-01-01,7553.4,7470.909723703428,7576.587
M29353,cold_start,Industry,1905-02-01,7356.9,7612.097133678849,7595.7866
M29353,cold_start,Industry,1905-03-01,7437.3,7634.461086615502,7552.725
M29353,cold_start,Industry,1905-04-01,7572.6,7634.461086615502,7541.1387
M29353,cold_start,Industry,1905-05-01,7526.6,7634.461086615502,7578.747
M29353,cold_start,Industry,1905-06-01,7412.1,7626.327357923386,7625.051
M29353,cold_start,Industry,1905-07-01,7453.8,7581.471696220805,7582.863
M29421,long_history,Industry,1924-01-01,3737.0,3826.7834694641356,3747.305
M29421,long_history,Industry,1924-02-01,3794.0,3755.1158782024427,3751.8901
M29421,long_history,Industry,1924-03-01,3831.0,3791.816483538635,3773.3188
M29421,long_history,Industry,1924-04-01,3876.0,3791.816483538635,3808.3884
M29421,long_history,Industry,1924-05-01,3939.0,3909.5011958876134,3870.9355
M29421,long_history,Industry,1924-06-01,3987.0,3914.41632434557,3878.4192
M29421,long_history,Industry,1924-07-01,4015.0,3914.41632434557,3934.3125
M29421,long_history,Industry,1924-08-01,4058.0,4028.4313561731415,4005.2334
M29421,long_history,Industry,1924-09-01,4079.0,4028.4313561731415,4024.621
M29421,long_history,Industry,1924-10-01,4113.0,4028.4313561731415,4040.8086
M29421,long_history,Industry,1924-11-01,4121.0,4121.581496603752,4090.9111
M29421,long_history,Industry,1924-12-01,4127.0,4124.297623553173,4106.4985
M29421,long_history,Industry,1925-01-01,4071.0,4339.519558363219,4070.7
M29421,long_history,Industry,1925-02-01,4124.0,4280.895017715949,4081.722
M29421,long_history,Industry,1925-03-01,4166.0,4352.853147976324,4111.6177
M29421,long_history,Industry,1925-04-01,4206.0,4387.489741848111,4129.438
M29421,long_history,Industry,1925-05-01,4258.0,4450.99504920525,4224.9473
M29421,long_history,Industry,1925-06-01,4313.0,4450.99504920525,4243.0386
M29519,long_history,Industry,1924-01-01,1223.0,1278.020148384249,1282.1377
M29519,long_history,Industry,1924-02-01,1212.0,1266.2411468773869,1250.9303
M29519,long_history,Industry,1924-03-01,1229.0,1266.2411468773869,1254.0261
M29519,long_history,Industry,1924-04-01,1259.0,1250.6742938103198,1252.4728
M29519,long_history,Industry,1924-05-01,1274.0,1250.6742938103198,1257.8198
M29519,long_history,Industry,1924-06-01,1288.0,1250.6742938103198,1266.8962
M29519,long_history,Industry,1924-07-01,1291.0,1253.2780352698944,1299.2277
M29519,long_history,Industry,1924-08-01,1295.0,1253.2780352698944,1299.1644
M29519,long_history,Industry,1924-09-01,1288.0,1253.2780352698944,1312.3492
M29519,long_history,Industry,1924-10-01,1282.0,1266.2411468773869,1303.1534
M29519,long_history,Industry,1924-11-01,1280.0,1266.2411468773869,1300.2125
M29519,long_history,Industry,1924-12-01,1273.0,1268.9572738268078,1300.2822
M29519,long_history,Industry,1925-01-01,1235.0,1278.020148384249,1290.3546
M29519,long_history,Industry,1925-02-01,1228.0,1266.2411468773869,1255.602
M29519,long_history,Industry,1925-03-01,1238.0,1266.2411468773869,1258.4836
M29519,long_history,Industry,1925-04-01,1267.0,1250.6742938103198,1260.602
M29519,long_history,Industry,1925-05-01,1283.0,1250.6742938103198,1270.6371
M29519,long_history,Industry,1925-06-01,1301.0,1250.6742938103198,1274.7036
M29571,long_history,Industry,1924-01-01,1808.0,1813.5848933198224,1834.9813
M29571,long_history,Industry,1924-02-01,1866.0,1801.8058918129602,1818.6715
M29571,long_history,Industry,1924-03-01,1877.0,1801.8058918129602,1841.0786
M29571,long_history,Industry,1924-04-01,1816.0,1894.9394880650716,1847.0394
M29571,long_history,Industry,1924-05-01,1857.0,1819.266066015362,1838.5735
M29571,long_history,Industry,1924-06-01,1931.0,1812.5440017780875,1846.428
M29571,long_history,Industry,1924-07-01,1882.0,1899.8546165230287,1908.876
M29571,long_history,Industry,1924-08-01,1914.0,1912.3996622674736,1894.087
M29571,long_history,Industry,1924-09-01,1873.0,1923.1377722326008,1922.1138
M29571,long_history,Industry,1924-10-01,1904.0,1923.1377722326008,1860.9506
M29571,long_history,Industry,1924-11-01,1942.0,1923.1377722326008,1921.4788
M29571,long_history,Industry,1924-12-01,1968.0,1998.6207150023288,1941.6594
M29571,long_history,Industry,1925-01-01,1939.0,2007.68358955977,1933.4331
M29571,long_history,Industry,1925-02-01,1946.0,1923.1377722326008,1929.9442
M29571,long_history,Industry,1925-03-01,1937.0,2006.6426980180352,1936.2208
M29571,long_history,Industry,1925-04-01,1942.0,1912.3996622674736,1937.8821
M29571,long_history,Industry,1925-05-01,1971.0,2006.6426980180352,1938.8947
M29571,long_history,Industry,1925-06-01,1987.0,2013.133027046463,1956.5776
M29643,long_history,Industry,1924-01-01,2310.0,2274.482073857564,2365.4048
M29643,long_history,Industry,1924-02-01,2310.0,2388.8626125364085,2357.7039
M29643,long_history,Industry,1924-03-01,2320.0,2388.8626125364085,2380.4773
M29643,long_history,Industry,1924-04-01,2330.0,2388.8626125364085,2376.6394
M29643,long_history,Industry,1924-05-01,2340.0,2388.8626125364085,2376.9766
M29643,long_history,Industry,1924-06-01,2380.0,2388.8626125364085,2366.7725
M29643,long_history,Industry,1924-07-01,2390.0,2388.8626125364085,2369.8298
M29643,long_history,Industry,1924-08-01,2380.0,2388.8626125364085,2378.3335
M29643,long_history,Industry,1924-09-01,2370.0,2388.8626125364085,2376.3987
M29643,long_history,Industry,1924-10-01,2370.0,2388.8626125364085,2364.4333
M29643,long_history,Industry,1924-11-01,2370.0,2388.8626125364085,2361.4548
M29643,long_history,Industry,1924-12-01,2380.0,2558.8362624614147,3619.3713
M29643,long_history,Industry,1925-01-01,2380.0,2381.5015160583935,2454.1616
M29643,long_history,Industry,1925-02-01,2380.0,2388.8626125364085,2404.1594
M29643,long_history,Industry,1925-03-01,2370.0,2442.7016288996906,2352.0981
M29643,long_history,Industry,1925-04-01,2370.0,2388.8626125364085,2388.4487
M29643,long_history,Industry,1925-05-01,2380.0,2388.8626125364085,2381.8982
M29643,long_history,Industry,1925-06-01,2420.0,2388.8626125364085,2384.4524
M29666,long_history,Industry,1924-01-01,5493.0,5457.293902065294,5489.988
M29666,long_history,Industry,1924-02-01,5586.0,5481.277540502282,5478.1133
M29666,long_history,Industry,1924-03-01,5603.0,5553.367281251093,5550.1167
M29666,long_history,Industry,1924-04-01,5619.0,5558.28240970905,5576.0527
M29666,long_history,Industry,1924-05-01,5706.0,5625.229124874439,5609.6865
M29666,long_history,Industry,1924-06-01,5839.0,5724.864598712543,5686.285
M29666,long_history,Industry,1924-07-01,5763.0,5806.980325584206,5761.533
M29666,long_history,Industry,1924-08-01,5819.0,5724.864598712543,5746.1562
M29666,long_history,Industry,1924-09-01,5745.0,5719.949470254586,5785.089
M29666,long_history,Industry,1924-10-01,5766.0,5719.949470254586,5762.3433
M29666,long_history,Industry,1924-11-01,5819.0,5753.322280293805,5762.111
M29666,long_history,Industry,1924-12-01,5853.0,5722.665597204007,5783.1
M29666,long_history,Industry,1925-01-01,5762.0,5770.576544989265,5791.5977
M29666,long_history,Industry,1925-02-01,5779.0,5745.817266593809,5783.9673
M29666,long_history,Industry,1925-03-01,5771.0,5753.322280293805,5774.995
M29666,long_history,Industry,1925-04-01,5783.0,5789.008953995374,5776.8936
M29666,long_history,Industry,1925-05-01,5855.0,5789.008953995374,5813.579
M29666,long_history,Industry,1925-06-01,5928.0,5871.124680867038,5828.763
M29724,long_history,Industry,1924-01-01,2800.0,2814.6191089247764,2853.325
M29724,long_history,Industry,1924-02-01,2780.0,2781.61020025803,2825.3418
M29724,long_history,Industry,1924-03-01,2780.0,2743.9120235863666,2800.9287
M29724,long_history,Industry,1924-04-01,2780.0,2743.9120235863666,2800.517
M29724,long_history,Industry,1924-05-01,2790.0,2797.7510399496487,2785.824
M29724,long_history,Industry,1924-06-01,2790.0,2781.61020025803,2809.392
M29724,long_history,Industry,1924-07-01,2820.0,2781.61020025803,2808.4893
M29724,long_history,Industry,1924-08-01,2870.0,2781.61020025803,2810.3523
M29724,long_history,Industry,1924-09-01,2850.0,2809.7039804668198,2851.4683
M29724,long_history,Industry,1924-10-01,2830.0,2809.7039804668198,2854.788
M29724,long_history,Industry,1924-11-01,2780.0,2781.61020025803,2826.1345
M29724,long_history,Industry,1924-12-01,2780.0,2746.6281505357874,2811.2224
M29724,long_history,Industry,1925-01-01,2770.0,2743.9120235863666,2789.4531
M29724,long_history,Industry,1925-02-01,2740.0,2743.9120235863666,2796.092
M29724,long_history,Industry,1925-03-01,2750.0,2743.9120235863666,2790.2014
M29724,long_history,Industry,1925-04-01,2740.0,2743.9120235863666,2764.9854
M29724,long_history,Industry,1925-05-01,2760.0,2743.9120235863666,2772.3423
M29724,long_history,Industry,1925-06-01,2780.0,2743.9120235863666,2764.9854
M29790,long_history,Industry,1924-01-01,1590.0,1657.4997191683974,1620.8157
M29790,long_history,Industry,1924-02-01,1580.0,1645.7207176615352,1615.3363
M29790,long_history,Industry,1924-03-01,1590.0,1604.4666150455696,1596.4702
M29790,long_history,Industry,1924-04-01,1590.0,1645.7207176615352,1613.5057
M29790,long_history,Industry,1924-05-01,1630.0,1645.7207176615352,1617.2788
M29790,long_history,Industry,1924-06-01,1520.0,1627.8778442578039,1629.4434
M29790,long_history,Industry,1924-07-01,1290.0,1564.9593004449237,1574.1185
M29790,long_history,Industry,1924-08-01,1460.0,1408.306805211438,1431.1185
M29790,long_history,Industry,1924-09-01,1560.0,1470.2428461998115,1487.8949
M29790,long_history,Industry,1924-10-01,1590.0,1554.0824672925287,1540.9824
M29790,long_history,Industry,1924-11-01,1610.0,1595.3365699084943,1593.234
M29790,long_history,Industry,1924-12-01,1580.0,1648.436844610956,1617.5236
M29790,long_history,Industry,1925-01-01,1580.0,1616.2456165524318,1602.1802
M29790,long_history,Industry,1925-02-01,1570.0,1604.4666150455696,1587.7263
M29790,long_history,Industry,1925-03-01,1580.0,1604.4666150455696,1592.529
M29790,long_history,Industry,1925-04-01,1570.0,1604.4666150455696,1592.8845
M29790,long_history,Industry,1925-05-01,1590.0,1604.4666150455696,1591.9747
M29790,long_history,Industry,1925-06-01,1510.0,1627.8778442578039,1606.7793
M29812,long_history,Industry,1924-01-01,1450.0,1486.010443032192,1477.0116
M29812,long_history,Industry,1924-02-01,1450.0,1474.2314415253297,1481.1251
M29812,long_history,Industry,1924-03-01,1440.0,1474.2314415253297,1487.7976
M29812,long_history,Industry,1924-04-01,1450.0,1474.2314415253297,1463.095
M29812,long_history,Industry,1924-05-01,1450.0,1474.2314415253297,1481.3596
M29812,long_history,Industry,1924-06-01,1470.0,1500.8110111802014,1485.6042
M29812,long_history,Industry,1924-07-01,1470.0,1474.2314415253297,1487.3667
M29812,long_history,Industry,1924-08-01,1470.0,1474.2314415253297,1487.4845
M29812,long_history,Industry,1924-09-01,1440.0,1474.2314415253297,1487.8042
M29812,long_history,Industry,1924-10-01,1420.0,1500.8110111802014,1471.6357
M29812,long_history,Industry,1924-11-01,1490.0,1472.766609355566,1449.2235
M29812,long_history,Industry,1924-12-01,1400.0,1503.5271381296222,1482.4482
M29812,long_history,Industry,1925-01-01,1410.0,1484.5456108624282,1457.2328
M29812,long_history,Industry,1925-02-01,1400.0,1472.766609355566,1436.3469
M29812,long_history,Industry,1925-03-01,1370.0,1419.4404425134878,1433.8204
M29812,long_history,Industry,1925-04-01,1400.0,1419.4404425134878,1401.19
M29812,long_history,Industry,1925-05-01,1400.0,1419.4404425134878,1407.2233
M29812,long_history,Industry,1925-06-01,1390.0,1419.4404425134878,1409.4386
M30102,long_history,Industry,1924-01-01,4087.0,4225.903848377475,4145.9287
M30102,long_history,Industry,1924-02-01,4075.0,4064.295514880284,4130.578
M30102,long_history,Industry,1924-03-01,4116.0,4064.295514880284,4109.796
M30102,long_history,Industry,1924-04-01,4181.0,4131.338516682703,4116.062
M30102,long_history,Industry,1924-05-01,4216.0,4234.395546369586,4163.5
M30102,long_history,Industry,1924-06-01,4251.0,4244.016611240741,4234.409
M30102,long_history,Industry,1924-07-01,4248.0,4239.101482782785,4253.7397
M30102,long_history,Industry,1924-08-01,4253.0,4239.101482782785,4264.5957
M30102,long_history,Industry,1924-09-01,4242.0,4239.101482782785,4267.5317
M30102,long_history,Industry,1924-10-01,4240.0,4229.480417911629,4268.946
M30102,long_history,Industry,1924-11-01,4235.0,4229.480417911629,4268.946
M30102,long_history,Industry,1924-12-01,4214.0,4232.19654486105,4253.311
M30102,long_history,Industry,1925-01-01,4134.0,4447.418479671096,4189.235
M30102,long_history,Industry,1925-02-01,4126.0,4357.768276434281,4153.6055
M30102,long_history,Industry,1925-03-01,4154.0,4352.853147976324,4157.927
M30102,long_history,Industry,1925-04-01,4241.0,4387.489741848111,4169.779
M30102,long_history,Industry,1925-05-01,4276.0,4465.531242534363,4252.5547
M30102,long_history,Industry,1925-06-01,4304.0,4465.531242534363,4260.455
M30154,long_history,Industry,1924-01-01,1863.0,1934.916773739463,1859.0366
M30154,long_history,Industry,1924-02-01,1865.0,1830.0041759804892,1851.1411
M30154,long_history,Industry,1924-03-01,1864.0,1812.5440017780875,1856.8369
M30154,long_history,Industry,1924-04-01,1864.0,1812.5440017780875,1851.996
M30154,long_history,Industry,1924-05-01,1869.0,1812.5440017780875,1851.996
M30154,long_history,Industry,1924-06-01,1880.0,1812.5440017780875,1877.1383
M30154,long_history,Industry,1924-07-01,1897.0,1905.6775980301989,1950.7361
M30154,long_history,Industry,1924-08-01,1895.0,1923.1377722326008,1905.6484
M30154,long_history,Industry,1924-09-01,1886.0,1923.1377722326008,1905.5212
M30154,long_history,Industry,1924-10-01,1877.0,1923.1377722326008,1892.333
M30154,long_history,Industry,1924-11-01,1874.0,1923.1377722326008,1858.8267
M30154,long_history,Industry,1924-12-01,1876.0,1925.8538991820217,1858.1699
M30154,long_history,Industry,1925-01-01,1873.0,1988.7557901027449,1855.3285
M30154,long_history,Industry,1925-02-01,1872.0,1976.9767885958827,1848.484
M30154,long_history,Industry,1925-03-01,1881.0,1976.9767885958827,1859.8159
M30154,long_history,Industry,1925-04-01,1870.0,1923.1377722326008,1965.539
M30154,long_history,Industry,1925-05-01,1873.0,1830.0041759804892,1894.138
M30154,long_history,Industry,1925-06-01,1885.0,1905.6775980301989,1890.1112
M30305,long_history,Industry,1927-02-01,1767.62,1749.7185245883416,1777.6658
M30305,long_history,Industry,1927-03-01,1775.92,1749.7185245883416,1783.7777
M30305,long_history,Industry,1927-04-01,1793.98,1749.7185245883416,1791.9459
M30305,long_history,Industry,1927-05-01,1804.6,1774.0705112737505,1797.4701
M30305,long_history,Industry,1927-06-01,1807.45,1774.0705112737505,1807.8167
M30305,long_history,Industry,1927-07-01,1805.98,1774.0705112737505,1810.1041
M30305,long_history,Industry,1927-08-01,1800.13,1774.0705112737505,1809.3188
M30305,long_history,Industry,1927-09-01,1792.26,1774.0705112737505,1809.9525
M30305,long_history,Industry,1927-10-01,1793.8,1774.0705112737505,1819.2944
M30305,long_history,Industry,1927-11-01,1780.97,1774.0705112737505,1819.2482
M30305,long_history,Industry,1927-12-01,1754.8,1776.7866382231714,1808.5985
M30305,long_history,Industry,1928-01-01,1727.68,2111.1308145221547,1792.3918
M30305,long_history,Industry,1928-02-01,1699.64,2013.6012235423827,1763.8895
M30305,long_history,Industry,1928-03-01,1713.83,2013.6012235423827,1716.5845
M30305,long_history,Industry,1928-04-01,1737.11,2013.6012235423827,1717.09
M30305,long_history,Industry,1928-05-01,1736.06,2013.6012235423827,1736.5759
M30305,long_history,Industry,1928-06-01,1752.37,2013.6012235423827,1759.3785
M30305,long_history,Industry,1928-07-01,1752.71,2091.990716537278,1764.6376
M30325,medium,Industry,1916-02-01,1588.46,1645.7207176615352,1622.6564
M30325,medium,Industry,1916-03-01,1597.92,1645.7207176615352,1625.8978
M30325,medium,Industry,1916-04-01,1628.05,1645.7207176615352,1624.5305
M30325,medium,Industry,1916-05-01,1652.94,1645.7207176615352,1643.7043
M30325,medium,Industry,1916-06-01,1656.36,1645.7207176615352,1647.2782
M30325,medium,Industry,1916-07-01,1654.42,1645.7207176615352,1659.9465
M30325,medium,Industry,1916-08-01,1638.06,1645.7207176615352,1659.239
M30325,medium,Industry,1916-09-01,1614.85,1645.7207176615352,1660.2466
M30325,medium,Industry,1916-10-01,1616.51,1645.7207176615352,1640.8066
M30325,medium,Industry,1916-11-01,1594.3,1645.7207176615352,1645.8903
M30325,medium,Industry,1916-12-01,1543.18,1648.436844610956,1626.208
M30325,medium,Industry,1917-01-01,1478.03,1616.2456165524318,1591.4867
M30325,medium,Industry,1917-02-01,1396.9,1523.5690130418898,1536.6913
M30325,medium,Industry,1917-03-01,1416.76,1495.5246112172545,1480.1272
M30325,medium,Industry,1917-04-01,1458.98,1490.6094827592974,1450.9757
M30325,medium,Industry,1917-05-01,1463.85,1465.3277177418545,1474.7627
M30325,medium,Industry,1917-06-01,1498.45,1518.6538845839327,1499.9944
M30325,medium,Industry,1917-07-01,1507.44,1518.6538845839327,1509.9292
M3037,short,Macro,1905-07-01,10758.07,10617.55291575679,10672.697
M3037,short,Macro,1905-08-01,10725.32,10458.103788935316,10677.86
M3037,short,Macro,1905-09-01,10994.19,10629.848922321005,10691.459
M3037,short,Macro,1905-10-01,11398.01,10758.793749062439,10850.365
M3037,short,Macro,1905-11-01,11848.45,11448.727350278961,11263.833
M3037,short,Macro,1905-12-01,12205.35,11963.921474562074,11489.886
M3037,short,Macro,1906-01-01,11661.58,11972.282756067914,11813.288
M3037,short,Macro,1906-02-01,11609.73,12306.735938101634,11867.031
M3037,short,Macro,1906-03-01,11646.99,11781.413956466073,11787.747
M3037,short,Macro,1906-04-01,11650.19,11487.957057696965,11559.84
M3037,short,Macro,1906-05-01,11126.15,11748.037148484627,11582.234
M3037,short,Macro,1906-06-01,10853.01,10929.284898088252,11283.492
M3037,short,Macro,1906-07-01,10888.47,10831.598772480325,10939.667
M3037,short,Macro,1906-08-01,10984.67,10955.628470763802,10883.771
M3037,short,Macro,1906-09-01,10816.12,11030.129518485845,10916.571
M3037,short,Macro,1906-10-01,10850.6,10915.290781979205,10849.282
M3037,short,Macro,1906-11-01,10614.68,10873.862672464777,10844.268
M3037,short,Macro,1906-12-01,10720.2,11182.669495661665,10673.252
M30873,short,Industry,1912-01-01,10150.18,9606.351795377532,9872.357
M30873,short,Industry,1912-02-01,10062.56,9918.874350247806,10036.902
M30873,short,Industry,1912-03-01,10161.11,9803.771479503348,10021.226
M30873,short,Industry,1912-04-01,10219.38,9933.800251128827,10052.919
M30873,short,Industry,1912-05-01,10553.89,10208.572049107675,10143.736
M30873,short,Industry,1912-06-01,10620.81,10593.791575569123,10469.55
M30873,short,Industry,1912-07-01,11014.86,10473.34441108795,10522.571
M30873,short,Industry,1912-08-01,12251.2,10666.032102520889,10775.649
M30873,short,Industry,1912-09-01,12863.21,11584.486155059938,11503.443
M30873,short,Industry,1912-10-01,12143.14,11938.773207934932,12179.924
M30873,short,Industry,1912-11-01,12825.96,11992.011597160637,12085.558
M30873,short,Industry,1912-12-01,12516.62,12195.5255656174,12658.958
M30873,short,Industry,1913-01-01,12844.56,11560.155773229673,11791.607
M30873,short,Industry,1913-02-01,13177.67,12317.28375188059,12628.751
M30873,short,Industry,1913-03-01,12677.47,12830.669324545448,12862.984
M30873,short,Industry,1913-04-01,12533.24,12646.213472257534,12533.915
M30873,short,Industry,1913-05-01,12393.32,12331.152648494255,12416.422
M30873,short,Industry,1913-06-01,12721.89,12269.144766198504,12456.194
M30944,long_history,Industry,1926-01-01,12200.0,11577.984614785948,11288.6
M30944,long_history,Industry,1926-02-01,12200.0,10505.01693577498,10763.989
M30944,long_history,Industry,1926-03-01,12800.0,11692.922499227301,11771.424
M30944,long_history,Industry,1926-04-01,12400.0,11550.700261359583,11586.373
M30944,long_history,Industry,1926-05-01,13800.0,11842.756587398886,11986.751
M30944,long_history,Industry,1926-06-01,13100.0,12692.829109984747,12525.138
M30944,long_history,Industry,1926-07-01,15100.0,12939.352092188126,12890.7295
M30944,long_history,Industry,1926-08-01,15800.0,15391.111751803634,14244.625
M30944,long_history,Industry,1926-09-01,16100.0,15423.54766079615,14469.502
M30944,long_history,Industry,1926-10-01,16800.0,16564.34578158717,16957.844
M30944,long_history,Industry,1926-11-01,14200.0,18402.87203506028,16692.037
M30944,long_history,Industry,1926-12-01,14500.0,17443.623359400674,15316.8125
M30944,long_history,Industry,1927-01-01,14800.0,15827.23173013602,14135.336
M30944,long_history,Industry,1927-02-01,13300.0,14683.796134259828,14305.624
M30944,long_history,Industry,1927-03-01,15400.0,14722.801506316742,14042.492
M30944,long_history,Industry,1927-04-01,14300.0,15817.332903876339,14878.998
M30944,long_history,Industry,1927-05-01,16000.0,14304.5979027106,14086.164
M30944,long_history,Industry,1927-06-01,15300.0,16676.61471304642,15763.368
M3097,long_history,Macro,1923-06-01,1423.741,1681.2215387289252,1677.5355
M3097,long_history,Macro,1923-07-01,1623.369,1550.8238874282524,1559.0724
M3097,long_history,Macro,1923-08-01,1485.499,1577.493696504763,1621.9541
M3097,long_history,Macro,1923-09-01,1713.704,1578.8682892528877,1562.3645
M3097,long_history,Macro,1923-10-01,1604.526,1648.6802643796154,1686.9672
M3097,long_history,Macro,1923-11-01,1549.87,1632.792972715761,1637.378
M3097,long_history,Macro,1923-12-01,1552.094,1612.0978704529475,1597.7771
M3097,long_history,Macro,1924-01-01,1711.764,1560.9463403414338,1580.8618
M3097,long_history,Macro,1924-02-01,1466.639,1630.837390975884,1665.3927
M3097,long_history,Macro,1924-03-01,1721.418,1578.8682892528877,1594.047
M3097,long_history,Macro,1924-04-01,1721.535,1648.6802643796154,1688.3173
M3097,long_history,Macro,1924-05-01,1452.809,1703.9795405906136,1719.5253
M3097,long_history,Macro,1924-06-01,1403.405,1561.0254158491564,1569.7355
M3097,long_history,Macro,1924-07-01,1512.213,1495.5246112172545,1505.2904
M3097,long_history,Macro,1924-08-01,1585.653,1536.2395938887973,1509.8201
M3097,long_history,Macro,1924-09-01,1868.445,1595.3365699084943,1595.4756
M3097,long_history,Macro,1924-10-01,1678.746,1782.3690335855083,1731.0614
M3097,long_history,Macro,1924-11-01,1654.413,1703.9795405906136,1714.5657
M31062,medium,Industry,1920-01-01,4000.0,4707.344729083867,4925.6616
M31062,medium,Industry,1920-02-01,3900.0,4122.165351281016,4576.4116
M31062,medium,Industry,1920-03-01,3200.0,4070.382590792973,4254.2256
M31062,medium,Industry,1920-04-01,5100.0,3529.5394585383333,3793.799
M31062,medium,Industry,1920-05-01,6100.0,4901.019628332182,4810.8716
M31062,medium,Industry,1920-06-01,3300.0,4879.6838799297275,4964.4844
M31062,medium,Industry,1920-07-01,4200.0,4542.8604523840595,4923.156
M31062,medium,Industry,1920-08-01,5100.0,4555.592061244152,4540.8022
M31062,medium,Industry,1920-09-01,7300.0,4316.544228672988,4455.418
M31062,medium,Industry,1920-10-01,8600.0,5780.001880196839,5300.649
M31062,medium,Industry,1920-11-01,7600.0,6947.013521308516,7510.8096
M31062,medium,Industry,1920-12-01,10800.0,7230.653306683405,7244.67
M31062,medium,Industry,1921-01-01,12500.0,6962.196468350042,7271.247
M31062,medium,Industry,1921-02-01,9100.0,8691.297774381404,9117.779
M31062,medium,Industry,1921-03-01,7500.0,8111.133503909625,8712.006
M31062,medium,Industry,1921-04-01,11200.0,7163.110884322407,6561.421
M31062,medium,Industry,1921-05-01,8800.0,8394.647039893012,8765.569
M31062,medium,Industry,1921-06-01,18500.0,7920.745563537584,7761.2
M31075,long_history,Industry,1929-01-01,5980.0,5492.663730459146,5449.6514
M31075,long_history,Industry,1929-02-01,5874.0,6270.813604594529,5800.3726
M31075,long_history,Industry,1929-03-01,5798.0,6091.896368166102,5726.688
M31075,long_history,Industry,1929-04-01,5280.0,6149.713375953065,5966.8896
M31075,long_history,Industry,1929-05-01,5971.0,6003.784280572981,5563.1406
M31075,long_history,Industry,1929-06-01,5634.0,6231.829102824729,5710.133
M31075,long_history,Industry,1929-07-01,6010.0,6170.326928529067,5760.7236
M31075,long_history,Industry,1929-08-01,5847.0,6346.881554828024,6015.738
M31075,long_history,Industry,1929-09-01,5954.0,6300.888586565517,5797.8623
M31075,long_history,Industry,1929-10-01,5880.0,6300.888586565517,5992.9707
M31075,long_history,Industry,1929-11-01,5178.0,6137.3902033974355,5893.9033
M31075,long_history,Industry,1929-12-01,5279.0,5712.716181523115,5634.008
M31075,long_history,Industry,1930-01-01,5188.0,5760.314947158314,5284.722
M31075,long_history,Industry,1930-02-01,5380.0,5769.8562899265535,5204.3286
M31075,long_history,Industry,1930-03-01,5660.0,5826.4153418848355,5372.698
M31075,long_history,Industry,1930-04-01,5054.0,5963.380614232185,5502.3667
M31075,long_history,Industry,1930-05-01,5624.0,5704.255963278925,5168.031
M31075,long_history,Industry,1930-06-01,6143.0,6244.241763787902,5593.355
M31662,medium,Industry,1923-01-01,8590.0,8186.9662361032915,8228.751
M31662,medium,Industry,1923-02-01,8320.0,8429.386471820902,8413.007
M31662,medium,Industry,1923-03-01,8330.0,8282.178324721648,8270.547
M31662,medium,Industry,1923-04-01,9030.0,8346.85093378667,8305.908
M31662,medium,Industry,1923-05-01,9020.0,9039.789614291423,8874.848
M31662,medium,Industry,1923-06-01,8890.0,9051.438469074683,8956.153
M31662,medium,Industry,1923-07-01,9340.0,8728.483793424302,8824.819
M31662,medium,Industry,1923-08-01,9510.0,9161.926437156324,9141.096
M31662,medium,Industry,1923-09-01,9280.0,9347.711266852095,9362.703
M31662,medium,Industry,1923-10-01,9210.0,9322.150246567455,9300.456
M31662,medium,Industry,1923-11-01,9350.0,9111.31621315396,9212.473
M31662,medium,Industry,1923-12-01,9450.0,9195.864317501973,9300.543
M31662,medium,Industry,1924-01-01,9410.0,9161.62699450263,9329.817
M31662,medium,Industry,1924-02-01,9520.0,9308.04415633266,9354.661
M31662,medium,Industry,1924-03-01,9600.0,9469.485532161701,9549.694
M31662,medium,Industry,1924-04-01,9250.0,9658.083075563818,9599.155
M31662,medium,Industry,1924-05-01,9180.0,9327.331485620469,9420.361
M31662,medium,Industry,1924-06-01,9290.0,9136.662215443048,9318.433
M31715,short,Industry,1910-01-01,2417.56,2283.2111409746335,2256.4082
M31715,short,Industry,1910-02-01,2459.034,2393.777740994365,2372.83
M31715,short,Industry,1910-03-01,2613.897,2497.6256562150643,2488.5278
M31715,short,Industry,1910-04-01,2373.879,2530.814279275678,2569.48
M31715,short,Industry,1910-05-01,2574.734,2393.777740994365,2448.7131
M31715,short,Industry,1910-06-01,2572.01,2530.814279275678,2591.5117
M31715,short,Industry,1910-07-01,2504.4,2594.7212055195887,2569.5627
M31715,short,Industry,1910-08-01,2614.128,2565.7907350358164,2534.247
M31715,short,Industry,1910-09-01,2541.685,2594.7212055195887,2573.8733
M31715,short,Industry,1910-10-01,2895.134,2570.705863493773,2537.606
M31715,short,Industry,1910-11-01,2674.909,2899.804284257722,2747.7944
M31715,short,Industry,1910-12-01,2365.906,2751.543278993744,2686.8586
M31715,short,Industry,1911-01-01,2460.833,2526.076925179686,2538.1084
M31715,short,Industry,1911-02-01,2517.994,2629.645616915402,2543.7112
M31715,short,Industry,1911-03-01,2769.59,2629.645616915402,2522.2197
M31715,short,Industry,1911-04-01,3052.033,2743.627260109354,2705.9004
M31715,short,Industry,1911-05-01,2990.615,3099.3908772507893,3092.299
M31715,short,Industry,1911-06-01,2823.351,2930.7139857268016,2914.3252
M31724,medium,Industry,1921-01-01,4532.54,4255.116144335524,4583.105
M31724,medium,Industry,1921-02-01,5162.11,4488.287844936234,4485.219
M31724,medium,Industry,1921-03-01,3754.09,4923.057014712177,5064.2427
M31724,medium,Industry,1921-04-01,6665.87,3965.2291766595627,4705.0244
M31724,medium,Industry,1921-05-01,3329.26,5175.41128823308,5085.492
M31724,medium,Industry,1921-06-01,6069.02,4110.162696785448,4105.407
M31724,medium,Industry,1921-07-01,3364.53,4275.548007439085,4781.5806
M31724,medium,Industry,1921-08-01,4452.27,3868.011282747587,4063.7961
M31724,medium,Industry,1921-09-01,5392.7,4642.522327868905,4400.2705
M31724,medium,Industry,1921-10-01,5457.63,5335.195957156241,5350.977
M31724,medium,Industry,1921-11-01,4635.87,5039.977613522546,5186.4126
M31724,medium,Industry,1921-12-01,3898.06,4853.8080811375285,5056.742
M31724,medium,Industry,1922-01-01,3910.8,4214.243833542304,4118.028
M31724,medium,Industry,1922-02-01,3142.69,3935.2696540738893,4167.342
M31724,medium,Industry,1922-03-01,2923.92,3456.1231856040044,3740.4148
M31724,medium,Industry,1922-04-01,2627.35,3642.4814891997007,3631.5999
M31724,medium,Industry,1922-05-01,4098.0,2888.6719637401707,2985.7954
M31724,medium,Industry,1922-06-01,4547.35,4436.992478634227,4310.806
M3177,medium,Macro,1920-12-01,6326.013,6477.987463086975,6562.0596
M3177,medium,Macro,1921-01-01,6348.772,6312.390345852366,6288.1875
M3177,medium,Macro,1921-02-01,7176.993,6573.129690096188,6390.0396
M3177,medium,Macro,1921-03-01,7140.275,6993.0733961380865,7008.2534
M3177,medium,Macro,1921-04-01,7224.007,7066.287285323891,7041.8926
M3177,medium,Macro,1921-05-01,7149.209,7360.385000479244,7235.764
M3177,medium,Macro,1921-06-01,6403.977,7044.211420482162,7138.541
M3177,medium,Macro,1921-07-01,7031.484,6763.575615518392,6724.5513
M3177,medium,Macro,1921-08-01,6329.686,6845.387753653135,6911.676
M3177,medium,Macro,1921-09-01,5959.553,6546.487669707149,6604.623
M3177,medium,Macro,1921-10-01,5863.128,6240.839709608252,6263.535
M3177,medium,Macro,1921-11-01,6258.134,6174.390918164738,6154.7305
M3177,medium,Macro,1921-12-01,6530.106,6261.075438638259,6238.375
M3177,medium,Macro,1922-01-01,6654.587,6358.874440844374,6290.4155
M3177,medium,Macro,1922-02-01,7277.569,6732.868412511909,6601.7354
M3177,medium,Macro,1922-03-01,6914.875,7243.389992658523,7018.859
M3177,medium,Macro,1922-04-01,7207.678,7000.787303034076,6883.9824
M3177,medium,Macro,1922-05-01,6734.269,7365.3001289372005,7137.706
M31895,long_history,Industry,1929-02-01,10900.0,11184.403736756418,10751.281
M31895,long_history,Industry,1929-03-01,10910.0,11184.403736756418,10833.529
M31895,long_history,Industry,1929-04-01,10870.0,11184.403736756418,10902.345
M31895,long_history,Industry,1929-05-01,10870.0,11184.403736756418,10885.98
M31895,long_history,Industry,1929-06-01,10880.0,11184.403736756418,10897.291
M31895,long_history,Industry,1929-07-01,10920.0,11184.403736756418,10736.083
M31895,long_history,Industry,1929-08-01,10920.0,11184.403736756418,10619.957
M31895,long_history,Industry,1929-09-01,10900.0,11184.403736756418,10624.269
M31895,long_history,Industry,1929-10-01,10880.0,11184.403736756418,10692.205
M31895,long_history,Industry,1929-11-01,10870.0,11184.403736756418,10706.826
M31895,long_history,Industry,1929-12-01,10870.0,11168.561623027721,10729.505
M31895,long_history,Industry,1930-01-01,10810.0,10741.957870857033,10592.811
M31895,long_history,Industry,1930-02-01,10830.0,11060.37403847294,10697.183
M31895,long_history,Industry,1930-03-01,10800.0,11060.37403847294,10761.832
M31895,long_history,Industry,1930-04-01,10820.0,11060.37403847294,10832.672
M31895,long_history,Industry,1930-05-01,10820.0,11060.37403847294,10817.129
M31895,long_history,Industry,1930-06-01,10770.0,11060.37403847294,10810.173
M31895,long_history,Industry,1930-07-01,10760.0,11060.37403847294,10709.514
M31939,medium,Industry,1916-11-01,11382.36,11463.741809051417,11037.361
M31939,medium,Industry,1916-12-01,11473.62,11390.00167206548,11218.519
M31939,medium,Industry,1917-01-01,11516.99,11240.690374092168,11398.164
M31939,medium,Industry,1917-02-01,11772.68,11574.262600889431,11686.864
M31939,medium,Industry,1917-03-01,11829.6,11861.806211118977,11717.826
M31939,medium,Industry,1917-04-01,11899.17,11870.905093919304,11687.377
M31939,medium,Industry,1917-05-01,11925.37,11842.658492304725,11797.064
M31939,medium,Industry,1917-06-01,11828.7,12169.413981707656,11784.902
M31939,medium,Industry,1917-07-01,11849.48,12150.05412128299,11770.963
M31939,medium,Industry,1917-08-01,11700.4,11785.738069556244,11763.978
M31939,medium,Industry,1917-09-01,11676.91,11785.738069556244,11655.557
M31939,medium,Industry,1917-10-01,11717.56,11785.738069556244,11667.662
M31939,medium,Industry,1917-11-01,11786.23,11772.689212406172,11667.474
M31939,medium,Industry,1917-12-01,11890.13,11758.20726418705,11672.193
M31939,medium,Industry,1918-01-01,11967.84,11344.963442258733,11414.179
M31939,medium,Industry,1918-02-01,11966.93,12099.402971605406,11754.556
M31939,medium,Industry,1918-03-01,11872.06,12161.28025301554,11774.969
M31939,medium,Industry,1918-04-01,11835.02,12166.195381473497,11771.183
M32031,short,Industry,1905-05-01,1408.015,2060.0853229846985,2041.4796
M32031,short,Industry,1905-06-01,2005.8935,1595.2917563781878,1716.7751
M32031,short,Industry,1905-07-01,1875.7948,1960.6270694894006,1948.5853
M32031,short,Industry,1905-08-01,1408.015,1949.1356654621893,1887.0046
M32031,short,Industry,1905-09-01,1815.0534,1615.4749227431323,1720.0505
M32031,short,Industry,1905-10-01,1875.7948,1767.7702894585607,1779.1434
M32031,short,Industry,1905-11-01,1963.9434,1922.693490950098,1835.1855
M32031,short,Industry,1905-12-01,1454.0966,2066.4527330912683,1966.6511
M32031,short,Industry,1906-01-01,1963.9434,1648.807997046202,1713.013
M32031,short,Industry,1906-02-01,1292.5196,1968.7607981815158,1903.458
M32031,short,Industry,1906-03-01,1454.0966,1557.0732417400238,1636.296
M32031,short,Industry,1906-04-01,1292.6786,1633.8543191355707,1629.0004
M32031,short,Industry,1906-05-01,1292.5196,1354.110878248599,1438.0337
M32031,short,Industry,1906-06-01,1865.8212,1478.8562052819598,1451.31
M32031,short,Industry,1906-07-01,1547.6116,1830.8647344397634,1722.8842
M32031,short,Industry,1906-08-01,1865.8212,1594.9217225638467,1615.558
M32031,short,Industry,1906-09-01,1837.8415,1752.7795669086213,1817.6678
M32031,short,Industry,1906-10-01,1547.6116,1818.8169530847465,1846.4274
M32070,long_history,Industry,1924-01-01,1158.18,2044.1576681831543,1672.6177
M32070,long_history,Industry,1924-02-01,660.97,1353.096783694706,1133.5936
M32070,long_history,Industry,1924-03-01,424.43,921.5697304329544,702.5974
M32070,long_history,Industry,1924-04-01,443.27,603.5638648826636,683.99725
M32070,long_history,Industry,1924-05-01,730.93,560.9142983302648,744.3684
M32070,long_history,Industry,1924-06-01,1079.52,783.5625530109448,970.7169
M32070,long_history,Industry,1924-07-01,1433.7,1076.5539949871645,1315.9663
M32070,long_history,Industry,1924-08-01,1826.04,1306.6650638977392,1526.641
M32070,long_history,Industry,1924-09-01,2210.65,1928.2311804427245,2196.301
M32070,long_history,Industry,1924-10-01,2606.29,2305.7323879827504,2499.4695
M32070,long_history,Industry,1924-11-01,2493.73,2511.349944497541,2504.1165
M32070,long_history,Industry,1924-12-01,1982.87,2424.905831340237,2275.344
M32070,long_history,Industry,1925-01-01,1347.58,2187.1937469660556,1603.0819
M32070,long_history,Industry,1925-02-01,766.54,1520.043589037806,1124.042
M32070,long_history,Industry,1925-03-01,554.63,978.8145238120992,786.78503
M32070,long_history,Industry,1925-04-01,548.96,697.8404481643188,690.5423
M32070,long_history,Industry,1925-05-01,837.25,639.6240285448531,822.8551
M32070,long_history,Industry,1925-06-01,1125.9,946.3995598436495,1074.497
M32089,cold_start,Industry,1904-04-01,3019.976,2684.5706604102975,2748.5635
M32089,cold_start,Industry,1904-05-01,4905.131,3102.3247140079357,2844.3108
M32089,cold_start,Industry,1904-06-01,2642.759,3239.4842935766706,3659.0083
M32089,cold_start,Industry,1904-07-01,1900.899,3299.0564059611083,2947.795
M32089,cold_start,Industry,1904-08-01,4905.131,3527.8569586103185,3178.3374
M32089,cold_start,Industry,1904-09-01,6157.849,3812.2839484289448,3222.8784
M32089,cold_start,Industry,1904-10-01,4903.711,3763.673774033889,3766.7659
M32089,cold_start,Industry,1904-11-01,6157.849,4592.254935006357,4747.2217
M32089,cold_start,Industry,1904-12-01,5810.274,5832.924355961784,5262.5503
M32089,cold_start,Industry,1905-01-01,4903.711,5204.154827970304,5158.4634
M32089,cold_start,Industry,1905-02-01,3341.921,4789.86847151299,5118.2764
M32089,cold_start,Industry,1905-03-01,5810.274,4044.298585973472,3874.1646
M32089,cold_start,Industry,1905-04-01,5730.772,4119.488929966923,4541.3765
M32089,cold_start,Industry,1905-05-01,4726.304,5097.478624253825,4896.452
M32089,cold_start,Industry,1905-06-01,5730.772,4811.135235358642,4628.823
M32089,cold_start,Industry,1905-07-01,7413.127,5386.781654379684,5438.726
M32089,cold_start,Industry,1905-08-01,4726.304,6238.786208872435,6283.321
M32089,cold_start,Industry,1905-09-01,4434.547,5224.943493882345,5506.4873
M32122,cold_start,Industry,1904-04-01,2667.707,5843.627957230849,5112.9307
M32122,cold_start,Industry,1904-05-01,3564.558,3341.9275549593117,3939.424
M32122,cold_start,Industry,1904-06-01,5067.929,4592.332646122784,4789.9395
M32122,cold_start,Industry,1904-07-01,4009.755,4372.9347583859235,4494.0615
M32122,cold_start,Industry,1904-08-01,3564.558,4419.371302584135,4411.7456
M32122,cold_start,Industry,1904-09-01,3858.301,4051.0157686914745,4266.765
M32122,cold_start,Industry,1904-10-01,4416.941,4407.769049858472,3991.1904
M32122,cold_start,Industry,1904-11-01,3858.301,4297.771006908749,4319.058
M32122,cold_start,Industry,1904-12-01,4916.595,4970.875562187523,4369.943
M32122,cold_start,Industry,1905-01-01,4416.941,4926.265627928575,5198.499
M32122,cold_start,Industry,1905-02-01,6519.509,4372.271425328655,4428.4854
M32122,cold_start,Industry,1905-03-01,4916.595,5341.454090743107,5329.5664
M32122,cold_start,Industry,1905-04-01,3567.36,4750.764460160682,4794.9507
M32122,cold_start,Industry,1905-05-01,5289.411,4153.16615135478,3961.2688
M32122,cold_start,Industry,1905-06-01,3567.36,4741.161170600245,4945.4697
M32122,cold_start,Industry,1905-07-01,2486.295,3929.617349495395,3829.8801
M32122,cold_start,Industry,1905-08-01,5289.411,3817.1160188228578,3712.5034
M32122,cold_start,Industry,1905-09-01,2699.41,4331.561213396385,3967.0464
M32141,cold_start,Industry,1904-01-01,4694.3,4152.8658727706015,4257.494
M32141,cold_start,Industry,1904-02-01,3437.58,4848.770330040669,5052.3154
M32141,cold_start,Industry,1904-03-01,3870.92,3948.7373191339143,3809.3098
M32141,cold_start,Industry,1904-04-01,6245.83,3991.7576105031267,4117.5215
M32141,cold_start,Industry,1904-05-01,3437.58,4814.459137226231,4920.61
M32141,cold_start,Industry,1904-06-01,3907.67,3923.2838213326245,3767.1326
M32141,cold_start,Industry,1904-07-01,5132.93,4409.722252712292,4193.166
M32141,cold_start,Industry,1904-08-01,3907.67,4444.887783762875,4571.299
M32141,cold_start,Industry,1904-09-01,2782.44,4417.237109977339,4508.003
M32141,cold_start,Industry,1904-10-01,5132.93,3743.4630288329704,3487.4297
M32141,cold_start,Industry,1904-11-01,4486.45,4086.8388445034566,4302.7827
M32141,cold_start,Industry,1904-12-01,2782.44,3936.068161580447,3969.898
M32141,cold_start,Industry,1905-01-01,3828.91,3615.685985483889,3328.4
M32141,cold_start,Industry,1905-02-01,4173.35,3792.988793578704,3981.6472
M32141,cold_start,Industry,1905-03-01,3828.91,4022.5293266899453,4025.927
M32141,cold_start,Industry,1905-04-01,2574.35,4000.7617151455406,4022.8176
M32141,cold_start,Industry,1905-05-01,4173.35,2827.177357839728,3311.99
M32141,cold_start,Industry,1905-06-01,5145.25,4141.445797558626,3890.6372
M322,medium,Macro,1918-03-01,6159.0,5905.102534326591,5805.3247
M322,medium,Macro,1918-04-01,5433.0,5794.926771831106,5875.784
M322,medium,Macro,1918-05-01,5957.0,5612.532407860765,5626.3555
M322,medium,Macro,1918-06-01,5702.0,5809.56097160503,5764.897
M322,medium,Macro,1918-07-01,5751.0,5742.189289181494,5715.426
M322,medium,Macro,1918-08-01,5303.0,5725.136226724874,5711.212
M322,medium,Macro,1918-09-01,4797.0,5333.74316066789,5475.2134
M322,medium,Macro,1918-10-01,4042.0,4927.43311655809,4902.8623
M322,medium,Macro,1918-11-01,4482.0,4411.729786553303,4364.2827
M322,medium,Macro,1918-12-01,6049.0,4835.5196629034335,4760.922
M322,medium,Macro,1919-01-01,6010.0,5772.2754575004865,5147.6646
M322,medium,Macro,1919-02-01,6384.0,5779.213308054277,5539.051
M322,medium,Macro,1919-03-01,6360.0,6204.455136396816,6115.827
M322,medium,Macro,1919-04-01,5784.0,6237.34659206389,6142.7554
M322,medium,Macro,1919-05-01,6277.0,5898.534810850605,5900.4653
M322,medium,Macro,1919-06-01,5840.0,6256.700910795096,6125.232
M322,medium,Macro,1919-07-01,6025.0,5969.911437492514,5929.343
M322,medium,Macro,1919-08-01,5328.0,5994.752007610675,5933.0005
M3223,medium,Macro,1920-12-01,7208.73,7915.986523165274,7856.723
M3223,medium,Macro,1921-01-01,7526.92,7234.023680989259,7154.8574
M3223,medium,Macro,1921-02-01,6530.39,7138.446441745026,7279.735
M3223,medium,Macro,1921-03-01,7497.76,6916.909947897669,7008.6797
M3223,medium,Macro,1921-04-01,6515.38,7238.762217066417,7230.0713
M3223,medium,Macro,1921-05-01,6812.26,6943.293589123789,6855.068
M3223,medium,Macro,1921-06-01,6495.4,6869.4651195519755,6848.459
M3223,medium,Macro,1921-07-01,7325.42,6544.68703996997,6577.079
M3223,medium,Macro,1921-08-01,7689.61,7000.540990697116,7004.982
M3223,medium,Macro,1921-09-01,8523.78,7666.852881813052,7524.3486
M3223,medium,Macro,1921-10-01,7382.98,8260.173606433827,8200.571
M3223,medium,Macro,1921-11-01,7918.41,7617.763354605744,7584.5986
M3223,medium,Macro,1921-12-01,8258.99,7828.071978517334,7719.2734
M3223,medium,Macro,1922-01-01,8224.64,7998.582718939776,7971.4785
M3223,medium,Macro,1922-02-01,8642.4,8098.244634787685,7910.6797
M3223,medium,Macro,1922-03-01,7477.38,8524.945634691689,8432.086
M3223,medium,Macro,1922-04-01,8422.61,7458.710973687099,7529.5312
M3223,medium,Macro,1922-05-01,7402.06,8156.202750421491,8055.8013
M32331,cold_start,Industry,1904-03-01,5154.463,4969.689813720867,5050.2344
M32331,cold_start,Industry,1904-04-01,4995.188,5034.34458322735,5134.102
M32331,cold_start,Industry,1904-05-01,4869.604,4981.840562554531,5348.274
M32331,cold_start,Industry,1904-06-01,5154.463,5031.353486899271,5183.5063
M32331,cold_start,Industry,1904-07-01,5579.712,5079.50306378555,5113.674
M32331,cold_start,Industry,1904-08-01,4869.604,5407.236906339114,5337.8115
M32331,cold_start,Industry,1904-09-01,4032.54,5010.316192964727,5083.672
M32331,cold_start,Industry,1904-10-01,4004.093,4276.616702574757,4412.594
M32331,cold_start,Industry,1904-11-01,4032.54,4196.990132892772,4127.2393
M32331,cold_start,Industry,1904-12-01,3391.092,4117.234264778644,4045.239
M32331,cold_start,Industry,1905-01-01,4004.093,3750.3653069425777,3546.1077
M32331,cold_start,Industry,1905-02-01,5171.551,4009.646174696707,4116.034
M32331,cold_start,Industry,1905-03-01,3391.092,4775.483383684682,4818.493
M32331,cold_start,Industry,1905-04-01,4582.103,3922.3914194301865,3907.198
M32331,cold_start,Industry,1905-05-01,5195.375,4480.81910836511,4625.5156
M32331,cold_start,Industry,1905-06-01,4582.103,4747.29465604698,5046.635
M32331,cold_start,Industry,1905-07-01,3372.302,4761.618673021132,4945.087
M32331,cold_start,Industry,1905-08-01,5195.375,3982.079552748181,3928.2266
M32390,cold_start,Industry,1904-03-01,4781.4,4540.41041094049,4742.4414
M32390,cold_start,Industry,1904-04-01,3100.692,4801.548165464311,4686.834
M32390,cold_start,Industry,1904-05-01,3331.09,3414.1385899240154,4158.1914
M32390,cold_start,Industry,1904-06-01,4781.4,5019.386490030172,5277.537
M32390,cold_start,Industry,1904-07-01,5858.477,4633.9857583117855,4867.316
M32390,cold_start,Industry,1904-08-01,3331.09,5020.854185249296,5364.8447
M32390,cold_start,Industry,1904-09-01,3504.936,4301.268279481362,4519.1436
M32390,cold_start,Industry,1904-10-01,3392.93,4175.622350646185,3870.7454
M32390,cold_start,Industry,1904-11-01,3504.936,3466.3762427338015,3886.0884
M32390,cold_start,Industry,1904-12-01,2864.901,3829.66359147733,3753.2698
M32390,cold_start,Industry,1905-01-01,3392.93,3216.382680282212,3068.034
M32390,cold_start,Industry,1905-02-01,5506.324,3355.6764992848925,3471.1895
M32390,cold_start,Industry,1905-03-01,2864.901,4116.056669070946,4130.043
M32390,cold_start,Industry,1905-04-01,6943.635,3402.76203940298,3302.8298
M32390,cold_start,Industry,1905-05-01,7739.079,4740.9500165614,4461.38
M32390,cold_start,Industry,1905-06-01,6943.635,4250.892800212007,4986.734
M32390,cold_start,Industry,1905-07-01,4657.489,6637.912578705714,7016.4863
M32390,cold_start,Industry,1905-08-01,7739.079,5344.518259402954,5058.6963
M32475,cold_start,Industry,1904-03-01,1661.8,1623.21271357232,1656.5292
M32475,cold_start,Industry,1904-04-01,1631.0,1667.6908262241257,1648.0508
M32475,cold_start,Industry,1904-05-01,1766.0,1609.4320032950475,1638.0829
M32475,cold_start,Industry,1904-06-01,1661.8,1746.08031921902,1691.7714
M32475,cold_start,Industry,1904-07-01,1348.5,1644.7879604646098,1684.1951
M32475,cold_start,Industry,1904-08-01,1766.0,1558.9576161203677,1546.4191
M32475,cold_start,Industry,1904-09-01,1159.7,1667.8781772485063,1645.4214
M32475,cold_start,Industry,1904-10-01,1569.1,1369.9575798694057,1487.7671
M32475,cold_start,Industry,1904-11-01,1159.7,1575.9111607193365,1566.3153
M32475,cold_start,Industry,1904-12-01,1571.4,1263.5733460061276,1396.1072
M32475,cold_start,Industry,1905-01-01,1569.1,1595.823890918314,1620.7942
M32475,cold_start,Industry,1905-02-01,1199.0,1623.7773125553827,1574.3575
M32475,cold_start,Industry,1905-03-01,1571.4,1476.61957191079,1442.2183
M32475,cold_start,Industry,1905-04-01,1747.4,1562.216195984644,1541.8087
M32475,cold_start,Industry,1905-05-01,1791.4,1783.8014910298718,1704.343
M32475,cold_start,Industry,1905-06-01,1747.4,1790.5027622776236,1760.7422
M32475,cold_start,Industry,1905-07-01,1475.3,1758.7412716030587,1755.8062
M32475,cold_start,Industry,1905-08-01,1791.4,1591.6149871795062,1641.7651
M32495,cold_start,Industry,1904-03-01,2431.75,3088.120559571666,2558.0444
M32495,cold_start,Industry,1904-04-01,3070.28,2488.538821417877,2446.5037
M32495,cold_start,Industry,1904-05-01,2659.25,3220.2554909273963,2956.8008
M32495,cold_start,Industry,1904-06-01,2431.75,2589.566561284522,2670.7925
M32495,cold_start,Industry,1904-07-01,2538.96,2433.315396459631,2458.3857
M32495,cold_start,Industry,1904-08-01,2659.25,2488.2639134985134,2552.3938
M32495,cold_start,Industry,1904-09-01,2550.94,2574.772859238712,2609.0342
M32495,cold_start,Industry,1904-10-01,2315.86,2555.9574091478653,2536.4888
M32495,cold_start,Industry,1904-11-01,2550.94,2343.3776132900434,2416.008
M32495,cold_start,Industry,1904-12-01,1633.65,2526.772558196443,2484.4534
M32495,cold_start,Industry,1905-01-01,2315.86,1830.5933675029307,2032.2083
M32495,cold_start,Industry,1905-02-01,2631.75,2357.057943519015,2458.7048
M32495,cold_start,Industry,1905-03-01,1633.65,2469.2000611801673,2479.9578
M32495,cold_start,Industry,1905-04-01,1307.17,2012.1781736350908,2312.7576
M32495,cold_start,Industry,1905-05-01,1621.68,1619.471074846922,1797.7949
M32495,cold_start,Industry,1905-06-01,1307.17,1791.7929130355515,1720.7583
M32495,cold_start,Industry,1905-07-01,1606.23,1482.5474196442565,1530.4578
M32495,cold_start,Industry,1905-08-01,1631.28,1791.7929130355515,1695.7922
M3252,medium,Macro,1920-12-01,8830.069,8744.460311379513,8805.99
M3252,medium,Macro,1921-01-01,7615.614,8411.982221234959,8523.437
M3252,medium,Macro,1921-02-01,7233.457,7670.015391030081,7446.45
M3252,medium,Macro,1921-03-01,9503.964,7592.426897128344,7724.3105
M3252,medium,Macro,1921-04-01,8140.974,9221.954839697282,9174.231
M3252,medium,Macro,1921-05-01,9521.82,8462.019413249207,8348.955
M3252,medium,Macro,1921-06-01,7886.823,9278.191822263108,9211.426
M3252,medium,Macro,1921-07-01,8673.66,8160.636517697568,8253.547
M3252,medium,Macro,1921-08-01,9035.911,8626.729239131902,8742.75
M3252,medium,Macro,1921-09-01,9441.164,9133.919285364153,9090.559
M3252,medium,Macro,1921-10-01,7748.061,9191.18501948101,9313.379
M3252,medium,Macro,1921-11-01,8885.437,8183.51844662435,8353.044
M3252,medium,Macro,1921-12-01,9150.096,8809.740035953919,8985.724
M3252,medium,Macro,1922-01-01,9002.037,8954.344696388465,8898.75
M3252,medium,Macro,1922-02-01,7060.604,9102.89744738937,8939.942
M3252,medium,Macro,1922-03-01,8758.628,7927.334746490431,7948.379
M3252,medium,Macro,1922-04-01,9477.169,8599.806710292556,8816.596
M3252,medium,Macro,1922-05-01,8760.673,9616.679693408492,9600.023
M32676,short,Industry,1913-01-01,1550.0,1710.8434136395188,1709.3905
M32676,short,Industry,1913-02-01,1610.0,1609.3817435035266,1634.6582
M32676,short,Industry,1913-03-01,1580.0,1595.3365699084943,1645.5498
M32676,short,Industry,1913-04-01,1490.0,1604.4666150455696,1612.0187
M32676,short,Industry,1913-05-01,1480.0,1578.8682892528877,1554.509
M32676,short,Industry,1913-06-01,1450.0,1523.5690130418898,1534.9282
M32676,short,Industry,1913-07-01,1470.0,1518.6538845839327,1511.1941
M32676,short,Industry,1913-08-01,1430.0,1518.6538845839327,1509.9573
M32676,short,Industry,1913-09-01,1390.0,1490.6094827592974,1479.7009
M32676,short,Industry,1913-10-01,1370.0,1490.6094827592974,1457.1725
M32676,short,Industry,1913-11-01,1470.0,1437.2833159172192,1416.7898
M32676,short,Industry,1913-12-01,1500.0,1472.9589731492324,1466.396
M32676,short,Industry,1914-01-01,1500.0,1565.8614687993909,1497.4558
M32676,short,Industry,1914-02-01,1540.0,1549.1673388345716,1503.8115
M32676,short,Industry,1914-03-01,1560.0,1549.1673388345716,1536.0887
M32676,short,Industry,1914-04-01,1490.0,1531.3244654308403,1551.4261
M32676,short,Industry,1914-05-01,1540.0,1500.8110111802014,1527.0972
M32676,short,Industry,1914-06-01,1490.0,1531.3244654308403,1547.685
M32738,short,Industry,1906-02-01,1460.773603,1253.877923397058,1509.0706
M32738,short,Industry,1906-03-01,1586.355154,1421.0681448618668,1561.9482
M32738,short,Industry,1906-04-01,1306.010968,1483.5677907891481,1581.5352
M32738,short,Industry,1906-05-01,1481.837688,1483.8030184455417,1491.6959
M32738,short,Industry,1906-06-01,2143.860024,1612.5387572422876,1564.2688
M32738,short,Industry,1906-07-01,2671.007627,2089.9834325344464,2321.096
M32738,short,Industry,1906-08-01,2309.488911,2559.364269271976,2293.8186
M32738,short,Industry,1906-09-01,2255.932608,2252.6752610624594,2265.2737
M32738,short,Industry,1906-10-01,1893.520159,2222.065750191016,2208.8032
M32738,short,Industry,1906-11-01,1426.950525,1923.9333260320673,1978.4943
M32738,short,Industry,1906-12-01,1488.422821,1619.5349323116664,1733.0304
M32738,short,Industry,1907-01-01,1378.048804,1492.4722553385511,1491.9916
M32738,short,Industry,1907-02-01,1159.827574,1515.4547556786247,1477.633
M32738,short,Industry,1907-03-01,1783.54259,1330.6026280967014,1429.6672
M32738,short,Industry,1907-04-01,1583.523385,1724.6729447658206,1648.4419
M32738,short,Industry,1907-05-01,1912.640845,1641.6756692566119,1714.4862
M32738,short,Industry,1907-06-01,1778.09624,1956.508731844122,1957.0956
M32738,short,Industry,1907-07-01,2586.018065,1880.3221782608875,1917.7555
M32770,cold_start,Industry,1904-11-01,3203.0,3608.2762121326514,4072.7441
M32770,cold_start,Industry,1904-12-01,2133.0,4737.3279788999425,4925.233
M32770,cold_start,Industry,1905-01-01,2631.0,2664.992735906648,2765.021
M32770,cold_start,Industry,1905-02-01,1529.0,3380.8285691505616,3318.1104
M32770,cold_start,Industry,1905-03-01,265.0,2373.0109058037087,2763.7305
M32770,cold_start,Industry,1905-04-01,2080.0,763.0045003304512,1321.6115
M32770,cold_start,Industry,1905-05-01,2106.0,2269.89600653725,2583.841
M32770,cold_start,Industry,1905-06-01,1610.0,2652.5056541619647,2633.2014
M32770,cold_start,Industry,1905-07-01,1589.0,2439.1948930961635,2207.9067
M32770,cold_start,Industry,1905-08-01,1070.0,2050.705659874351,2039.1823
M32770,cold_start,Industry,1905-09-01,1525.0,1885.6525476406068,1973.3236
M32770,cold_start,Industry,1905-10-01,1565.0,1685.4049594929434,1701.3215
M32770,cold_start,Industry,1905-11-01,1444.0,1729.609791562732,1792.039
M32770,cold_start,Industry,1905-12-01,1147.0,1618.4329670204804,1573.5477
M32770,cold_start,Industry,1906-01-01,2485.0,1359.0332433986296,1569.0432
M32770,cold_start,Industry,1906-02-01,2022.0,2106.6134109673926,1939.9967
M32770,cold_start,Industry,1906-03-01,2458.0,1902.281266436933,1548.7717
M32770,cold_start,Industry,1906-04-01,2816.0,2575.0866445072934,2350.9695
M33122,cold_start,Industry,1904-10-01,5512.4,6189.860995690437,6204.259
M33122,cold_start,Industry,1904-11-01,6358.5,5762.21134568891,5828.6353
M33122,cold_start,Industry,1904-12-01,5610.0,6280.214728139387,6230.9854
M33122,cold_start,Industry,1905-01-01,5512.4,5770.217591437256,5716.1255
M33122,cold_start,Industry,1905-02-01,5561.5,5683.577255302863,5756.3315
M33122,cold_start,Industry,1905-03-01,5610.0,5496.564715323188,5625.216
M33122,cold_start,Industry,1905-04-01,5398.3,5730.331834471309,5642.6733
M33122,cold_start,Industry,1905-05-01,5205.6,5570.539327521932,5504.456
M33122,cold_start,Industry,1905-06-01,5398.3,5377.296434641131,5368.747
M33122,cold_start,Industry,1905-07-01,4766.1,5570.4838362933915,5456.9766
M33122,cold_start,Industry,1905-08-01,5205.6,5059.255565312694,5004.199
M33122,cold_start,Industry,1905-09-01,5534.5,5400.214466601837,5239.497
M33122,cold_start,Industry,1905-10-01,4766.1,5410.218995011617,5399.97
M33122,cold_start,Industry,1905-11-01,5469.0,5105.248533575201,5109.8364
M33122,cold_start,Industry,1905-12-01,5107.4,5472.281640223134,5402.6963
M33122,cold_start,Industry,1906-01-01,5469.0,5113.870892410299,5157.033
M33122,cold_start,Industry,1906-02-01,4858.9,5426.373825872148,5359.4653
M33122,cold_start,Industry,1906-03-01,5107.4,5127.777304203139,5032.569
M33419,cold_start,Industry,1904-10-01,4894.01,4947.363950366857,5027.161
M33419,cold_start,Industry,1904-11-01,5711.46,4914.769672653331,4883.213
M33419,cold_start,Industry,1904-12-01,5889.06,5774.968034812437,5457.558
M33419,cold_start,Industry,1905-01-01,6548.33,5575.038062861751,5538.7383
M33419,cold_start,Industry,1905-02-01,6359.03,6194.590131447975,6275.5156
M33419,cold_start,Industry,1905-03-01,6142.65,6260.037739251178,6239.3066
M33419,cold_start,Industry,1905-04-01,4814.7,6069.815943365705,6134.3164
M33419,cold_start,Industry,1905-05-01,5723.76,5259.453561737543,5317.622
M33419,cold_start,Industry,1905-06-01,5174.26,5495.829531332651,5548.1533
M33419,cold_start,Industry,1905-07-01,5217.38,5200.5989658151675,5451.0376
M33419,cold_start,Industry,1905-08-01,4867.71,5333.74316066789,5301.125
M33419,cold_start,Industry,1905-09-01,4050.39,5002.389024791956,5031.0835
M33419,cold_start,Industry,1905-10-01,5284.38,4397.337309676382,4428.605
M33419,cold_start,Industry,1905-11-01,5189.89,5365.549931072171,5168.008
M33419,cold_start,Industry,1905-12-01,5750.47,5379.088718894665,5253.7925
M33419,cold_start,Industry,1906-01-01,5441.41,5778.160979937814,5618.6895
M33419,cold_start,Industry,1906-02-01,5376.57,5649.482234608719,5490.979
M33419,cold_start,Industry,1906-03-01,6120.26,5450.653301351454,5391.33
M33440,short,Industry,1913-02-01,4529.4,3405.700456418245,3352.1755
M33440,short,Industry,1913-03-01,3371.1,4193.717525328039,4248.456
M33440,short,Industry,1913-04-01,3338.5,3483.818425423252,3317.1873
M33440,short,Industry,1913-05-01,1603.5,3475.823996244834,3381.1025
M33440,short,Industry,1913-06-01,5669.6,2094.4899482587425,2287.4597
M33440,short,Industry,1913-07-01,3043.1,4046.4883932487023,4076.3047
M33440,short,Industry,1913-08-01,3744.7,3233.9913877091444,3508.805
M33440,short,Industry,1913-09-01,2380.1,4134.405698439266,3861.6145
M33440,short,Industry,1913-10-01,2102.6,3427.811762791221,3219.1309
M33440,short,Industry,1913-11-01,2592.5,3311.2663111531224,3413.5693
M33440,short,Industry,1913-12-01,2685.9,3510.2556347687932,3512.172
M33440,short,Industry,1914-01-01,8086.7,2962.7660932743793,2763.8748
M33440,short,Industry,1914-02-01,3061.6,4315.383823962603,4849.0356
M33440,short,Industry,1914-03-01,6760.7,3813.8337293329655,3771.5967
M33440,short,Industry,1914-04-01,2445.9,4713.834118463245,4634.398
M33440,short,Industry,1914-05-01,2961.7,3636.757552444112,3592.4534
M33440,short,Industry,1914-06-01,7420.2,5631.714772583294,5510.106
M33440,short,Industry,1914-07-01,6002.0,4920.954871078515,5612.8804
M33767,short,Industry,1913-02-01,1150.945,1312.6886193584844,1324.7253
M33767,short,Industry,1913-03-01,1216.136,1191.1623737938528,1244.2834
M33767,short,Industry,1913-04-01,995.034,1242.4807143718479,1242.0596
M33767,short,Industry,1913-05-01,1102.821,1131.341690267886,1107.8585
M33767,short,Industry,1913-06-01,1229.95,1119.8141431846543,1143.0571
M33767,short,Industry,1913-07-01,1306.807,1282.1689919231485,1230.1841
M33767,short,Industry,1913-08-01,1292.555,1242.6263106607844,1273.0183
M33767,short,Industry,1913-09-01,1151.455,1237.7111822028273,1289.4224
M33767,short,Industry,1913-10-01,1090.936,1162.4868128303567,1194.3795
M33767,short,Industry,1913-11-01,1167.993,1178.1992621863603,1176.747
M33767,short,Industry,1913-12-01,1133.534,1160.433407610757,1153.805
M33767,short,Industry,1914-01-01,1122.478,1182.4593937756908,1156.0789
M33767,short,Industry,1914-02-01,1164.819,1154.967942912825,1147.3081
M33767,short,Industry,1914-03-01,1068.011,1157.7172806613362,1161.7892
M33767,short,Industry,1914-04-01,859.975,1134.8144149018203,1131.0519
M33767,short,Industry,1914-05-01,1020.89,990.1320714515117,1018.63165
M33767,short,Industry,1914-06-01,1080.934,1076.5576259831885,1065.8071
M33767,short,Industry,1914-07-01,1119.886,1106.8510315771618,1103.0001
M3405,long_history,Macro,1928-01-01,5026.944849,5382.605827819346,5098.6963
M3405,long_history,Macro,1928-02-01,5323.157704,5791.610326557728,5118.6
M3405,long_history,Macro,1928-03-01,5260.865783,5894.2274247323585,5188.6855
M3405,long_history,Macro,1928-04-01,5328.736513,5694.26533815669,5162.6895
M3405,long_history,Macro,1928-05-01,5363.794543,5739.477727435169,5207.454
M3405,long_history,Macro,1928-06-01,5333.74023,5761.569828523515,5219.1655
M3405,long_history,Macro,1928-07-01,5337.104588,5739.477727435169,5231.6606
M3405,long_history,Macro,1928-08-01,5198.209896,5739.477727435169,5285.421
M3405,long_history,Macro,1928-09-01,5407.402908,5599.153253682055,5249.6045
M3405,long_history,Macro,1928-10-01,5236.322541,5864.012704146388,5519.4907
M3405,long_history,Macro,1928-11-01,5279.244313,5694.26533815669,5376.4697
M3405,long_history,Macro,1928-12-01,5040.896162,5703.786554141712,5439.5083
M3405,long_history,Macro,1929-01-01,5227.476584,5527.235462879912,5255.778
M3405,long_history,Macro,1929-02-01,5268.864834,5931.934800310842,5308.7285
M3405,long_history,Macro,1929-03-01,5485.507167,5694.26533815669,5289.595
M3405,long_history,Macro,1929-04-01,5296.315131,5864.012704146388,5382.6597
M3405,long_history,Macro,1929-05-01,5356.630796,5739.477727435169,5331.6313
M3405,long_history,Macro,1929-06-01,5401.72976,5797.261001816972,5273.092
M3419,medium,Macro,1922-08-01,6698.64176,6718.456510773983,6773.637
M3419,medium,Macro,1922-09-01,6652.44421,6696.6831150088565,6732.946
M3419,medium,Macro,1922-10-01,6675.10644,6691.7679865509,6721.5938
M3419,medium,Macro,1922-11-01,6697.23064,6691.7679865509,6721.02
M3419,medium,Macro,1922-12-01,6678.29262,6694.484113500321,6723.293
M3419,medium,Macro,1923-01-01,6731.29313,6648.264122711028,6638.3667
M3419,medium,Macro,1923-02-01,6731.84322,6664.636737836251,6686.517
M3419,medium,Macro,1923-03-01,6757.21672,6691.7679865509,6747.6064
M3419,medium,Macro,1923-04-01,6735.20778,6691.7679865509,6747.086
M3419,medium,Macro,1923-05-01,6811.47601,6691.7679865509,6748.128
M3419,medium,Macro,1923-06-01,6852.28102,6809.498103738122,6778.5845
M3419,medium,Macro,1923-07-01,6776.12595,6836.186627961205,6830.129
M3419,medium,Macro,1923-08-01,6892.38188,6831.271499503248,6818.752
M3419,medium,Macro,1923-09-01,6854.21809,6836.186627961205,6838.816
M3419,medium,Macro,1923-10-01,6761.49185,6836.186627961205,6838.479
M3419,medium,Macro,1923-11-01,6884.72774,6718.456510773983,6820.01
M3419,medium,Macro,1923-12-01,6825.25104,6817.1293591455,6839.9985
M3419,medium,Macro,1924-01-01,6834.86871,6770.909368356207,6709.5938
M3423,medium,Macro,1922-08-01,6049.80659,5986.8094478108815,5996.773
M3423,medium,Macro,1922-09-01,6008.38546,6058.606606831615,6012.683
M3423,medium,Macro,1922-10-01,5999.86231,5981.894319352925,6011.9526
M3423,medium,Macro,1922-11-01,6049.78916,5981.894319352925,6000.8345
M3423,medium,Macro,1922-12-01,6032.67038,6061.322733781036,6007.345
M3423,medium,Macro,1923-01-01,6093.94678,6027.1179546946305,5961.1772
M3423,medium,Macro,1923-02-01,6053.30881,6044.788389508267,6066.775
M3423,medium,Macro,1923-03-01,6080.72947,6058.606606831615,6029.3384
M3423,medium,Macro,1923-04-01,6050.37423,6094.48217759236,6054.62
M3423,medium,Macro,1923-05-01,6045.84255,6066.572680428393,6012.1685
M3423,medium,Macro,1923-06-01,6151.06714,6058.606606831615,6018.707
M3423,medium,Macro,1923-07-01,6003.25739,6144.146948788274,6126.927
M3423,medium,Macro,1923-08-01,6168.53963,6028.998222194979,6041.198
M3423,medium,Macro,1923-09-01,6131.16307,6213.638239772113,6128.9385
M3423,medium,Macro,1923-10-01,6045.52796,6144.146948788274,6113.4336
M3423,medium,Macro,1923-11-01,6143.45704,6105.710509673669,6049.075
M3423,medium,Macro,1923-12-01,6103.34393,6153.176279361047,6134.267
M3423,medium,Macro,1924-01-01,6051.01731,6114.056371816685,6072.386
M34365,cold_start,Industry,1905-01-01,2248.82,2347.322101212137,2645.6765
M34365,cold_start,Industry,1905-02-01,2350.76,2575.5220580719456,2756.0261
M34365,cold_start,Industry,1905-03-01,1925.07,2578.4318201386754,2452.387
M34365,cold_start,Industry,1905-04-01,2998.04,2238.4367024596995,2249.8096
M34365,cold_start,Industry,1905-05-01,2286.25,2884.331443263019,2628.4119
M34365,cold_start,Industry,1905-06-01,2998.04,2483.6664219288305,2563.5317
M34365,cold_start,Industry,1905-07-01,2398.75,3033.5849584655657,3555.713
M34365,cold_start,Industry,1905-08-01,2286.25,2492.8469812921676,2540.8628
M34365,cold_start,Industry,1905-09-01,2823.35,2520.1489419618533,2531.2825
M34365,cold_start,Industry,1905-10-01,2398.75,2811.2878588999406,2693.012
M34365,cold_start,Industry,1905-11-01,2710.77,2559.931733868095,2537.4138
M34365,cold_start,Industry,1905-12-01,2416.12,2738.7510872323865,2708.4592
M34365,cold_start,Industry,1906-01-01,2710.77,2471.01828786536,2493.057
M34365,cold_start,Industry,1906-02-01,2377.48,2692.8212353798403,2706.7617
M34365,cold_start,Industry,1906-03-01,2416.12,2433.4635659200485,2447.702
M34365,cold_start,Industry,1906-04-01,2719.82,2465.818395930391,2499.0986
M34365,cold_start,Industry,1906-05-01,2377.48,2692.8212353798403,2713.6562
M34365,cold_start,Industry,1906-06-01,1993.94,2471.01828786536,2482.9868
M34482,short,Industry,1905-06-01,9987.017,9058.387774222196,9185.19
M34482,short,Industry,1905-07-01,7983.295,9978.14496005742,9808.191
M34482,short,Industry,1905-08-01,8979.311,8473.411480241415,8466.277
M34482,short,Industry,1905-09-01,10938.306,9114.760395610294,8986.097
M34482,short,Industry,1905-10-01,7983.295,9971.773771406768,10145.485
M34482,short,Industry,1905-11-01,8501.423,8741.248397788624,8594.495
M34482,short,Industry,1905-12-01,9604.326,9430.998961500827,8936.322
M34482,short,Industry,1906-01-01,8501.423,9126.338002951978,9186.459
M34482,short,Industry,1906-02-01,5813.451,8564.120333085662,8710.994
M34482,short,Industry,1906-03-01,9604.326,7659.7100396873875,7170.7334
M34482,short,Industry,1906-04-01,10168.217,9035.854302876001,8966.754
M34482,short,Industry,1906-05-01,5813.451,9576.979324762318,9638.969
M34482,short,Industry,1906-06-01,6657.523,8286.17666321668,7117.4985
M34482,short,Industry,1906-07-01,7269.583,7958.653852387113,7278.6196
M34482,short,Industry,1906-08-01,6665.281,7681.356359428417,7551.207
M34482,short,Industry,1906-09-01,6307.157,7440.075275087549,7246.556
M34482,short,Industry,1906-10-01,7229.434,7100.933226033857,6796.162
M34482,short,Industry,1906-11-01,8320.063,7463.860300195663,7318.8794
M34506,short,Industry,1905-05-01,958.06,764.3957032555401,853.21387
M34506,short,Industry,1905-06-01,745.37,950.1355758477605,940.02325
M34506,short,Industry,1905-07-01,1171.2,750.8940013085105,844.67926
M34506,short,Industry,1905-08-01,958.06,1083.948165817646,1079.9479
M34506,short,Industry,1905-09-01,1097.95,1045.9134489936428,1026.446
M34506,short,Industry,1905-10-01,1171.2,1070.4464638706163,1061.6699
M34506,short,Industry,1905-11-01,887.17,1139.7295433597774,1137.3878
M34506,short,Industry,1905-12-01,1135.67,1035.127873996034,1029.6333
M34506,short,Industry,1906-01-01,887.17,1082.2254653774785,1120.1133
M34506,short,Industry,1906-02-01,743.02,1045.9134489936428,1025.0253
M34506,short,Industry,1906-03-01,1135.67,813.793362671777,951.306
M34506,short,Industry,1906-04-01,957.21,1070.4464638706163,1067.7539
M34506,short,Industry,1906-05-01,743.02,1045.9134489936428,1026.8138
M34506,short,Industry,1906-06-01,917.98,813.793362671777,931.1342
M34506,short,Industry,1906-07-01,749.68,934.4231264917569,970.1894
M34506,short,Industry,1906-08-01,918.25,764.3957032555401,868.2776
M34506,short,Industry,1906-09-01,658.52,927.2327100882446,991.3047
M34506,short,Industry,1906-10-01,749.64,771.5861196590523,851.7062
M3461,medium,Macro,1919-11-01,5160.63252,5182.438205133648,5261.494
M3461,medium,Macro,1919-12-01,4697.56405,5163.601787365116,5242.79
M3461,medium,Macro,1920-01-01,4889.101,4890.6172670162,4777.408
M3461,medium,Macro,1920-02-01,5468.48797,4994.006967207006,4915.2256
M3461,medium,Macro,1920-03-01,4954.11281,5373.9224058455375,5237.684
M3461,medium,Macro,1920-04-01,5084.08111,5045.942298765197,5089.4263
M3461,medium,Macro,1920-05-01,6166.21743,5154.2753446596835,5110.7197
M3461,medium,Macro,1920-06-01,6446.61313,5746.812460550059,5633.97
M3461,medium,Macro,1920-07-01,6001.76159,5945.521151546259,6106.892
M3461,medium,Macro,1920-08-01,5728.48268,5851.749745989127,5966.7866
M3461,medium,Macro,1920-09-01,6515.76736,5759.377055561753,5815.442
M3461,medium,Macro,1920-10-01,6541.80565,6316.173352401445,6241.992
M3461,medium,Macro,1920-11-01,5503.08762,6330.565829278366,6340.817
M3461,medium,Macro,1920-12-01,5063.60168,5756.574382791623,5659.1587
M3461,medium,Macro,1921-01-01,5822.58316,5247.039583965151,5438.687
M3461,medium,Macro,1921-02-01,5855.2455,5618.411385383398,5654.25
M3461,medium,Macro,1921-03-01,5447.81752,5667.319218937911,5719.2534
M3461,medium,Macro,1921-04-01,5488.2563,5588.689656052714,5570.756
M34646,cold_start,Industry,1904-04-01,1704.0,2115.513054462419,2020.4913
M34646,cold_start,Industry,1904-05-01,3466.0,1826.7978034849266,1858.718
M34646,cold_start,Industry,1904-06-01,1991.0,3007.8948053161644,2720.0928
M34646,cold_start,Industry,1904-07-01,1753.0,2054.9788316084932,2321.8916
M34646,cold_start,Industry,1904-08-01,3466.0,2346.426796055165,2197.7517
M34646,cold_start,Industry,1904-09-01,1168.0,2803.7051369452242,3070.1526
M34646,cold_start,Industry,1904-10-01,2561.0,1544.458011356809,2469.05
M34646,cold_start,Industry,1904-11-01,1168.0,2944.294619855546,2495.2346
M34646,cold_start,Industry,1904-12-01,2711.0,1330.9840404701322,1885.817
M34646,cold_start,Industry,1905-01-01,2561.0,2797.7653706992987,2399.2068
M34646,cold_start,Industry,1905-02-01,1183.0,2318.35879781538,2509.5535
M34646,cold_start,Industry,1905-03-01,2711.0,1767.5345925475892,1967.5709
M34646,cold_start,Industry,1905-04-01,2857.0,2311.150246129093,2363.0986
M34646,cold_start,Industry,1905-05-01,1396.0,2641.6479722562076,2803.202
M34646,cold_start,Industry,1905-06-01,2857.0,1730.7298185267566,1710.951
M34646,cold_start,Industry,1905-07-01,2246.0,2507.3144176707788,2280.3665
M34646,cold_start,Industry,1905-08-01,1396.0,2577.5823204189132,2524.7644
M34646,cold_start,Industry,1905-09-01,1985.0,1486.1255635331354,1519.1147
M34707,cold_start,Industry,1904-03-01,983.533,738.379952053297,1062.4772
M34707,cold_start,Industry,1904-04-01,696.699,971.8334022037438,1044.1434
M34707,cold_start,Industry,1904-05-01,928.245,849.475341972551,1010.8792
M34707,cold_start,Industry,1904-06-01,983.533,971.2948118642067,1078.5457
M34707,cold_start,Industry,1904-07-01,2029.417,1014.7549559294694,1084.8098
M34707,cold_start,Industry,1904-08-01,928.245,1793.4125744244418,1472.2533
M34707,cold_start,Industry,1904-09-01,563.869,1313.9015317072174,1499.4124
M34707,cold_start,Industry,1904-10-01,1475.849,654.1303488289406,974.2336
M34707,cold_start,Industry,1904-11-01,563.869,1272.309249446746,1326.4443
M34707,cold_start,Industry,1904-12-01,707.238,937.9345702493841,1128.5056
M34707,cold_start,Industry,1905-01-01,1475.849,890.892425222519,1051.0974
M34707,cold_start,Industry,1905-02-01,1864.932,1260.2460411157554,1720.3105
M34707,cold_start,Industry,1905-03-01,707.238,1630.2757543339249,1484.8807
M34707,cold_start,Industry,1905-04-01,905.161,1083.6760639303318,1086.013
M34707,cold_start,Industry,1905-05-01,2509.606,1015.6622481160357,1240.2654
M34707,cold_start,Industry,1905-06-01,905.161,1824.9037903758378,1799.4625
M34707,cold_start,Industry,1905-07-01,338.377,1491.3935924631419,1756.0369
M34707,cold_start,Industry,1905-08-01,2509.606,498.12019139422546,853.3947
M34747,short,Industry,1905-05-01,3767.934,3221.722449639708,3277.6106
M34747,short,Industry,1905-06-01,3172.231,3559.516049019609,3635.3313
M34747,short,Industry,1905-07-01,3098.428,3307.9411623519077,3346.4102
M34747,short,Industry,1905-08-01,3767.934,3221.722449639708,3245.9785
M34747,short,Industry,1905-09-01,3851.688,3612.982331077817,3570.3071
M34747,short,Industry,1905-10-01,3098.428,3734.4231151564272,3774.4087
M34747,short,Industry,1905-11-01,3108.256,3327.0550466011377,3406.601
M34747,short,Industry,1905-12-01,3526.305,3224.438576589129,3303.5618
M34747,short,Industry,1906-01-01,3108.256,3542.8108264051057,3439.4512
M34747,short,Industry,1906-02-01,2666.911,3307.9411623519077,3310.308
M34747,short,Industry,1906-03-01,3526.305,2815.5829109657298,2973.3936
M34747,short,Industry,1906-04-01,3821.331,3436.877766709726,3362.5532
M34747,short,Industry,1906-05-01,2666.911,3564.574691582183,3697.247
M34747,short,Industry,1906-06-01,2358.382,2945.3432139994015,3133.2607
M34747,short,Industry,1906-07-01,2960.239,2671.7557140602603,2781.839
M34747,short,Industry,1906-08-01,2358.382,3092.524711887195,3060.7751
M34747,short,Industry,1906-09-01,3447.733,2702.625078739793,2654.594
M34747,short,Industry,1906-10-01,2960.239,3393.4444524277437,3275.2273
M34779,cold_start,Industry,1904-03-01,1351.347,1917.0830555165837,1886.283
M34779,cold_start,Industry,1904-04-01,1889.438,1598.2464837495772,1635.427
M34779,cold_start,Industry,1904-05-01,2094.451,1904.9489366844116,1889.21
M34779,cold_start,Industry,1904-06-01,1351.347,2039.8768489312274,1997.5398
M34779,cold_start,Industry,1904-07-01,1962.686,1656.5019092231485,1699.3898
M34779,cold_start,Industry,1904-08-01,2094.451,1975.2511272099437,1909.5212
M34779,cold_start,Industry,1904-09-01,1930.11,2030.7821386297876,1964.9615
M34779,cold_start,Industry,1904-10-01,2105.575,1976.9280390477036,1966.1213
M34779,cold_start,Industry,1904-11-01,1930.11,2071.574549759638,2091.2146
M34779,cold_start,Industry,1904-12-01,1797.778,1990.3822759622517,1992.1393
M34779,cold_start,Industry,1905-01-01,2105.575,1844.0939246722965,1885.362
M34779,cold_start,Industry,1905-02-01,1854.469,2002.2313809657057,2044.5802
M34779,cold_start,Industry,1905-03-01,1797.778,1821.795918894993,1890.1439
M34779,cold_start,Industry,1905-04-01,1937.16,1825.5928589281598,1892.3711
M34779,cold_start,Industry,1905-05-01,1878.617,1962.7715061540105,1950.8568
M34779,cold_start,Industry,1905-06-01,1937.16,1872.8923476668276,1853.233
M34779,cold_start,Industry,1905-07-01,1578.881,1929.6281012610286,1949.1157
M34779,cold_start,Industry,1905-08-01,1878.617,1705.977065330204,1775.5746
M34786,cold_start,Industry,1905-01-01,4787.0,4054.8358014853966,3900.84
M34786,cold_start,Industry,1905-02-01,5575.0,4258.205640072014,3915.9424
M34786,cold_start,Industry,1905-03-01,4515.0,5494.164922486044,5390.3535
M34786,cold_start,Industry,1905-04-01,4959.0,4666.561595551975,4784.12
M34786,cold_start,Industry,1905-05-01,4868.0,4724.0625085602505,4916.7085
M34786,cold_start,Industry,1905-06-01,3353.0,4815.284083578,4823.5415
M34786,cold_start,Industry,1905-07-01,3899.0,3855.639102799533,3803.8684
M34786,cold_start,Industry,1905-08-01,3091.0,3838.2139617934217,3770.3223
M34786,cold_start,Industry,1905-09-01,2727.0,3396.196120975638,3688.998
M34786,cold_start,Industry,1905-10-01,2091.0,3219.7636998165426,3252.457
M34786,cold_start,Industry,1905-11-01,1091.0,2931.6038580919817,2662.6597
M34786,cold_start,Industry,1905-12-01,3616.0,2058.875765511454,2534.2468
M34786,cold_start,Industry,1906-01-01,4101.0,3075.56611799841,2664.028
M34786,cold_start,Industry,1906-02-01,2969.0,3440.6655389590487,3646.6113
M34786,cold_start,Industry,1906-03-01,5222.0,3277.663413986939,3552.511
M34786,cold_start,Industry,1906-04-01,4606.0,4334.708217369913,3882.3818
M34786,cold_start,Industry,1906-05-01,3939.0,4128.260602315705,4142.335
M34786,cold_start,Industry,1906-06-01,3363.0,4179.21654486231,4031.674
M34820,medium,Industry,1919-12-01,2610.0,3117.7438836297906,5687.5166
M34820,medium,Industry,1920-01-01,2620.0,2816.9174745029136,2608.9822
M34820,medium,Industry,1920-02-01,2620.0,2648.745830483261,2691.146
M34820,medium,Industry,1920-03-01,2620.0,2648.745830483261,2663.7258
M34820,medium,Industry,1920-04-01,2620.0,2702.5848468465433,2602.4143
M34820,medium,Industry,1920-05-01,2620.0,2702.5848468465433,2602.4143
M34820,medium,Industry,1920-06-01,2620.0,2702.5848468465433,2627.5862
M34820,medium,Industry,1920-07-01,2620.0,2824.2785709809286,2669.5303
M34820,medium,Industry,1920-08-01,2620.0,2824.2785709809286,2669.9358
M34820,medium,Industry,1920-09-01,2620.0,2935.641816949527,2670.1436
M34820,medium,Industry,1920-10-01,2620.0,2935.641816949527,2783.4094
M34820,medium,Industry,1920-11-01,2620.0,2935.641816949527,3496.3433
M34820,medium,Industry,1920-12-01,2620.0,3117.7438836297906,5671.607
M34820,medium,Industry,1921-01-01,2670.0,2816.9174745029136,2688.1982
M34820,medium,Industry,1921-02-01,2670.0,2738.7121316513976,2665.7556
M34820,medium,Industry,1921-03-01,2670.0,2743.9120235863666,2673.514
M34820,medium,Industry,1921-04-01,2670.0,2797.7510399496487,2634.9968
M34820,medium,Industry,1921-05-01,2670.0,2797.7510399496487,2634.9968
M34886,short,Industry,1907-11-01,1717.958,2327.1345042366806,2063.45
M34886,short,Industry,1907-12-01,1267.453,2127.949110406467,2126.6848
M34886,short,Industry,1908-01-01,1278.58,1537.1914828427066,1670.101
M34886,short,Industry,1908-02-01,1960.523,1489.6245581212365,1661.535
M34886,short,Industry,1908-03-01,2504.723,2175.704743402511,2068.2688
M34886,short,Industry,1908-04-01,2594.023,2541.053501801947,2414.1125
M34886,short,Industry,1908-05-01,4435.15,2724.7051197011324,2685.4043
M34886,short,Industry,1908-06-01,4587.27,3306.8616467587917,3457.613
M34886,short,Industry,1908-07-01,3371.22,3635.6752012984603,3745.7334
M34886,short,Industry,1908-08-01,3368.059,3689.861696030252,3577.8755
M34886,short,Industry,1908-09-01,2345.445,3409.3442383281385,3311.1108
M34886,short,Industry,1908-10-01,2612.374,2989.0277886696936,3063.2969
M34886,short,Industry,1908-11-01,1312.08,3095.1211415920193,2809.5933
M34886,short,Industry,1908-12-01,2282.553,1628.418499288021,2481.2988
M34886,short,Industry,1909-01-01,1144.172,2196.3271570693455,2375.5498
M34886,short,Industry,1909-02-01,1728.251,1573.82666993245,1732.347
M34886,short,Industry,1909-03-01,2519.831,1982.2058055442205,2122.475
M34886,short,Industry,1909-04-01,3708.828,2369.3805827235487,2471.5012
M34888,cold_start,Industry,1905-01-01,3466.0562,3169.9215586533287,3120.139
M34888,cold_start,Industry,1905-02-01,2797.89,3180.9801828505724,3126.333
M34888,cold_start,Industry,1905-03-01,1841.0774,3113.634697010736,3203.4346
M34888,cold_start,Industry,1905-04-01,2204.8389,2699.864791801247,2535.2686
M34888,cold_start,Industry,1905-05-01,3742.141,2803.4806534742156,2868.8987
M34888,cold_start,Industry,1905-06-01,3658.9528,3199.290226939048,3245.4265
M34888,cold_start,Industry,1905-07-01,4449.174,3464.209471925923,3407.4617
M34888,cold_start,Industry,1905-08-01,4581.4813,4280.106545853352,4283.777
M34888,cold_start,Industry,1905-09-01,4152.8763,4222.909088625305,4458.6606
M34888,cold_start,Industry,1905-10-01,3917.951,4300.505388335671,4211.8784
M34888,cold_start,Industry,1905-11-01,2372.9445,3760.816790926574,3947.209
M34888,cold_start,Industry,1905-12-01,2654.3515,3057.1300064898023,3475.0916
M34888,cold_start,Industry,1906-01-01,4097.6084,3331.1465262719807,3230.982
M34888,cold_start,Industry,1906-02-01,3336.3769,3340.5974915086185,3228.254
M34888,cold_start,Industry,1906-03-01,3143.4635,3319.369902950618,3267.974
M34888,cold_start,Industry,1906-04-01,3770.5792,3222.0944585814946,3310.0278
M34888,cold_start,Industry,1906-05-01,3433.4437,3643.7792880017896,3685.8044
M34888,cold_start,Industry,1906-06-01,3130.112,3568.8314580818032,3566.8555
M34989,short,Industry,1905-05-01,2577.1506,2547.3508077749907,2540.611
M34989,short,Industry,1905-06-01,2560.846,2551.608960351832,2589.2246
M34989,short,Industry,1905-07-01,2907.4165,2551.608960351832,2589.237
M34989,short,Industry,1905-08-01,2577.1506,2866.5743403702036,2758.5583
M34989,short,Industry,1905-09-01,2539.6769,2666.994579568302,2641.2527
M34989,short,Industry,1905-10-01,2907.4165,2600.224623662206,2541.3687
M34989,short,Industry,1905-11-01,3057.1407,2907.9380129498372,2762.6885
M34989,short,Industry,1905-12-01,2973.7893,3110.2407328923255,2987.6663
M34989,short,Industry,1906-01-01,3057.1407,2902.1646532858294,2984.2053
M34989,short,Industry,1906-02-01,3099.8505,3098.356864900136,3043.6672
M34989,short,Industry,1906-03-01,2973.7893,3085.695912516097,3088.523
M34989,short,Industry,1906-04-01,3288.0221,2913.137904884806,3001.1167
M34989,short,Industry,1906-05-01,3099.8505,3266.6215851564843,3213.566
M34989,short,Industry,1906-06-01,2861.6539,3144.419146335616,3140.0503
M34989,short,Industry,1906-07-01,2680.3662,2865.861974661718,2973.9546
M34989,short,Industry,1906-08-01,2854.8546,2777.9750568258014,2798.5347
M34989,short,Industry,1906-09-01,3050.8178,2814.6191089247764,2831.7144
M34989,short,Industry,1906-10-01,2812.1127,3077.5621838239817,3025.4194
M35117,short,Industry,1913-02-01,10372.5993,11592.071368152645,11466.981
M35117,short,Industry,1913-03-01,12181.2076,10953.872286770173,10631.682
M35117,short,Industry,1913-04-01,12267.4332,11625.615743958771,11630.876
M35117,short,Industry,1913-05-01,10283.405,11531.415871509174,11853.415
M35117,short,Industry,1913-06-01,9007.5447,10226.381837543635,10789.067
M35117,short,Industry,1913-07-01,8667.4782,9420.08755040862,9452.705
M35117,short,Industry,1913-08-01,6703.946,8460.025634559126,8692.546
M35117,short,Industry,1913-09-01,8468.6707,7131.429619577864,8581.572
M35117,short,Industry,1913-10-01,7052.5424,8807.517591946804,8811.538
M35117,short,Industry,1913-11-01,8693.7813,8792.77414811172,7734.678
M35117,short,Industry,1913-12-01,8803.9152,9472.962922071238,9061.055
M35117,short,Industry,1914-01-01,11634.4661,8842.875045787063,9053.711
M35117,short,Industry,1914-02-01,10857.0574,10499.774404241467,10640.987
M35117,short,Industry,1914-03-01,11483.5863,11019.37846996233,11218.411
M35117,short,Industry,1914-04-01,10751.0453,11634.909098711341,11593.112
M35117,short,Industry,1914-05-01,10990.4837,10559.844309532506,10808.244
M35117,short,Industry,1914-06-01,8200.6352,10487.759605114614,10612.913
M35117,short,Industry,1914-07-01,7843.8814,8802.741236511114,9411.606
M35195,short,Industry,1906-02-01,5481.0,5434.877513440028,5485.447
M35195,short,Industry,1906-03-01,5574.0,5488.782554202278,5452.322
M35195,short,Industry,1906-04-01,5520.0,5553.367281251093,5527.5625
M35195,short,Industry,1906-05-01,5499.0,5488.782554202278,5532.6787
M35195,short,Industry,1906-06-01,5495.0,5488.782554202278,5480.278
M35195,short,Industry,1906-07-01,5485.0,5488.782554202278,5473.7485
M35195,short,Industry,1906-08-01,5490.0,5488.782554202278,5470.3706
M35195,short,Industry,1906-09-01,5562.0,5488.782554202278,5478.0464
M35195,short,Industry,1906-10-01,5366.0,5488.782554202278,5534.3315
M35195,short,Industry,1906-11-01,5389.0,5426.945980330818,5436.793
M35195,short,Industry,1906-12-01,5448.0,5429.662107280239,5443.7417
M35195,short,Industry,1907-01-01,5492.0,5457.293902065294,5390.9316
M35195,short,Industry,1907-02-01,5480.0,5486.192668960239,5435.97
M35195,short,Industry,1907-03-01,5488.0,5475.755337179244,5460.26
M35195,short,Industry,1907-04-01,5357.0,5442.382527140025,5463.329
M35195,short,Industry,1907-05-01,5398.0,5380.5459532685645,5409.02
M35195,short,Industry,1907-06-01,5300.0,5447.297655597981,5430.9087
M35195,short,Industry,1907-07-01,5192.0,5317.847550428805,5360.022
M35361,medium,Industry,1917-09-01,784.0,750.8940013085105,828.8462
M35361,medium,Industry,1917-10-01,918.0,831.0023747995987,893.3528
M35361,medium,Industry,1917-11-01,905.0,913.731008141215,936.2788
M35361,medium,Industry,1917-12-01,965.0,929.9488370376655,955.28235
M35361,medium,Industry,1918-01-01,1014.0,996.9959445004168,1041.5575
M35361,medium,Industry,1918-02-01,882.0,1026.1926334117165,1065.9423
M35361,medium,Industry,1918-03-01,1005.0,990.1320714515117,970.6569
M35361,medium,Industry,1918-04-01,1047.0,1026.1926334117165,970.54926
M35361,medium,Industry,1918-05-01,1158.0,1083.948165817646,1052.255
M35361,medium,Industry,1918-06-01,977.0,1070.4464638706163,1095.8099
M35361,medium,Industry,1918-07-01,959.0,1032.411747046613,1036.3069
M35361,medium,Industry,1918-08-01,897.0,976.6303695044821,996.1862
M35361,medium,Industry,1918-09-01,913.0,971.7152410465252,954.49396
M35361,medium,Industry,1918-10-01,1020.0,971.7152410465252,972.3231
M35361,medium,Industry,1918-11-01,1043.0,1040.153058276643,1031.6952
M35361,medium,Industry,1918-12-01,1084.0,1086.6642927670669,1052.2449
M35361,medium,Industry,1919-01-01,1080.0,1090.8120388665511,1096.989
M35361,medium,Industry,1919-02-01,1015.0,1065.5313354126592,1084.4948
M35463,medium,Industry,1918-09-01,10650.0,10591.455994093447,10559.417
M35463,medium,Industry,1918-10-01,10670.0,10591.455994093447,10560.932
M35463,medium,Industry,1918-11-01,10680.0,10591.455994093447,10581.164
M35463,medium,Industry,1918-12-01,10700.0,10602.318116951812,10580.942
M35463,medium,Industry,1919-01-01,10760.0,10312.810747029771,10566.839
M35463,medium,Industry,1919-02-01,10730.0,10641.55042146172,10720.036
M35463,medium,Industry,1919-03-01,10850.0,10641.55042146172,10777.31
M35463,medium,Industry,1919-04-01,10850.0,10646.465549919676,10760.941
M35463,medium,Industry,1919-05-01,10800.0,10646.465549919676,10760.074
M35463,medium,Industry,1919-06-01,10780.0,10641.55042146172,10756.046
M35463,medium,Industry,1919-07-01,10740.0,10621.71519362889,10751.865
M35463,medium,Industry,1919-08-01,10740.0,10621.71519362889,10790.291
M35463,medium,Industry,1919-09-01,10770.0,10621.71519362889,10790.156
M35463,medium,Industry,1919-10-01,10780.0,10822.621627503902,10799.437
M35463,medium,Industry,1919-11-01,11770.0,10822.621627503902,10820.416
M35463,medium,Industry,1919-12-01,11790.0,11470.095697918048,11427.427
M35463,medium,Industry,1920-01-01,12050.0,11365.396408702898,11495.756
M35463,medium,Industry,1920-02-01,12410.0,12008.697772437214,12094.153
M3574,medium,Macro,1919-11-01,6673.06177,6905.2922416725905,6957.807
M3574,medium,Macro,1919-12-01,6319.75086,6899.65962586479,6872.5957
M3574,medium,Macro,1920-01-01,6993.07362,6827.1920129573955,6382.1104
M3574,medium,Macro,1920-02-01,7085.75469,7076.2661743699755,6765.9575
M3574,medium,Macro,1920-03-01,7971.41016,7109.912725280268,7164.0146
M3574,medium,Macro,1920-04-01,8001.70311,7858.334227992126,7766.723
M3574,medium,Macro,1920-05-01,7679.28138,7877.720315603196,7913.9033
M3574,medium,Macro,1920-06-01,8976.12452,7846.863512141638,7770.347
M3574,medium,Macro,1920-07-01,8953.64552,8823.366415473314,8660.227
M3574,medium,Macro,1920-08-01,7810.99741,8861.629956338873,8682.782
M3574,medium,Macro,1920-09-01,7324.65614,7786.254436805498,7712.0757
M3574,medium,Macro,1920-10-01,6847.20585,7316.600995261297,7471.6245
M3574,medium,Macro,1920-11-01,6208.75229,6940.825670514118,7024.5703
M3574,medium,Macro,1920-12-01,6931.74007,6684.5170023111095,6768.963
M3574,medium,Macro,1921-01-01,7034.0934,7074.336894822954,6682.8755
M3574,medium,Macro,1921-02-01,7304.32239,6954.003761065707,6918.918
M3574,medium,Macro,1921-03-01,7252.40399,7419.936218197601,7407.895
M3574,medium,Macro,1921-04-01,7956.05687,7540.4335391711365,7401.2085
M35810,medium,Industry,1916-09-01,10500.0,10856.537981995823,10675.896
M35810,medium,Industry,1916-10-01,10500.0,10834.412511152495,10546.61
M35810,medium,Industry,1916-11-01,10400.0,10834.412511152495,10537.584
M35810,medium,Industry,1916-12-01,10600.0,10645.062567946075,10534.376
M35810,medium,Industry,1917-01-01,10400.0,10562.176899170396,10554.972
M35810,medium,Industry,1917-02-01,10100.0,10719.150428088069,10573.69
M35810,medium,Industry,1917-03-01,10100.0,10124.465624240791,10360.046
M35810,medium,Industry,1917-04-01,10200.0,10068.332647803385,10270.155
M35810,medium,Industry,1917-05-01,10200.0,10156.617336617097,10295.974
M35810,medium,Industry,1917-06-01,10000.0,10202.037037380107,10311.474
M35810,medium,Industry,1917-07-01,9700.0,10113.752348566395,10119.672
M35810,medium,Industry,1917-08-01,9700.0,9892.912178489763,9875.911
M35810,medium,Industry,1917-09-01,9900.0,9825.962906444027,9794.871
M35810,medium,Industry,1917-10-01,10000.0,9950.835864583847,9902.963
M35810,medium,Industry,1917-11-01,9700.0,10042.61430889022,9974.252
M35810,medium,Industry,1917-12-01,10100.0,9925.535785064698,9866.268
M35810,medium,Industry,1918-01-01,10300.0,10022.266984752978,9889.377
M35810,medium,Industry,1918-02-01,10300.0,10168.773765831887,10152.555
M35959,long_history,Industry,1926-06-01,10300.0,9999.34239790681,9600.99
M35959,long_history,Industry,1926-07-01,10250.0,10064.434905306509,9983.432
M35959,long_history,Industry,1926-08-01,9970.0,10009.15937996711,9979.407
M35959,long_history,Industry,1926-09-01,9820.0,9914.487699671447,9985.674
M35959,long_history,Industry,1926-10-01,10590.0,9709.965983469861,9842.549
M35959,long_history,Industry,1926-11-01,11990.0,10607.130215508441,10677.654
M35959,long_history,Industry,1926-12-01,16010.0,13536.89230996827,12370.139
M35959,long_history,Industry,1927-01-01,8710.0,12214.15944593579,11851.624
M35959,long_history,Industry,1927-02-01,8430.0,10084.179958079032,8127.795
M35959,long_history,Industry,1927-03-01,9310.0,10061.61480220558,8358.395
M35959,long_history,Industry,1927-04-01,9910.0,9205.398957647778,9215.774
M35959,long_history,Industry,1927-05-01,10120.0,9658.145217137217,9750.32
M35959,long_history,Industry,1927-06-01,10620.0,9909.008185498067,9767.347
M35959,long_history,Industry,1927-07-01,10280.0,10451.432565189241,10467.442
M35959,long_history,Industry,1927-08-01,9860.0,10168.500050342975,10305.602
M35959,long_history,Industry,1927-09-01,10130.0,9752.472368673201,10097.671
M35959,long_history,Industry,1927-10-01,10490.0,9856.161426088669,10018.027
M35959,long_history,Industry,1927-11-01,12050.0,10803.898069179928,10516.299
M36049,medium,Industry,1915-06-01,10773.0,10591.455994093447,10549.492
M36049,medium,Industry,1915-07-01,10967.6,10626.630322086847,10689.256
M36049,medium,Industry,1915-08-01,11034.5,10758.793749062439,10711.269
M36049,medium,Industry,1915-09-01,11132.3,10758.793749062439,10940.031
M36049,medium,Industry,1915-10-01,11254.7,10758.793749062439,10986.856
M36049,medium,Industry,1915-11-01,11433.0,11247.820916403949,11018.022
M36049,medium,Industry,1915-12-01,11491.7,11507.16924453137,11444.891
M36049,medium,Industry,1916-01-01,11540.4,11044.25976569835,11469.2705
M36049,medium,Industry,1916-02-01,11632.7,11491.710765576361,11592.192
M36049,medium,Industry,1916-03-01,11687.1,11594.73256582501,11625.786
M36049,medium,Industry,1916-04-01,11722.9,11540.389505516152,11596.895
M36049,medium,Industry,1916-05-01,11827.2,11516.326658243943,11618.185
M36049,medium,Industry,1916-06-01,11911.4,11521.2417867019,11605.163
M36049,medium,Industry,1916-07-01,12104.9,11724.40145474108,11735.81
M36049,medium,Industry,1916-08-01,12212.7,12093.632634925783,12030.96
M36049,medium,Industry,1916-09-01,12269.8,12249.04291878689,12126.985
M36049,medium,Industry,1916-10-01,12328.3,12249.04291878689,12155.139
M36049,medium,Industry,1916-11-01,12335.5,12249.04291878689,12150.612
M36058,long_history,Industry,1926-08-01,960.489,1369.9580070991003,1396.8256
M36058,long_history,Industry,1926-09-01,1316.555,1101.5988920125303,1167.5756
M36058,long_history,Industry,1926-10-01,1640.444,1289.00244298011,1274.727
M36058,long_history,Industry,1926-11-01,1285.838,1446.6050069884097,1526.8438
M36058,long_history,Industry,1926-12-01,1376.961,1430.5721223717742,1402.047
M36058,long_history,Industry,1927-01-01,1144.803,1419.4333397703003,1382.9651
M36058,long_history,Industry,1927-02-01,1402.028,1168.0399624891463,1291.1992
M36058,long_history,Industry,1927-03-01,1693.949,1339.375397053091,1388.4174
M36058,long_history,Industry,1927-04-01,1540.112,1511.8820334574696,1563.5908
M36058,long_history,Industry,1927-05-01,1354.536,1537.223919905714,1543.7703
M36058,long_history,Industry,1927-06-01,1579.999,1423.3667876194418,1462.7502
M36058,long_history,Industry,1927-07-01,1553.989,1477.0952607793388,1522.5062
M36058,long_history,Industry,1927-08-01,1024.023,1522.4547828383133,1521.0674
M36058,long_history,Industry,1927-09-01,1401.948,1236.610829559015,1374.2661
M36058,long_history,Industry,1927-10-01,1487.534,1305.6895054995032,1425.9692
M36058,long_history,Industry,1927-11-01,1406.575,1329.5259887405998,1448.5514
M36058,long_history,Industry,1927-12-01,1288.46,1421.1677861109056,1444.1691
M36058,long_history,Industry,1928-01-01,1544.101,1641.4504002951298,1339.7197
M3621,medium,Macro,1918-03-01,8628.0,9083.355200185384,9900.751
M3621,medium,Macro,1918-04-01,9872.0,8278.110359164722,8805.43
M3621,medium,Macro,1918-05-01,11148.0,8616.011728530955,8684.093
M3621,medium,Macro,1918-06-01,12826.0,9716.817396190037,10054.844
M3621,medium,Macro,1918-07-01,12244.0,11374.519382478275,11243.819
M3621,medium,Macro,1918-08-01,8874.0,11427.36735765644,11259.23
M3621,medium,Macro,1918-09-01,10266.0,8418.225761570757,9161.83
M3621,medium,Macro,1918-10-01,8872.0,9966.585537414683,10332.388
M3621,medium,Macro,1918-11-01,9128.0,9475.584201994976,9559.494
M3621,medium,Macro,1918-12-01,9256.0,9999.61614189584,9237.633
M3621,medium,Macro,1919-01-01,9362.0,9277.93065243512,9179.261
M3621,medium,Macro,1919-02-01,8998.0,9505.397090499742,9552.536
M3621,medium,Macro,1919-03-01,12334.0,8998.931130760011,9139.263
M3621,medium,Macro,1919-04-01,10299.0,10888.06920256543,11280.742
M3621,medium,Macro,1919-05-01,9087.0,10494.387413328534,10936.127
M3621,medium,Macro,1919-06-01,8612.0,9881.245689843996,10206.408
M3621,medium,Macro,1919-07-01,13034.0,9444.57169971661,9394.767
M3621,medium,Macro,1919-08-01,10496.0,11720.673476907656,11464.8955
M36228,cold_start,Industry,1904-09-01,4621.5,4563.262862908522,4544.0166
M36228,cold_start,Industry,1904-10-01,4554.5,4572.883927779678,4609.2085
M36228,cold_start,Industry,1904-11-01,4550.0,4572.883927779678,4589.549
M36228,cold_start,Industry,1904-12-01,4577.9,4575.600054729099,4579.004
M36228,cold_start,Industry,1905-01-01,4599.0,4541.395275642693,4484.2974
M36228,cold_start,Industry,1905-02-01,4648.0,4565.378914079682,4584.491
M36228,cold_start,Industry,1905-03-01,4682.5,4614.448597290235,4639.9644
M36228,cold_start,Industry,1905-04-01,4682.5,4614.448597290235,4661.094
M36228,cold_start,Industry,1905-05-01,4664.75,4689.637176146279,4670.597
M36228,cold_start,Industry,1905-06-01,4559.0,4699.258241017435,4675.474
M36228,cold_start,Industry,1905-07-01,4587.0,4662.608699964834,4620.0996
M36228,cold_start,Industry,1905-08-01,4599.5,4662.608699964834,4623.0728
M36228,cold_start,Industry,1905-09-01,4547.5,4657.693571506878,4612.7954
M36228,cold_start,Industry,1905-10-01,4679.0,4657.693571506878,4585.0205
M36228,cold_start,Industry,1905-11-01,4749.5,4704.173369475391,4654.3843
M36228,cold_start,Industry,1905-12-01,4679.5,4706.889496424812,4705.7363
M36228,cold_start,Industry,1906-01-01,4695.21,4731.967022425776,4644.3877
M36228,cold_start,Industry,1906-02-01,4499.5,4755.950660862764,4708.204
M36230,medium,Industry,1918-04-01,3231.967,3198.0758277631276,3189.8564
M36230,medium,Industry,1918-05-01,3506.477,3175.2896162026395,3247.7573
M36230,medium,Industry,1918-06-01,3765.546,3427.432015258841,3429.7031
M36230,medium,Industry,1918-07-01,3811.974,3511.250725181152,3609.5232
M36230,medium,Industry,1918-08-01,4152.634,3631.3030916702287,3757.5918
M36230,medium,Industry,1918-09-01,4088.105,4052.1598484666847,4011.355
M36230,medium,Industry,1918-10-01,3662.082,3977.706294318799,4007.0215
M36230,medium,Industry,1918-11-01,3380.388,3847.837743866448,3811.1472
M36230,medium,Industry,1918-12-01,3617.901,3600.749438958429,3522.9377
M36230,medium,Industry,1919-01-01,3655.011,3696.556782438839,3577.3364
M36230,medium,Industry,1919-02-01,3652.016,3673.561371863798,3650.0344
M36230,medium,Industry,1919-03-01,3557.101,3668.6462434058412,3673.2397
M36230,medium,Industry,1919-04-01,3501.678,3621.9924776971047,3610.686
M36230,medium,Industry,1919-05-01,3535.959,3566.1485885072675,3580.2712
M36230,medium,Industry,1919-06-01,3560.798,3577.249613585702,3549.0894
M36230,medium,Industry,1919-07-01,3484.562,3577.249613585702,3567.191
M36230,medium,Industry,1919-08-01,3564.844,3426.186808583458,3547.786
M36230,medium,Industry,1919-09-01,3743.078,3480.5195650497576,3563.2942
M36259,short,Industry,1907-03-01,1043.0,1048.7396317657156,1068.0087
M36259,short,Industry,1907-04-01,1055.0,1079.033037359689,1059.8912
M36259,short,Industry,1907-05-01,1065.0,1079.033037359689,1076.7015
M36259,short,Industry,1907-06-01,1073.0,1079.033037359689,1079.4242
M36259,short,Industry,1907-07-01,1078.0,1079.033037359689,1079.678
M36259,short,Industry,1907-08-01,1081.0,1079.033037359689,1083.2133
M36259,short,Industry,1907-09-01,1081.0,1079.033037359689,1083.9509
M36259,short,Industry,1907-10-01,1079.0,1079.033037359689,1093.2794
M36259,short,Industry,1907-11-01,1075.0,1079.033037359689,1093.9086
M36259,short,Industry,1907-12-01,1069.0,1081.7491643091098,1085.6787
M36259,short,Industry,1908-01-01,1057.0,1090.8120388665511,1096.1327
M36259,short,Industry,1908-02-01,1043.0,1079.033037359689,1091.1813
M36259,short,Industry,1908-03-01,1029.0,1079.033037359689,1074.8643
M36259,short,Industry,1908-04-01,1011.0,1048.7396317657156,1060.2164
M36259,short,Industry,1908-05-01,997.0,1034.7792069007892,1017.3339
M36259,short,Industry,1908-06-01,980.0,1034.7792069007892,1015.40015
M36259,short,Industry,1908-07-01,963.0,985.2169429935548,1009.251
M36259,short,Industry,1908-08-01,947.0,985.2169429935548,1004.59216
M36528,medium,Industry,1918-07-01,2580.0,2589.806077061632,2600.6782
M36528,medium,Industry,1918-08-01,2580.0,2643.645093424914,2559.2358
M36528,medium,Industry,1918-09-01,2590.0,2643.645093424914,2561.313
M36528,medium,Industry,1918-10-01,2590.0,2648.745830483261,2602.6587
M36528,medium,Industry,1918-11-01,2600.0,2648.745830483261,2617.2957
M36528,medium,Industry,1918-12-01,2620.0,2651.461957432682,2606.1306
M36528,medium,Industry,1919-01-01,2640.0,2641.384734005246,2612.411
M36528,medium,Industry,1919-02-01,2660.0,2648.745830483261,2628.28
M36528,medium,Industry,1919-03-01,2690.0,2648.745830483261,2656.4612
M36528,medium,Industry,1919-04-01,2720.0,2743.9120235863666,2682.9065
M36528,medium,Industry,1919-05-01,2740.0,2743.9120235863666,2722.4067
M36528,medium,Industry,1919-06-01,2760.0,2743.9120235863666,2732.3074
M36528,medium,Industry,1919-07-01,2780.0,2743.9120235863666,2754.873
M36528,medium,Industry,1919-08-01,2800.0,2743.9120235863666,2775.5505
M36528,medium,Industry,1919-09-01,2830.0,2781.61020025803,2790.898
M36528,medium,Industry,1919-10-01,2860.0,2781.61020025803,2792.2368
M36528,medium,Industry,1919-11-01,2880.0,2809.7039804668198,2846.2507
M36528,medium,Industry,1919-12-01,2890.0,2812.4201074162406,2864.406
M36594,short,Industry,1907-09-01,1490.0,1500.8110111802014,1492.3584
M36594,short,Industry,1907-10-01,1520.0,1500.8110111802014,1498.3673
M36594,short,Industry,1907-11-01,1530.0,1531.3244654308403,1516.4482
M36594,short,Industry,1907-12-01,1530.0,1534.0405923802612,1523.9834
M36594,short,Industry,1908-01-01,1540.0,1543.1034669377025,1535.777
M36594,short,Industry,1908-02-01,1570.0,1531.3244654308403,1543.7847
M36594,short,Industry,1908-03-01,1590.0,1531.3244654308403,1572.286
M36594,short,Industry,1908-04-01,1610.0,1627.8778442578039,1602.7094
M36594,short,Industry,1908-05-01,1630.0,1627.8778442578039,1606.2721
M36594,short,Industry,1908-06-01,1620.0,1627.8778442578039,1630.4539
M36594,short,Industry,1908-07-01,1600.0,1627.8778442578039,1637.0236
M36594,short,Industry,1908-08-01,1590.0,1627.8778442578039,1616.3618
M36594,short,Industry,1908-09-01,1620.0,1627.8778442578039,1613.8813
M36594,short,Industry,1908-10-01,1630.0,1627.8778442578039,1631.8712
M36594,short,Industry,1908-11-01,1630.0,1627.8778442578039,1635.0536
M36594,short,Industry,1908-12-01,1650.0,1630.5939712072247,1645.9514
M36594,short,Industry,1909-01-01,1670.0,1639.656845764666,1641.9607
M36594,short,Industry,1909-02-01,1700.0,1699.0644121326566,1656.5068
M37259,long_history,Finance,1923-08-01,1574.0,1645.7207176615352,1623.1492
M37259,long_history,Finance,1923-09-01,1552.0,1604.4666150455696,1600.0209
M37259,long_history,Finance,1923-10-01,1541.0,1586.6237416418383,1577.7976
M37259,long_history,Finance,1923-11-01,1530.0,1531.3244654308403,1567.04
M37259,long_history,Finance,1923-12-01,1562.0,1551.8834657839925,1558.5524
M37259,long_history,Finance,1924-01-01,1596.0,1560.9463403414338,1563.0039
M37259,long_history,Finance,1924-02-01,1634.0,1645.7207176615352,1600.1045
M37259,long_history,Finance,1924-03-01,1655.0,1645.7207176615352,1637.7961
M37259,long_history,Finance,1924-04-01,1709.0,1645.7207176615352,1650.6718
M37259,long_history,Finance,1924-05-01,1717.0,1699.0644121326566,1678.0906
M37259,long_history,Finance,1924-06-01,1743.0,1699.0644121326566,1697.0245
M37259,long_history,Finance,1924-07-01,1755.0,1777.4539051275513,1726.2573
M37259,long_history,Finance,1924-08-01,1770.0,1777.4539051275513,1745.153
M37259,long_history,Finance,1924-09-01,1766.0,1777.4539051275513,1778.6632
M37259,long_history,Finance,1924-10-01,1841.0,1759.61103172382,1768.9016
M37259,long_history,Finance,1924-11-01,1884.0,1783.9630184092289,1798.6549
M37259,long_history,Finance,1924-12-01,1976.0,1902.5707434724495,1863.2999
M37259,long_history,Finance,1925-01-01,2064.0,2012.5987180177272,1905.291
M37332,medium,Finance,1918-01-01,9814.0,9754.339716871304,9758.438
M37332,medium,Finance,1918-02-01,10067.0,9936.79913304966,9813.33
M37332,medium,Finance,1918-03-01,10003.0,10034.480580198106,9945.997
M37332,medium,Finance,1918-04-01,9853.0,10001.389138106388,9957.355
M37332,medium,Finance,1918-05-01,9877.0,9858.376352998639,9843.637
M37332,medium,Finance,1918-06-01,9910.0,9969.157977119381,9912.265
M37332,medium,Finance,1918-07-01,10062.0,9990.644945460434,9909.221
M37332,medium,Finance,1918-08-01,10079.0,10034.480580198106,9960.146
M37332,medium,Finance,1918-09-01,9905.0,10022.169817418175,9982.828
M37332,medium,Finance,1918-10-01,9876.0,9983.24931113846,9937.502
M37332,medium,Finance,1918-11-01,9877.0,9969.157977119381,9913.027
M37332,medium,Finance,1918-12-01,10030.0,9971.247868783355,9929.767
M37332,medium,Finance,1919-01-01,9772.0,9914.31484307936,9744.949
M37332,medium,Finance,1919-02-01,10162.0,9936.79913304966,9836.848
M37332,medium,Finance,1919-03-01,9937.0,10123.982067578387,10035.74
M37332,medium,Finance,1919-04-01,9889.0,10067.589518181185,9985.371
M37332,medium,Finance,1919-05-01,9931.0,10009.651407937468,9949.35
M37332,medium,Finance,1919-06-01,9977.0,10029.565451740149,9932.842
M37406,short,Finance,1913-02-01,9310.0,9097.210122919165,9145.197
M37406,short,Finance,1913-03-01,9334.0,9293.074650495144,9255.681
M37406,short,Finance,1913-04-01,9453.0,9293.074650495144,9251.316
M37406,short,Finance,1913-05-01,9484.0,9293.074650495144,9408.33
M37406,short,Finance,1913-06-01,9503.0,9568.079467789581,9418.844
M37406,short,Finance,1913-07-01,9537.0,9563.164339331624,9443.227
M37406,short,Finance,1913-08-01,9565.0,9645.034218413746,9564.705
M37406,short,Finance,1913-09-01,9565.0,9645.034218413746,9589.705
M37406,short,Finance,1913-10-01,9564.0,9645.034218413746,9591.822
M37406,short,Finance,1913-11-01,9626.0,9645.034218413746,9589.211
M37406,short,Finance,1913-12-01,9626.0,9662.35653246131,9604.033
M37406,short,Finance,1914-01-01,9626.0,9460.092101325467,9530.886
M37406,short,Finance,1914-02-01,9728.0,9660.972929826601,9594.969
M37406,short,Finance,1914-03-01,9802.0,9665.888058284558,9672.619
M37406,short,Finance,1914-04-01,9857.0,9711.179370268494,9724.085
M37406,short,Finance,1914-05-01,9930.0,9711.179370268494,9757.764
M37406,short,Finance,1914-06-01,9983.0,9836.052328408314,9895.441
M37406,short,Finance,1914-07-01,9982.0,9927.830772714688,9924.592
M37468,medium,Finance,1918-01-01,9391.0,9148.578137352559,9199.341
M37468,medium,Finance,1918-02-01,9398.0,9288.159522037187,9362.839
M37468,medium,Finance,1918-03-01,9414.0,9406.638091960542,9373.235
M37468,medium,Finance,1918-04-01,9436.0,9406.638091960542,9379.314
M37468,medium,Finance,1918-05-01,9451.0,9406.638091960542,9379.314
M37468,medium,Finance,1918-06-01,9478.0,9406.638091960542,9441.031
M37468,medium,Finance,1918-07-01,9654.0,9563.164339331624,9442.141
M37468,medium,Finance,1918-08-01,9655.0,9665.888058284558,9585.157
M37468,medium,Finance,1918-09-01,9755.0,9665.888058284558,9639.563
M37468,medium,Finance,1918-10-01,9758.0,9665.888058284558,9680.061
M37468,medium,Finance,1918-11-01,9809.0,9665.888058284558,9696.647
M37468,medium,Finance,1918-12-01,9837.0,9662.35653246131,9740.287
M37468,medium,Finance,1919-01-01,9882.0,9460.092101325467,9639.9
M37468,medium,Finance,1919-02-01,9940.0,9785.845887966421,9840.19
M37468,medium,Finance,1919-03-01,9943.0,9903.320140042539,9890.578
M37468,medium,Finance,1919-04-01,9981.0,9964.517028855673,9932.406
M37468,medium,Finance,1919-05-01,9995.0,9957.787657587596,9935.79
M37468,medium,Finance,1919-06-01,10008.0,9957.787657587596,9933.757
M37545,medium,Finance,1918-01-01,9795.0,9585.631123993811,9099.693
M37545,medium,Finance,1918-02-01,9797.0,9786.511952494946,9540.394
M37545,medium,Finance,1918-03-01,9792.0,9786.511952494946,9325.709
M37545,medium,Finance,1918-04-01,9794.0,9786.511952494946,9593.651
M37545,medium,Finance,1918-05-01,9798.0,9786.511952494946,9630.323
M37545,medium,Finance,1918-06-01,9798.0,9786.511952494946,9622.032
M37545,medium,Finance,1918-07-01,9798.0,9786.511952494946,9629.289
M37545,medium,Finance,1918-08-01,9804.0,9786.511952494946,9631.873
M37545,medium,Finance,1918-09-01,9953.0,9786.511952494946,9630.311
M37545,medium,Finance,1918-10-01,9953.0,9955.220545372438,9912.822
M37545,medium,Finance,1918-11-01,9953.0,10074.190500670187,9936.975
M37545,medium,Finance,1918-12-01,9945.0,10111.276118895443,9938.732
M37545,medium,Finance,1919-01-01,9945.0,9816.373860459084,9795.094
M37545,medium,Finance,1919-02-01,9945.0,10017.254688960218,9920.126
M37545,medium,Finance,1919-03-01,9945.0,10017.254688960218,9874.908
M37545,medium,Finance,1919-04-01,9946.0,10017.254688960218,9944.897
M37545,medium,Finance,1919-05-01,9952.0,10017.254688960218,9958.501
M37545,medium,Finance,1919-06-01,9949.0,10017.254688960218,9954.198
M37680,short,Finance,1913-02-01,10195.0,9954.580930440614,9929.294
M37680,short,Finance,1913-03-01,10170.0,9954.580930440614,10035.788
M37680,short,Finance,1913-04-01,10217.0,9985.89454096883,10080.866
M37680,short,Finance,1913-05-01,9828.0,10221.925288756613,10148.973
M37680,short,Finance,1913-06-01,9852.0,9930.19815056066,9948.463
M37680,short,Finance,1913-07-01,9860.0,9870.68711577857,9844.771
M37680,short,Finance,1913-08-01,9782.0,9812.914049293955,9930.614
M37680,short,Finance,1913-09-01,9847.0,9812.914049293955,9800.494
M37680,short,Finance,1913-10-01,9845.0,9812.914049293955,9799.153
M37680,short,Finance,1913-11-01,9847.0,9812.914049293955,9797.564
M37680,short,Finance,1913-12-01,9851.0,9906.93547922918,9832.074
M37680,short,Finance,1914-01-01,9976.0,9813.347404468499,9584.413
M37680,short,Finance,1914-02-01,9881.0,10034.480580198106,9918.826
M37680,short,Finance,1914-03-01,9819.0,10061.67209118948,9950.926
M37680,short,Finance,1914-04-01,9754.0,9870.68711577857,9839.818
M37680,short,Finance,1914-05-01,9889.0,9791.427080952903,9770.998
M37680,short,Finance,1914-06-01,9832.0,9916.300039092723,9866.093
M37680,short,Finance,1914-07-01,10119.0,9791.427080952903,9781.256
M377,medium,Macro,1920-10-01,6870.0,6242.163787109084,6236.844
M377,medium,Macro,1920-11-01,6880.0,6546.196739237738,6571.7676
M377,medium,Macro,1920-12-01,6520.0,6693.080808950333,6724.013
M377,medium,Macro,1921-01-01,5880.0,6435.2063080801145,6398.1626
M377,medium,Macro,1921-02-01,6000.0,6108.612121670863,6046.7812
M377,medium,Macro,1921-03-01,6100.0,5960.228494516082,6036.038
M377,medium,Macro,1921-04-01,6140.0,5968.37327945358,6106.5825
M377,medium,Macro,1921-05-01,6330.0,6124.371180316422,6155.0093
M377,medium,Macro,1921-06-01,6360.0,6240.7499873429815,6266.747
M377,medium,Macro,1921-07-01,6070.0,6251.5124180193225,6295.3774
M377,medium,Macro,1921-08-01,6830.0,6131.032004746043,6167.21
M377,medium,Macro,1921-09-01,7120.0,6633.375825249363,6618.0083
M377,medium,Macro,1921-10-01,7370.0,6922.611080269471,6934.5312
M377,medium,Macro,1921-11-01,7090.0,7200.996746351996,7182.458
M377,medium,Macro,1921-12-01,7150.0,7051.842675889539,7132.873
M377,medium,Macro,1922-01-01,6810.0,6871.321929895093,7050.269
M377,medium,Macro,1922-02-01,7060.0,6779.960438977472,6854.0864
M377,medium,Macro,1922-03-01,7280.0,6921.1253407114955,7005.899
M37853,medium,Finance,1918-01-01,8819.0,10030.4918027951,9971.365
M37853,medium,Finance,1918-02-01,8964.0,9060.167459427359,9267.943
M37853,medium,Finance,1918-03-01,10470.0,9266.940491067437,9470.392
M37853,medium,Finance,1918-04-01,10639.0,10394.5543399173,10242.648
M37853,medium,Finance,1918-05-01,10595.0,10642.230821518131,10561.596
M37853,medium,Finance,1918-06-01,10417.0,10613.695813020357,10530.781
M37853,medium,Finance,1918-07-01,8924.0,10214.606335574648,10265.097
M37853,medium,Finance,1918-08-01,9112.0,9195.608283866708,9348.107
M37853,medium,Finance,1918-09-01,10437.0,9417.234267744314,9545.038
M37853,medium,Finance,1918-10-01,10563.0,10300.452325870912,10305.327
M37853,medium,Finance,1918-11-01,10587.0,10606.523485461961,10639.749
M37853,medium,Finance,1918-12-01,10495.0,10594.298736343279,10550.021
M37853,medium,Finance,1919-01-01,8812.0,9912.573383991223,9973.834
M37853,medium,Finance,1919-02-01,8912.0,9060.167459427359,9262.248
M37853,medium,Finance,1919-03-01,10452.0,8968.809004708311,9469.149
M37853,medium,Finance,1919-04-01,10643.0,10374.486719369452,10246.226
M37853,medium,Finance,1919-05-01,10591.0,10638.09601502651,10562.373
M37853,medium,Finance,1919-06-01,10419.0,10613.695813020357,10530.781
M37954,long_history,Finance,1924-01-01,3810.0,3909.5011958876134,3858.973
M37954,long_history,Finance,1924-02-01,3780.0,3863.484074800328,3856.4773
M37954,long_history,Finance,1924-03-01,3830.0,3863.484074800328,3816.9675
M37954,long_history,Finance,1924-04-01,3840.0,3863.484074800328,3843.4966
M37954,long_history,Finance,1924-05-01,3880.0,3909.5011958876134,3883.1257
M37954,long_history,Finance,1924-06-01,3890.0,3909.5011958876134,3890.4456
M37954,long_history,Finance,1924-07-01,3800.0,3909.5011958876134,3891.48
M37954,long_history,Finance,1924-08-01,3790.0,3863.484074800328,3859.917
M37954,long_history,Finance,1924-09-01,3790.0,3868.3992032582846,3816.829
M37954,long_history,Finance,1924-10-01,3830.0,3791.816483538635,3804.405
M37954,long_history,Finance,1924-11-01,3860.0,3863.484074800328,3842.954
M37954,long_history,Finance,1924-12-01,3920.0,3912.2173228370343,3880.03
M37954,long_history,Finance,1925-01-01,3830.0,4131.015827181233,3863.914
M37954,long_history,Finance,1925-02-01,3800.0,4084.9987060939493,3864.757
M37954,long_history,Finance,1925-03-01,3810.0,4089.913834551906,3861.008
M37954,long_history,Finance,1925-04-01,3840.0,4084.9987060939493,3846.51
M37954,long_history,Finance,1925-05-01,3880.0,4131.015827181233,3876.6296
M37954,long_history,Finance,1925-06-01,3910.0,4131.015827181233,3891.1404
M38081,long_history,Finance,1924-01-01,4809.0,4929.417027018604,4860.0674
M38081,long_history,Finance,1924-02-01,4825.0,4871.264115882886,4833.8154
M38081,long_history,Finance,1924-03-01,4850.0,4827.0947990391305,4851.101
M38081,long_history,Finance,1924-04-01,4904.0,4822.179670581174,4843.93
M38081,long_history,Finance,1924-05-01,4913.0,4909.231348611837,4902.2065
M38081,long_history,Finance,1924-06-01,4928.0,4960.905679155589,4928.402
M38081,long_history,Finance,1924-07-01,4833.0,4960.905679155589,4928.4614
M38081,long_history,Finance,1924-08-01,4807.0,4878.769129582882,4879.8286
M38081,long_history,Finance,1924-09-01,4916.0,4827.0947990391305,4845.9385
M38081,long_history,Finance,1924-10-01,4958.0,4914.146477069794,4906.215
M38081,long_history,Finance,1924-11-01,4980.0,4965.820807613545,4957.18
M38081,long_history,Finance,1924-12-01,4984.0,4963.6218061050095,5026.6484
M38081,long_history,Finance,1925-01-01,4867.0,5150.931658312225,4949.885
M38081,long_history,Finance,1925-02-01,4879.0,5179.83042520717,4912.494
M38081,long_history,Finance,1925-03-01,4898.0,5187.3354389071665,4905.4
M38081,long_history,Finance,1925-04-01,4932.0,5182.42031044921,4895.1904
M38081,long_history,Finance,1925-05-01,4945.0,5182.42031044921,4960.2153
M38081,long_history,Finance,1925-06-01,4968.0,5182.42031044921,4973.8115
M38144,long_history,Finance,1924-01-01,4930.0,5028.834272800691,5026.911
M38144,long_history,Finance,1924-02-01,4980.0,4958.315793913549,4992.436
M38144,long_history,Finance,1924-03-01,5000.0,4965.820807613545,5049.059
M38144,long_history,Finance,1924-04-01,5080.0,5096.014098231132,5046.2295
M38144,long_history,Finance,1924-05-01,4970.0,5100.929226689089,5088.3545
M38144,long_history,Finance,1924-06-01,4780.0,4965.820807613545,5009.794
M38144,long_history,Finance,1924-07-01,4890.0,4864.862201141775,4886.668
M38144,long_history,Finance,1924-08-01,4920.0,4965.820807613545,4897.6064
M38144,long_history,Finance,1924-09-01,5120.0,4914.146477069794,4938.2485
M38144,long_history,Finance,1924-10-01,5160.0,5100.929226689089,5079.976
M38144,long_history,Finance,1924-11-01,5200.0,5100.929226689089,5121.5054
M38144,long_history,Finance,1924-12-01,5180.0,5120.282769898506,5152.2124
M38144,long_history,Finance,1925-01-01,4880.0,5050.3868175186435,5074.2026
M38144,long_history,Finance,1925-02-01,5060.0,4979.8683386315015,4964.7285
M38144,long_history,Finance,1925-03-01,5070.0,5286.752684689253,5077.832
M38144,long_history,Finance,1925-04-01,5240.0,5322.44385798271,5086.7036
M38144,long_history,Finance,1925-05-01,5050.0,5427.077158442367,5158.522
M38144,long_history,Finance,1925-06-01,4870.0,5086.790598113585,5119.951
M38169,long_history,Finance,1924-01-01,2970.0,2900.0890477347343,2925.6606
M38169,long_history,Finance,1924-02-01,2980.0,2900.0890477347343,2969.4043
M38169,long_history,Finance,1924-03-01,3000.0,2900.0890477347343,2970.4292
M38169,long_history,Finance,1924-04-01,2980.0,2900.0890477347343,2978.6404
M38169,long_history,Finance,1924-05-01,3000.0,2900.0890477347343,2973.363
M38169,long_history,Finance,1924-06-01,3020.0,2900.0890477347343,2979.2007
M38169,long_history,Finance,1924-07-01,3050.0,3072.647055366025,3063.5396
M38169,long_history,Finance,1924-08-01,3040.0,3072.647055366025,3076.7175
M38169,long_history,Finance,1924-09-01,3020.0,3072.647055366025,3074.6646
M38169,long_history,Finance,1924-10-01,3030.0,3072.647055366025,3075.4897
M38169,long_history,Finance,1924-11-01,3030.0,3072.647055366025,3074.5872
M38169,long_history,Finance,1924-12-01,3030.0,3075.363182315446,3074.3184
M38169,long_history,Finance,1925-01-01,3020.0,3126.4860717293072,3053.625
M38169,long_history,Finance,1925-02-01,3040.0,3072.647055366025,3072.5203
M38169,long_history,Finance,1925-03-01,3050.0,3072.647055366025,3073.9412
M38169,long_history,Finance,1925-04-01,3000.0,3072.647055366025,3077.7847
M38169,long_history,Finance,1925-05-01,3010.0,2900.0890477347343,3005.9697
M38169,long_history,Finance,1925-06-01,3030.0,3072.647055366025,2999.389
M38259,long_history,Finance,1924-01-01,1640.0,1639.656845764666,1656.118
M38259,long_history,Finance,1924-02-01,1640.0,1645.7207176615352,1654.1927
M38259,long_history,Finance,1924-03-01,1640.0,1645.7207176615352,1660.6772
M38259,long_history,Finance,1924-04-01,1640.0,1645.7207176615352,1657.6736
M38259,long_history,Finance,1924-05-01,1680.0,1645.7207176615352,1658.081
M38259,long_history,Finance,1924-06-01,1720.0,1699.0644121326566,1684.8301
M38259,long_history,Finance,1924-07-01,1710.0,1699.0644121326566,1710.3479
M38259,long_history,Finance,1924-08-01,1720.0,1699.0644121326566,1721.6003
M38259,long_history,Finance,1924-09-01,1660.0,1699.0644121326566,1715.8717
M38259,long_history,Finance,1924-10-01,1690.0,1645.7207176615352,1682.5298
M38259,long_history,Finance,1924-11-01,1690.0,1699.0644121326566,1689.2937
M38259,long_history,Finance,1924-12-01,1710.0,1701.7805390820774,1687.9805
M38259,long_history,Finance,1925-01-01,1720.0,1710.8434136395188,1702.8339
M38259,long_history,Finance,1925-02-01,1720.0,1699.0644121326566,1710.4829
M38259,long_history,Finance,1925-03-01,1720.0,1699.0644121326566,1715.5627
M38259,long_history,Finance,1925-04-01,1720.0,1699.0644121326566,1717.603
M38259,long_history,Finance,1925-05-01,1760.0,1699.0644121326566,1723.3573
M38259,long_history,Finance,1925-06-01,1810.0,1777.4539051275513,1739.6235
M38308,long_history,Finance,1924-01-01,1723.0,1789.2329066344134,1786.012
M38308,long_history,Finance,1924-02-01,1737.0,1699.0644121326566,1765.6537
M38308,long_history,Finance,1924-03-01,1755.0,1699.0644121326566,1761.1633
M38308,long_history,Finance,1924-04-01,1772.0,1777.4539051275513,1758.7183
M38308,long_history,Finance,1924-05-01,1788.0,1777.4539051275513,1788.7892
M38308,long_history,Finance,1924-06-01,1782.0,1777.4539051275513,1789.8754
M38308,long_history,Finance,1924-07-01,1771.0,1801.8058918129602,1791.9307
M38308,long_history,Finance,1924-08-01,1779.0,1801.8058918129602,1791.9307
M38308,long_history,Finance,1924-09-01,1806.0,1777.4539051275513,1791.8253
M38308,long_history,Finance,1924-10-01,1804.0,1801.8058918129602,1797.2367
M38308,long_history,Finance,1924-11-01,1826.0,1801.8058918129602,1808.5294
M38308,long_history,Finance,1924-12-01,1837.0,1804.522018762381,1819.7853
M38308,long_history,Finance,1925-01-01,1778.0,1813.5848933198224,1818.165
M38308,long_history,Finance,1925-02-01,1804.0,1801.8058918129602,1813.0599
M38308,long_history,Finance,1925-03-01,1814.0,1801.8058918129602,1815.4935
M38308,long_history,Finance,1925-04-01,1834.0,1801.8058918129602,1823.1476
M38308,long_history,Finance,1925-05-01,1844.0,1801.8058918129602,1826.9545
M38308,long_history,Finance,1925-06-01,1837.0,1801.8058918129602,1834.7565
M38372,long_history,Finance,1924-01-01,4400.0,4541.395275642693,4482.728
M38372,long_history,Finance,1924-02-01,4420.0,4383.14377264486,4459.797
M38372,long_history,Finance,1924-03-01,4440.0,4383.14377264486,4464.9424
M38372,long_history,Finance,1924-04-01,4430.0,4407.5259626663465,4464.0317
M38372,long_history,Finance,1924-05-01,4490.0,4407.5259626663465,4465.675
M38372,long_history,Finance,1924-06-01,4380.0,4407.5259626663465,4473.648
M38372,long_history,Finance,1924-07-01,4300.0,4383.14377264486,4413.1216
M38372,long_history,Finance,1924-08-01,4380.0,4333.354676869835,4379.235
M38372,long_history,Finance,1924-09-01,4410.0,4357.344367429797,4384.65
M38372,long_history,Finance,1924-10-01,4440.0,4362.2594958877535,4419.241
M38372,long_history,Finance,1924-11-01,4510.0,4407.5259626663465,4441.321
M38372,long_history,Finance,1924-12-01,4480.0,4580.515183187055,4506.3857
M38372,long_history,Finance,1925-01-01,4370.0,4617.959010725817,4375.746
M38372,long_history,Finance,1925-02-01,4380.0,4604.658403938482,4410.5923
M38372,long_history,Finance,1925-03-01,4380.0,4604.658403938482,4395.474
M38372,long_history,Finance,1925-04-01,4400.0,4578.858998723418,4386.923
M38372,long_history,Finance,1925-05-01,4450.0,4578.858998723418,4434.368
M38372,long_history,Finance,1925-06-01,4350.0,4629.040593959968,4432.603
M3840,long_history,Macro,1927-10-01,40951.6,11899.695128894215,11289.259
M3840,long_history,Macro,1927-11-01,22476.2,16083.338602908223,13859.261
M3840,long_history,Macro,1927-12-01,9087.7,18264.458891395498,17592.771
M3840,long_history,Macro,1928-01-01,10118.8,21219.954081921383,23109.371
M3840,long_history,Macro,1928-02-01,7405.0,20845.687995555683,21211.078
M3840,long_history,Macro,1928-03-01,8775.9,13154.767114555165,9439.48
M3840,long_history,Macro,1928-04-01,8868.1,13100.407864555134,9448.246
M3840,long_history,Macro,1928-05-01,6772.9,13023.76274314069,10182.127
M3840,long_history,Macro,1928-06-01,11984.9,11439.316761350696,8568.695
M3840,long_history,Macro,1928-07-01,14642.5,14901.792734553852,11619.296
M3840,long_history,Macro,1928-08-01,19439.3,15234.583023238836,12280.788
M3840,long_history,Macro,1928-09-01,11715.5,20412.318425174486,19026.22
M3840,long_history,Macro,1928-10-01,9617.1,19290.00835477255,20591.562
M3840,long_history,Macro,1928-11-01,16736.5,16641.487352504246,16893.393
M3840,long_history,Macro,1928-12-01,7039.4,14117.665810434746,15690.69
M3840,long_history,Macro,1929-01-01,15607.6,9368.786060024506,12836.739
M3840,long_history,Macro,1929-02-01,6000.4,15297.479963944039,19179.537
M3840,long_history,Macro,1929-03-01,6554.4,9641.441290071814,11812.667
M38425,long_history,Finance,1924-01-01,6284.0,6305.305684118124,6285.18
M38425,long_history,Finance,1924-02-01,6356.0,6372.082501660334,6300.8433
M38425,long_history,Finance,1924-03-01,6361.0,6420.052418185098,6352.5625
M38425,long_history,Finance,1924-04-01,6438.0,6316.334701336401,6360.697
M38425,long_history,Finance,1924-05-01,6401.0,6415.137289727141,6363.531
M38425,long_history,Finance,1924-06-01,6337.0,6364.530152774024,6354.7725
M38425,long_history,Finance,1924-07-01,6317.0,6348.606613421865,6336.8125
M38425,long_history,Finance,1924-08-01,6300.0,6343.691484963909,6332.699
M38425,long_history,Finance,1924-09-01,6463.0,6295.496033526286,6336.592
M38425,long_history,Finance,1924-10-01,6545.0,6462.973544564391,6413.5864
M38425,long_history,Finance,1924-11-01,6572.0,6525.096685199103,6478.592
M38425,long_history,Finance,1924-12-01,6545.0,6650.558926717778,6487.561
M38425,long_history,Finance,1925-01-01,6409.0,6490.174939322091,6459.614
M38425,long_history,Finance,1925-02-01,6478.0,6515.667284039703,6372.818
M38425,long_history,Finance,1925-03-01,6480.0,6482.17555881981,6440.959
M38425,long_history,Finance,1925-04-01,6554.0,6520.181556741147,6441.829
M38425,long_history,Finance,1925-05-01,6521.0,6520.181556741147,6488.4053
M38425,long_history,Finance,1925-06-01,6474.0,6600.006544931108,6478.3296
M38441,long_history,Finance,1924-01-01,1259.0,1404.6398743654784,1350.7296
M38441,long_history,Finance,1924-02-01,1272.0,1266.2411468773869,1319.3342
M38441,long_history,Finance,1924-03-01,1343.0,1266.2411468773869,1316.053
M38441,long_history,Finance,1924-04-01,1417.0,1335.616079479472,1346.2765
M38441,long_history,Finance,1924-05-01,1460.0,1397.7760013165732,1387.8248
M38441,long_history,Finance,1924-06-01,1502.0,1452.3999727960802,1448.4855
M38441,long_history,Finance,1924-07-01,1493.0,1531.3244654308403,1490.3503
M38441,long_history,Finance,1924-08-01,1482.0,1500.8110111802014,1498.4048
M38441,long_history,Finance,1924-09-01,1432.0,1474.2314415253297,1496.8834
M38441,long_history,Finance,1924-10-01,1394.0,1446.1870397006944,1466.8986
M38441,long_history,Finance,1924-11-01,1372.0,1446.1870397006944,1441.88
M38441,long_history,Finance,1924-12-01,1347.0,1395.576999808037,1406.9154
M38441,long_history,Finance,1925-01-01,1294.0,1404.6398743654784,1396.2179
M38441,long_history,Finance,1925-02-01,1323.0,1323.485940256531,1354.4806
M38441,long_history,Finance,1925-03-01,1378.0,1335.616079479472,1361.8395
M38441,long_history,Finance,1925-04-01,1446.0,1392.8608728586162,1385.8049
M38441,long_history,Finance,1925-05-01,1484.0,1452.3999727960802,1443.3868
M38441,long_history,Finance,1925-06-01,1525.0,1505.7261396381584,1488.296
M38482,long_history,Finance,1924-01-01,2740.0,2743.9120235863666,2764.1028
M38482,long_history,Finance,1924-02-01,2740.0,2743.9120235863666,2768.3828
M38482,long_history,Finance,1924-03-01,2750.0,2743.9120235863666,2758.6978
M38482,long_history,Finance,1924-04-01,2760.0,2743.9120235863666,2764.8276
M38482,long_history,Finance,1924-05-01,2750.0,2743.9120235863666,2776.0571
M38482,long_history,Finance,1924-06-01,2760.0,2743.9120235863666,2776.7915
M38482,long_history,Finance,1924-07-01,2740.0,2743.9120235863666,2781.9849
M38482,long_history,Finance,1924-08-01,2740.0,2743.9120235863666,2772.731
M38482,long_history,Finance,1924-09-01,2730.0,2743.9120235863666,2761.814
M38482,long_history,Finance,1924-10-01,2740.0,2743.9120235863666,2760.5496
M38482,long_history,Finance,1924-11-01,2760.0,2743.9120235863666,2760.5496
M38482,long_history,Finance,1924-12-01,2760.0,2746.6281505357874,2761.8528
M38482,long_history,Finance,1925-01-01,2740.0,2743.9120235863666,2769.9316
M38482,long_history,Finance,1925-02-01,2730.0,2743.9120235863666,2772.6777
M38482,long_history,Finance,1925-03-01,2730.0,2743.9120235863666,2762.2896
M38482,long_history,Finance,1925-04-01,2730.0,2743.9120235863666,2761.4248
M38482,long_history,Finance,1925-05-01,2740.0,2797.7510399496487,2739.61
M38482,long_history,Finance,1925-06-01,2740.0,2743.9120235863666,2757.5347
M38684,long_history,Finance,1923-11-01,3745.0,4409.076738015137,4263.7104
M38684,long_history,Finance,1923-12-01,3700.2,4014.842935380449,4000.9812
M38684,long_history,Finance,1924-01-01,5127.6,3907.9663215279247,3887.965
M38684,long_history,Finance,1924-02-01,3936.8,4517.397053236857,4440.56
M38684,long_history,Finance,1924-03-01,3898.4,3994.834212898463,4136.6333
M38684,long_history,Finance,1924-04-01,5181.0,3955.2104796416525,4163.766
M38684,long_history,Finance,1924-05-01,4628.0,4773.503373548634,4695.6494
M38684,long_history,Finance,1924-06-01,3286.5,4613.613211695003,4696.972
M38684,long_history,Finance,1924-07-01,3893.6,3955.425444634102,3902.042
M38684,long_history,Finance,1924-08-01,2499.7,3905.6825245099453,3847.8958
M38684,long_history,Finance,1924-09-01,2966.8,3502.1124844038004,3443.491
M38684,long_history,Finance,1924-10-01,3491.3,3353.759871012745,3422.8718
M38684,long_history,Finance,1924-11-01,2594.3,3605.5543933495214,3645.4258
M38684,long_history,Finance,1924-12-01,2693.7,2832.568246833046,3167.6997
M38684,long_history,Finance,1925-01-01,3113.6,2955.051708161287,3056.8862
M38684,long_history,Finance,1925-02-01,2838.0,3270.2826114534546,3403.3015
M38684,long_history,Finance,1925-03-01,3270.5,2832.4704825462154,3001.7883
M38684,long_history,Finance,1925-04-01,3587.7,3380.7992877639444,3417.5203
M38724,long_history,Finance,1923-12-01,5834.0,5631.356895956878,5632.0986
M38724,long_history,Finance,1924-01-01,4817.0,5662.357669705598,5724.727
M38724,long_history,Finance,1924-02-01,5687.0,4919.928102858094,5026.5283
M38724,long_history,Finance,1924-03-01,6237.0,5575.746717145092,5480.8364
M38724,long_history,Finance,1924-04-01,6403.0,5673.363764656429,5902.8706
M38724,long_history,Finance,1924-05-01,6213.0,6191.54418337388,6159.687
M38724,long_history,Finance,1924-06-01,6430.0,6036.876035061106,6161.173
M38724,long_history,Finance,1924-07-01,6415.0,6309.561521532048,6248.269
M38724,long_history,Finance,1924-08-01,6077.0,6309.561521532048,6256.1675
M38724,long_history,Finance,1924-09-01,5513.0,6020.239287109358,6101.048
M38724,long_history,Finance,1924-10-01,5397.0,5764.062149636976,5804.996
M38724,long_history,Finance,1924-11-01,4888.0,5850.156567784824,5684.2886
M38724,long_history,Finance,1924-12-01,4340.0,5218.169720001769,5482.1655
M38724,long_history,Finance,1925-01-01,3981.0,4915.639643891149,4615.563
M38724,long_history,Finance,1925-02-01,4086.0,4467.944937379032,4404.9736
M38724,long_history,Finance,1925-03-01,4884.0,4560.968143718561,4309.583
M38724,long_history,Finance,1925-04-01,4592.0,5338.729869734506,4998.4146
M38724,long_history,Finance,1925-05-01,5951.0,5148.408076277901,4809.008
M39182,short,Finance,1908-12-01,1699.0,1657.3580960234742,1663.765
M39182,short,Finance,1909-01-01,1667.0,1666.4209705809155,1655.1882
M39182,short,Finance,1909-02-01,1660.0,1681.2215387289252,1650.6879
M39182,short,Finance,1909-03-01,1656.0,1627.8778442578039,1658.3337
M39182,short,Finance,1909-04-01,1653.0,1627.8778442578039,1659.6443
M39182,short,Finance,1909-05-01,1661.0,1627.8778442578039,1656.7489
M39182,short,Finance,1909-06-01,1691.0,1699.0644121326566,1669.3286
M39182,short,Finance,1909-07-01,1694.0,1699.0644121326566,1690.8578
M39182,short,Finance,1909-08-01,1704.0,1699.0644121326566,1690.5979
M39182,short,Finance,1909-09-01,1674.0,1699.0644121326566,1695.3627
M39182,short,Finance,1909-10-01,1628.0,1699.0644121326566,1680.8977
M39182,short,Finance,1909-11-01,1638.0,1645.7207176615352,1672.7399
M39182,short,Finance,1909-12-01,1636.0,1648.436844610956,1664.5702
M39182,short,Finance,1910-01-01,1645.0,1657.4997191683974,1663.0377
M39182,short,Finance,1910-02-01,1711.0,1645.7207176615352,1658.3063
M39182,short,Finance,1910-03-01,1752.0,1699.0644121326566,1701.217
M39182,short,Finance,1910-04-01,1801.0,1782.3690335855083,1728.4937
M39182,short,Finance,1910-05-01,1800.0,1777.4539051275513,1783.9426
M3926,long_history,Macro,1928-01-01,1544.5099864,1865.0013748254428,1550.493
M3926,long_history,Macro,1928-02-01,1538.8720887,1845.861276840566,1557.8544
M3926,long_history,Macro,1928-03-01,1529.7035517,1845.861276840566,1553.75
M3926,long_history,Macro,1928-04-01,1540.8592487,1845.861276840566,1550.2329
M3926,long_history,Macro,1928-05-01,1526.6470793,1845.861276840566,1553.4401
M3926,long_history,Macro,1928-06-01,1548.6943537,1845.861276840566,1549.3013
M3926,long_history,Macro,1928-07-01,1525.2523315,1845.861276840566,1551.6864
M3926,long_history,Macro,1928-08-01,1550.1738016,1845.861276840566,1549.0806
M3926,long_history,Macro,1928-09-01,1523.1723596,1845.861276840566,1557.4885
M3926,long_history,Macro,1928-10-01,1534.907418,1845.861276840566,1550.6638
M3926,long_history,Macro,1928-11-01,1562.977215,1863.7041502442971,1558.0614
M3926,long_history,Macro,1928-12-01,1545.6708634,1863.7041502442971,1559.5731
M3926,long_history,Macro,1929-01-01,1570.8568419,1920.300651036441,1561.458
M3926,long_history,Macro,1929-02-01,1559.8034639,1845.861276840566,1571.7594
M3926,long_history,Macro,1929-03-01,1567.7095639,1901.1605530515642,1567.7136
M3926,long_history,Macro,1929-04-01,1577.2477214,1845.861276840566,1586.0186
M3926,long_history,Macro,1929-05-01,1562.8280084,1901.1605530515642,1586.8398
M3926,long_history,Macro,1929-06-01,1579.7006638,1919.0034264552953,1579.746
M39521,medium,Finance,1916-04-01,3872.0,4179.023967704562,4155.851
M39521,medium,Finance,1916-05-01,4255.0,3997.200673754905,3999.4111
M39521,medium,Finance,1916-06-01,4312.0,4213.203536199349,4203.8267
M39521,medium,Finance,1916-07-01,4096.0,4234.395546369586,4308.0146
M39521,medium,Finance,1916-08-01,4279.0,4064.295514880284,4153.669
M39521,medium,Finance,1916-09-01,5178.0,4244.016611240741,4295.251
M39521,medium,Finance,1916-10-01,4065.0,4808.495221744058,4821.9614
M39521,medium,Finance,1916-11-01,4030.0,4183.319853919445,4337.9697
M39521,medium,Finance,1916-12-01,3955.0,4152.912490851833,4280.8315
M39521,medium,Finance,1917-01-01,3938.0,3976.0086635846696,4002.4263
M39521,medium,Finance,1917-02-01,6337.0,3980.714599997869,4008.9824
M39521,medium,Finance,1917-03-01,6068.0,5124.119501803986,4925.091
M39521,medium,Finance,1917-04-01,6994.0,5103.391777447079,5198.951
M39521,medium,Finance,1917-05-01,7394.0,6530.161278296105,6451.1924
M39521,medium,Finance,1917-06-01,7259.0,6934.797893571895,6782.747
M39521,medium,Finance,1917-07-01,7022.0,6975.411470792966,6887.8774
M39521,medium,Finance,1917-08-01,7529.0,6823.120576736598,6882.763
M39521,medium,Finance,1917-09-01,7372.0,6990.254667777333,7066.943
M39602,cold_start,Finance,1904-05-01,2300.0,2442.7016288996906,2593.8052
M39602,cold_start,Finance,1904-06-01,2300.0,2442.7016288996906,2549.8398
M39602,cold_start,Finance,1904-07-01,2300.0,2442.7016288996906,2505.2415
M39602,cold_start,Finance,1904-08-01,2300.0,2835.2059819449373,6564.0464
M39602,cold_start,Finance,1904-09-01,2200.0,2946.5692279135355,5868.7144
M39602,cold_start,Finance,1904-10-01,2100.0,2276.791481843457,2304.4888
M39602,cold_start,Finance,1904-11-01,2100.0,2171.1469123044512,2169.1816
M39602,cold_start,Finance,1904-12-01,2300.0,2164.689758219074,2200.552
M39602,cold_start,Finance,1905-01-01,2300.0,2313.980102286793,2285.1865
M39602,cold_start,Finance,1905-02-01,2300.0,2302.2011007799315,2301.2703
M39602,cold_start,Finance,1905-03-01,2300.0,2442.7016288996906,2761.2415
M39602,cold_start,Finance,1905-04-01,2700.0,2442.7016288996906,2766.1824
M39602,cold_start,Finance,1905-05-01,2700.0,2625.0331930286266,2599.6223
M39602,cold_start,Finance,1905-06-01,2700.0,2630.2330849635955,2664.629
M39602,cold_start,Finance,1905-07-01,2700.0,2746.945015220135,2774.1204
M39602,cold_start,Finance,1905-08-01,2700.0,2746.945015220135,2729.7366
M39602,cold_start,Finance,1905-09-01,2700.0,2805.884768641764,2671.2944
M39602,cold_start,Finance,1905-10-01,2700.0,3038.9417387447475,3467.8645
M39954,cold_start,Finance,1904-05-01,3343.0,3144.419146335616,3137.5432
M39954,cold_start,Finance,1904-06-01,3200.0,3314.4651937235667,3266.6548
M39954,cold_start,Finance,1904-07-01,3142.0,3188.3384733527114,3191.1494
M39954,cold_start,Finance,1904-08-01,3058.0,3206.209556455243,3181.0132
M39954,cold_start,Finance,1904-09-01,3016.0,3154.456097048977,3135.05
M39954,cold_start,Finance,1904-10-01,3022.0,3102.8002377662765,3014.3826
M39954,cold_start,Finance,1904-11-01,3059.0,3072.647055366025,3074.646
M39954,cold_start,Finance,1904-12-01,3092.0,3075.363182315446,3080.9956
M39954,cold_start,Finance,1905-01-01,2846.0,3072.647055366025,3079.8762
M39954,cold_start,Finance,1905-02-01,2845.0,2786.5253287159867,2964.6592
M39954,cold_start,Finance,1905-03-01,2797.0,2823.052397989815,2894.9207
M39954,cold_start,Finance,1905-04-01,2731.0,2781.61020025803,2837.0842
M39954,cold_start,Finance,1905-05-01,2560.0,2764.3400452287883,2808.6565
M39954,cold_start,Finance,1905-06-01,2512.0,2650.358402034836,2691.643
M39954,cold_start,Finance,1905-07-01,2597.0,2653.2922387919825,2593.1743
M39954,cold_start,Finance,1905-08-01,2806.0,2656.8795591753765,2639.5127
M39954,cold_start,Finance,1905-09-01,2786.0,2781.3254367810177,2740.125
M39954,cold_start,Finance,1905-10-01,2791.0,2748.827152044323,2798.6187
M39970,cold_start,Finance,1904-05-01,1099.0,976.6303695044821,961.66205
M39970,cold_start,Finance,1904-06-01,1145.0,1070.4464638706163,1061.933
M39970,cold_start,Finance,1904-07-01,1108.0,1126.2278414127477,1098.631
M39970,cold_start,Finance,1904-08-01,1188.0,1121.3127129547906,1124.4086
M39970,cold_start,Finance,1904-09-01,1297.0,1165.5584188537273,1167.0995
M39970,cold_start,Finance,1904-10-01,1217.0,1206.2217429542388,1235.7285
M39970,cold_start,Finance,1904-11-01,1261.0,1206.2217429542388,1230.5983
M39970,cold_start,Finance,1904-12-01,1251.0,1219.5895945127697,1240.0481
M39970,cold_start,Finance,1905-01-01,1245.0,1213.085616003144,1238.5466
M39970,cold_start,Finance,1905-02-01,1269.0,1216.8734675633489,1240.1532
M39970,cold_start,Finance,1905-03-01,1205.0,1229.8365791708413,1259.8551
M39970,cold_start,Finance,1905-04-01,1256.0,1214.8083164433115,1230.2747
M39970,cold_start,Finance,1905-05-01,1229.0,1243.338281117871,1254.1354
M39970,cold_start,Finance,1905-06-01,1203.0,1234.9618444543162,1246.8398
M39970,cold_start,Finance,1905-07-01,1181.0,1230.3751695103786,1230.5094
M39970,cold_start,Finance,1905-08-01,1187.0,1199.2136488117617,1218.0999
M39970,cold_start,Finance,1905-09-01,1148.0,1201.9629865602728,1215.594
M39970,cold_start,Finance,1905-10-01,1183.0,1170.6803922688287,1170.8054
M39988,cold_start,Finance,1904-05-01,1950.0,2602.854934211704,2556.0266
M39988,cold_start,Finance,1904-06-01,2260.0,2283.5126936030097,2194.6228
M39988,cold_start,Finance,1904-07-01,2386.0,2217.7196623869104,2292.0154
M39988,cold_start,Finance,1904-08-01,2346.0,2314.587442056859,2303.438
M39988,cold_start,Finance,1904-09-01,2958.0,2392.7381886516823,2359.7056
M39988,cold_start,Finance,1904-10-01,2731.0,2870.8269529550157,2718.4763
M39988,cold_start,Finance,1904-11-01,2811.0,2655.942894497706,2736.6475
M39988,cold_start,Finance,1904-12-01,2651.0,2814.9512651995183,2766.111
M39988,cold_start,Finance,1905-01-01,3016.0,2684.5706604102975,2694.6282
M39988,cold_start,Finance,1905-02-01,2668.0,3098.0721014231235,2851.5215
M39988,cold_start,Finance,1905-03-01,3783.0,2756.9608807364384,2746.873
M39988,cold_start,Finance,1905-04-01,3449.0,3647.823255077936,3384.5723
M39988,cold_start,Finance,1905-05-01,3332.0,3438.9519530031694,3418.0232
M39988,cold_start,Finance,1905-06-01,3393.0,3376.6033026807254,3345.533
M39988,cold_start,Finance,1905-07-01,3345.0,3383.3497447364825,3335.8594
M39988,cold_start,Finance,1905-08-01,3570.0,3291.4009218280476,3302.95
M39988,cold_start,Finance,1905-09-01,4113.0,3445.3030983613726,3489.3782
M39988,cold_start,Finance,1905-10-01,3397.0,3857.0300045450886,3788.1912
M40079,short,Finance,1909-07-01,2290.54,2262.7030723507023,2246.8157
M40079,short,Finance,1909-08-01,2232.77,2297.285972321975,2291.8137
M40079,short,Finance,1909-09-01,2250.21,2262.7030723507023,2296.1614
M40079,short,Finance,1909-10-01,2158.94,2271.8763533855004,2283.6882
M40079,short,Finance,1909-11-01,2198.45,2194.0804687802583,2171.8027
M40079,short,Finance,1909-12-01,2213.07,2265.419199300123,2209.4724
M40079,short,Finance,1910-01-01,2110.12,2274.482073857564,2258.8079
M40079,short,Finance,1910-02-01,2168.89,2161.973631269653,2158.1633
M40079,short,Finance,1910-03-01,2255.62,2198.995597238215,2168.105
M40079,short,Finance,1910-04-01,2150.04,2222.967470498007,2240.4824
M40079,short,Finance,1910-05-01,2208.08,2154.344866927563,2173.0752
M40079,short,Finance,1910-06-01,2168.36,2222.967470498007,2230.581
M40079,short,Finance,1910-07-01,2173.85,2149.4297384696065,2164.2913
M40079,short,Finance,1910-08-01,2137.25,2218.0523420400505,2188.2783
M40079,short,Finance,1910-09-01,2136.93,2112.4077725010447,2157.8652
M40079,short,Finance,1910-10-01,2033.26,2112.4077725010447,2150.179
M40079,short,Finance,1910-11-01,2083.46,2117.3229009590013,2105.1143
M40079,short,Finance,1910-12-01,2128.06,2103.2513181220643,2100.7458
M40144,medium,Finance,1916-05-01,2364.32,2443.381339237111,2379.7432
M40144,medium,Finance,1916-06-01,2724.91,2470.071008515203,2422.4827
M40144,medium,Finance,1916-07-01,2671.73,2772.561400347777,2680.3894
M40144,medium,Finance,1916-08-01,2565.03,2715.5972081568048,2657.07
M40144,medium,Finance,1916-09-01,2895.75,2641.1438001731335,2656.6172
M40144,medium,Finance,1916-10-01,3159.45,2914.8396642086605,2990.6572
M40144,medium,Finance,1916-11-01,2928.46,3190.122251703297,3096.5315
M40144,medium,Finance,1916-12-01,2464.34,2915.854031834227,2986.5676
M40144,medium,Finance,1917-01-01,2406.35,2654.3207606320307,2740.6936
M40144,medium,Finance,1917-02-01,2361.84,2546.5868427788278,2578.398
M40144,medium,Finance,1917-03-01,2621.52,2542.3342301940156,2469.9604
M40144,medium,Finance,1917-04-01,2167.2,2679.3707684753285,2580.193
M40144,medium,Finance,1917-05-01,3006.96,2384.441585815482,2339.2585
M40144,medium,Finance,1917-06-01,2721.2,3102.3247140079357,2770.2568
M40144,medium,Finance,1917-07-01,2946.6,2710.676539706819,2778.9116
M40144,medium,Finance,1917-08-01,2513.85,2930.7139857268016,2865.8784
M40144,medium,Finance,1917-09-01,2955.09,2660.555318384482,2662.7834
M40144,medium,Finance,1917-10-01,3095.44,3012.3643521370373,2881.5757
M40258,cold_start,Finance,1903-08-01,846.0,1831.5765227038848,1839.2612
M40258,cold_start,Finance,1903-09-01,969.0,1197.3075215911956,1174.9591
M40258,cold_start,Finance,1903-10-01,794.0,1069.6428966645767,1267.5142
M40258,cold_start,Finance,1903-11-01,1336.0,888.5661785225902,1029.9043
M40258,cold_start,Finance,1903-12-01,856.0,1246.9809745715315,1177.1874
M40258,cold_start,Finance,1904-01-01,1354.0,1119.5088668083088,1333.1647
M40258,cold_start,Finance,1904-02-01,1533.0,1467.4120680078272,1438.2507
M40258,cold_start,Finance,1904-03-01,1117.0,1358.6040812395163,1338.8108
M40258,cold_start,Finance,1904-04-01,791.0,1239.9285432326067,1347.9634
M40258,cold_start,Finance,1904-05-01,2489.0,1252.1103310259211,1257.097
M40258,cold_start,Finance,1904-06-01,905.0,1964.109719249999,1731.3417
M40258,cold_start,Finance,1904-07-01,1250.0,1484.903263434714,1565.3901
M40258,cold_start,Finance,1904-08-01,1143.0,1170.3674409572548,1437.468
M40258,cold_start,Finance,1904-09-01,821.0,1159.9264803828833,1170.4266
M40258,cold_start,Finance,1904-10-01,1110.0,1081.2650517469244,1039.1289
M40258,cold_start,Finance,1904-11-01,923.0,1157.5871610497559,1281.352
M40258,cold_start,Finance,1904-12-01,960.0,1055.3248110191398,1048.9429
M40258,cold_start,Finance,1905-01-01,1016.0,1045.0108757409953,1109.2417
M40344,long_history,Finance,1931-02-01,16051.1,17542.10098650986,16086.148
M40344,long_history,Finance,1931-03-01,15832.4,18344.540988174664,16194.821
M40344,long_history,Finance,1931-04-01,15600.8,17799.972804512377,16583.11
M40344,long_history,Finance,1931-05-01,15956.9,18344.540988174664,16536.955
M40344,long_history,Finance,1931-06-01,16007.2,18344.540988174664,16611.377
M40344,long_history,Finance,1931-07-01,16043.6,18344.540988174664,16264.376
M40344,long_history,Finance,1931-08-01,16933.9,18344.540988174664,15954.58
M40344,long_history,Finance,1931-09-01,16126.0,18344.540988174664,15933.801
M40344,long_history,Finance,1931-10-01,16211.6,18344.540988174664,16124.484
M40344,long_history,Finance,1931-11-01,16238.3,18344.540988174664,16139.002
M40344,long_history,Finance,1931-12-01,16099.8,18328.698874445963,16054.239
M40344,long_history,Finance,1932-01-01,13108.8,18252.238685988308,16202.912
M40344,long_history,Finance,1932-02-01,16024.0,17499.08051442586,19985.947
M40344,long_history,Finance,1932-03-01,16872.4,17699.173673557747,19472.434
M40344,long_history,Finance,1932-04-01,15698.1,17749.915185387254,19732.277
M40344,long_history,Finance,1932-05-01,17053.4,18433.97503815861,20398.877
M40344,long_history,Finance,1932-06-01,17024.0,18604.118991390864,22859.664
M40344,long_history,Finance,1932-07-01,15161.4,18604.118991390864,21743.547
M40698,short,Finance,1911-09-01,4203.0,4566.554699979643,4583.649
M40698,short,Finance,1911-10-01,4310.2,4331.867340690795,4339.144
M40698,short,Finance,1911-11-01,4908.3,4301.226043854737,4356.326
M40698,short,Finance,1911-12-01,5022.1,4731.172187861498,4653.219
M40698,short,Finance,1912-01-01,4773.7,4860.582088102506,4854.467
M40698,short,Finance,1912-02-01,4949.7,4811.052783685432,4786.3394
M40698,short,Finance,1912-03-01,5145.0,4919.516403857198,4929.598
M40698,short,Finance,1912-04-01,5029.0,5028.554714510441,5044.92
M40698,short,Finance,1912-05-01,5059.0,5009.83057190568,5084.4907
M40698,short,Finance,1912-06-01,5572.9,5073.371782087747,5094.353
M40698,short,Finance,1912-07-01,5229.3,5402.815959600895,5405.297
M40698,short,Finance,1912-08-01,4942.1,5235.248800558814,5276.6006
M40698,short,Finance,1912-09-01,4942.3,5040.719470302092,5117.126
M40698,short,Finance,1912-10-01,4689.3,5019.16692558414,5008.8066
M40698,short,Finance,1912-11-01,5981.5,4821.321599290139,4771.415
M40698,short,Finance,1912-12-01,7703.3,5596.49453096893,5370.516
M40698,short,Finance,1913-01-01,6849.6,6393.753214459249,5677.963
M40698,short,Finance,1913-02-01,7200.4,6435.813300838753,6332.3457
M40721,cold_start,Finance,1903-08-01,7460.52,7274.8485457449915,7439.744
M40721,cold_start,Finance,1903-09-01,7516.89,7359.059851731176,7432.243
M40721,cold_start,Finance,1903-10-01,7420.76,7359.059851731176,7444.679
M40721,cold_start,Finance,1903-11-01,7529.26,7354.14472327322,7434.279
M40721,cold_start,Finance,1903-12-01,7625.46,7438.423294530258,7480.24
M40721,cold_start,Finance,1904-01-01,7669.82,7542.781456332171,7388.6753
M40721,cold_start,Finance,1904-02-01,7721.21,7624.107014587987,7541.448
M40721,cold_start,Finance,1904-03-01,7880.93,7710.744986606417,7674.5576
M40721,cold_start,Finance,1904-04-01,7979.36,7715.660115064374,7765.607
M40721,cold_start,Finance,1904-05-01,8142.74,7844.0680165809135,7812.2783
M40721,cold_start,Finance,1904-06-01,8372.89,8129.753983539595,8054.463
M40721,cold_start,Finance,1904-07-01,8457.17,8147.011788644655,8198.216
M40721,cold_start,Finance,1904-08-01,8501.75,8348.08939962763,8258.789
M40721,cold_start,Finance,1904-09-01,8565.13,8390.749119393942,8352.011
M40721,cold_start,Finance,1904-10-01,8539.03,8396.995407520033,8482.953
M40721,cold_start,Finance,1904-11-01,8776.87,8392.080279062076,8435.699
M40721,cold_start,Finance,1904-12-01,8939.15,8656.285722708679,8558.376
M40721,cold_start,Finance,1905-01-01,8948.3,8725.211291665937,8705.549
M40768,long_history,Finance,1923-12-01,1264.44,1318.2948453433678,1287.2474
M40768,long_history,Finance,1924-01-01,1191.95,1262.453295317182,1259.0327
M40768,long_history,Finance,1924-02-01,1235.9,1277.2538634651914,1233.5364
M40768,long_history,Finance,1924-03-01,1196.44,1266.2411468773869,1249.4047
M40768,long_history,Finance,1924-04-01,1196.57,1237.7111822028273,1234.7097
M40768,long_history,Finance,1924-05-01,1257.95,1237.7111822028273,1226.544
M40768,long_history,Finance,1924-06-01,1227.6,1250.6742938103198,1244.1116
M40768,long_history,Finance,1924-07-01,1162.71,1237.7111822028273,1252.2557
M40768,long_history,Finance,1924-08-01,1135.26,1173.2841337284033,1194.1873
M40768,long_history,Finance,1924-09-01,1162.43,1157.7172806613362,1167.8578
M40768,long_history,Finance,1924-10-01,1150.77,1157.7172806613362,1173.0825
M40768,long_history,Finance,1924-11-01,1198.52,1170.6803922688287,1153.5846
M40768,long_history,Finance,1924-12-01,1183.91,1240.4273091522482,1219.1107
M40768,long_history,Finance,1925-01-01,1214.13,1213.741988067135,1215.699
M40768,long_history,Finance,1925-02-01,1273.58,1237.7111822028273,1223.093
M40768,long_history,Finance,1925-03-01,1214.47,1237.7111822028273,1253.9896
M40768,long_history,Finance,1925-04-01,1339.44,1237.7111822028273,1243.4105
M40768,long_history,Finance,1925-05-01,1363.3,1327.5680963299367,1320.48
M40818,medium,Finance,1915-01-01,3454.44,3418.053079891343,3372.7922
M40818,medium,Finance,1915-02-01,3411.04,3418.053079891343,3441.5244
M40818,medium,Finance,1915-03-01,3366.27,3418.053079891343,3454.1172
M40818,medium,Finance,1915-04-01,3366.92,3376.3357685260307,3401.6902
M40818,medium,Finance,1915-05-01,3381.74,3376.3357685260307,3385.7527
M40818,medium,Finance,1915-06-01,3302.49,3376.3357685260307,3366.0957
M40818,medium,Finance,1915-07-01,3330.02,3349.6816604119517,3333.6265
M40818,medium,Finance,1915-08-01,3273.81,3349.6816604119517,3340.86
M40818,medium,Finance,1915-09-01,3268.99,3349.6816604119517,3318.4895
M40818,medium,Finance,1915-10-01,3332.53,3349.6816604119517,3316.9224
M40818,medium,Finance,1915-11-01,3308.08,3349.6816604119517,3332.947
M40818,medium,Finance,1915-12-01,3278.5,3352.3977873613726,3326.9597
M40818,medium,Finance,1916-01-01,3367.39,3349.6816604119517,3301.8628
M40818,medium,Finance,1916-02-01,3397.72,3376.3357685260307,3362.051
M40818,medium,Finance,1916-03-01,3390.16,3422.9682083492994,3363.1162
M40818,medium,Finance,1916-04-01,3476.0,3418.053079891343,3375.206
M40818,medium,Finance,1916-05-01,3362.92,3418.053079891343,3465.14
M40818,medium,Finance,1916-06-01,3325.48,3381.2508969839873,3388.1294
M40910,medium,Finance,1915-01-01,6567.4,6711.851580285984,6709.2666
M40910,medium,Finance,1915-02-01,6371.1,6615.871460983288,6684.579
M40910,medium,Finance,1915-03-01,6973.3,6582.088516849421,6564.475
M40910,medium,Finance,1915-04-01,6734.6,6833.306672918363,6787.6553
M40910,medium,Finance,1915-05-01,7241.4,6847.408139489827,6814.4854
M40910,medium,Finance,1915-06-01,7261.6,7287.329865707358,7084.9834
M40910,medium,Finance,1915-07-01,7014.4,7276.586829116936,7222.2764
M40910,medium,Finance,1915-08-01,7294.2,7157.233064060608,7151.92
M40910,medium,Finance,1915-09-01,8040.8,7392.146022642316,7269.2866
M40910,medium,Finance,1915-10-01,8419.5,7683.20081775819,7620.2715
M40910,medium,Finance,1915-11-01,8441.3,8101.4506529713935,8259.131
M40910,medium,Finance,1915-12-01,9388.7,8158.918877370912,8170.645
M40910,medium,Finance,1916-01-01,10352.8,8913.69603341074,8794.344
M40910,medium,Finance,1916-02-01,8960.4,9819.724599153313,9259.282
M40910,medium,Finance,1916-03-01,10769.5,9078.138895163303,8974.552
M40910,medium,Finance,1916-04-01,10533.5,9994.108309472895,9856.112
M40910,medium,Finance,1916-05-01,10267.2,10413.967317977944,9973.9795
M40910,medium,Finance,1916-06-01,10016.8,9864.206027831362,9994.199
M40919,medium,Finance,1915-01-01,4200.7,4391.411936241291,4288.573
M40919,medium,Finance,1915-02-01,4009.6,4301.226043854737,4186.458
M40919,medium,Finance,1915-03-01,3592.1,4131.126012365436,3992.9238
M40919,medium,Finance,1915-04-01,3453.4,3852.397179218363,3822.0945
M40919,medium,Finance,1915-05-01,3284.0,3676.4512287105126,3693.784
M40919,medium,Finance,1915-06-01,3034.9,3497.7844628209955,3505.9146
M40919,medium,Finance,1915-07-01,3702.8,3353.341351750004,3626.6125
M40919,medium,Finance,1915-08-01,4269.1,3551.265198413824,3625.6968
M40919,medium,Finance,1915-09-01,4042.5,3967.382502380881,3980.2854
M40919,medium,Finance,1915-10-01,3663.8,4078.5571256197004,3951.7244
M40919,medium,Finance,1915-11-01,3802.4,3911.9836718126485,3859.0376
M40919,medium,Finance,1915-12-01,2517.8,3827.3006037089476,3885.556
M40919,medium,Finance,1916-01-01,3550.9,2868.8915732244627,3195.7095
M40919,medium,Finance,1916-02-01,3671.9,3563.7447740892267,3644.5571
M40919,medium,Finance,1916-03-01,3612.6,3682.8700122264363,3680.928
M40919,medium,Finance,1916-04-01,3367.1,3608.473594128535,3628.46
M40919,medium,Finance,1916-05-01,3658.5,3462.4779235170654,3448.3875
M40919,medium,Finance,1916-06-01,3093.8,3556.006440838569,3625.5017
M40939,medium,Finance,1915-01-01,4564.72,4320.157042464525,4280.296
M40939,medium,Finance,1915-02-01,4512.38,4570.294042537638,4488.5796
M40939,medium,Finance,1915-03-01,4332.46,4568.177991366479,4490.265
M40939,medium,Finance,1915-04-01,4481.6,4333.354676869835,4410.9097
M40939,medium,Finance,1915-05-01,4629.81,4412.441091124303,4461.1772
M40939,medium,Finance,1915-06-01,4718.18,4619.363725748191,4566.785
M40939,medium,Finance,1915-07-01,5133.05,4619.363725748191,4662.3677
M40939,medium,Finance,1915-08-01,4992.44,4976.88038396669,4975.7856
M40939,medium,Finance,1915-09-01,4827.82,5018.933649639285,5002.182
M40939,medium,Finance,1915-10-01,5120.55,4842.085790697691,4866.585
M40939,medium,Finance,1915-11-01,5414.3,5028.554714510441,5045.002
M40939,medium,Finance,1915-12-01,5124.23,5340.9473595015015,5221.196
M40939,medium,Finance,1916-01-01,5534.49,5063.435674668715,5093.1772
M40939,medium,Finance,1916-02-01,5590.95,5375.938608130564,5399.777
M40939,medium,Finance,1916-03-01,5179.22,5424.368504318848,5457.841
M40939,medium,Finance,1916-04-01,5450.95,5140.136716084179,5309.5356
M40939,medium,Finance,1916-05-01,5458.41,5404.9961665485125,5416.325
M40939,medium,Finance,1916-06-01,5013.57,5359.783777270033,5410.932
M40988,medium,Finance,1915-01-01,1301.18,1278.020148384249,1298.4979
M40988,medium,Finance,1915-02-01,1297.56,1266.2411468773869,1313.936
M40988,medium,Finance,1915-03-01,1302.32,1266.2411468773869,1317.4458
M40988,medium,Finance,1915-04-01,1297.07,1266.2411468773869,1319.0931
M40988,medium,Finance,1915-05-01,1307.47,1266.2411468773869,1317.909
M40988,medium,Finance,1915-06-01,1317.73,1266.2411468773869,1317.274
M40988,medium,Finance,1915-07-01,1336.16,1335.616079479472,1319.9141
M40988,medium,Finance,1915-08-01,1340.94,1335.616079479472,1344.9933
M40988,medium,Finance,1915-09-01,1358.16,1392.8608728586162,1362.9344
M40988,medium,Finance,1915-10-01,1351.81,1392.8608728586162,1380.4281
M40988,medium,Finance,1915-11-01,1350.65,1392.8608728586162,1386.0488
M40988,medium,Finance,1915-12-01,1316.14,1395.576999808037,1465.6969
M40988,medium,Finance,1916-01-01,1350.8,1404.6398743654784,1362.9376
M40988,medium,Finance,1916-02-01,1349.51,1392.8608728586162,1377.3882
M40988,medium,Finance,1916-03-01,1377.03,1392.8608728586162,1380.5785
M40988,medium,Finance,1916-04-01,1402.07,1392.8608728586162,1389.6193
M40988,medium,Finance,1916-05-01,1411.25,1392.8608728586162,1398.6423
M40988,medium,Finance,1916-06-01,1376.05,1392.8608728586162,1409.6781
M41157,medium,Finance,1915-02-01,1627.018,1606.2134030608893,1625.0262
M41157,medium,Finance,1915-03-01,1578.589,1601.2982746029322,1643.5548
M41157,medium,Finance,1915-04-01,1580.166,1560.0441719869666,1581.7808
M41157,medium,Finance,1915-05-01,1583.012,1601.2982746029322,1580.5646
M41157,medium,Finance,1915-06-01,1616.787,1601.2982746029322,1595.7441
M41157,medium,Finance,1915-07-01,1578.965,1601.2982746029322,1617.3757
M41157,medium,Finance,1915-08-01,1560.31,1560.0441719869666,1580.1904
M41157,medium,Finance,1915-09-01,1536.285,1586.6237416418383,1579.2723
M41157,medium,Finance,1915-10-01,1538.98,1586.6237416418383,1567.1561
M41157,medium,Finance,1915-11-01,1517.715,1549.1673388345716,1561.9847
M41157,medium,Finance,1915-12-01,1535.119,1551.8834657839925,1559.3264
M41157,medium,Finance,1916-01-01,1461.769,1560.9463403414338,1560.2329
M41157,medium,Finance,1916-02-01,1450.428,1518.6538845839327,1517.869
M41157,medium,Finance,1916-03-01,1415.216,1518.6538845839327,1505.5502
M41157,medium,Finance,1916-04-01,1395.049,1490.6094827592974,1463.3772
M41157,medium,Finance,1916-05-01,1465.036,1437.2833159172192,1430.8723
M41157,medium,Finance,1916-06-01,1491.943,1465.3277177418545,1468.1127
M41157,medium,Finance,1916-07-01,1472.04,1518.6538845839327,1499.5187
M41414,medium,Finance,1922-09-01,5300.0,7687.605480942542,7526.806
M41414,medium,Finance,1922-10-01,7000.0,5594.93997996403,6210.039
M41414,medium,Finance,1922-11-01,5700.0,6633.53718021899,6537.5312
M41414,medium,Finance,1922-12-01,5800.0,5927.336923816096,6220.2676
M41414,medium,Finance,1923-01-01,5600.0,5889.236604246381,5786.8755
M41414,medium,Finance,1923-02-01,5800.0,5823.391633265367,5753.261
M41414,medium,Finance,1923-03-01,6100.0,5857.241741184789,5909.0957
M41414,medium,Finance,1923-04-01,6500.0,6233.915439263169,6105.64
M41414,medium,Finance,1923-05-01,7000.0,6434.665127740264,6431.966
M41414,medium,Finance,1923-06-01,7100.0,6835.435825741424,6788.4033
M41414,medium,Finance,1923-07-01,7400.0,6853.4066600463275,6953.2485
M41414,medium,Finance,1923-08-01,6900.0,7510.263493440965,7334.81
M41414,medium,Finance,1923-09-01,6600.0,6841.108559467582,6873.395
M41414,medium,Finance,1923-10-01,6500.0,6848.356660060169,6852.0903
M41414,medium,Finance,1923-11-01,7800.0,6597.24827768187,6601.114
M41414,medium,Finance,1923-12-01,7200.0,7326.343959943513,7189.981
M41414,medium,Finance,1924-01-01,5900.0,6841.508699571111,6906.562
M41414,medium,Finance,1924-02-01,5800.0,6350.591402943336,6353.194
M41470,medium,Finance,1922-03-01,3000.0,2523.335465749175,2519.3914
M41470,medium,Finance,1922-04-01,2700.0,2870.8269529550157,2818.618
M41470,medium,Finance,1922-05-01,3100.0,2719.849820741617,2834.4543
M41470,medium,Finance,1922-06-01,2800.0,3103.2719933580925,2983.9526
M41470,medium,Finance,1922-07-01,2800.0,2812.2351382500974,2806.1565
M41470,medium,Finance,1922-08-01,3100.0,2815.673233497465,2793.5894
M41470,medium,Finance,1922-09-01,2600.0,3068.2323318886924,3005.99
M41470,medium,Finance,1922-10-01,2300.0,2671.247192153114,2732.3428
M41470,medium,Finance,1922-11-01,2300.0,2512.470216080884,2479.159
M41470,medium,Finance,1922-12-01,2300.0,2545.0503571434365,2967.273
M41470,medium,Finance,1923-01-01,2300.0,2524.957268199697,2664.7305
M41470,medium,Finance,1923-02-01,2800.0,2532.318364677712,2615.7278
M41470,medium,Finance,1923-03-01,3000.0,2670.8650983924053,2754.8125
M41470,medium,Finance,1923-04-01,2900.0,2876.0268448899847,2870.643
M41470,medium,Finance,1923-05-01,3500.0,2930.7139857268016,2900.5625
M41470,medium,Finance,1923-06-01,2700.0,3335.80752197332,3377.2986
M41470,medium,Finance,1923-07-01,2700.0,2785.8569487000645,3010.812
M41470,medium,Finance,1923-08-01,2000.0,2800.0700177812646,2872.0142
M4158,long_history,Macro,1926-01-01,1310.0,2216.1111389290713,2247.995
M4158,long_history,Macro,1926-02-01,1820.0,1622.4440376983905,1638.4749
M4158,long_history,Macro,1926-03-01,2210.0,1757.0321794934334,1924.9292
M4158,long_history,Macro,1926-04-01,1680.0,2129.7046439315195,2099.0464
M4158,long_history,Macro,1926-05-01,2070.0,1809.6575623855097,1860.4508
M4158,long_history,Macro,1926-06-01,1970.0,2030.550403420941,2187.3782
M4158,long_history,Macro,1926-07-01,2060.0,2071.171074798266,1980.1237
M4158,long_history,Macro,1926-08-01,2120.0,2091.553190862954,2067.2612
M4158,long_history,Macro,1926-09-01,1900.0,2108.6689198647587,2114.1353
M4158,long_history,Macro,1926-10-01,2170.0,2014.1351191445747,2022.182
M4158,long_history,Macro,1926-11-01,2460.0,2128.575156831516,2164.0967
M4158,long_history,Macro,1926-12-01,1950.0,2385.674034951125,2287.5198
M4158,long_history,Macro,1927-01-01,1790.0,2014.5472592061105,1976.3663
M4158,long_history,Macro,1927-02-01,2020.0,1863.398101808937,1917.2196
M4158,long_history,Macro,1927-03-01,2130.0,2027.9834035501156,2045.0386
M4158,long_history,Macro,1927-04-01,1960.0,2007.7761458154548,2057.1099
M4158,long_history,Macro,1927-05-01,2120.0,2107.1636012617873,2039.1836
M4158,long_history,Macro,1927-06-01,2250.0,2018.1293596863165,2099.649
M4174,long_history,Macro,1926-01-01,7000.0,6698.274853358189,6699.689
M4174,long_history,Macro,1926-02-01,4990.0,6866.631063355169,6636.467
M4174,long_history,Macro,1926-03-01,4460.0,5910.118905732472,6106.665
M4174,long_history,Macro,1926-04-01,5660.0,5922.782077614944,5653.5547
M4174,long_history,Macro,1926-05-01,5770.0,6228.712535404994,6023.6978
M4174,long_history,Macro,1926-06-01,6270.0,5712.725452823784,5724.4243
M4174,long_history,Macro,1926-07-01,6120.0,6409.966463049956,6241.009
M4174,long_history,Macro,1926-08-01,7790.0,6404.062918331102,6383.322
M4174,long_history,Macro,1926-09-01,6280.0,7616.089197683625,6992.8765
M4174,long_history,Macro,1926-10-01,6740.0,7059.71214336722,6719.9575
M4174,long_history,Macro,1926-11-01,6760.0,6985.873651736946,6746.8457
M4174,long_history,Macro,1926-12-01,7960.0,6781.356763104019,6695.7964
M4174,long_history,Macro,1927-01-01,6490.0,7561.949932618521,7399.6094
M4174,long_history,Macro,1927-02-01,8340.0,6626.278217408564,6552.671
M4174,long_history,Macro,1927-03-01,6280.0,7477.639649591671,7594.1533
M4174,long_history,Macro,1927-04-01,6130.0,6520.380230319304,6382.5464
M4174,long_history,Macro,1927-05-01,7360.0,6176.766043090372,6332.664
M4174,long_history,Macro,1927-06-01,9020.0,7049.81656794684,7025.5376
M41791,short,Finance,1912-11-01,7257.4485706,7428.561762500321,7436.417
M41791,short,Finance,1912-12-01,8169.2833818,7396.775397925291,7402.9033
M41791,short,Finance,1913-01-01,8021.5909815,7949.784386931495,7687.975
M41791,short,Finance,1913-02-01,7601.0047354,7762.748668697581,7769.0693
M41791,short,Finance,1913-03-01,7706.9757096,7543.492018228875,7705.457
M41791,short,Finance,1913-04-01,7520.2613285,7700.468373177777,7651.3633
M41791,short,Finance,1913-05-01,7857.9227871,7377.396209323269,7528.4023
M41791,short,Finance,1913-06-01,7439.9952894,7606.496366859163,7665.001
M41791,short,Finance,1913-07-01,8303.3852234,7548.239637791899,7640.933
M41791,short,Finance,1913-08-01,7481.1506715,8147.011788644655,8023.278
M41791,short,Finance,1913-09-01,7896.5209025,7634.461086615502,7741.823
M41791,short,Finance,1913-10-01,7932.7028547,7852.201745273029,7848.551
M41791,short,Finance,1913-11-01,8003.0424901,7794.258017449491,7800.983
M41791,short,Finance,1913-12-01,8050.9293703,8017.960195792539,8022.935
M41791,short,Finance,1914-01-01,8005.1577267,7828.417782755863,7922.0854
M41791,short,Finance,1914-02-01,8602.3912728,7871.258915351353,7915.2295
M41791,short,Finance,1914-03-01,8222.7200975,8443.104016879919,8417.257
M41791,short,Finance,1914-04-01,8245.7467901,8129.753983539595,8136.6465
M42156,medium,Finance,1919-02-01,6461.028,6453.583590559858,6426.326
M42156,medium,Finance,1919-03-01,6483.303,6438.456826367691,6464.336
M42156,medium,Finance,1919-04-01,6504.036,6452.268714559838,6469.8794
M42156,medium,Finance,1919-05-01,6546.263,6426.653293408736,6470.662
M42156,medium,Finance,1919-06-01,6593.401,6497.958914557312,6512.5454
M42156,medium,Finance,1919-07-01,6641.519,6549.39940797799,6578.337
M42156,medium,Finance,1919-08-01,6691.654,6574.735828528205,6651.631
M42156,medium,Finance,1919-09-01,6777.9,6625.342965481323,6671.2544
M42156,medium,Finance,1919-10-01,6779.538,6747.9882111265015,6712.1606
M42156,medium,Finance,1919-11-01,6811.694,6807.767604812964,6768.8105
M42156,medium,Finance,1919-12-01,6926.827,6833.987626452669,6827.0737
M42156,medium,Finance,1920-01-01,6858.072,6747.405473665923,6768.807
M42156,medium,Finance,1920-02-01,6842.103,6785.551484556272,6813.3013
M42156,medium,Finance,1920-03-01,6850.112,6807.767604812964,6840.052
M42156,medium,Finance,1920-04-01,6879.096,6831.271499503248,6835.718
M42156,medium,Finance,1920-05-01,6942.049,6831.271499503248,6835.1743
M42156,medium,Finance,1920-06-01,6997.861,6893.471704954096,6906.7573
M42156,medium,Finance,1920-07-01,7049.246,6984.795952783287,6928.104
M42214,cold_start,Finance,1904-09-01,11262.0,11357.053850395345,11046.422
M42214,cold_start,Finance,1904-10-01,11192.0,11247.820916403949,11087.418
M42214,cold_start,Finance,1904-11-01,11343.0,11620.216660202841,10991.236
M42214,cold_start,Finance,1904-12-01,11283.0,11429.330273601883,11100.1455
M42214,cold_start,Finance,1905-01-01,11504.0,10962.951367424295,11052.94
M42214,cold_start,Finance,1905-02-01,11484.0,11585.361104570755,11509.0625
M42214,cold_start,Finance,1905-03-01,11043.0,11585.361104570755,11599.303
M42214,cold_start,Finance,1905-04-01,10973.0,11096.333937229245,11273.913
M42214,cold_start,Finance,1905-05-01,11725.0,10924.844627305365,10937.9375
M42214,cold_start,Finance,1905-06-01,12257.0,11516.893594895524,11411.288
M42214,cold_start,Finance,1905-07-01,12222.0,12191.026236341628,11847.533
M42214,cold_start,Finance,1905-08-01,12282.0,12378.429248888158,12140.542
M42214,cold_start,Finance,1905-09-01,12704.0,12253.318752105772,12155.999
M42214,cold_start,Finance,1905-10-01,12994.0,12258.233880563728,12168.888
M42214,cold_start,Finance,1905-11-01,13089.0,13058.377168512843,12821.521
M42214,cold_start,Finance,1905-12-01,13229.0,13038.980091835765,12987.076
M42214,cold_start,Finance,1906-01-01,13145.0,12672.661841628897,13009.031
M42214,cold_start,Finance,1906-02-01,13119.0,13278.296942462828,13059.066
M42218,cold_start,Finance,1904-09-01,8600.0,8391.933383288448,8319.123
M42218,cold_start,Finance,1904-10-01,8530.0,8396.995407520033,8477.563
M42218,cold_start,Finance,1904-11-01,8681.0,8461.66801658506,8450.056
M42218,cold_start,Finance,1904-12-01,8621.0,8539.872758724568,8549.01
M42218,cold_start,Finance,1905-01-01,8742.0,8405.660318696797,8499.874
M42218,cold_start,Finance,1905-02-01,8722.0,8584.010294384714,8621.097
M42218,cold_start,Finance,1905-03-01,8843.0,8616.576876221345,8667.454
M42218,cold_start,Finance,1905-04-01,8783.0,8774.919465261679,8790.112
M42218,cold_start,Finance,1905-05-01,9035.0,8774.919465261679,8733.413
M42218,cold_start,Finance,1905-06-01,9056.0,9061.437244974066,8932.922
M42218,cold_start,Finance,1905-07-01,9308.0,9081.504865521914,8961.611
M42218,cold_start,Finance,1905-08-01,9368.0,9181.994057704173,9161.951
M42218,cold_start,Finance,1905-09-01,9609.0,9288.721722024167,9296.078
M42218,cold_start,Finance,1905-10-01,9679.0,9645.056105341248,9553.016
M42218,cold_start,Finance,1905-11-01,9529.0,9604.365065506436,9632.221
M42218,cold_start,Finance,1905-12-01,9589.0,9577.596799116405,9606.842
M42218,cold_start,Finance,1906-01-01,9830.0,9448.844969408952,9500.897
M42218,cold_start,Finance,1906-02-01,9804.0,9604.365065506436,9629.515
M42415,short,Finance,1905-05-01,1920.575,1811.097028853255,1913.0796
M42415,short,Finance,1905-06-01,1620.04,1929.8170386419517,1955.6212
M42415,short,Finance,1905-07-01,1855.122,1748.5889907948715,1806.5299
M42415,short,Finance,1905-08-01,1920.575,1887.2139907438948,1859.5092
M42415,short,Finance,1905-09-01,1930.186,1962.7715061540105,1959.1923
M42415,short,Finance,1905-10-01,1855.122,1975.3165518984551,1963.7906
M42415,short,Finance,1905-11-01,2183.829,1882.1829556463438,1906.3064
M42415,short,Finance,1905-12-01,2109.079,2154.637128427872,2113.96
M42415,short,Finance,1906-01-01,2183.829,2137.2356311579783,2122.4668
M42415,short,Finance,1906-02-01,2271.329,2226.1860707321657,2164.0881
M42415,short,Finance,1906-03-01,2109.079,2231.1011991901223,2216.3728
M42415,short,Finance,1906-04-01,2223.859,2070.6734687122503,2096.942
M42415,short,Finance,1906-05-01,2271.329,2194.5860295874936,2197.8481
M42415,short,Finance,1906-06-01,1354.704,2168.1843095591407,2200.4585
M42415,short,Finance,1906-07-01,2106.281,1667.2400191882757,1767.3207
M42415,short,Finance,1906-08-01,1354.704,1984.4244082447417,2070.2268
M42415,short,Finance,1906-09-01,2269.315,1649.3783615312946,1674.6858
M42415,short,Finance,1906-10-01,2106.281,2074.4053677205216,2097.8335
M42496,short,Finance,1905-06-01,6604.51,5199.999308216238,5559.009
M42496,short,Finance,1905-07-01,2739.89,6140.1980232874575,6440.9014
M42496,short,Finance,1905-08-01,4997.0,4226.4938780907105,4184.975
M42496,short,Finance,1905-09-01,5991.99,5414.322763325236,4785.5376
M42496,short,Finance,1905-10-01,2739.89,4541.96235460157,4568.314
M42496,short,Finance,1905-11-01,5593.88,3973.266250513221,4039.501
M42496,short,Finance,1905-12-01,5890.09,5300.892804300289,4789.529
M42496,short,Finance,1906-01-01,5593.88,3868.768347514043,4178.4473
M42496,short,Finance,1906-02-01,6075.79,5526.138876360551,5611.849
M42496,short,Finance,1906-03-01,5890.09,5765.275562239327,5824.4863
M42496,short,Finance,1906-04-01,6512.35,5717.469948881171,5827.2593
M42496,short,Finance,1906-05-01,6075.79,6081.448079973994,6265.103
M42496,short,Finance,1906-06-01,3822.61,6143.687411954442,6119.98
M42496,short,Finance,1906-07-01,4222.33,4207.559263962076,4250.2803
M42496,short,Finance,1906-08-01,3822.61,4759.598797836551,4873.515
M42496,short,Finance,1906-09-01,4997.71,4238.393168436197,4462.25
M42496,short,Finance,1906-10-01,4222.33,4888.951780991932,4717.5596
M42496,short,Finance,1906-11-01,6986.39,4300.279697000447,4629.101
M42747,short,Finance,1913-02-01,8732.755,8129.056300124284,8215.206
M42747,short,Finance,1913-03-01,10325.07,8783.517343823409,8926.173
M42747,short,Finance,1913-04-01,11229.901,10210.316604836427,9958.322
M42747,short,Finance,1913-05-01,11326.718,11331.520550038034,10727.19
M42747,short,Finance,1913-06-01,11901.38,11297.627588074913,10929.004
M42747,short,Finance,1913-07-01,11386.916,11752.999104251881,11258.827
M42747,short,Finance,1913-08-01,11812.05,11274.404585879318,11359.273
M42747,short,Finance,1913-09-01,11245.499,11331.370688900903,11359.455
M42747,short,Finance,1913-10-01,10571.047,11322.18515788877,11161.139
M42747,short,Finance,1913-11-01,9839.592,10540.598424363572,10640.0625
M42747,short,Finance,1913-12-01,9371.167,9796.533112236682,9914.242
M42747,short,Finance,1914-01-01,9574.989,8845.689282328773,8968.201
M42747,short,Finance,1914-02-01,8055.168,9471.432457855928,9495.933
M42747,short,Finance,1914-03-01,9209.228,8279.467317573044,8567.154
M42747,short,Finance,1914-04-01,10597.736,9302.625836043104,9139.902
M42747,short,Finance,1914-05-01,12067.556,10355.303751126738,10333.768
M42747,short,Finance,1914-06-01,11361.078,11847.413827464421,11748.406
M42747,short,Finance,1914-07-01,12382.072,11186.389974697335,11307.061
M4279,long_history,Macro,1927-11-01,10871.51957,10509.93755624093,11031.662
M4279,long_history,Macro,1927-12-01,13050.59492,11666.71855165433,11463.645
M4279,long_history,Macro,1928-01-01,12004.94007,11739.038735198776,12793.144
M4279,long_history,Macro,1928-02-01,13076.21133,12234.563877447537,12192.177
M4279,long_history,Macro,1928-03-01,14341.74361,12869.079120983308,13312.505
M4279,long_history,Macro,1928-04-01,12883.82268,13301.360384724416,15555.604
M4279,long_history,Macro,1928-05-01,13119.67475,12964.120099123193,13084.523
M4279,long_history,Macro,1928-06-01,12850.09914,13046.223600415715,13057.854
M4279,long_history,Macro,1928-07-01,13191.16117,12964.120099123193,12933.489
M4279,long_history,Macro,1928-08-01,12458.06056,12891.835409903828,12842.099
M4279,long_history,Macro,1928-09-01,10643.67927,12569.301965365965,12442.231
M4279,long_history,Macro,1928-10-01,11167.71281,11408.735760133899,10750.532
M4279,long_history,Macro,1928-11-01,12468.29409,11656.490308003895,10894.027
M4279,long_history,Macro,1928-12-01,14179.26453,12123.72274030732,12028.9795
M4279,long_history,Macro,1929-01-01,13138.61833,12397.753421639736,14741.74
M4279,long_history,Macro,1929-02-01,13615.87254,13131.216431492161,15309.291
M4279,long_history,Macro,1929-03-01,13316.01636,14525.21623315532,18859.482
M4279,long_history,Macro,1929-04-01,12888.85411,13131.216431492161,14759.969
M42941,short,Finance,1905-05-01,3462.892,3929.5510381695267,3898.4387
M42941,short,Finance,1905-06-01,3900.359,3591.4852995358633,3614.9204
M42941,short,Finance,1905-07-01,4105.863,3814.1818564398,3840.9438
M42941,short,Finance,1905-08-01,3462.892,4079.4937731945056,3928.8455
M42941,short,Finance,1905-09-01,4253.95,3732.6102248062484,3674.2332
M42941,short,Finance,1905-10-01,4105.863,4152.365761160015,4048.5225
M42941,short,Finance,1905-11-01,2677.806,4090.928763285791,3971.9016
M42941,short,Finance,1905-12-01,3255.916,3135.333652867115,3207.11
M42941,short,Finance,1906-01-01,2677.806,3545.912137381857,3695.3218
M42941,short,Finance,1906-02-01,3236.698,2962.8173856378417,3012.7527
M42941,short,Finance,1906-03-01,3255.916,3168.3272899989365,3476.01
M42941,short,Finance,1906-04-01,3377.433,3367.3989682524316,3391.3313
M42941,short,Finance,1906-05-01,3236.698,3458.276094065556,3381.0652
M42941,short,Finance,1906-06-01,2695.09,3254.9880118272245,3363.5337
M42941,short,Finance,1906-07-01,2698.246,2899.8461499479104,2980.862
M42941,short,Finance,1906-08-01,2853.21,2862.9908400618956,2873.8254
M42941,short,Finance,1906-09-01,2722.547,2915.2294667426495,2912.635
M42941,short,Finance,1906-10-01,2484.714,2790.049854762899,2832.4282
M42955,cold_start,Finance,1905-02-01,2163.38,1749.7378673962205,1845.5602
M42955,cold_start,Finance,1905-03-01,2305.99,2111.356892297967,2178.978
M42955,cold_start,Finance,1905-04-01,2245.09,2259.696207867096,2185.8752
M42955,cold_start,Finance,1905-05-01,3572.27,2248.677280032118,2272.9448
M42955,cold_start,Finance,1905-06-01,2245.09,3453.167753857295,3163.192
M42955,cold_start,Finance,1905-07-01,2458.85,2205.8688676161473,2606.6938
M42955,cold_start,Finance,1905-08-01,3572.27,2766.8904717900664,2571.3723
M42955,cold_start,Finance,1905-09-01,2377.87,3443.994472822497,3203.075
M42955,cold_start,Finance,1905-10-01,2458.85,2453.731795930419,2687.5168
M42955,cold_start,Finance,1905-11-01,4556.77,2780.6522078878616,2638.4973
M42955,cold_start,Finance,1905-12-01,3337.19,4084.607672287514,3660.988
M42955,cold_start,Finance,1906-01-01,4556.77,3258.3921181444694,2878.1335
M42955,cold_start,Finance,1906-02-01,4117.05,4278.244599394814,4407.1436
M42955,cold_start,Finance,1906-03-01,3337.19,3927.265063033159,3982.7024
M42955,cold_start,Finance,1906-04-01,2554.0,3743.2927584027125,3582.8718
M42955,cold_start,Finance,1906-05-01,4117.05,2954.065441543112,3271.7178
M42955,cold_start,Finance,1906-06-01,3494.2,3818.6736542336307,3538.802
M42955,cold_start,Finance,1906-07-01,3501.84,3611.3563745831193,3564.9404
M43006,short,Finance,1906-01-01,1391.128,1616.2456165524318,1587.874
M43006,short,Finance,1906-02-01,1270.77,1477.6817378135231,1490.2672
M43006,short,Finance,1906-03-01,1372.364,1372.823511773091,1414.9156
M43006,short,Finance,1906-04-01,1284.894,1397.7760013165732,1396.0613
M43006,short,Finance,1906-05-01,1277.221,1297.7358449902156,1340.4375
M43006,short,Finance,1906-06-01,1352.351,1315.578718393947,1338.5537
M43006,short,Finance,1906-07-01,1381.487,1380.038522538075,1369.9117
M43006,short,Finance,1906-08-01,1387.102,1442.1984443751762,1391.8796
M43006,short,Finance,1906-09-01,1337.069,1419.4404425134878,1404.6025
M43006,short,Finance,1906-10-01,1184.186,1437.2833159172192,1396.2399
M43006,short,Finance,1906-11-01,1362.576,1279.8305227513924,1324.5896
M43006,short,Finance,1906-12-01,1381.85,1387.669777945453,1383.8164
M43006,short,Finance,1907-01-01,1173.877,1336.7433563772242,1368.2596
M43006,short,Finance,1907-02-01,1219.512,1191.1623737938528,1277.2468
M43006,short,Finance,1907-03-01,1318.771,1271.156275335344,1269.2473
M43006,short,Finance,1907-04-01,1261.53,1312.0012432628696,1290.8384
M43006,short,Finance,1907-05-01,1131.178,1250.6742938103198,1300.8488
M43006,short,Finance,1907-06-01,1215.106,1191.1623737938528,1211.8995
M43066,short,Finance,1905-05-01,1898.5021,1728.3315272760226,1784.2538
M43066,short,Finance,1905-06-01,1680.0457,1910.592726488156,1857.615
M43066,short,Finance,1905-07-01,1931.0921,1732.1778247581426,1791.7266
M43066,short,Finance,1905-08-01,1898.5021,1899.8546165230287,1909.1255
M43066,short,Finance,1905-09-01,2069.6951,1917.3147907254306,1886.1217
M43066,short,Finance,1905-10-01,1931.0921,2011.5578264759922,2016.5538
M43066,short,Finance,1905-11-01,1691.4736,1951.2182295135929,1951.99
M43066,short,Finance,1905-12-01,2097.0083,1759.2459383929724,1833.6819
M43066,short,Finance,1906-01-01,1691.4736,2005.8766537804524,2076.0166
M43066,short,Finance,1906-02-01,2054.4634,1794.685862816526,1838.8734
M43066,short,Finance,1906-03-01,2097.0083,1998.3502648584024,1981.2478
M43066,short,Finance,1906-04-01,2081.1291,2022.1880580974816,2031.457
M43066,short,Finance,1906-05-01,2054.4634,2068.3627215273054,2067.4963
M43066,short,Finance,1906-06-01,1995.2228,2057.6246115621784,2061.8557
M43066,short,Finance,1906-07-01,2024.5453,2058.0653407693753,2013.3716
M43066,short,Finance,1906-08-01,1962.9762,2006.6426980180352,2047.4176
M43066,short,Finance,1906-09-01,2086.0651,2067.80347799358,1997.0249
M43066,short,Finance,1906-10-01,1973.3786,2018.04815550442,2054.9607
M43158,short,Finance,1913-02-01,1476.2951,2860.674471338375,2714.2627
M43158,short,Finance,1913-03-01,3165.3233,2039.0317080019381,2224.23
M43158,short,Finance,1913-04-01,4705.2017,3025.200824979344,2935.84
M43158,short,Finance,1913-05-01,4059.2146,3716.2277794996457,3863.7266
M43158,short,Finance,1913-06-01,2316.3656,4021.6316204132886,3698.7195
M43158,short,Finance,1913-07-01,1312.4088,3623.913574694416,3193.3835
M43158,short,Finance,1913-08-01,1237.0365,1603.2296059551854,2539.516
M43158,short,Finance,1913-09-01,613.3634,1233.1307707498988,1799.462
M43158,short,Finance,1913-10-01,931.7132,984.2851157635354,1149.9435
M43158,short,Finance,1913-11-01,801.5566,1211.357080574489,1361.6422
M43158,short,Finance,1913-12-01,2789.8243,1298.7761632153379,1681.0383
M43158,short,Finance,1914-01-01,1878.8001,2515.982547999972,3115.1646
M43158,short,Finance,1914-02-01,793.0386,2016.9304676349473,2169.6587
M43158,short,Finance,1914-03-01,3514.5319,1643.7055332697842,2019.6293
M43158,short,Finance,1914-04-01,5097.4349,3370.344675300366,3062.4697
M43158,short,Finance,1914-05-01,1874.4131,4350.200312501885,4183.329
M43158,short,Finance,1914-06-01,2557.3685,3168.511001831883,2987.1223
M43158,short,Finance,1914-07-01,3616.6754,2745.063111069812,3884.0496
M43221,short,Finance,1913-02-01,2701.3431,2754.8745327260776,2909.6548
M43221,short,Finance,1913-03-01,3786.5072,2910.146744266279,2934.79
M43221,short,Finance,1913-04-01,3995.8613,3663.0480010803462,3246.523
M43221,short,Finance,1913-05-01,3936.94,3789.2264149499697,3671.155
M43221,short,Finance,1913-06-01,4251.4131,3749.500935552732,3863.794
M43221,short,Finance,1913-07-01,3176.5437,4132.04008500932,4107.877
M43221,short,Finance,1913-08-01,2759.2847,3408.582469084108,3479.2112
M43221,short,Finance,1913-09-01,2869.3972,2960.1529266185803,3056.7576
M43221,short,Finance,1913-10-01,2377.6731,2830.186298365578,2907.313
M43221,short,Finance,1913-11-01,3483.839,2665.2095124288667,2679.3445
M43221,short,Finance,1913-12-01,2430.6026,3562.960011345343,3496.7766
M43221,short,Finance,1914-01-01,1514.2227,2619.921090826333,2986.537
M43221,short,Finance,1914-02-01,2332.8875,2046.43645361969,2175.2876
M43221,short,Finance,1914-03-01,2703.0624,2514.82071781504,2715.061
M43221,short,Finance,1914-04-01,3151.4777,2887.8380187677603,2809.6982
M43221,short,Finance,1914-05-01,2787.5598,3270.2826114534546,4112.245
M43221,short,Finance,1914-06-01,2967.9231,2896.810257679394,2970.9858
M43221,short,Finance,1914-07-01,3831.8656,2936.2528401075283,3098.665
M43404,medium,Finance,1923-01-01,8270.0,8133.886824633915,8146.5786
M43404,medium,Finance,1923-02-01,8290.0,8275.07423460934,8240.54
M43404,medium,Finance,1923-03-01,8310.0,8315.774545138087,8275.023
M43404,medium,Finance,1923-04-01,8420.0,8333.032350243146,8283.439
M43404,medium,Finance,1923-05-01,8290.0,8337.947478701102,8358.12
M43404,medium,Finance,1923-06-01,8290.0,8320.689673596044,8296.043
M43404,medium,Finance,1923-07-01,8360.0,8320.689673596044,8285.383
M43404,medium,Finance,1923-08-01,8340.0,8333.032350243146,8372.629
M43404,medium,Finance,1923-09-01,8380.0,8333.032350243146,8373.507
M43404,medium,Finance,1923-10-01,8440.0,8427.233225558577,8374.819
M43404,medium,Finance,1923-11-01,8380.0,8427.233225558577,8376.334
M43404,medium,Finance,1923-12-01,8360.0,8434.887918091086,8410.839
M43404,medium,Finance,1924-01-01,8430.0,8245.345505054413,8289.139
M43404,medium,Finance,1924-02-01,8420.0,8386.53291502983,8359.452
M43404,medium,Finance,1924-03-01,8430.0,8427.233225558577,8412.178
M43404,medium,Finance,1924-04-01,8460.0,8427.233225558577,8423.476
M43404,medium,Finance,1924-05-01,8330.0,8536.988284125378,8419.99
M43404,medium,Finance,1924-06-01,8290.0,8432.148354016534,8419.851
M43414,long_history,Finance,1930-06-01,4540.0,10170.011016267043,7633.6895
M43414,long_history,Finance,1930-07-01,48500.0,12730.311219264036,9638.574
M43414,long_history,Finance,1930-08-01,3870.0,16137.826843942321,20503.816
M43414,long_history,Finance,1930-09-01,4370.0,8452.192175647135,8746.3955
M43414,long_history,Finance,1930-10-01,24420.0,12993.958500512375,17612.863
M43414,long_history,Finance,1930-11-01,4780.0,10583.672031454267,17178.723
M43414,long_history,Finance,1930-12-01,11670.0,11276.029186720001,13507.546
M43414,long_history,Finance,1931-01-01,43440.0,22047.27891242276,30024.705
M43414,long_history,Finance,1931-02-01,3740.0,16741.507725989588,24513.904
M43414,long_history,Finance,1931-03-01,4380.0,8959.67694074408,11485.996
M43414,long_history,Finance,1931-04-01,8060.0,12316.452138519335,15724.662
M43414,long_history,Finance,1931-05-01,3580.0,9052.995199131252,10314.487
M43414,long_history,Finance,1931-06-01,9160.0,8691.879497345777,7237.6543
M43414,long_history,Finance,1931-07-01,26470.0,13162.825831016222,9745.497
M43414,long_history,Finance,1931-08-01,4390.0,12233.81534966307,13153.675
M43414,long_history,Finance,1931-09-01,4730.0,10698.803212032048,9141.713
M43414,long_history,Finance,1931-10-01,23370.0,14095.340417579979,14291.577
M43414,long_history,Finance,1931-11-01,4530.0,11437.393700923854,18454.074
M43629,short,Finance,1913-08-01,2255.2976,2271.8763533855004,2302.0774
M43629,short,Finance,1913-09-01,2246.8853,2262.7030723507023,2298.0627
M43629,short,Finance,1913-10-01,2285.5454,2271.8763533855004,2295.423
M43629,short,Finance,1913-11-01,2301.1365,2262.7030723507023,2291.2302
M43629,short,Finance,1913-12-01,2278.0716,2382.4054584510313,2345.5828
M43629,short,Finance,1914-01-01,4822.4699,2346.918616087121,2326.235
M43629,short,Finance,1914-02-01,4872.5229,3787.379817762302,3204.7136
M43629,short,Finance,1914-03-01,4943.0478,3451.209230371724,3645.329
M43629,short,Finance,1914-04-01,5005.2588,4598.18593754577,4517.0044
M43629,short,Finance,1914-05-01,4821.8276,4697.603183327857,4754.667
M43629,short,Finance,1914-06-01,4719.5356,4584.956861177791,4801.7515
M43629,short,Finance,1914-07-01,4639.5193,4609.6023047170875,4707.818
M43629,short,Finance,1914-08-01,4665.0352,4675.510337292647,4685.754
M43629,short,Finance,1914-09-01,4658.9967,4642.861161699379,4692.86
M43629,short,Finance,1914-10-01,4689.4447,4642.861161699379,4663.138
M43629,short,Finance,1914-11-01,4777.3474,4621.774970446952,4653.4604
M43629,short,Finance,1914-12-01,4680.9769,4762.08906068252,4767.093
M43629,short,Finance,1915-01-01,4641.4863,4781.699218461039,4655.8013
M44036,cold_start,Finance,1904-04-01,1870.0,1723.1774534595042,1754.8788
M44036,cold_start,Finance,1904-05-01,1890.0,1765.517177446472,1800.4846
M44036,cold_start,Finance,1904-06-01,1990.0,1858.6507736985839,1851.0657
M44036,cold_start,Finance,1904-07-01,2010.0,1964.5310021443772,1912.1815
M44036,cold_start,Finance,1904-08-01,2020.0,1964.5310021443772,1977.0682
M44036,cold_start,Finance,1904-09-01,1990.0,1976.7316026882247,2001.3716
M44036,cold_start,Finance,1904-10-01,1990.0,1976.7316026882247,1951.075
M44036,cold_start,Finance,1904-11-01,1900.0,1978.061714649177,1950.4424
M44036,cold_start,Finance,1904-12-01,1930.0,1920.0309176748515,1935.3787
M44036,cold_start,Finance,1905-01-01,1930.0,1924.1786637743357,1931.2493
M44036,cold_start,Finance,1905-02-01,2130.0,1912.3996622674736,1933.797
M44036,cold_start,Finance,1905-03-01,2130.0,2000.819716510865,2056.129
M44036,cold_start,Finance,1905-04-01,2130.0,2073.277849985262,2096.3083
M44036,cold_start,Finance,1905-05-01,2130.0,2122.2017378905875,2119.4753
M44036,cold_start,Finance,1905-06-01,2130.0,2128.6920669190154,2126.5698
M44036,cold_start,Finance,1905-07-01,2120.0,2128.6920669190154,2130.4954
M44036,cold_start,Finance,1905-08-01,2120.0,2074.8530505557333,2155.1934
M44036,cold_start,Finance,1905-09-01,2170.0,2074.8530505557333,2118.1548
M44180,long_history,Finance,1924-12-01,1794.1,1859.3051797012477,1883.0106
M44180,long_history,Finance,1925-01-01,1700.9,1813.5848933198224,1827.8286
M44180,long_history,Finance,1925-02-01,1633.0,1721.2079795841687,1791.3083
M44180,long_history,Finance,1925-03-01,1614.4,1650.6358461194923,1703.6217
M44180,long_history,Finance,1925-04-01,1646.7,1645.7207176615352,1663.973
M44180,long_history,Finance,1925-05-01,1573.2,1645.7207176615352,1674.086
M44180,long_history,Finance,1925-06-01,1606.1,1615.2047250106968,1635.4203
M44180,long_history,Finance,1925-07-01,1529.5,1656.4588276266625,1640.5315
M44180,long_history,Finance,1925-08-01,1422.6,1615.2047250106968,1603.0736
M44180,long_history,Finance,1925-09-01,1576.2,1506.2627211823817,1527.4692
M44180,long_history,Finance,1925-10-01,1490.7,1564.820577257656,1570.8251
M44180,long_history,Finance,1925-11-01,1148.1,1578.8682892528877,1541.6641
M44180,long_history,Finance,1925-12-01,1040.1,1299.7983497658329,1352.0553
M44180,long_history,Finance,1926-01-01,1007.6,1269.1925117861258,1577.3473
M44180,long_history,Finance,1926-02-01,1017.6,1170.0963204108618,1249.3455
M44180,long_history,Finance,1926-03-01,972.5,1165.1811919529048,1209.1206
M44180,long_history,Finance,1926-04-01,951.3,1073.639092111281,1052.8837
M44180,long_history,Finance,1926-05-01,972.3,1060.6759805037884,1024.8392
M44215,long_history,Finance,1924-12-01,4962.5,5118.389398086637,5098.6416
M44215,long_history,Finance,1925-01-01,4911.1,5201.366876053809,4939.9976
M44215,long_history,Finance,1925-02-01,4774.7,5225.350514490798,4959.8325
M44215,long_history,Finance,1925-03-01,4774.1,5122.068005728853,4834.9707
M44215,long_history,Finance,1925-04-01,5129.3,5070.3936751851015,4815.9526
M44215,long_history,Finance,1925-05-01,5102.9,5286.752684689253,5056.639
M44215,long_history,Finance,1925-06-01,5042.4,5322.44385798271,5116.576
M44215,long_history,Finance,1925-07-01,4879.2,5281.837556231297,5070.248
M44215,long_history,Finance,1925-08-01,4759.7,5223.026612200623,4966.054
M44215,long_history,Finance,1925-09-01,4831.7,5122.068005728853,4847.748
M44215,long_history,Finance,1925-10-01,4551.0,5048.609430332752,4867.402
M44215,long_history,Finance,1925-11-01,4333.4,4993.137832381088,4655.665
M44215,long_history,Finance,1925-12-01,4262.9,4695.345875109499,4523.21
M44215,long_history,Finance,1926-01-01,4292.5,4692.190634445831,4391.333
M44215,long_history,Finance,1926-02-01,4372.2,4646.035007944723,4351.8936
M44215,long_history,Finance,1926-03-01,4281.4,4700.739232177704,4407.0825
M44215,long_history,Finance,1926-04-01,4193.0,4681.726181238179,4383.8364
M44215,long_history,Finance,1926-05-01,4228.5,4686.641309696136,4281.698
M44232,long_history,Finance,1927-06-01,4550.23,4926.126048959285,4574.4204
M44232,long_history,Finance,1927-07-01,4574.26,4926.126048959285,4566.168
M44232,long_history,Finance,1927-08-01,4579.47,4926.126048959285,4545.627
M44232,long_history,Finance,1927-09-01,4602.14,4926.126048959285,4555.3535
M44232,long_history,Finance,1927-10-01,4687.01,4926.126048959285,4763.087
M44232,long_history,Finance,1927-11-01,4648.52,4972.605846927799,4886.3564
M44232,long_history,Finance,1927-12-01,4751.92,5055.216489146463,4889.0776
M44232,long_history,Finance,1928-01-01,4744.25,5320.920476256861,5182.058
M44232,long_history,Finance,1928-02-01,4715.92,5413.839513610877,5248.5347
M44232,long_history,Finance,1928-03-01,4690.86,5421.344527310873,5236.484
M44232,long_history,Finance,1928-04-01,4678.57,5421.344527310873,5210.6997
M44232,long_history,Finance,1928-05-01,4658.24,5357.147093765547,5179.747
M44232,long_history,Finance,1928-06-01,4669.65,5357.147093765547,5090.933
M44232,long_history,Finance,1928-07-01,4738.73,5357.147093765547,5220.1523
M44232,long_history,Finance,1928-08-01,4792.14,5357.147093765547,5361.855
M44232,long_history,Finance,1928-09-01,4774.97,5435.25145575198,5490.714
M44232,long_history,Finance,1928-10-01,4819.91,5421.344527310873,5771.4033
M44232,long_history,Finance,1928-11-01,4828.13,5435.25145575198,5805.884
M4435,short,Macro,1912-07-01,1935.0,5393.865685981459,4768.62
M4435,short,Macro,1912-08-01,1647.0,4892.335555781365,4617.0273
M4435,short,Macro,1912-09-01,5838.0,3640.4615189151286,4247.223
M4435,short,Macro,1912-10-01,4035.0,5144.439813269913,5661.8237
M4435,short,Macro,1912-11-01,3482.0,4735.571898806483,4559.408
M4435,short,Macro,1912-12-01,2998.0,5766.297538429748,5489.025
M4435,short,Macro,1913-01-01,6042.0,3843.1898998878974,4016.959
M4435,short,Macro,1913-02-01,6403.0,5159.171224630404,4568.2686
M4435,short,Macro,1913-03-01,4766.0,5142.664504313707,5247.8833
M4435,short,Macro,1913-04-01,4502.0,4824.576074414363,4933.9087
M4435,short,Macro,1913-05-01,6592.0,4986.771470419008,5199.184
M4435,short,Macro,1913-06-01,2586.0,5041.227577943368,5307.9746
M4435,short,Macro,1913-07-01,1775.0,3296.4407594426525,3544.3472
M4435,short,Macro,1913-08-01,4338.0,3859.6039769634867,3924.4834
M4435,short,Macro,1913-09-01,8535.0,4023.8970915406826,4048.6582
M4435,short,Macro,1913-10-01,1997.0,5426.997638941749,5741.492
M4435,short,Macro,1913-11-01,3172.0,4981.293105258839,3847.7668
M4435,short,Macro,1913-12-01,5265.0,4813.5475012387415,5275.3096
M44405,medium,Finance,1914-08-01,7209.106,7016.431692472998,7159.298
M44405,medium,Finance,1914-09-01,7204.7064,7251.344651054707,7165.9824
M44405,medium,Finance,1914-10-01,7384.684,7274.8485457449915,7191.854
M44405,medium,Finance,1914-11-01,7451.8678,7274.8485457449915,7285.76
M44405,medium,Finance,1914-12-01,7454.6787,7277.564672694412,7350.9
M44405,medium,Finance,1915-01-01,7458.9367,7184.323288360478,7261.216
M44405,medium,Finance,1915-02-01,7449.4377,7265.648846616294,7354.563
M44405,medium,Finance,1915-03-01,7366.8794,7346.010994581105,7404.123
M44405,medium,Finance,1915-04-01,7365.5307,7468.223599936386,7381.9487
M44405,medium,Finance,1915-05-01,7595.2953,7463.308471478429,7370.6943
M44405,medium,Finance,1915-06-01,7850.0123,7468.223599936386,7468.736
M44405,medium,Finance,1915-07-01,7988.5033,7664.8073251167325,7657.2183
M44405,medium,Finance,1915-08-01,8244.2252,7794.258017449491,7797.1724
M44405,medium,Finance,1915-09-01,9698.8765,8129.753983539595,8111.4453
M44405,medium,Finance,1915-10-01,9776.773,9416.49452192574,9491.898
M44405,medium,Finance,1915-11-01,9749.8566,9304.302216679289,9520.884
M44405,medium,Finance,1915-12-01,9831.3946,9518.620072031323,9572.986
M44405,medium,Finance,1916-01-01,9908.155,9154.868591619232,9362.069
M44457,medium,Finance,1914-08-01,7688.5364,7767.677047306814,7757.6924
M44457,medium,Finance,1914-09-01,7505.1785,7732.984805533325,7698.6147
M44457,medium,Finance,1914-10-01,7463.4672,7503.88464799743,7570.5703
M44457,medium,Finance,1914-11-01,7472.94,7503.88464799743,7534.6895
M44457,medium,Finance,1914-12-01,7478.1036,7483.349288896801,7555.0215
M44457,medium,Finance,1915-01-01,7350.8152,7444.4053386208725,7524.5405
M44457,medium,Finance,1915-02-01,7416.626,7602.951737863592,7397.998
M44457,medium,Finance,1915-03-01,7401.4139,7634.461086615502,7551.284
M44457,medium,Finance,1915-04-01,7316.9908,7629.545958157545,7553.1704
M44457,medium,Finance,1915-05-01,7303.4085,7589.60542491292,7460.7607
M44457,medium,Finance,1915-06-01,7381.8399,7533.676130092625,7441.6416
M44457,medium,Finance,1915-07-01,7430.6933,7528.761001634668,7432.619
M44457,medium,Finance,1915-08-01,7455.8329,7485.100642873232,7490.0864
M44457,medium,Finance,1915-09-01,7349.0988,7415.512905350249,7474.208
M44457,medium,Finance,1915-10-01,7450.7849,7420.428033808205,7395.9585
M44457,medium,Finance,1915-11-01,7361.6391,7468.223599936386,7459.614
M44457,medium,Finance,1915-12-01,7392.5391,7470.9397268858065,7402.922
M44457,medium,Finance,1916-01-01,7167.3526,7341.282602693867,7385.1978
M44748,long_history,Finance,1926-10-01,20127.6,17073.11820898322,16748.938
M44748,long_history,Finance,1926-11-01,20164.7,17178.514035771546,16719.742
M44748,long_history,Finance,1926-12-01,20641.3,17969.40251159309,16918.373
M44748,long_history,Finance,1927-01-01,21179.7,17309.52822008725,15199.777
M44748,long_history,Finance,1927-02-01,21191.4,17148.83637431771,16539.879
M44748,long_history,Finance,1927-03-01,21510.5,17546.786016226753,16638.889
M44748,long_history,Finance,1927-04-01,21534.9,17546.786016226753,16525.537
M44748,long_history,Finance,1927-05-01,20540.6,17670.93798592788,16499.607
M44748,long_history,Finance,1927-06-01,20860.4,17417.943837971987,16836.34
M44748,long_history,Finance,1927-07-01,20666.6,17285.505050138752,16899.98
M44748,long_history,Finance,1927-08-01,21366.5,17654.793074930327,16551.486
M44748,long_history,Finance,1927-09-01,22145.2,17567.965715303,16938.086
M44748,long_history,Finance,1927-10-01,22338.8,17314.971567347104,16761.863
M44748,long_history,Finance,1927-11-01,22256.6,17314.971567347104,16883.578
M44748,long_history,Finance,1927-12-01,21958.7,17812.737323481662,16614.822
M44748,long_history,Finance,1928-01-01,22094.1,18091.00639735582,15782.565
M44748,long_history,Finance,1928-02-01,23168.7,18183.308699542176,16375.918
M44748,long_history,Finance,1928-03-01,23273.5,18183.308699542176,16705.13
M45533,short,Finance,1907-10-01,4063.607692,4038.570564593655,4075.2617
M45533,short,Finance,1907-11-01,3591.401765,4293.53769337072,4115.3823
M45533,short,Finance,1907-12-01,3656.1535,4294.628270707708,4274.8613
M45533,short,Finance,1908-01-01,2820.0,3839.6389494746318,3617.9937
M45533,short,Finance,1908-02-01,2925.882353,2937.310825003384,3221.2434
M45533,short,Finance,1908-03-01,3090.5,3062.7934555224606,3231.7256
M45533,short,Finance,1908-04-01,3400.0,3206.0098590766156,3358.6965
M45533,short,Finance,1908-05-01,3205.882353,3387.2968791334465,3433.4167
M45533,short,Finance,1908-06-01,3302.738462,3442.7065843449245,3537.4216
M45533,short,Finance,1908-07-01,2800.465882,3314.4651937235667,3317.7676
M45533,short,Finance,1908-08-01,2875.884,2906.7473696956013,3019.153
M45533,short,Finance,1908-09-01,2650.0,2914.1272985001747,3009.6948
M45533,short,Finance,1908-10-01,1799.505,2700.0835535947626,2738.9778
M45533,short,Finance,1908-11-01,2099.4035,2289.2355425613737,2308.1133
M45533,short,Finance,1908-12-01,2727.6015,2442.1570058592156,2443.2478
M45533,short,Finance,1909-01-01,3100.0,2764.6635783748775,2750.9993
M45533,short,Finance,1909-02-01,3291.538462,3145.7592540042724,3110.1592
M45533,short,Finance,1909-03-01,3070.176471,3298.7498979134075,3407.6833
M45612,cold_start,Finance,1904-01-01,2630.5,2559.448707814096,2838.8818
M45612,cold_start,Finance,1904-02-01,3000.0,2683.6233810601407,2712.7112
M45612,cold_start,Finance,1904-03-01,3000.0,2929.766706376645,2827.8691
M45612,cold_start,Finance,1904-04-01,2200.0,2919.740734127825,2883.042
M45612,cold_start,Finance,1904-05-01,5000.0,2479.6491127972126,2518.291
M45612,cold_start,Finance,1904-06-01,2750.0,3935.9417920069645,3434.3628
M45612,cold_start,Finance,1904-07-01,2000.0,3527.6352412403994,3064.5295
M45612,cold_start,Finance,1904-08-01,1950.0,3802.0524979880092,3424.4473
M45612,cold_start,Finance,1904-09-01,4800.0,2692.0345313668736,2253.756
M45612,cold_start,Finance,1904-10-01,3000.0,3822.0431601817786,3116.2437
M45612,cold_start,Finance,1904-11-01,2600.0,3129.8725342955786,3466.0452
M45612,cold_start,Finance,1904-12-01,3000.0,3422.026569385356,3522.2324
M45612,cold_start,Finance,1905-01-01,3000.0,2978.6827448204313,2952.5889
M45612,cold_start,Finance,1905-02-01,1000.0,2959.720706263501,3015.1282
M45612,cold_start,Finance,1905-03-01,2000.0,1474.1224441990485,1888.3381
M45612,cold_start,Finance,1905-04-01,2566.0,2488.795426110382,2932.548
M45612,cold_start,Finance,1905-05-01,1000.0,2613.599271050322,2908.314
M45612,cold_start,Finance,1905-06-01,1500.0,1569.1502930470674,1693.1333
M45640,cold_start,Finance,1904-01-01,1290.0,1072.5701771652161,1064.6288
M45640,cold_start,Finance,1904-02-01,1300.0,1172.0757960512524,1207.1746
M45640,cold_start,Finance,1904-03-01,1000.0,1227.8571735933838,1261.4025
M45640,cold_start,Finance,1904-04-01,1000.0,1119.17629466006,1115.6006
M45640,cold_start,Finance,1904-05-01,1000.0,1112.877352532316,1120.9619
M45640,cold_start,Finance,1904-06-01,1000.0,1084.2616423151767,1034.2489
M45640,cold_start,Finance,1904-07-01,950.0,1070.6451842677975,1027.4977
M45640,cold_start,Finance,1904-08-01,1000.0,998.1800546010471,1004.65924
M45640,cold_start,Finance,1904-09-01,1000.0,1034.7792069007892,996.8097
M45640,cold_start,Finance,1904-10-01,1000.0,1021.2775049537595,1003.432
M45640,cold_start,Finance,1904-11-01,1000.0,1034.7792069007892,1010.8993
M45640,cold_start,Finance,1904-12-01,1000.0,1150.9138404625132,1039.9972
M45640,cold_start,Finance,1905-01-01,1010.0,1069.4610741671672,1049.3096
M45640,cold_start,Finance,1905-02-01,1000.0,1057.682072660305,1021.0667
M45640,cold_start,Finance,1905-03-01,1000.0,1034.7792069007892,1019.7042
M45640,cold_start,Finance,1905-04-01,1000.0,1034.7792069007892,1010.5203
M45640,cold_start,Finance,1905-05-01,1025.0,1034.7792069007892,1010.4451
M45640,cold_start,Finance,1905-06-01,1010.0,1048.7396317657156,1053.4238
M4582,short,Macro,1913-07-01,2425.0,2670.1008158210775,3853.3635
M4582,short,Macro,1913-08-01,4119.0,5178.9408160869625,4041.9355
M4582,short,Macro,1913-09-01,837.0,5133.719189930575,3818.1592
M4582,short,Macro,1913-10-01,4409.0,3805.3782241767694,5605.183
M4582,short,Macro,1913-11-01,12362.0,5547.031423258082,7346.059
M4582,short,Macro,1913-12-01,3745.0,9422.658361912137,9553.561
M4582,short,Macro,1914-01-01,35142.0,6008.312024052725,4558.384
M4582,short,Macro,1914-02-01,676.0,11050.347975533487,9857.815
M4582,short,Macro,1914-03-01,6750.0,420.17936921112226,3053.3608
M4582,short,Macro,1914-04-01,4002.0,8908.904526186243,5829.52
M4582,short,Macro,1914-05-01,2960.0,7529.714511315433,6390.826
M4582,short,Macro,1914-06-01,5813.0,4523.679974632854,5433.5146
M4582,short,Macro,1914-07-01,11110.0,6317.148680361615,5287.0215
M4582,short,Macro,1914-08-01,2330.0,7306.311421330083,7246.2485
M4582,short,Macro,1914-09-01,2832.0,6087.622441480591,5520.965
M4582,short,Macro,1914-10-01,4584.0,6900.048516561302,5176.426
M4582,short,Macro,1914-11-01,5214.0,6920.056516183069,7819.855
M4582,short,Macro,1914-12-01,12522.0,8068.786159337166,6883.195
M45868,short,Finance,1907-03-01,2369.0,2516.624420659905,2587.779
M45868,short,Finance,1907-04-01,2292.0,2465.818395930391,2458.176
M45868,short,Finance,1907-05-01,2215.0,2465.818395930391,2392.4587
M45868,short,Finance,1907-06-01,2139.0,2367.328569715208,2344.1504
M45868,short,Finance,1907-07-01,2060.0,2179.2806409965665,2212.6157
M45868,short,Finance,1907-08-01,1982.0,2170.1073599617685,2156.5596
M45868,short,Finance,1907-09-01,1906.0,2153.3196501754105,2076.8547
M45868,short,Finance,1907-10-01,1828.0,2024.8824106670638,2015.1161
M45868,short,Finance,1907-11-01,1756.0,1931.748814414953,1946.8114
M45868,short,Finance,1907-12-01,1687.0,1872.35403685132,1881.0187
M45868,short,Finance,1908-01-01,1622.0,1778.6754317284576,1871.9725
M45868,short,Finance,1908-02-01,1563.0,1713.552735750474,1710.082
M45868,short,Finance,1908-03-01,1509.0,1672.2986331345085,1643.5096
M45868,short,Finance,1908-04-01,1460.0,1672.2986331345085,1617.426
M45868,short,Finance,1908-05-01,1418.0,1559.9044323265368,1548.4338
M45868,short,Finance,1908-06-01,1385.0,1526.9449020439445,1492.9684
M45868,short,Finance,1908-07-01,1355.0,1473.6187352018662,1445.5387
M45868,short,Finance,1908-08-01,1333.0,1462.6454836028895,1423.2759
M46100,medium,Finance,1918-04-01,5808.195,5800.370009828194,5945.203
M46100,medium,Finance,1918-05-01,5703.664,5766.371137443877,5904.1025
M46100,medium,Finance,1918-06-01,5998.37,5836.280511932765,5799.958
M46100,medium,Finance,1918-07-01,6222.134,5918.044671233222,5897.543
M46100,medium,Finance,1918-08-01,6827.65,6179.583194080131,6156.2085
M46100,medium,Finance,1918-09-01,7028.258,6615.632162216691,6544.5674
M46100,medium,Finance,1918-10-01,6657.607,6821.881413270097,6826.316
M46100,medium,Finance,1918-11-01,6810.0,6572.986132384896,6694.9917
M46100,medium,Finance,1918-12-01,5690.133,6706.994086886776,6729.683
M46100,medium,Finance,1919-01-01,5931.332,6157.235434310997,6070.7793
M46100,medium,Finance,1919-02-01,6116.108,6036.37943032954,6076.3325
M46100,medium,Finance,1919-03-01,6851.92,6127.410223191113,6126.362
M46100,medium,Finance,1919-04-01,6743.931,6526.020535602787,6527.462
M46100,medium,Finance,1919-05-01,7249.841,6591.133472135,6709.8486
M46100,medium,Finance,1919-06-01,6955.598,7122.94557897366,6986.1123
M46100,medium,Finance,1919-07-01,6739.967,6815.77334520203,6915.6406
M46100,medium,Finance,1919-08-01,6876.735,6788.9120360686065,6845.666
M46100,medium,Finance,1919-09-01,6920.02,6916.518967206807,6857.3584
M46191,medium,Finance,1918-04-01,5636.3636363636,5404.9961665485125,5476.7305
M46191,medium,Finance,1918-05-01,5670.0,5569.000181822014,5505.571
M46191,medium,Finance,1918-06-01,5690.0,5623.533937576383,5635.637
M46191,medium,Finance,1918-07-01,6124.1098677518,5713.339154498574,5670.884
M46191,medium,Finance,1918-08-01,5660.0,5921.831940044842,5932.2827
M46191,medium,Finance,1918-09-01,4868.654,5718.254282956531,5692.852
M46191,medium,Finance,1918-10-01,5680.0,5122.810670657803,5250.3877
M46191,medium,Finance,1918-11-01,5710.0,5601.981392858431,5589.397
M46191,medium,Finance,1918-12-01,5700.0,5595.781719695452,5623.7656
M46191,medium,Finance,1919-01-01,5680.0,5696.242979238511,5650.731
M46191,medium,Finance,1919-02-01,5720.0,5720.578185246705,5686.493
M46191,medium,Finance,1919-03-01,5840.0,5728.0831989467015,5707.2656
M46191,medium,Finance,1919-04-01,6529.4117647059,5884.173538017109,5785.3125
M46191,medium,Finance,1919-05-01,5815.908,6192.904183371135,6279.359
M46191,medium,Finance,1919-06-01,5865.096,5895.687078950222,5955.323
M46191,medium,Finance,1919-07-01,5436.845,5977.772779568784,5994.6636
M46191,medium,Finance,1919-08-01,5376.784,5665.611240473286,5618.1655
M46191,medium,Finance,1919-09-01,5286.067,5384.6444912813495,5416.0903
M4628,short,Macro,1912-07-01,1615.7,1744.9079015118616,1848.2751
M4628,short,Macro,1912-08-01,1504.6,1688.7352568027977,1787.6412
M4628,short,Macro,1912-09-01,1728.9,1742.2305101158563,1644.2789
M4628,short,Macro,1912-10-01,2107.0,1674.3900739137264,1748.1185
M4628,short,Macro,1912-11-01,2066.2,2120.4609215056053,2100.5435
M4628,short,Macro,1912-12-01,1702.1,2080.377530776115,2080.7898
M4628,short,Macro,1913-01-01,2650.9,1876.2197248312384,1900.7776
M4628,short,Macro,1913-02-01,2814.1,2373.185717878951,2362.8977
M4628,short,Macro,1913-03-01,3363.5,2779.0316234351208,2628.5317
M4628,short,Macro,1913-04-01,3868.5,3323.736011805696,3082.5803
M4628,short,Macro,1913-05-01,3133.3,3558.9396793134893,3592.6252
M4628,short,Macro,1913-06-01,2250.8,3127.5471800404102,3209.48
M4628,short,Macro,1913-07-01,1703.9,2398.582021157276,2597.3289
M4628,short,Macro,1913-08-01,2930.6,1789.299626280628,1926.955
M4628,short,Macro,1913-09-01,2485.0,2765.8250943051758,2819.474
M4628,short,Macro,1913-10-01,2510.6,2723.8753482001,2589.2866
M4628,short,Macro,1913-11-01,3014.6,2700.432010848214,2683.5469
M4628,short,Macro,1913-12-01,2937.4,3094.2785134938645,3170.712
M4637,short,Macro,1912-07-01,667.7,1116.7295743395673,3029.654
M4637,short,Macro,1912-08-01,646.4,1706.4184306333034,2718.0173
M4637,short,Macro,1912-09-01,975.5,575.5523405933992,1201.4697
M4637,short,Macro,1912-10-01,763.9,1158.187340262335,1906.8832
M4637,short,Macro,1912-11-01,3708.6,1966.7959596138824,2220.5127
M4637,short,Macro,1912-12-01,1779.5,4014.2524573006617,3246.5325
M4637,short,Macro,1913-01-01,1891.0,2475.7323870022715,2512.7559
M4637,short,Macro,1913-02-01,2484.1,2800.2179348024883,3253.751
M4637,short,Macro,1913-03-01,790.5,2662.935339925783,2385.383
M4637,short,Macro,1913-04-01,1224.4,1335.5884354765083,1747.0361
M4637,short,Macro,1913-05-01,1628.9,1888.7290258087357,3007.6162
M4637,short,Macro,1913-06-01,930.4,1465.5246793838826,1540.4464
M4637,short,Macro,1913-07-01,1254.4,1299.4306911395574,1191.0035
M4637,short,Macro,1913-08-01,1105.0,1210.9411841660271,1323.5658
M4637,short,Macro,1913-09-01,3680.5,1167.4477848543254,1315.7012
M4637,short,Macro,1913-10-01,1630.5,2960.4315559672054,2544.6702
M4637,short,Macro,1913-11-01,2120.1,1904.914094625641,2136.7273
M4637,short,Macro,1913-12-01,4145.8,2492.6425154132803,2762.4875
M46456,short,Finance,1906-07-01,1020.0,1168.259508034337,1201.0804
M46456,short,Finance,1906-08-01,1124.705882,1082.1847248982322,1122.5337
M46456,short,Finance,1906-09-01,1132.3,1104.1016938286507,1114.0735
M46456,short,Finance,1906-10-01,1101.7,1159.883071370782,1134.5942
M46456,short,Finance,1906-11-01,1074.0,1170.6803922688287,1149.943
M46456,short,Finance,1906-12-01,1216.0,1160.433407610757,1123.9607
M46456,short,Finance,1907-01-01,1245.75,1198.6239346255152,1204.0568
M46456,short,Finance,1907-02-01,1640.0,1242.6263106607844,1248.794
M46456,short,Finance,1907-03-01,1314.25,1473.3106079180657,1489.5077
M46456,short,Finance,1907-04-01,1165.5,1424.5453128530116,1372.0663
M46456,short,Finance,1907-05-01,1175.0,1239.6966681503166,1287.7113
M46456,short,Finance,1907-06-01,1172.058824,1155.2963964268445,1201.4137
M46456,short,Finance,1907-07-01,1210.75,1134.8144149018203,1193.1598
M46456,short,Finance,1907-08-01,1263.0,1234.9618444543162,1230.9552
M46456,short,Finance,1907-09-01,1492.5,1234.9618444543162,1243.2583
M46456,short,Finance,1907-10-01,1465.0,1317.142779327989,1389.9487
M46456,short,Finance,1907-11-01,1295.0,1389.9544257742002,1428.7821
M46456,short,Finance,1907-12-01,1477.307692,1318.1540840564164,1376.7867
M46615,short,Finance,1910-10-01,4084.615385,3864.264731059891,3885.2332
M46615,short,Finance,1910-11-01,4161.538462,3937.978583435014,4077.6362
M46615,short,Finance,1910-12-01,4050.0,4183.850626416561,4178.0967
M46615,short,Finance,1911-01-01,3896.153846,4070.9632058008233,4088.0945
M46615,short,Finance,1911-02-01,3850.0,3976.3858399103997,3998.6343
M46615,short,Finance,1911-03-01,3400.0,3932.684249442366,3966.742
M46615,short,Finance,1911-04-01,3650.0,3711.7142157868707,3710.0325
M46615,short,Finance,1911-05-01,3050.0,3785.0214028920145,3830.8696
M46615,short,Finance,1911-06-01,3461.764706,3431.535820590704,3441.7883
M46615,short,Finance,1911-07-01,3520.0,3493.924635289388,3626.673
M46615,short,Finance,1911-08-01,3615.384615,3615.9074901549147,3554.7312
M46615,short,Finance,1911-09-01,3542.307692,3535.380296287572,3596.2449
M46615,short,Finance,1911-10-01,3327.647059,3561.233460049311,3579.8828
M46615,short,Finance,1911-11-01,3330.0,3362.7305175620236,3466.056
M46615,short,Finance,1911-12-01,3224.117647,3365.4466445114444,3412.4944
M46615,short,Finance,1912-01-01,3377.0,3254.4748802936997,3301.0293
M46615,short,Finance,1912-02-01,4000.0,3389.3846256761026,3382.6519
M46615,short,Finance,1912-03-01,3846.153846,3769.358059768217,3737.181
M4675,short,Macro,1912-07-01,7443.31,6486.373427333071,6397.224
M4675,short,Macro,1912-08-01,8538.34,7409.205187957596,7355.9565
M4675,short,Macro,1912-09-01,5548.27,8158.643352215832,7818.3496
M4675,short,Macro,1912-10-01,5509.75,6361.5569963882945,6577.129
M4675,short,Macro,1912-11-01,6144.26,6551.992352227519,6773.778
M4675,short,Macro,1912-12-01,4753.75,6150.441748939499,6291.528
M4675,short,Macro,1913-01-01,6750.53,5568.148575435978,5387.788
M4675,short,Macro,1913-02-01,5762.68,6293.819749289516,6060.9326
M4675,short,Macro,1913-03-01,4804.36,6028.300954295461,6166.2764
M4675,short,Macro,1913-04-01,6510.06,5032.060905219634,5352.6943
M4675,short,Macro,1913-05-01,7314.0,6204.8150776164075,6196.542
M4675,short,Macro,1913-06-01,7138.56,6711.466255166885,6637.737
M4675,short,Macro,1913-07-01,6037.65,7021.714174989436,6995.3813
M4675,short,Macro,1913-08-01,6685.36,6603.758476361699,6830.635
M4675,short,Macro,1913-09-01,6578.95,6462.603577399429,6538.7847
M4675,short,Macro,1913-10-01,6020.17,6401.410505479589,6514.439
M4675,short,Macro,1913-11-01,5775.99,6307.11681620518,6295.8945
M4675,short,Macro,1913-12-01,6180.15,5897.4796624647215,5850.3296
M46778,cold_start,Finance,1904-02-01,11750.0,10407.973134737831,11195.675
M46778,cold_start,Finance,1904-03-01,10100.0,10313.557680921542,8715.053
M46778,cold_start,Finance,1904-04-01,5000.0,10508.00912512243,10716.532
M46778,cold_start,Finance,1904-05-01,7000.0,8077.603387439343,8879.21
M46778,cold_start,Finance,1904-06-01,7500.0,9398.522774833644,10967.619
M46778,cold_start,Finance,1904-07-01,24500.0,7221.251246680434,8984.556
M46778,cold_start,Finance,1904-08-01,15000.0,11468.40124595609,7650.789
M46778,cold_start,Finance,1904-09-01,22250.0,14197.353169524487,11836.465
M46778,cold_start,Finance,1904-10-01,12700.0,17174.61193848394,13898.246
M46778,cold_start,Finance,1904-11-01,22700.0,14579.027932993578,15927.83
M46778,cold_start,Finance,1904-12-01,8800.0,17367.33223282119,15881.32
M46778,cold_start,Finance,1905-01-01,10500.0,13229.660933212597,9890.326
M46778,cold_start,Finance,1905-02-01,10000.0,15997.694406082004,13918.457
M46778,cold_start,Finance,1905-03-01,17950.0,10530.589477879194,8980.006
M46778,cold_start,Finance,1905-04-01,3450.0,11926.34172853662,9378.694
M46778,cold_start,Finance,1905-05-01,10500.0,6954.423535958939,6373.155
M46778,cold_start,Finance,1905-06-01,20000.0,11973.54938933015,10975.466
M46778,cold_start,Finance,1905-07-01,10000.0,11597.639752788798,6936.656
M46827,cold_start,Finance,1904-02-01,5000.0,5052.817911237679,5040.069
M46827,cold_start,Finance,1904-03-01,5300.0,5060.322924937675,5059.9946
M46827,cold_start,Finance,1904-04-01,6537.5,5205.562527148746,5177.377
M46827,cold_start,Finance,1904-05-01,5000.0,5669.064205824858,5942.3867
M46827,cold_start,Finance,1904-06-01,7000.0,5048.774211506598,5429.0127
M46827,cold_start,Finance,1904-07-01,5000.0,6235.216087454804,6384.656
M46827,cold_start,Finance,1904-08-01,5500.0,5098.610803044311,5477.6377
M46827,cold_start,Finance,1904-09-01,5700.0,5537.61650671285,5595.3345
M46827,cold_start,Finance,1904-10-01,5000.0,5585.203492066247,5549.296
M46827,cold_start,Finance,1904-11-01,6000.0,5179.026210037855,5300.814
M46827,cold_start,Finance,1904-12-01,5000.0,5772.220824506089,5697.1797
M46827,cold_start,Finance,1905-01-01,5250.0,5055.9251415601375,5102.8457
M46827,cold_start,Finance,1905-02-01,5000.0,5243.893098310767,5261.3066
M46827,cold_start,Finance,1905-03-01,5000.0,5154.55050632412,5133.989
M46827,cold_start,Finance,1905-04-01,4877.0,5259.889992848723,5183.568
M46827,cold_start,Finance,1905-05-01,7000.0,4980.836480074004,4964.148
M46827,cold_start,Finance,1905-06-01,6950.0,6438.931011141984,6134.489
M46827,cold_start,Finance,1905-07-01,9905.0,6226.062584135615,6464.9175
M4694,long_history,Macro,1926-01-01,470.0,1115.8806953355129,1202.5399
M4694,long_history,Macro,1926-02-01,1180.0,714.879140689725,915.89886
M4694,long_history,Macro,1926-03-01,1090.0,1122.336787036928,1172.6354
M4694,long_history,Macro,1926-04-01,870.0,1152.1158846367048,1154.3391
M4694,long_history,Macro,1926-05-01,810.0,1118.929879379663,1134.4928
M4694,long_history,Macro,1926-06-01,1210.0,939.9409218944036,1017.0581
M4694,long_history,Macro,1926-07-01,1460.0,1212.554742652764,1248.3492
M4694,long_history,Macro,1926-08-01,950.0,1316.0274186578868,1294.4475
M4694,long_history,Macro,1926-09-01,1190.0,1123.182491964475,1211.1099
M4694,long_history,Macro,1926-10-01,910.0,1156.1470660605771,1201.227
M4694,long_history,Macro,1926-11-01,840.0,1064.9492308311217,1080.1954
M4694,long_history,Macro,1926-12-01,1200.0,1032.5760985889533,1086.2975
M4694,long_history,Macro,1927-01-01,910.0,1155.5808266793676,1205.2019
M4694,long_history,Macro,1927-02-01,1300.0,1025.3684848579453,1075.4666
M4694,long_history,Macro,1927-03-01,1250.0,1144.3404155120427,1215.3253
M4694,long_history,Macro,1927-04-01,1310.0,1186.6200911071444,1251.9766
M4694,long_history,Macro,1927-05-01,1110.0,1266.6467483183396,1284.8778
M4694,long_history,Macro,1927-06-01,1320.0,1134.8970285800835,1193.8813
M47212,cold_start,Finance,1904-02-01,7950.0,5066.661191976786,4841.011
M47212,cold_start,Finance,1904-03-01,2200.0,5841.094350692787,6119.5195
M47212,cold_start,Finance,1904-04-01,5000.0,4220.913494332476,3675.2422
M47212,cold_start,Finance,1904-05-01,7099.0,4936.473858047339,4957.0723
M47212,cold_start,Finance,1904-06-01,2250.0,4980.025490735704,5041.026
M47212,cold_start,Finance,1904-07-01,5000.0,3899.356742167113,3764.3262
M47212,cold_start,Finance,1904-08-01,9100.0,6077.10687713046,6156.8906
M47212,cold_start,Finance,1904-09-01,5050.0,4802.874807452909,5034.172
M47212,cold_start,Finance,1904-10-01,5000.0,6595.296095378283,5964.6436
M47212,cold_start,Finance,1904-11-01,5000.0,6023.436571167785,5874.3926
M47212,cold_start,Finance,1904-12-01,5900.0,5004.100357348845,5239.403
M47212,cold_start,Finance,1905-01-01,5000.0,4634.706103907453,5085.4185
M47212,cold_start,Finance,1905-02-01,5000.0,5508.597269076287,5500.3286
M47212,cold_start,Finance,1905-03-01,5000.0,4866.55858203981,5138.0186
M47212,cold_start,Finance,1905-04-01,7500.0,5063.802429749586,5196.465
M47212,cold_start,Finance,1905-05-01,3750.0,6388.008976348358,6248.8286
M47212,cold_start,Finance,1905-06-01,7000.0,4246.661830241171,4106.286
M47212,cold_start,Finance,1905-07-01,5000.0,6119.540129413564,6331.5127
M4733,long_history,Macro,1926-01-01,7980.0,8888.40854680121,8923.603
M4733,long_history,Macro,1926-02-01,6430.0,7956.411521939812,7744.1636
M4733,long_history,Macro,1926-03-01,8560.0,6886.8556161412425,7124.1807
M4733,long_history,Macro,1926-04-01,8020.0,7682.896574290586,7989.721
M4733,long_history,Macro,1926-05-01,7810.0,7824.579042831962,7969.3877
M4733,long_history,Macro,1926-06-01,8190.0,7984.148251676421,7974.96
M4733,long_history,Macro,1926-07-01,7540.0,8338.014364064997,8228.315
M4733,long_history,Macro,1926-08-01,7060.0,7548.4208235084825,7671.653
M4733,long_history,Macro,1926-09-01,8370.0,7305.083594199927,7270.342
M4733,long_history,Macro,1926-10-01,8560.0,8223.444962716783,8292.182
M4733,long_history,Macro,1926-11-01,9730.0,8411.68755072149,8792.772
M4733,long_history,Macro,1926-12-01,10520.0,9959.487621894019,9495.82
M4733,long_history,Macro,1927-01-01,8930.0,9514.609353233256,9792.871
M4733,long_history,Macro,1927-02-01,7200.0,9015.859978492603,8976.82
M4733,long_history,Macro,1927-03-01,10090.0,7741.98025121758,7862.539
M4733,long_history,Macro,1927-04-01,9800.0,8920.905298265438,9111.289
M4733,long_history,Macro,1927-05-01,9130.0,9562.680356446883,9710.298
M4733,long_history,Macro,1927-06-01,10440.0,9156.997875237177,9246.947
M47392,cold_start,Finance,1904-02-01,10000.0,9732.936256460987,9628.229
M47392,cold_start,Finance,1904-03-01,9100.0,9561.759884286943,9721.003
M47392,cold_start,Finance,1904-04-01,6750.0,9083.775631542243,9560.565
M47392,cold_start,Finance,1904-05-01,5800.0,8779.795690942268,8364.357
M47392,cold_start,Finance,1904-06-01,9100.0,7529.304765329974,7226.618
M47392,cold_start,Finance,1904-07-01,5100.0,8229.972040044613,8568.295
M47392,cold_start,Finance,1904-08-01,7600.0,7222.969077795819,6915.3223
M47392,cold_start,Finance,1904-09-01,7000.0,7805.292266587976,7392.5396
M47392,cold_start,Finance,1904-10-01,8200.0,6897.108525708986,7013.134
M47392,cold_start,Finance,1904-11-01,10000.0,8139.875710136402,8229.8955
M47392,cold_start,Finance,1904-12-01,10950.0,10851.337563853522,10348.269
M47392,cold_start,Finance,1905-01-01,8000.0,8777.632958041879,9344.607
M47392,cold_start,Finance,1905-02-01,10000.0,8375.27622856456,8810.796
M47392,cold_start,Finance,1905-03-01,10000.0,9747.754062396742,9389.786
M47392,cold_start,Finance,1905-04-01,9500.0,9023.89113581815,9480.011
M47392,cold_start,Finance,1905-05-01,10000.0,9105.428063279061,8921.69
M47392,cold_start,Finance,1905-06-01,8850.0,9603.445927613086,9680.058
M47392,cold_start,Finance,1905-07-01,10000.0,8204.35492571695,8626.088
M47397,cold_start,Finance,1904-02-01,7000.0,6639.063725164502,7325.114
M47397,cold_start,Finance,1904-03-01,6750.0,6383.260904551448,7059.2705
M47397,cold_start,Finance,1904-04-01,5000.0,6245.0221166105,6408.863
M47397,cold_start,Finance,1904-05-01,8000.0,6120.659909568853,6563.2427
M47397,cold_start,Finance,1904-06-01,5050.0,8603.78735843605,8056.574
M47397,cold_start,Finance,1904-07-01,7800.0,6267.5121443588405,6664.122
M47397,cold_start,Finance,1904-08-01,5000.0,8495.579756335488,7759.1396
M47397,cold_start,Finance,1904-09-01,10900.0,5413.189809987654,5904.0054
M47397,cold_start,Finance,1904-10-01,7000.0,7720.582405789308,8880.603
M47397,cold_start,Finance,1904-11-01,10910.0,7226.13827157337,7845.866
M47397,cold_start,Finance,1904-12-01,5000.0,10656.345915310767,9650.853
M47397,cold_start,Finance,1905-01-01,5150.0,6173.621532864921,6428.413
M47397,cold_start,Finance,1905-02-01,3000.0,6981.3236454448215,6385.0903
M47397,cold_start,Finance,1905-03-01,5100.0,5195.737550028287,4602.814
M47397,cold_start,Finance,1905-04-01,12050.0,5706.526644114728,5787.819
M47397,cold_start,Finance,1905-05-01,10000.0,7999.276037859034,9781.959
M47397,cold_start,Finance,1905-06-01,6500.0,8259.956423234886,8196.816
M47397,cold_start,Finance,1905-07-01,7500.0,8509.527701072293,7618.686
M47411,cold_start,Finance,1904-02-01,1000.0,1422.4881218774353,1419.1627
M47411,cold_start,Finance,1904-03-01,600.0,1099.7283254856898,1174.4185
M47411,cold_start,Finance,1904-04-01,1781.5,848.8444690398418,975.31195
M47411,cold_start,Finance,1904-05-01,1000.0,1560.9677526237904,1563.443
M47411,cold_start,Finance,1904-06-01,1000.0,1162.1768063253717,1242.6218
M47411,cold_start,Finance,1904-07-01,777.5,1105.0143964026265,1149.0521
M47411,cold_start,Finance,1904-08-01,730.0,980.419868495915,1080.7115
M47411,cold_start,Finance,1904-09-01,661.7,796.9331870400488,945.8335
M47411,cold_start,Finance,1904-10-01,1000.0,809.8962986475411,896.8269
M47411,cold_start,Finance,1904-11-01,1000.0,984.9287026875948,974.3229
M47411,cold_start,Finance,1904-12-01,1351.4,1010.5476953965316,1085.8158
M47411,cold_start,Finance,1905-01-01,1000.0,1320.288246416583,1365.2126
M47411,cold_start,Finance,1905-02-01,1000.0,1128.0131966853862,1174.1339
M47411,cold_start,Finance,1905-03-01,1000.0,1074.2969702632922,1111.1412
M47411,cold_start,Finance,1905-04-01,1095.0,1110.2382444110233,1043.858
M47411,cold_start,Finance,1905-05-01,1000.0,1083.948165817646,1087.0858
M47411,cold_start,Finance,1905-06-01,20.0,1108.43882450837,1029.1603
M47411,cold_start,Finance,1905-07-01,784.85,430.1603579077112,617.24774
M47461,cold_start,Finance,1904-02-01,1590.0,2147.285323077924,2153.147
M47461,cold_start,Finance,1904-03-01,2000.0,1776.5160238839355,1867.8704
M47461,cold_start,Finance,1904-04-01,1750.0,2013.3219644273859,1981.9562
M47461,cold_start,Finance,1904-05-01,2000.0,1921.789893948101,1915.1974
M47461,cold_start,Finance,1904-06-01,2295.0,2026.2977908361288,2059.4263
M47461,cold_start,Finance,1904-07-01,2090.0,2205.3537761354264,2153.7869
M47461,cold_start,Finance,1904-08-01,1989.5,2105.4779885478006,2117.3376
M47461,cold_start,Finance,1904-09-01,1855.0,2097.075188740603,2051.6152
M47461,cold_start,Finance,1904-10-01,1900.0,1814.472049761703,1884.1515
M47461,cold_start,Finance,1904-11-01,1350.0,1925.216784208699,1962.4794
M47461,cold_start,Finance,1904-12-01,2000.0,1629.16430129153,1722.269
M47461,cold_start,Finance,1905-01-01,2000.0,2025.7725870125996,2066.7473
M47461,cold_start,Finance,1905-02-01,1555.0,2047.8978676315926,1946.2031
M47461,cold_start,Finance,1905-03-01,2500.0,1715.50049450562,1779.0692
M47461,cold_start,Finance,1905-04-01,2000.0,2266.5706301931623,2169.7146
M47461,cold_start,Finance,1905-05-01,3250.05,2081.914016411506,2098.2085
M47461,cold_start,Finance,1905-06-01,1642.5,3241.2005705860674,2784.8672
M47461,cold_start,Finance,1905-07-01,2000.0,1918.3463888046808,2080.479
M47557,cold_start,Finance,1904-01-01,2900.0,3944.0254621430995,4092.831
M47557,cold_start,Finance,1904-02-01,1099.5,4351.893610571953,4709.7373
M47557,cold_start,Finance,1904-03-01,2000.0,3191.9405022415663,3546.845
M47557,cold_start,Finance,1904-04-01,3550.0,3715.6736583286875,3493.9446
M47557,cold_start,Finance,1904-05-01,2250.0,4133.679272600094,3320.3032
M47557,cold_start,Finance,1904-06-01,4550.0,3737.693969064893,2961.1677
M47557,cold_start,Finance,1904-07-01,4000.0,4253.944353456651,4628.2007
M47557,cold_start,Finance,1904-08-01,4750.0,4123.45442152029,4856.7266
M47557,cold_start,Finance,1904-09-01,5000.0,4444.859990978166,4604.8174
M47557,cold_start,Finance,1904-10-01,2000.0,4586.765530176335,5012.951
M47557,cold_start,Finance,1904-11-01,1000.0,3946.1632808067993,4455.1494
M47557,cold_start,Finance,1904-12-01,4900.0,3175.936002261573,2807.4094
M47557,cold_start,Finance,1905-01-01,1000.0,3513.191870097191,3760.6858
M47557,cold_start,Finance,1905-02-01,5000.0,1212.7151934091605,2880.3691
M47557,cold_start,Finance,1905-03-01,5000.0,4345.906484705054,3812.2456
M47557,cold_start,Finance,1905-04-01,4212.5,4662.984399414916,4587.816
M47557,cold_start,Finance,1905-05-01,2600.0,4465.333494812231,4583.482
M47557,cold_start,Finance,1905-06-01,4000.0,3647.4593633785776,3740.0955
M47686,short,Finance,1907-03-01,2216.0,2465.818395930391,2462.841
M47686,short,Finance,1907-04-01,2122.0,2367.328569715208,2386.9617
M47686,short,Finance,1907-05-01,2032.0,2179.2806409965665,2208.91
M47686,short,Finance,1907-06-01,1946.0,2170.1073599617685,2155.82
M47686,short,Finance,1907-07-01,1864.0,2153.3196501754105,2057.6924
M47686,short,Finance,1907-08-01,1786.0,1931.748814414953,1954.9008
M47686,short,Finance,1907-09-01,1712.0,1914.288640212551,1922.2094
M47686,short,Finance,1907-10-01,1642.0,1791.2484169070044,1851.3054
M47686,short,Finance,1907-11-01,1577.0,1713.552735750474,1742.6462
M47686,short,Finance,1907-12-01,1516.0,1675.0147600839293,1657.7328
M47686,short,Finance,1908-01-01,1460.0,1684.0776346413707,1677.5948
M47686,short,Finance,1908-02-01,1408.0,1559.9044323265368,1560.418
M47686,short,Finance,1908-03-01,1361.0,1531.8600305019015,1495.9908
M47686,short,Finance,1908-04-01,1319.0,1473.6187352018662,1438.3374
M47686,short,Finance,1908-05-01,1281.0,1462.6454836028895,1399.8298
M47686,short,Finance,1908-06-01,1249.0,1399.120202602863,1355.2618
M47686,short,Finance,1908-07-01,1220.0,1384.4961448823199,1329.5813
M47686,short,Finance,1908-08-01,1196.0,1310.6635899359899,1292.4047
M47728,long_history,Other,1923-12-01,3000.0,3465.4515616573817,5253.8228
M47728,long_history,Other,1924-01-01,2400.0,2844.597155425366,2899.8872
M47728,long_history,Other,1924-02-01,2400.0,2580.4570159155505,2649.47
M47728,long_history,Other,1924-03-01,4000.0,2606.7801509504957,2636.0732
M47728,long_history,Other,1924-04-01,2400.0,3498.6225412832837,3090.3706
M47728,long_history,Other,1924-05-01,2400.0,2829.9325482010913,2706.7903
M47728,long_history,Other,1924-06-01,6600.0,3159.152146789612,3220.3079
M47728,long_history,Other,1924-07-01,2400.0,3586.7607125639947,3870.084
M47728,long_history,Other,1924-08-01,2400.0,3483.106451364951,3180.6157
M47728,long_history,Other,1924-09-01,2400.0,4139.218935888768,3162.6436
M47728,long_history,Other,1924-10-01,2400.0,3443.1267472249133,2925.9534
M47728,long_history,Other,1924-11-01,2400.0,3422.040555972486,2966.092
M47728,long_history,Other,1924-12-01,2400.0,3608.1117606997864,5718.2773
M47728,long_history,Other,1925-01-01,2500.0,3003.587685402452,4148.5547
M47728,long_history,Other,1925-02-01,2500.0,2449.169167327702,2729.6165
M47728,long_history,Other,1925-03-01,2500.0,2535.1680102380956,2714.2026
M47728,long_history,Other,1925-04-01,2500.0,2593.4638624457857,2708.9697
M47728,long_history,Other,1925-05-01,2500.0,2657.3707886896964,2711.6057
M47729,short,Other,1913-01-01,3400.0,3266.158125351508,3194.3518
M47729,short,Other,1913-02-01,4500.0,3625.100620403831,3556.0652
M47729,short,Other,1913-03-01,3500.0,3528.723919354091,3741.8237
M47729,short,Other,1913-04-01,3800.0,3526.2784458184346,3556.2542
M47729,short,Other,1913-05-01,4200.0,3741.7219178020055,3842.3345
M47729,short,Other,1913-06-01,4000.0,4256.351212904789,4116.962
M47729,short,Other,1913-07-01,3700.0,4048.3162673211223,4066.6748
M47729,short,Other,1913-08-01,4200.0,3781.099480775899,3906.8945
M47729,short,Other,1913-09-01,4800.0,4462.977574564865,4726.679
M47729,short,Other,1913-10-01,3800.0,4580.555323323657,4449.7217
M47729,short,Other,1913-11-01,5100.0,3918.8031309554144,3991.9727
M47729,short,Other,1913-12-01,3800.0,4923.587501260861,4775.192
M47729,short,Other,1914-01-01,3400.0,3949.257872561748,3949.7134
M47729,short,Other,1914-02-01,4400.0,3969.7522637635934,3821.8044
M47729,short,Other,1914-03-01,3900.0,4219.914237089878,4060.4946
M47729,short,Other,1914-04-01,4400.0,3959.6269653341724,3965.086
M47729,short,Other,1914-05-01,4200.0,4263.615827557912,4326.346
M47729,short,Other,1914-06-01,4100.0,4248.657157109002,4268.52
M47733,short,Other,1912-08-01,2750.0,3647.8233608323308,3093.4424
M47733,short,Other,1912-09-01,3760.0,3106.970227206708,2843.069
M47733,short,Other,1912-10-01,2860.0,3606.923978115775,3552.1602
M47733,short,Other,1912-11-01,3740.0,3270.255309793867,3259.1536
M47733,short,Other,1912-12-01,3760.0,3486.4990682562975,3656.0713
M47733,short,Other,1913-01-01,2840.0,3582.389942686562,3583.5132
M47733,short,Other,1913-02-01,3300.0,2940.0607136123244,3236.5469
M47733,short,Other,1913-03-01,4130.0,3330.3500958498184,3303.404
M47733,short,Other,1913-04-01,2270.0,3789.849321550739,3584.4182
M47733,short,Other,1913-05-01,2550.0,2819.0346849994257,3083.6177
M47733,short,Other,1913-06-01,1670.0,2741.9245407462763,3032.9446
M47733,short,Other,1913-07-01,4000.0,2173.6247698363095,2344.3374
M47733,short,Other,1913-08-01,3260.0,3260.4593472931397,3126.3193
M47733,short,Other,1913-09-01,3200.0,3120.541176445777,3272.952
M47733,short,Other,1913-10-01,3090.0,3178.7417725809673,3441.649
M47733,short,Other,1913-11-01,3330.0,3211.635325826697,3308.5579
M47733,short,Other,1913-12-01,2400.0,3329.9395495048752,3355.9795
M47733,short,Other,1914-01-01,1910.0,2745.182366673411,3002.6426
M47734,short,Other,1912-08-01,5130.0,4150.504097315542,4263.778
M47734,short,Other,1912-09-01,4240.0,4806.681296523928,4867.7065
M47734,short,Other,1912-10-01,5100.0,4341.4884055619505,4447.163
M47734,short,Other,1912-11-01,4400.0,4882.449675368334,4881.716
M47734,short,Other,1912-12-01,3870.0,4393.993628286396,4540.938
M47734,short,Other,1913-01-01,5000.0,4082.8262146420507,4175.059
M47734,short,Other,1913-02-01,4890.0,4994.233390293072,4689.7153
M47734,short,Other,1913-03-01,3700.0,4645.828731034225,4740.7812
M47734,short,Other,1913-04-01,5230.0,4019.7900979574024,4076.6433
M47734,short,Other,1913-05-01,4260.0,5089.740307603171,4760.821
M47734,short,Other,1913-06-01,4580.0,4364.6918397081845,4540.01
M47734,short,Other,1913-07-01,3680.0,4782.52361800944,4587.237
M47734,short,Other,1913-08-01,4270.0,3929.15833169816,4057.2734
M47734,short,Other,1913-09-01,4740.0,4237.086211809921,4354.4336
M47734,short,Other,1913-10-01,4260.0,4524.775359485535,4638.3555
M47734,short,Other,1913-11-01,4580.0,4357.373307688202,4451.8213
M47734,short,Other,1913-12-01,4710.0,4571.517313899437,4517.0034
M47734,short,Other,1914-01-01,4790.0,4602.136684350623,4572.2344
M47738,short,Other,1912-08-01,7250.0,7676.960540552166,7657.143
M47738,short,Other,1912-09-01,6820.0,7541.029937693527,7488.5986
M47738,short,Other,1912-10-01,7550.0,7087.945967233475,7092.0425
M47738,short,Other,1912-11-01,6920.0,7541.80985878474,7545.2285
M47738,short,Other,1912-12-01,6990.0,7089.917390665695,7096.566
M47738,short,Other,1913-01-01,7390.0,7005.82821823294,6907.3965
M47738,short,Other,1913-02-01,7050.0,7340.855546283695,7281.5195
M47738,short,Other,1913-03-01,7280.0,7193.648803918612,7153.8604
M47738,short,Other,1913-04-01,6590.0,7428.561762500321,7294.985
M47738,short,Other,1913-05-01,6490.0,6944.134725978837,6908.0264
M47738,short,Other,1913-06-01,6560.0,6832.814755530034,6782.4004
M47738,short,Other,1913-07-01,6840.0,6819.54831974969,6771.106
M47738,short,Other,1913-08-01,7080.0,6975.881293267471,6794.166
M47738,short,Other,1913-09-01,7220.0,6975.8357021316815,6991.9775
M47738,short,Other,1913-10-01,7660.0,7309.1032614724845,7179.829
M47738,short,Other,1913-11-01,7400.0,7467.911847798933,7411.3115
M47738,short,Other,1913-12-01,7400.0,7326.308861754237,7377.4214
M47738,short,Other,1914-01-01,7130.0,7285.937592291331,7267.317
M47739,short,Other,1913-10-01,2614.6761,2671.247192153114,2748.3606
M47739,short,Other,1913-11-01,2398.9136,2666.047300218145,2684.2803
M47739,short,Other,1913-12-01,2562.2085,2545.0503571434365,2513.742
M47739,short,Other,1914-01-01,2576.2942,2672.0096719973135,2682.9155
M47739,short,Other,1914-02-01,2313.8249,2661.794687633333,2619.6975
M47739,short,Other,1914-03-01,2748.3753,2465.818395930391,2478.5554
M47739,short,Other,1914-04-01,2681.2846,2697.0738479646525,2704.642
M47739,short,Other,1914-05-01,2875.8446,2702.2737398996214,2676.7915
M47739,short,Other,1914-06-01,3021.5112,2822.7528376168916,2815.7983
M47739,short,Other,1914-07-01,3174.6715,3103.2719933580925,3026.7737
M47739,short,Other,1914-08-01,3109.4307,3103.2719933580925,3102.498
M47739,short,Other,1914-09-01,2703.1544,3092.7632870529155,3118.8809
M47739,short,Other,1914-10-01,2651.5738,2768.3024038259828,2864.5022
M47739,short,Other,1914-11-01,2470.2345,2696.485246095409,2710.014
M47739,short,Other,1914-12-01,2657.8916,2658.0715533989337,2594.4211
M47739,short,Other,1915-01-01,2644.0937,2672.0096719973135,2701.0571
M47739,short,Other,1915-02-01,2329.6508,2666.994579568302,2669.013
M47739,short,Other,1915-03-01,2746.378,2524.75814935202,2513.5305
M47741,short,Other,1913-10-01,8110.0,8440.282082708649,8459.776
M47741,short,Other,1913-11-01,7760.0,8229.893053010737,8254.141
M47741,short,Other,1913-12-01,8290.0,7970.125325269002,7981.145
M47741,short,Other,1914-01-01,7960.0,8102.080020081406,8112.3267
M47741,short,Other,1914-02-01,7500.0,7852.467095505842,7910.158
M47741,short,Other,1914-03-01,7920.0,7733.370475200599,7907.6377
M47741,short,Other,1914-04-01,8010.0,7966.808132087562,7879.504
M47741,short,Other,1914-05-01,8230.0,7993.32743619805,7964.932
M47741,short,Other,1914-06-01,8440.0,8371.4940950462,8190.04
M47741,short,Other,1914-07-01,8440.0,8388.75190015126,8322.883
M47741,short,Other,1914-08-01,8550.0,8482.952775466692,8376.706
M47741,short,Other,1914-09-01,8160.0,8556.30823117325,8473.015
M47741,short,Other,1914-10-01,7980.0,8423.02427760359,8251.032
M47741,short,Other,1914-11-01,7620.0,7965.049715197986,8036.555
M47741,short,Other,1914-12-01,8080.0,7970.125325269002,7868.9087
M47741,short,Other,1915-01-01,7880.0,7953.804457191133,8019.8735
M47741,short,Other,1915-02-01,7530.0,7763.666564220747,7737.096
M47741,short,Other,1915-03-01,7950.0,7648.907443266572,7759.794
M47745,medium,Other,1918-01-01,10432.0,10380.634738465376,10341.423
M47745,medium,Other,1918-02-01,10325.0,10413.382211443499,10488.812
M47745,medium,Other,1918-03-01,10350.0,10247.963899216482,10454.536
M47745,medium,Other,1918-04-01,10283.0,10413.382211443499,10418.778
M47745,medium,Other,1918-05-01,10323.0,10232.638564431008,10392.902
M47745,medium,Other,1918-06-01,10382.0,10232.638564431008,10391.084
M47745,medium,Other,1918-07-01,10396.0,10408.467082985542,10430.869
M47745,medium,Other,1918-08-01,10414.0,10408.467082985542,10521.165
M47745,medium,Other,1918-09-01,10383.0,10408.467082985542,10521.338
M47745,medium,Other,1918-10-01,10380.0,10408.467082985542,10492.094
M47745,medium,Other,1918-11-01,10435.0,10408.467082985542,10450.9795
M47745,medium,Other,1918-12-01,10458.0,10389.070006308464,10443.266
M47745,medium,Other,1919-01-01,10481.0,10375.71961000742,10327.548
M47745,medium,Other,1919-02-01,10375.0,10591.455994093447,10417.261
M47745,medium,Other,1919-03-01,10370.0,10413.382211443499,10359.566
M47745,medium,Other,1919-04-01,10258.0,10413.382211443499,10364.838
M47745,medium,Other,1919-05-01,10221.0,10237.553692888965,10366.097
M47745,medium,Other,1919-06-01,9974.0,10237.553692888965,10240.457
M47750,medium,Other,1918-01-01,10962.0,10736.301024822145,10545.429
M47750,medium,Other,1918-02-01,10842.0,11061.739522927293,10763.583
M47750,medium,Other,1918-03-01,10813.0,10937.709824643816,10904.487
M47750,medium,Other,1918-04-01,10813.0,10937.709824643816,10875.329
M47750,medium,Other,1918-05-01,10813.0,10932.79469618586,10873.863
M47750,medium,Other,1918-06-01,10813.0,10932.79469618586,10802.018
M47750,medium,Other,1918-07-01,10930.0,10912.95946835303,10791.669
M47750,medium,Other,1918-08-01,10930.0,11035.258463744216,10871.329
M47750,medium,Other,1918-09-01,10930.0,11035.258463744216,10958.288
M47750,medium,Other,1918-10-01,11047.0,11030.34333528626,10890.058
M47750,medium,Other,1918-11-01,11001.0,11035.258463744216,11087.618
M47750,medium,Other,1918-12-01,10884.0,11015.861387067138,11080.877
M47750,medium,Other,1919-01-01,10766.0,10728.16729613003,10641.731
M47750,medium,Other,1919-02-01,10595.0,10937.709824643816,10793.514
M47750,medium,Other,1919-03-01,10358.0,10854.017815144936,10698.48
M47750,medium,Other,1919-04-01,10358.0,10707.252324418687,10474.053
M47750,medium,Other,1919-05-01,10358.0,10715.386053110802,10435.329
M47750,medium,Other,1919-06-01,10124.0,10416.600811677657,10414.864
M47754,short,Other,1913-02-01,10129.0,10043.656785759227,10002.161
M47754,short,Other,1913-03-01,10129.0,10133.158273139508,10043.421
M47754,short,Other,1913-04-01,10131.0,10133.158273139508,10063.83
M47754,short,Other,1913-05-01,10128.0,10133.158273139508,10064.821
M47754,short,Other,1913-06-01,10128.0,10133.158273139508,10061.998
M47754,short,Other,1913-07-01,10128.0,10133.158273139508,10057.901
M47754,short,Other,1913-08-01,10128.0,10133.158273139508,10062.755
M47754,short,Other,1913-09-01,10128.0,10133.158273139508,10062.755
M47754,short,Other,1913-10-01,10133.0,10133.158273139508,10075.576
M47754,short,Other,1913-11-01,10122.0,10133.158273139508,10071.914
M47754,short,Other,1913-12-01,9940.0,10113.76119646243,10025.112
M47754,short,Other,1914-01-01,9939.0,10049.005269391728,9909.344
M47754,short,Other,1914-02-01,9959.0,10048.571914217184,9972.873
M47754,short,Other,1914-03-01,9968.0,10043.656785759227,9991.391
M47754,short,Other,1914-04-01,9974.0,10043.656785759227,9978.431
M47754,short,Other,1914-05-01,9999.0,10043.656785759227,9978.022
M47754,short,Other,1914-06-01,10001.0,10043.656785759227,9987.608
M47754,short,Other,1914-07-01,10027.0,10043.656785759227,9992.36
M47761,medium,Other,1919-01-01,2805.1969,2781.61020025803,2809.4539
M47761,medium,Other,1919-02-01,2802.2621,2781.61020025803,2812.907
M47761,medium,Other,1919-03-01,2797.7543,2781.61020025803,2816.336
M47761,medium,Other,1919-04-01,2833.6885,2781.61020025803,2807.3687
M47761,medium,Other,1919-05-01,2859.2153,2781.61020025803,2809.4631
M47761,medium,Other,1919-06-01,2834.1015,2809.7039804668198,2851.588
M47761,medium,Other,1919-07-01,2848.8408,2781.61020025803,2825.7349
M47761,medium,Other,1919-08-01,2843.9166,2781.61020025803,2850.4958
M47761,medium,Other,1919-09-01,2868.907,2781.61020025803,2853.3618
M47761,medium,Other,1919-10-01,2886.9581,2809.7039804668198,2859.593
M47761,medium,Other,1919-11-01,2918.1916,2900.0890477347343,2861.8286
M47761,medium,Other,1919-12-01,2994.0935,2902.805174684155,2887.743
M47761,medium,Other,1920-01-01,2972.869,2905.004176192691,2886.3777
M47761,medium,Other,1920-02-01,2992.771,2900.0890477347343,2945.116
M47761,medium,Other,1920-03-01,2978.4844,2900.0890477347343,2969.344
M47761,medium,Other,1920-04-01,3017.8483,2900.0890477347343,2971.1387
M47761,medium,Other,1920-05-01,3033.8484,3072.647055366025,2976.3567
M47761,medium,Other,1920-06-01,3018.7513,3072.647055366025,3063.6924
M47763,medium,Other,1918-01-01,10219.0,10189.177815778492,10080.524
M47763,medium,Other,1918-02-01,10216.0,10221.925288756613,10190.954
M47763,medium,Other,1918-03-01,10209.0,10221.925288756613,10212.828
M47763,medium,Other,1918-04-01,10204.0,10221.925288756613,10217.469
M47763,medium,Other,1918-05-01,10056.0,10178.577973902518,10214.306
M47763,medium,Other,1918-06-01,10043.0,10093.991614980194,10097.013
M47763,medium,Other,1918-07-01,10059.0,10048.571914217184,10044.162
M47763,medium,Other,1918-08-01,10054.0,10043.656785759227,10045.1045
M47763,medium,Other,1918-09-01,10060.0,10043.656785759227,10046.031
M47763,medium,Other,1918-10-01,10194.0,10043.656785759227,10059.577
M47763,medium,Other,1918-11-01,10198.0,10138.073401597465,10122.765
M47763,medium,Other,1918-12-01,10189.0,10164.096025683397,10166.576
M47763,medium,Other,1919-01-01,10143.0,10189.177815778492,10054.158
M47763,medium,Other,1919-02-01,10144.0,10178.577973902518,10154.075
M47763,medium,Other,1919-03-01,10150.0,10178.577973902518,10175.591
M47763,medium,Other,1919-04-01,10118.0,10178.577973902518,10171.077
M47763,medium,Other,1919-05-01,9899.0,10089.076486522237,10112.636
M47763,medium,Other,1919-06-01,9869.0,10009.651407937468,10019.996
M47764,short,Other,1913-02-01,4790.0,4668.8142330891515,4795.876
M47764,short,Other,1913-03-01,4200.0,4717.815077485329,4622.1875
M47764,short,Other,1913-04-01,4630.0,4375.410321589587,4441.9053
M47764,short,Other,1913-05-01,5610.0,4723.376857372355,4738.6343
M47764,short,Other,1913-06-01,5870.0,5345.605875596612,5227.3745
M47764,short,Other,1913-07-01,6020.0,5778.239702987461,5634.4375
M47764,short,Other,1913-08-01,6760.0,5914.970465698983,5854.504
M47764,short,Other,1913-09-01,7980.0,6428.165529905665,6601.7363
M47764,short,Other,1913-10-01,7040.0,7096.345331711156,6830.167
M47764,short,Other,1913-11-01,6030.0,6892.116868058901,6878.4097
M47764,short,Other,1913-12-01,4860.0,6097.121538424735,5805.325
M47764,short,Other,1914-01-01,4450.0,5061.9215347301415,5144.883
M47764,short,Other,1914-02-01,5710.0,4847.1565169460855,4842.0444
M47764,short,Other,1914-03-01,4720.0,5610.5537931338295,5256.8154
M47764,short,Other,1914-04-01,5280.0,4817.567821879734,5056.0767
M47764,short,Other,1914-05-01,5750.0,5299.170667994218,5426.042
M47764,short,Other,1914-06-01,6260.0,5670.043948155313,5657.637
M47764,short,Other,1914-07-01,6380.0,6113.009843119889,6015.4
M47775,medium,Other,1917-12-01,10700.0,11485.777512304632,10933.459
M47775,medium,Other,1918-01-01,10700.0,10240.277791815444,10024.658
M47775,medium,Other,1918-02-01,10700.0,10657.545237668857,10368.866
M47775,medium,Other,1918-03-01,10700.0,10571.701497303564,10569.79
M47775,medium,Other,1918-04-01,10700.0,10600.00276458341,10543.714
M47775,medium,Other,1918-05-01,7800.0,10437.67425515122,10388.25
M47775,medium,Other,1918-06-01,7800.0,7895.624164156126,8536.247
M47775,medium,Other,1918-07-01,8100.0,7810.683969614045,8011.3315
M47775,medium,Other,1918-08-01,8100.0,7838.125161871473,8156.5645
M47775,medium,Other,1918-09-01,8100.0,7755.2767082389255,8046.0747
M47775,medium,Other,1918-10-01,11200.0,8246.048957250625,8377.558
M47775,medium,Other,1918-11-01,11200.0,10877.897952210482,10719.53
M47775,medium,Other,1918-12-01,11200.0,12099.671632704265,11279.051
M47775,medium,Other,1919-01-01,11200.0,10834.745240680497,10234.76
M47775,medium,Other,1919-02-01,11200.0,11165.132127913897,10672.282
M47775,medium,Other,1919-03-01,11300.0,11184.758362928551,10661.405
M47775,medium,Other,1919-04-01,11300.0,11195.119945622724,10812.359
M47775,medium,Other,1919-05-01,8200.0,11062.64659477377,10875.874
M47780,short,Other,1912-01-01,13486.0,13017.098961057014,13200.716
M47780,short,Other,1912-02-01,13486.0,13250.632766228093,13487.8
M47780,short,Other,1912-03-01,13514.0,13030.261568273529,13032.025
M47780,short,Other,1912-04-01,13514.0,13030.261568273529,13013.677
M47780,short,Other,1912-05-01,13514.0,13115.127409992723,13472.374
M47780,short,Other,1912-06-01,13652.0,13262.038032130728,13376.706
M47780,short,Other,1912-07-01,13652.0,13613.864281525708,13433.859
M47780,short,Other,1912-08-01,13652.0,13880.981396777288,13421.446
M47780,short,Other,1912-09-01,14205.0,13876.066268319331,13405.917
M47780,short,Other,1912-10-01,14205.0,14368.405828622648,13939.224
M47780,short,Other,1912-11-01,14205.0,14368.405828622648,14052.202
M47780,short,Other,1912-12-01,14380.0,14632.589815905705,14047.624
M47780,short,Other,1913-01-01,14380.0,13810.14016362338,13875.881
M47780,short,Other,1913-02-01,14380.0,13977.246457924672,14079.526
M47780,short,Other,1913-03-01,15471.0,14089.508733283104,13822.8955
M47780,short,Other,1913-04-01,15471.0,14703.73922888326,14393.788
M47780,short,Other,1913-05-01,15471.0,15917.645848029433,15630.1455
M47780,short,Other,1913-06-01,15161.0,16449.78534363694,16028.647
M47781,long_history,Other,1928-02-01,3092.55,3531.8931604802838,3076.302
M47781,long_history,Other,1928-03-01,3067.44,3531.8931604802838,3093.0334
M47781,long_history,Other,1928-04-01,3110.88,3531.8931604802838,3074.4102
M47781,long_history,Other,1928-05-01,3171.42,3499.140729826292,3113.3894
M47781,long_history,Other,1928-06-01,3162.06,3550.7965891089925,3114.7856
M47781,long_history,Other,1928-07-01,3163.9,3550.7965891089925,3142.1194
M47781,long_history,Other,1928-08-01,3200.28,3550.7965891089925,3156.4846
M47781,long_history,Other,1928-09-01,3191.14,3535.283695924527,3179.692
M47781,long_history,Other,1928-10-01,3244.55,3561.032343536146,3232.9746
M47781,long_history,Other,1928-11-01,3232.96,3669.28798080447,3361.15
M47781,long_history,Other,1928-12-01,3237.23,3561.032343536146,3366.7554
M47781,long_history,Other,1929-01-01,3245.96,3578.903426638678,3262.9922
M47781,long_history,Other,1929-02-01,3294.09,3687.159063907002,3276.9573
M47781,long_history,Other,1929-03-01,3262.59,3687.159063907002,3292.6863
M47781,long_history,Other,1929-04-01,3280.76,3687.159063907002,3296.3625
M47781,long_history,Other,1929-05-01,3310.26,3702.6719570914665,3288.6855
M47781,long_history,Other,1929-06-01,3304.3,3702.6719570914665,3295.0198
M47781,long_history,Other,1929-07-01,3281.77,3702.6719570914665,3298.5627
M47782,long_history,Other,1928-02-01,2537.51,2852.12585585301,2572.7432
M47782,long_history,Other,1928-03-01,2526.66,2852.12585585301,2565.6082
M47782,long_history,Other,1928-04-01,2547.06,2852.12585585301,2556.514
M47782,long_history,Other,1928-05-01,2559.26,2852.12585585301,2546.214
M47782,long_history,Other,1928-06-01,2563.11,2852.12585585301,2542.3718
M47782,long_history,Other,1928-07-01,2563.66,2876.1411978788256,2588.3406
M47782,long_history,Other,1928-08-01,2574.66,2876.1411978788256,2585.0188
M47782,long_history,Other,1928-09-01,2563.76,2876.1411978788256,2598.5332
M47782,long_history,Other,1928-10-01,2581.53,2876.1411978788256,2601.9226
M47782,long_history,Other,1928-11-01,2576.17,2876.1411978788256,2601.9226
M47782,long_history,Other,1928-12-01,2571.35,2876.1411978788256,2597.2495
M47782,long_history,Other,1929-01-01,2572.62,2876.1411978788256,2607.6814
M47782,long_history,Other,1929-02-01,2594.92,2876.1411978788256,2609.6414
M47782,long_history,Other,1929-03-01,2592.06,2935.080951300455,2599.7043
M47782,long_history,Other,1929-04-01,2594.29,2935.080951300455,2603.844
M47782,long_history,Other,1929-05-01,2589.15,2988.919967663737,2606.6404
M47782,long_history,Other,1929-06-01,2598.02,2935.080951300455,2610.382
M47782,long_history,Other,1929-07-01,2622.52,2935.080951300455,2613.893
M47783,long_history,Other,1926-01-01,2815.348,2861.8052584511497,2905.2388
M47783,long_history,Other,1926-02-01,2902.672,2916.3708811095635,2856.0422
M47783,long_history,Other,1926-03-01,2869.856,2900.0890477347343,2862.9888
M47783,long_history,Other,1926-04-01,2816.584,2809.7039804668198,2867.3708
M47783,long_history,Other,1926-05-01,2831.178,2781.61020025803,2845.667
M47783,long_history,Other,1926-06-01,2828.834,2781.61020025803,2828.0364
M47783,long_history,Other,1926-07-01,2823.08,2781.61020025803,2830.9326
M47783,long_history,Other,1926-08-01,2852.487,2781.61020025803,2830.5547
M47783,long_history,Other,1926-09-01,2820.524,2809.7039804668198,2853.924
M47783,long_history,Other,1926-10-01,2819.011,2781.61020025803,2829.7622
M47783,long_history,Other,1926-11-01,2849.502,2781.61020025803,2826.8323
M47783,long_history,Other,1926-12-01,2959.443,2812.4201074162406,2851.111
M47783,long_history,Other,1927-01-01,2959.443,2877.2687956534814,2871.503
M47783,long_history,Other,1927-02-01,2951.466,2877.2687956534814,2892.9265
M47783,long_history,Other,1927-03-01,2951.466,2872.353667195525,2933.7603
M47783,long_history,Other,1927-04-01,2951.466,2872.353667195525,2933.79
M47783,long_history,Other,1927-05-01,2959.14,2926.192683558807,2930.2761
M47783,long_history,Other,1927-06-01,2959.14,2872.353667195525,2935.13
M47786,short,Other,1914-01-01,8432.0,9740.491507054556,9597.752
M47786,short,Other,1914-02-01,7829.0,9001.177493371939,9353.587
M47786,short,Other,1914-03-01,7499.0,8146.019062146409,8449.842
M47786,short,Other,1914-04-01,7284.0,7769.72012376279,7960.3076
M47786,short,Other,1914-05-01,7080.0,7665.515193768572,7709.7275
M47786,short,Other,1914-06-01,6986.0,7559.620986639605,7531.879
M47786,short,Other,1914-07-01,6923.0,7484.793456832784,7375.551
M47786,short,Other,1914-08-01,6746.0,7481.173519148122,7162.7954
M47786,short,Other,1914-09-01,6524.0,7207.4930710861145,7089.542
M47786,short,Other,1914-10-01,6253.0,7246.710955298384,7071.5435
M47786,short,Other,1914-11-01,5921.0,7329.499116061357,6821.8564
M47786,short,Other,1914-12-01,5764.0,6607.46498963874,6239.096
M47786,short,Other,1915-01-01,5704.0,6151.979918578409,5919.9233
M47786,short,Other,1915-02-01,5346.0,6139.36656934745,5943.171
M47786,short,Other,1915-03-01,5196.0,5512.921908065152,5671.938
M47786,short,Other,1915-04-01,5078.0,5384.367701787226,5529.621
M47786,short,Other,1915-05-01,4601.0,5384.367701787226,5295.1807
M47786,short,Other,1915-06-01,4147.0,5044.654784369679,4985.7295
M47790,long_history,Other,1926-03-01,9988.926,9969.773307129495,9999.774
M47790,long_history,Other,1926-04-01,10001.37,9969.773307129495,9994.55
M47790,long_history,Other,1926-05-01,10023.79,9969.773307129495,10004.467
M47790,long_history,Other,1926-06-01,10049.26,9969.773307129495,10002.434
M47790,long_history,Other,1926-07-01,10071.48,9969.773307129495,9997.213
M47790,long_history,Other,1926-08-01,10087.09,9969.773307129495,10056.383
M47790,long_history,Other,1926-09-01,10094.55,9969.773307129495,10057.31
M47790,long_history,Other,1926-10-01,10095.36,9969.773307129495,10059.032
M47790,long_history,Other,1926-11-01,10088.4,9969.773307129495,10059.202
M47790,long_history,Other,1926-12-01,10071.62,9950.376230452417,10058.446
M47790,long_history,Other,1927-01-01,10045.22,9926.60835473636,9789.764
M47790,long_history,Other,1927-02-01,10011.5,9968.621127794147,9977.312
M47790,long_history,Other,1927-03-01,9971.061,9968.621127794147,10000.876
M47790,long_history,Other,1927-04-01,9928.997,9968.621127794147,10003.464
M47790,long_history,Other,1927-05-01,9892.242,9929.700621514432,9975.723
M47790,long_history,Other,1927-06-01,9863.332,9915.609287495354,9925.49
M47790,long_history,Other,1927-07-01,9842.926,9915.609287495354,9917.671
M47790,long_history,Other,1927-08-01,9835.512,9790.736329355532,9829.197
M47791,medium,Other,1923-03-01,9983.438,10043.656785759227,9945.96
M47791,medium,Other,1923-04-01,10024.59,10043.656785759227,9965.397
M47791,medium,Other,1923-05-01,10053.4,10043.656785759227,9986.127
M47791,medium,Other,1923-06-01,10062.34,10043.656785759227,10002.448
M47791,medium,Other,1923-07-01,10062.76,10043.656785759227,10043.3
M47791,medium,Other,1923-08-01,10060.03,10043.656785759227,10056.094
M47791,medium,Other,1923-09-01,10068.68,10043.656785759227,10057.0205
M47791,medium,Other,1923-10-01,10083.0,10043.656785759227,10058.743
M47791,medium,Other,1923-11-01,10049.07,10043.656785759227,10058.913
M47791,medium,Other,1923-12-01,9999.815,10024.25970908215,10024.7295
M47791,medium,Other,1924-01-01,9936.867,9949.893145439491,9847.412
M47791,medium,Other,1924-02-01,9879.813,10048.571914217184,9926.878
M47791,medium,Other,1924-03-01,9860.139,10009.651407937468,9914.576
M47791,medium,Other,1924-04-01,9901.559,9865.771987320613,9940.405
M47791,medium,Other,1924-05-01,9932.929,9990.644945460434,9940.479
M47791,medium,Other,1924-06-01,9935.521,10029.565451740149,9955.231
M47791,medium,Other,1924-07-01,9920.615,10095.67746901124,9976.199
M47791,medium,Other,1924-08-01,9894.483,10056.756962731524,9960.565
M47792,long_history,Other,1925-11-01,12673.54,12275.068860510864,12623.418
M47792,long_history,Other,1925-12-01,12717.29,12722.371654636454,12696.624
M47792,long_history,Other,1926-01-01,12760.93,11924.190013276375,12304.077
M47792,long_history,Other,1926-02-01,12809.92,12374.252464452928,12880.892
M47792,long_history,Other,1926-03-01,12872.81,12485.307672774514,13020.888
M47792,long_history,Other,1926-04-01,12952.66,12490.22280123247,12882.981
M47792,long_history,Other,1926-05-01,13045.64,12949.053315577541,12975.872
M47792,long_history,Other,1926-06-01,13142.93,12949.053315577541,12989.473
M47792,long_history,Other,1926-07-01,13236.26,12896.60516973128,12952.375
M47792,long_history,Other,1926-08-01,13321.17,13081.21786649008,12965.122
M47792,long_history,Other,1926-09-01,13395.47,13081.21786649008,12968.92
M47792,long_history,Other,1926-10-01,13461.01,13081.21786649008,13012.969
M47792,long_history,Other,1926-11-01,13516.18,13112.713443622577,13084.393
M47792,long_history,Other,1926-12-01,13558.05,13329.91685114723,13101.871
M47792,long_history,Other,1927-01-01,13586.72,12342.67795425796,13207.908
M47792,long_history,Other,1927-02-01,13605.13,14284.817455575514,13291.305
M47792,long_history,Other,1927-03-01,13613.96,14429.77294952866,13360.192
M47792,long_history,Other,1927-04-01,13620.08,14429.77294952866,13434.317
M47793,cold_start,Other,1904-03-01,6675.4,3279.3019956784433,3493.538
M47793,cold_start,Other,1904-04-01,2725.8,3676.0190537066924,4366.871
M47793,cold_start,Other,1904-05-01,3442.3,3662.2869924606657,4302.7573
M47793,cold_start,Other,1904-06-01,6675.4,4945.0411845521885,4477.753
M47793,cold_start,Other,1904-07-01,4439.4,3724.1985809921243,4270.512
M47793,cold_start,Other,1904-08-01,3442.3,4738.482162904275,4785.238
M47793,cold_start,Other,1904-09-01,3544.1,4593.424672792185,4408.771
M47793,cold_start,Other,1904-10-01,7360.9,4230.679998383327,4237.0874
M47793,cold_start,Other,1904-11-01,3544.1,5149.388978303142,5598.583
M47793,cold_start,Other,1904-12-01,2509.8,5047.216654676295,4318.3276
M47793,cold_start,Other,1905-01-01,7360.9,3920.4232097650834,4537.595
M47793,cold_start,Other,1905-02-01,3623.1,4875.208925449683,4778.0303
M47793,cold_start,Other,1905-03-01,2509.8,3693.2685144400093,3922.9438
M47793,cold_start,Other,1905-04-01,2721.9,4271.955981844447,4563.512
M47793,cold_start,Other,1905-05-01,5415.4,3277.1692898544843,3809.6562
M47793,cold_start,Other,1905-06-01,2721.9,3791.567553675053,4372.464
M47793,cold_start,Other,1905-07-01,1047.0,3554.424623125128,4134.7886
M47793,cold_start,Other,1905-08-01,5415.4,3322.7702088152705,3826.3364
M47796,cold_start,Other,1904-01-01,1863.9847,1650.5988499007397,1710.2814
M47796,cold_start,Other,1904-02-01,1794.752,1841.6471886864701,1839.7192
M47796,cold_start,Other,1904-03-01,2166.2448,1896.946464897468,1908.0305
M47796,cold_start,Other,1904-04-01,1794.752,2101.3876102835275,2142.2998
M47796,cold_start,Other,1904-05-01,2017.5776,1865.9515693918609,1871.8055
M47796,cold_start,Other,1904-06-01,2166.2448,2063.852512781441,2079.826
M47796,cold_start,Other,1904-07-01,1440.7256,2063.0911401733474,2062.252
M47796,cold_start,Other,1904-08-01,2017.5776,1684.5463110477838,1717.6683
M47796,cold_start,Other,1904-09-01,1349.8377,1958.0226882163886,1962.2356
M47796,cold_start,Other,1904-10-01,1765.9926,1626.100322716509,1653.1665
M47796,cold_start,Other,1904-11-01,1349.8377,1757.0321794934334,1757.1357
M47796,cold_start,Other,1904-12-01,1454.458,1539.0799934379934,1575.7394
M47796,cold_start,Other,1905-01-01,1765.9926,1634.890379029193,1592.5508
M47796,cold_start,Other,1905-02-01,1059.2117,1752.7795669086213,1714.1729
M47796,cold_start,Other,1905-03-01,1454.458,1406.2929991540527,1580.6509
M47796,cold_start,Other,1905-04-01,1874.29,1444.4238907766032,1528.1671
M47796,cold_start,Other,1905-05-01,1774.1438,1851.827361672033,1768.8389
M47796,cold_start,Other,1905-06-01,1293.7129,1884.5747908456997,1847.3281
M47798,cold_start,Other,1904-04-01,5169.8,7836.953922441661,7163.4287
M47798,cold_start,Other,1904-05-01,5683.0,6456.356224717952,6534.6816
M47798,cold_start,Other,1904-06-01,8964.4,6890.956145965566,6431.4185
M47798,cold_start,Other,1904-07-01,6292.2,6253.099652772934,6734.3486
M47798,cold_start,Other,1904-08-01,5683.0,6976.386406636516,6970.77
M47798,cold_start,Other,1904-09-01,8927.8,6654.4910102466465,6123.2637
M47798,cold_start,Other,1904-10-01,9213.8,6933.042702595734,7287.6987
M47798,cold_start,Other,1904-11-01,8927.8,8181.974871284166,9035.826
M47798,cold_start,Other,1904-12-01,6595.1,8363.87014752144,8603.358
M47798,cold_start,Other,1905-01-01,9213.8,6358.774389850581,6842.114
M47798,cold_start,Other,1905-02-01,6357.7,7299.4098817879585,8018.4707
M47798,cold_start,Other,1905-03-01,6595.1,7193.438994920522,7459.294
M47798,cold_start,Other,1905-04-01,8507.2,6784.556140673226,6581.114
M47798,cold_start,Other,1905-05-01,8737.4,7510.404655038999,7610.931
M47798,cold_start,Other,1905-06-01,8507.2,8574.583110361758,8568.21
M47798,cold_start,Other,1905-07-01,7124.1,8340.074964705294,8157.809
M47798,cold_start,Other,1905-08-01,8737.4,6886.91315073177,7137.804
M47798,cold_start,Other,1905-09-01,4906.9,8505.867883207851,8464.616
M47799,cold_start,Other,1904-04-01,2165.5,3461.904849112181,4082.676
M47799,cold_start,Other,1904-05-01,2409.8,4574.322902205143,4229.382
M47799,cold_start,Other,1904-06-01,6307.1,5363.0557409747535,5372.5674
M47799,cold_start,Other,1904-07-01,5498.1,4334.37610743035,4312.413
M47799,cold_start,Other,1904-08-01,2409.8,4348.594343937456,4367.815
M47799,cold_start,Other,1904-09-01,3194.5,4845.421023951259,4270.8047
M47799,cold_start,Other,1904-10-01,7702.2,4485.426937561238,4915.515
M47799,cold_start,Other,1904-11-01,3194.5,4552.797534008887,4714.254
M47799,cold_start,Other,1904-12-01,2608.8,4866.525777782001,4226.89
M47799,cold_start,Other,1905-01-01,7702.2,4950.874779976269,5188.2407
M47799,cold_start,Other,1905-02-01,5372.5,4646.526363912325,5332.5444
M47799,cold_start,Other,1905-03-01,2608.8,3357.0872258142654,4032.6865
M47799,cold_start,Other,1905-04-01,4170.9,4707.321737307271,3588.6838
M47799,cold_start,Other,1905-05-01,7686.7,4944.240046443922,4910.5674
M47799,cold_start,Other,1905-06-01,4170.9,4040.3286755595686,5572.2324
M47799,cold_start,Other,1905-07-01,4235.2,4430.585382296538,4773.935
M47799,cold_start,Other,1905-08-01,7686.7,4956.203042099625,5022.4565
M47799,cold_start,Other,1905-09-01,4176.8,5164.625376084455,5600.1475
M47800,cold_start,Other,1904-04-01,2328.8,3302.9747294260283,2889.2385
M47800,cold_start,Other,1904-05-01,2791.8,3200.939956853846,2796.5498
M47800,cold_start,Other,1904-06-01,4383.1,3164.1270100661745,3320.2593
M47800,cold_start,Other,1904-07-01,3089.0,3242.30861076339,3247.2239
M47800,cold_start,Other,1904-08-01,2791.8,3341.1323005510617,3557.448
M47800,cold_start,Other,1904-09-01,3166.4,3138.618307381947,3153.252
M47800,cold_start,Other,1904-10-01,5093.5,3027.4775987584753,3103.495
M47800,cold_start,Other,1904-11-01,3166.4,3976.9772280572975,3816.1992
M47800,cold_start,Other,1904-12-01,2312.0,3396.2006891431424,3260.903
M47800,cold_start,Other,1905-01-01,5093.5,3298.709801264617,3635.3577
M47800,cold_start,Other,1905-02-01,2691.4,3663.885937073599,3458.5151
M47800,cold_start,Other,1905-03-01,2312.0,3197.748401943571,3166.2664
M47800,cold_start,Other,1905-04-01,3033.3,3176.0330848700814,3421.8672
M47800,cold_start,Other,1905-05-01,4107.6,3069.987021723592,3173.2458
M47800,cold_start,Other,1905-06-01,3033.3,3762.2227452193138,3849.9587
M47800,cold_start,Other,1905-07-01,2739.6,3251.4879508753406,3383.2297
M47800,cold_start,Other,1905-08-01,4107.6,2985.5568799558255,3154.5623
M47800,cold_start,Other,1905-09-01,1962.0,3814.478741751436,3585.7483
M47802,cold_start,Other,1904-04-01,5858.9,6114.586809495696,6232.159
M47802,cold_start,Other,1904-05-01,7309.0,5716.239159218129,5806.7676
M47802,cold_start,Other,1904-06-01,6354.4,7559.806813418438,7403.6523
M47802,cold_start,Other,1904-07-01,4379.7,6755.835889490112,6465.574
M47802,cold_start,Other,1904-08-01,7309.0,5284.138474616504,5563.991
M47802,cold_start,Other,1904-09-01,6159.1,6769.8212907845555,6839.0146
M47802,cold_start,Other,1904-10-01,7595.3,6102.4587287216655,6000.5513
M47802,cold_start,Other,1904-11-01,6159.1,6908.94767842798,7000.2026
M47802,cold_start,Other,1904-12-01,7574.1,6114.262390724906,6217.762
M47802,cold_start,Other,1905-01-01,7595.3,7008.9228338696485,6858.6357
M47802,cold_start,Other,1905-02-01,2831.9,6898.071963636288,7062.6685
M47802,cold_start,Other,1905-03-01,7574.1,4437.189053860299,5087.056
M47802,cold_start,Other,1905-04-01,7844.9,6280.892354182704,6285.5557
M47802,cold_start,Other,1905-05-01,7094.7,5947.291413858014,6426.69
M47802,cold_start,Other,1905-06-01,7844.9,6897.399382045674,7240.947
M47802,cold_start,Other,1905-07-01,6805.0,7390.451271961161,7154.3926
M47802,cold_start,Other,1905-08-01,7094.7,6835.887028561847,7108.7617
M47802,cold_start,Other,1905-09-01,3841.0,6806.452207943997,6974.7305
M47806,cold_start,Other,1904-01-01,1935.2001,1620.7670016465695,1737.9232
M47806,cold_start,Other,1904-02-01,1658.2513,1968.0433816656143,1949.7504
M47806,cold_start,Other,1904-03-01,2040.2665,1752.8416033796836,1822.1742
M47806,cold_start,Other,1904-04-01,1658.2513,2063.852512781441,2013.3987
M47806,cold_start,Other,1904-05-01,2180.1987,1695.1037150694276,1798.0415
M47806,cold_start,Other,1904-06-01,2040.2665,2173.749694905259,2115.162
M47806,cold_start,Other,1904-07-01,1418.6835,2101.892657514822,2084.8306
M47806,cold_start,Other,1904-08-01,2180.1987,1639.7141994367908,1737.8131
M47806,cold_start,Other,1904-09-01,1793.3847,2118.450418694261,2091.4956
M47806,cold_start,Other,1904-10-01,2077.2584,1905.2754943739594,1894.204
M47806,cold_start,Other,1904-11-01,1793.3847,2009.0693518425737,2041.4216
M47806,cold_start,Other,1904-12-01,2511.0233,1842.0881266864096,1871.5571
M47806,cold_start,Other,1905-01-01,2077.2584,2323.3946554146855,2241.1362
M47806,cold_start,Other,1905-02-01,1489.8336,2092.502162139058,2088.193
M47806,cold_start,Other,1905-03-01,2511.0233,1721.9212826751136,1827.0533
M47806,cold_start,Other,1905-04-01,2171.9853,2266.5706301931623,2187.5308
M47806,cold_start,Other,1905-05-01,1835.6053,2252.92989261693,2235.2097
M47806,cold_start,Other,1905-06-01,1415.2396,1979.8200820751758,2041.5554
M47807,cold_start,Other,1903-02-01,7824.788,10233.600635502064,9380.429
M47807,cold_start,Other,1903-03-01,9082.715,7809.321864925173,7819.022
M47807,cold_start,Other,1903-04-01,11021.466,9489.612652980977,9333.021
M47807,cold_start,Other,1903-05-01,6701.6,9845.711582802205,10176.961
M47807,cold_start,Other,1903-06-01,9082.715,7786.856344812489,7506.6406
M47807,cold_start,Other,1903-07-01,9963.8,9353.932180927219,9071.8955
M47807,cold_start,Other,1903-08-01,10913.0,9316.793699602275,9414.675
M47807,cold_start,Other,1903-09-01,9963.8,10309.017681190642,10330.122
M47807,cold_start,Other,1903-10-01,9395.9,9319.45871510835,9655.433
M47807,cold_start,Other,1903-11-01,10913.0,9376.473801122964,9566.348
M47807,cold_start,Other,1903-12-01,6528.2,10749.709457059791,10290.151
M47807,cold_start,Other,1904-01-01,9395.9,8245.36871511817,7882.858
M47807,cold_start,Other,1904-02-01,9744.0,8622.484240474445,9081.183
M47807,cold_start,Other,1904-03-01,9157.9,9491.277352417555,9518.5625
M47807,cold_start,Other,1904-04-01,9744.0,9363.662437746434,9603.948
M47807,cold_start,Other,1904-05-01,9862.8,9165.859341179485,9372.224
M47807,cold_start,Other,1904-06-01,9157.9,9670.425879541526,9765.788
M47807,cold_start,Other,1904-07-01,7415.2,9299.071795208325,9330.956
M47811,cold_start,Other,1902-07-01,692.35,1282.5893381583467,1182.9806
M47811,cold_start,Other,1902-08-01,920.05,894.6381582097996,1073.5836
M47811,cold_start,Other,1902-09-01,1391.46,1017.2606405674403,993.36096
M47811,cold_start,Other,1902-10-01,789.24,1242.110391556835,1154.9895
M47811,cold_start,Other,1902-11-01,920.05,996.3819623400327,1134.8298
M47811,cold_start,Other,1902-12-01,1299.64,1054.575309763498,1081.0576
M47811,cold_start,Other,1903-01-01,1230.21,1174.605708195897,1189.3467
M47811,cold_start,Other,1903-02-01,1299.64,1227.8571735933838,1249.9962
M47811,cold_start,Other,1903-03-01,1031.88,1237.9703078629566,1297.3136
M47811,cold_start,Other,1903-04-01,1230.21,1128.471919603283,1163.491
M47811,cold_start,Other,1903-05-01,766.72,1174.1409471712898,1203.6055
M47811,cold_start,Other,1903-06-01,1031.88,1035.8408893883552,1076.7299
M47811,cold_start,Other,1903-07-01,1259.01,1052.5393995535703,1076.3729
M47811,cold_start,Other,1903-08-01,1233.1,1175.7898182965273,1166.6606
M47811,cold_start,Other,1903-09-01,1259.01,1250.7600393528996,1258.3374
M47811,cold_start,Other,1903-10-01,1141.59,1216.8734675633489,1241.6884
M47811,cold_start,Other,1903-11-01,1233.1,1126.2278414127477,1179.2917
M47811,cold_start,Other,1903-12-01,629.85,1260.9092906772723,1240.2563
M47813,cold_start,Other,1904-01-01,5351.8933,3762.803258274122,4223.1016
M47813,cold_start,Other,1904-02-01,3131.3465,4392.301042444347,4314.2627
M47813,cold_start,Other,1904-03-01,3275.9434,4104.8116293018975,4628.105
M47813,cold_start,Other,1904-04-01,3131.3465,3707.3216848776897,3824.3633
M47813,cold_start,Other,1904-05-01,4915.936,3080.2064404465254,3478.5706
M47813,cold_start,Other,1904-06-01,3275.9434,3894.0427671460225,4662.1836
M47813,cold_start,Other,1904-07-01,2497.1741,3540.892631469812,3390.7441
M47813,cold_start,Other,1904-08-01,4915.936,3229.956675901716,3530.7893
M47813,cold_start,Other,1904-09-01,4438.6269,3707.841690239115,3644.592
M47813,cold_start,Other,1904-10-01,3261.5682,3963.34016230426,4089.287
M47813,cold_start,Other,1904-11-01,4438.6269,3494.8680375034983,3612.14
M47813,cold_start,Other,1904-12-01,4015.1117,4155.456127106984,4214.8486
M47813,cold_start,Other,1905-01-01,3261.5682,4074.6147364257045,4143.406
M47813,cold_start,Other,1905-02-01,1892.5932,3646.55686408354,3504.5469
M47813,cold_start,Other,1905-03-01,4015.1117,3154.208586561834,3109.1775
M47813,cold_start,Other,1905-04-01,4617.3817,3288.0993404644823,3408.9402
M47813,cold_start,Other,1905-05-01,2922.5028,3952.7143552397156,4053.5698
M47813,cold_start,Other,1905-06-01,1727.8212,3403.679867968477,3517.3289
M47818,short,Other,1905-05-01,6157.41,5441.820164551237,5943.7676
M47818,short,Other,1905-06-01,5262.29,6266.158517130672,6315.7207
M47818,short,Other,1905-07-01,7165.78,5177.740922467295,5502.052
M47818,short,Other,1905-08-01,6157.41,7301.219498540693,7490.2607
M47818,short,Other,1905-09-01,4239.36,6631.193352927165,6665.2593
M47818,short,Other,1905-10-01,7165.78,5220.981850621403,5637.8076
M47818,short,Other,1905-11-01,6581.91,6852.4132064345795,7102.869
M47818,short,Other,1905-12-01,7922.91,6317.358710490104,6215.283
M47818,short,Other,1906-01-01,6581.91,7136.780771212074,7060.8096
M47818,short,Other,1906-02-01,7931.95,6178.099369901816,6486.1226
M47818,short,Other,1906-03-01,7922.91,7499.1674094227055,7254.221
M47818,short,Other,1906-04-01,3157.41,7399.967809574499,7375.9224
M47818,short,Other,1906-05-01,7931.95,4888.993339105187,5560.7495
M47818,short,Other,1906-06-01,8273.37,6714.960678643642,6427.3623
M47818,short,Other,1906-07-01,7212.77,6587.187706929964,7193.3984
M47818,short,Other,1906-08-01,8103.06,7018.272270915731,7306.4536
M47818,short,Other,1906-09-01,7330.72,7692.646502584031,7455.6694
M47818,short,Other,1906-10-01,7064.3,7197.588824382523,7364.6084
M47821,cold_start,Other,1903-12-01,1148.59,1749.8656512765472,1764.3875
M47821,cold_start,Other,1904-01-01,1902.18,1407.0987490619382,1606.6252
M47821,cold_start,Other,1904-02-01,662.18,1850.165775745545,1733.6133
M47821,cold_start,Other,1904-03-01,589.85,1235.846597993732,1309.4276
M47821,cold_start,Other,1904-04-01,662.18,1032.8856472697873,1119.4625
M47821,cold_start,Other,1904-05-01,752.79,857.5233251220864,908.43365
M47821,cold_start,Other,1904-06-01,589.85,973.6438438074225,1003.51044
M47821,cold_start,Other,1904-07-01,537.99,817.7315316180509,904.7717
M47821,cold_start,Other,1904-08-01,752.79,685.4782512461869,739.78577
M47821,cold_start,Other,1904-09-01,1834.01,759.6752463939312,813.0282
M47821,cold_start,Other,1904-10-01,1539.8,1791.4227159751524,1888.3469
M47821,cold_start,Other,1904-11-01,1834.01,1544.162963280978,1682.2394
M47821,cold_start,Other,1904-12-01,1924.38,1676.8848173249376,1815.1384
M47821,cold_start,Other,1905-01-01,1539.8,1911.2795707697526,2104.6719
M47821,cold_start,Other,1905-02-01,1017.69,1553.2487323563932,1546.0608
M47821,cold_start,Other,1905-03-01,1924.38,1141.5933035825853,1263.9456
M47821,cold_start,Other,1905-04-01,1880.16,1763.825892469391,1473.2783
M47821,cold_start,Other,1905-05-01,1211.08,1821.0184898157238,1511.1946
M47822,cold_start,Other,1904-03-01,4276.15,2896.870169871873,2787.9321
M47822,cold_start,Other,1904-04-01,2271.97,3302.9747294260283,2833.859
M47822,cold_start,Other,1904-05-01,2723.68,3192.4370848430585,2573.6035
M47822,cold_start,Other,1904-06-01,4276.15,3002.4620026523194,3185.7278
M47822,cold_start,Other,1904-07-01,3013.63,3324.497262748787,3102.8171
M47822,cold_start,Other,1904-08-01,2723.68,3341.1323005510617,3065.8347
M47822,cold_start,Other,1904-09-01,3076.48,3124.2045873275188,3118.7205
M47822,cold_start,Other,1904-10-01,4948.84,3103.785124891617,3019.2534
M47822,cold_start,Other,1904-11-01,3076.48,3806.6874176917304,3735.8403
M47822,cold_start,Other,1904-12-01,2246.34,3052.369821572312,3203.0574
M47822,cold_start,Other,1905-01-01,4948.84,3264.1269012933444,3618.926
M47822,cold_start,Other,1905-02-01,2614.96,3264.236025579667,3406.1292
M47822,cold_start,Other,1905-03-01,2246.34,3231.5703362666827,3226.1643
M47822,cold_start,Other,1905-04-01,2947.16,3011.7731996344646,3634.6958
M47822,cold_start,Other,1905-05-01,3990.95,2986.0438412984463,2933.934
M47822,cold_start,Other,1905-06-01,2886.49,3745.867771740281,3643.8147
M47822,cold_start,Other,1905-07-01,2661.8,3165.4311675639387,3272.959
M47822,cold_start,Other,1905-08-01,3908.79,2705.826777273323,3029.8076
M47825,cold_start,Other,1904-03-01,10338.17,8083.74617465571,8199.658
M47825,cold_start,Other,1904-04-01,8061.56,10091.115660952384,9823.696
M47825,cold_start,Other,1904-05-01,8919.67,8423.400009720945,8645.866
M47825,cold_start,Other,1904-06-01,10338.17,9114.22840364637,9082.518
M47825,cold_start,Other,1904-07-01,8178.74,10012.794905576777,9686.0625
M47825,cold_start,Other,1904-08-01,8919.67,8614.34626536926,8553.912
M47825,cold_start,Other,1904-09-01,8214.58,9278.869160268347,8920.877
M47825,cold_start,Other,1904-10-01,10675.85,8481.440496751718,8399.82
M47825,cold_start,Other,1904-11-01,8214.58,9965.367360981461,9910.993
M47825,cold_start,Other,1904-12-01,9523.62,7955.653939615368,8244.828
M47825,cold_start,Other,1905-01-01,10675.85,8997.095920079744,9286.105
M47825,cold_start,Other,1905-02-01,6312.0,9946.731213661591,10028.561
M47825,cold_start,Other,1905-03-01,9523.62,8278.519236271828,7577.177
M47825,cold_start,Other,1905-04-01,8278.91,8797.826752470422,9281.636
M47825,cold_start,Other,1905-05-01,9168.31,8425.03401287202,8803.666
M47825,cold_start,Other,1905-06-01,8108.48,9137.327603084774,9170.477
M47825,cold_start,Other,1905-07-01,4306.23,8231.618457084025,8295.561
M47825,cold_start,Other,1905-08-01,8979.58,5939.651278623749,6450.1978
M47826,cold_start,Other,1903-07-01,3129.84,3310.4748773424058,3672.706
M47826,cold_start,Other,1903-08-01,4041.34,3426.4537147044443,3787.0193
M47826,cold_start,Other,1903-09-01,2197.66,3772.409102438285,3734.7
M47826,cold_start,Other,1903-10-01,3453.02,3584.51715842979,3378.6052
M47826,cold_start,Other,1903-11-01,2197.66,3562.331536147948,3666.5447
M47826,cold_start,Other,1903-12-01,3599.37,2922.4571840885683,3217.171
M47826,cold_start,Other,1904-01-01,3453.02,3644.803653856817,3364.767
M47826,cold_start,Other,1904-02-01,3152.45,3375.588599129704,3411.56
M47826,cold_start,Other,1904-03-01,3599.37,3338.7381192758803,3350.574
M47826,cold_start,Other,1904-04-01,3593.13,3502.999874575367,3506.4734
M47826,cold_start,Other,1904-05-01,3989.68,3673.1098173279606,3579.8591
M47826,cold_start,Other,1904-06-01,3593.13,3830.0667585660517,3818.1814
M47826,cold_start,Other,1904-07-01,4153.56,3727.1614540927376,3658.0251
M47826,cold_start,Other,1904-08-01,3989.68,4083.557643777402,4014.9668
M47826,cold_start,Other,1904-09-01,2368.83,3874.661036159523,3876.383
M47826,cold_start,Other,1904-10-01,4153.56,2810.280222469298,3142.7683
M47826,cold_start,Other,1904-11-01,3623.77,3849.9791927269493,3709.3672
M47826,cold_start,Other,1904-12-01,3554.27,3728.9098649116117,3673.526
M47827,short,Other,1905-06-01,1075.5,2393.232854513146,1939.9177
M47827,short,Other,1905-07-01,1291.0,1346.1107869244427,1593.6788
M47827,short,Other,1905-08-01,2554.8,1297.3042796075808,1562.5706
M47827,short,Other,1905-09-01,1597.7,2057.758027702326,1849.092
M47827,short,Other,1905-10-01,1291.0,1897.8976424812806,1956.373
M47827,short,Other,1905-11-01,1439.0,1453.900600583861,1614.2308
M47827,short,Other,1905-12-01,2546.3,1478.6282013656814,1518.5327
M47827,short,Other,1906-01-01,1439.0,2370.4473757133646,2136.6978
M47827,short,Other,1906-02-01,1170.9,1643.1768383983144,1661.8398
M47827,short,Other,1906-03-01,2546.3,1219.7655887661429,1566.9471
M47827,short,Other,1906-04-01,1444.9,2006.1413858715885,1918.768
M47827,short,Other,1906-05-01,1170.9,1719.1619014769324,1736.0454
M47827,short,Other,1906-06-01,1734.8,1106.3304520628465,1465.456
M47827,short,Other,1906-07-01,2102.0,1646.2834517709261,1663.3063
M47827,short,Other,1906-08-01,1734.8,2114.9868992418023,2068.0168
M47827,short,Other,1906-09-01,1415.9,1817.4681581316881,1859.819
M47827,short,Other,1906-10-01,2102.0,1548.4270748195631,1664.5939
M47827,short,Other,1906-11-01,1031.1,1914.9279248507469,1912.5382
M47830,cold_start,Other,1904-03-01,3815.57,3374.8072947736932,3658.2354
M47830,cold_start,Other,1904-04-01,3444.75,3715.0535286828717,3820.4973
M47830,cold_start,Other,1904-05-01,4680.05,3501.4812148434326,3572.4739
M47830,cold_start,Other,1904-06-01,3815.57,4476.980008792778,4681.33
M47830,cold_start,Other,1904-07-01,2338.51,3953.294084430197,3937.3823
M47830,cold_start,Other,1904-08-01,4680.05,2957.409952831804,3410.1926
M47830,cold_start,Other,1904-09-01,5181.93,4110.5490795976175,3918.6687
M47830,cold_start,Other,1904-10-01,3668.46,3788.727095556521,4008.3003
M47830,cold_start,Other,1904-11-01,5181.93,4031.794085051025,4039.8376
M47830,cold_start,Other,1904-12-01,5068.93,4782.725357131911,4735.105
M47830,cold_start,Other,1905-01-01,3668.46,4768.674534243062,4590.416
M47830,cold_start,Other,1905-02-01,2134.41,3872.4653712516474,4027.6323
M47830,cold_start,Other,1905-03-01,5068.93,3143.910322175908,3714.3025
M47830,cold_start,Other,1905-04-01,5192.91,4158.357818988755,4169.0625
M47830,cold_start,Other,1905-05-01,2761.09,4014.166086643822,4117.3423
M47830,cold_start,Other,1905-06-01,5086.02,3712.7345825869947,3741.6296
M47830,cold_start,Other,1905-07-01,3701.6,4371.9478238160045,4551.242
M47830,cold_start,Other,1905-08-01,2704.25,3884.1258288020426,3594.217
M47841,short,Other,1909-12-01,9889.01,8240.148117167917,8031.811
M47841,short,Other,1910-01-01,6405.3,7957.885969672171,7280.152
M47841,short,Other,1910-02-01,6039.33,7388.559651650346,7059.115
M47841,short,Other,1910-03-01,7105.31,7132.232458639198,6132.1006
M47841,short,Other,1910-04-01,6518.56,6598.635886393587,6558.493
M47841,short,Other,1910-05-01,5283.29,6198.98853207278,6270.331
M47841,short,Other,1910-06-01,3632.19,5829.469785109028,5754.226
M47841,short,Other,1910-07-01,2175.81,4479.876398315572,4128.329
M47841,short,Other,1910-08-01,2311.32,4429.25633969688,3823.1074
M47841,short,Other,1910-09-01,2833.62,4570.628834553443,3440.3735
M47841,short,Other,1910-10-01,4304.89,4163.410999853566,3791.2249
M47841,short,Other,1910-11-01,7304.0,4437.180212857899,4400.5815
M47841,short,Other,1910-12-01,6346.38,8011.33647754446,7183.3965
M47841,short,Other,1911-01-01,6044.27,5866.604065049499,5504.147
M47841,short,Other,1911-02-01,4983.15,5692.298172954861,5956.889
M47841,short,Other,1911-03-01,6031.02,4731.995802917939,5950.297
M47841,short,Other,1911-04-01,5999.76,5673.944240386086,5725.0
M47841,short,Other,1911-05-01,3434.13,5482.855168001896,5613.24
M47845,cold_start,Other,1903-10-01,2491.164,4202.406788745238,3614.1606
M47845,cold_start,Other,1903-11-01,6715.271,4572.460909081453,4479.8643
M47845,cold_start,Other,1903-12-01,5694.013,4640.667444624876,5220.322
M47845,cold_start,Other,1904-01-01,2491.164,3435.722873476337,3742.1685
M47845,cold_start,Other,1904-02-01,1417.209,3821.502588375467,4312.3545
M47845,cold_start,Other,1904-03-01,2720.992,2899.4144162865573,3307.4565
M47845,cold_start,Other,1904-04-01,1417.209,3105.510394028486,3319.3223
M47845,cold_start,Other,1904-05-01,1096.62,2574.6050827860317,2507.0432
M47845,cold_start,Other,1904-06-01,2720.992,2458.297019957497,2426.6128
M47845,cold_start,Other,1904-07-01,2526.179,3124.6150031847415,3861.968
M47845,cold_start,Other,1904-08-01,1096.62,3548.240116223835,3302.925
M47845,cold_start,Other,1904-09-01,2195.828,1475.366128412501,2332.727
M47845,cold_start,Other,1904-10-01,5629.171,1986.4619657265723,2465.8926
M47845,cold_start,Other,1904-11-01,2195.828,5463.916866263701,6007.0986
M47845,cold_start,Other,1904-12-01,2122.351,4488.596153343704,7744.5527
M47845,cold_start,Other,1905-01-01,5629.171,3848.3562505746436,4957.888
M47845,cold_start,Other,1905-02-01,5312.65,3569.905089533526,3292.9329
M47845,cold_start,Other,1905-03-01,2122.351,4142.27798358539,3502.0396
M47849,cold_start,Other,1902-12-01,5563.5,9573.11754852859,9275.484
M47849,cold_start,Other,1903-01-01,7669.7,6901.1324790947665,6289.8984
M47849,cold_start,Other,1903-02-01,8513.9,7511.840024797861,6914.98
M47849,cold_start,Other,1903-03-01,6103.2,7432.931147719332,7418.5967
M47849,cold_start,Other,1903-04-01,5320.3,6361.10659707846,6365.0366
M47849,cold_start,Other,1903-05-01,3846.4,6454.55047121091,6063.776
M47849,cold_start,Other,1903-06-01,3650.5,3849.2189900899757,4269.593
M47849,cold_start,Other,1903-07-01,4462.7,4933.852576142213,5238.233
M47849,cold_start,Other,1903-08-01,6596.3,5577.769381975196,5500.184
M47849,cold_start,Other,1903-09-01,8279.6,6408.956740587961,6017.5215
M47849,cold_start,Other,1903-10-01,6470.2,8265.816959555334,8387.764
M47849,cold_start,Other,1903-11-01,8586.6,7518.628972617103,7522.2915
M47849,cold_start,Other,1903-12-01,7026.4,7219.658275902117,8053.8887
M47849,cold_start,Other,1904-01-01,6829.1,6683.540666551121,7240.694
M47849,cold_start,Other,1904-02-01,5923.5,6766.03703577547,6785.8726
M47849,cold_start,Other,1904-03-01,5534.1,6418.022397520438,6248.166
M47849,cold_start,Other,1904-04-01,3445.4,5698.6713606020785,5739.6924
M47849,cold_start,Other,1904-05-01,3257.1,4583.93367346827,4758.9224
M47851,cold_start,Other,1902-02-01,5486.3,8162.50067630128,8044.3516
M47851,cold_start,Other,1902-03-01,8499.3,6618.6649139829615,6495.044
M47851,cold_start,Other,1902-04-01,9840.1,8607.456183244529,8274.5205
M47851,cold_start,Other,1902-05-01,7698.5,8458.713112212188,8585.297
M47851,cold_start,Other,1902-06-01,8571.9,7926.301260163634,7893.237
M47851,cold_start,Other,1902-07-01,6389.7,8144.164292887312,8034.869
M47851,cold_start,Other,1902-08-01,6634.5,6419.68555941567,6569.453
M47851,cold_start,Other,1902-09-01,6528.4,6684.151523917637,6782.541
M47851,cold_start,Other,1902-10-01,7376.7,7205.9705224832705,6978.0166
M47851,cold_start,Other,1902-11-01,9093.9,7533.04877786341,7292.7456
M47851,cold_start,Other,1902-12-01,5634.9,8672.93478781072,8209.655
M47851,cold_start,Other,1903-01-01,6212.6,6709.644725675139,6619.8403
M47851,cold_start,Other,1903-02-01,6813.3,6200.246659793774,6314.228
M47851,cold_start,Other,1903-03-01,6056.8,7029.950775973852,7019.9355
M47851,cold_start,Other,1903-04-01,7461.9,6588.852717369753,6572.3267
M47851,cold_start,Other,1903-05-01,6935.1,7375.42274502692,7133.2256
M47851,cold_start,Other,1903-06-01,7051.9,6931.523714170982,6939.8022
M47851,cold_start,Other,1903-07-01,6708.1,6841.73562501107,6944.5186
M47855,cold_start,Other,1903-10-01,2462.2,4174.579342132423,3645.7456
M47855,cold_start,Other,1903-11-01,6637.4,4572.460909081453,4515.9575
M47855,cold_start,Other,1903-12-01,5628.0,4577.448362623753,5284.0415
M47855,cold_start,Other,1904-01-01,2462.2,3435.722873476337,3810.184
M47855,cold_start,Other,1904-02-01,1396.6,3821.502588375467,4226.503
M47855,cold_start,Other,1904-03-01,2681.3,2826.6589234884423,3370.6902
M47855,cold_start,Other,1904-04-01,1396.6,3105.510394028486,3059.3713
M47855,cold_start,Other,1904-05-01,1080.7,2394.584970788344,2579.072
M47855,cold_start,Other,1904-06-01,2681.3,2458.297019957497,2410.152
M47855,cold_start,Other,1904-07-01,2489.3,3124.6150031847415,3487.812
M47855,cold_start,Other,1904-08-01,1080.7,3463.116758104833,3353.136
M47855,cold_start,Other,1904-09-01,2143.2,1450.380522776873,2301.4885
M47855,cold_start,Other,1904-10-01,5494.1,2044.738363931646,2463.8098
M47855,cold_start,Other,1904-11-01,2143.2,5617.629678274142,5168.876
M47855,cold_start,Other,1904-12-01,2071.4,4292.7678007774775,7538.106
M47855,cold_start,Other,1905-01-01,5494.1,3918.4863030775737,4675.283
M47855,cold_start,Other,1905-02-01,5185.2,3687.9267282505098,3135.9246
M47855,cold_start,Other,1905-03-01,2071.4,3925.8603072471683,3870.2344
M47865,medium,Other,1914-08-01,1514.0,1500.8110111802014,1504.3623
M47865,medium,Other,1914-09-01,1530.0,1504.7448957759686,1515.5684
M47865,medium,Other,1914-10-01,1522.0,1531.3244654308403,1530.1625
M47865,medium,Other,1914-11-01,1452.0,1531.3244654308403,1541.5018
M47865,medium,Other,1914-12-01,1461.0,1503.5271381296222,1504.4551
M47865,medium,Other,1915-01-01,1440.0,1512.5900126870636,1497.6309
M47865,medium,Other,1915-02-01,1442.0,1500.8110111802014,1467.299
M47865,medium,Other,1915-03-01,1451.0,1500.8110111802014,1464.3217
M47865,medium,Other,1915-04-01,1462.0,1500.8110111802014,1485.1708
M47865,medium,Other,1915-05-01,1474.0,1500.8110111802014,1491.8856
M47865,medium,Other,1915-06-01,1493.0,1500.8110111802014,1493.8441
M47865,medium,Other,1915-07-01,1493.0,1500.8110111802014,1501.0001
M47865,medium,Other,1915-08-01,1484.0,1500.8110111802014,1503.8883
M47865,medium,Other,1915-09-01,1470.0,1500.8110111802014,1505.009
M47865,medium,Other,1915-10-01,1475.0,1500.8110111802014,1498.8044
M47865,medium,Other,1915-11-01,1480.0,1500.8110111802014,1497.4293
M47865,medium,Other,1915-12-01,1474.0,1503.5271381296222,1501.6581
M47865,medium,Other,1916-01-01,1529.0,1512.5900126870636,1519.6624
M47871,medium,Other,1917-09-01,989.0,1034.7792069007892,1006.39386
M47871,medium,Other,1917-10-01,965.0,1034.7792069007892,1011.1279
M47871,medium,Other,1917-11-01,999.0,985.2169429935548,1006.353
M47871,medium,Other,1917-12-01,1002.0,1037.49533385021,1004.93695
M47871,medium,Other,1918-01-01,996.0,1033.0565064606217,1079.5347
M47871,medium,Other,1918-02-01,967.0,1034.7792069007892,1017.5174
M47871,medium,Other,1918-03-01,1028.0,985.2169429935548,1016.5231
M47871,medium,Other,1918-04-01,971.0,1048.7396317657156,1048.9926
M47871,medium,Other,1918-05-01,1051.0,985.2169429935548,1005.06665
M47871,medium,Other,1918-06-01,969.0,1079.033037359689,1073.9089
M47871,medium,Other,1918-07-01,1004.0,985.2169429935548,1007.5457
M47871,medium,Other,1918-08-01,995.0,1034.7792069007892,1009.43964
M47871,medium,Other,1918-09-01,1007.0,1034.7792069007892,1005.7149
M47871,medium,Other,1918-10-01,1048.0,1034.7792069007892,1008.4156
M47871,medium,Other,1918-11-01,972.0,1079.033037359689,1056.3671
M47871,medium,Other,1918-12-01,992.0,987.9330699429756,1008.6262
M47871,medium,Other,1919-01-01,958.0,1046.5582084076514,1038.5236
M47871,medium,Other,1919-02-01,1030.0,985.2169429935548,996.08374
M47881,medium,Other,1917-09-01,842.0,831.0023747995987,894.91016
M47881,medium,Other,1917-10-01,945.0,922.3175816302877,900.3099
M47881,medium,Other,1917-11-01,991.0,927.2327100882446,991.055
M47881,medium,Other,1917-12-01,1071.0,1042.410462308167,992.7868
M47881,medium,Other,1918-01-01,1131.0,1095.7271673245082,1120.5258
M47881,medium,Other,1918-02-01,1075.0,1083.948165817646,1101.6464
M47881,medium,Other,1918-03-01,1075.0,1134.8144149018203,1113.3622
M47881,medium,Other,1918-04-01,1003.0,1079.033037359689,1093.3864
M47881,medium,Other,1918-05-01,1004.0,1034.7792069007892,1026.3337
M47881,medium,Other,1918-06-01,910.0,1021.2775049537595,1011.3733
M47881,medium,Other,1918-07-01,902.0,976.6303695044821,984.441
M47881,medium,Other,1918-08-01,867.0,976.6303695044821,971.39984
M47881,medium,Other,1918-09-01,902.0,971.7152410465252,957.2837
M47881,medium,Other,1918-10-01,1001.0,985.2169429935548,963.848
M47881,medium,Other,1918-11-01,1055.0,1039.6943353587462,988.57684
M47881,medium,Other,1918-12-01,1075.0,1086.6642927670669,1069.2139
M47881,medium,Other,1919-01-01,1146.0,1098.0024552700634,1095.9845
M47881,medium,Other,1919-02-01,1125.0,1079.033037359689,1106.5176
M47882,long_history,Other,1927-09-01,9950.0,9920.52441595331,9913.635
M47882,long_history,Other,1927-10-01,9920.0,9959.444922233026,9936.592
M47882,long_history,Other,1927-11-01,9890.0,9981.721304766445,9958.8545
M47882,long_history,Other,1927-12-01,9880.0,9896.212210818274,9919.999
M47882,long_history,Other,1928-01-01,9730.0,10041.774957598282,9837.213
M47882,long_history,Other,1928-02-01,9790.0,10007.946925973954,9793.412
M47882,long_history,Other,1928-03-01,9820.0,10007.946925973954,9820.267
M47882,long_history,Other,1928-04-01,9780.0,10007.946925973954,9812.555
M47882,long_history,Other,1928-05-01,9770.0,10007.946925973954,9817.81
M47882,long_history,Other,1928-06-01,9750.0,10007.946925973954,9783.645
M47882,long_history,Other,1928-07-01,9620.0,9981.544829174944,9737.557
M47882,long_history,Other,1928-08-01,9690.0,10007.946925973954,9634.037
M47882,long_history,Other,1928-09-01,9720.0,10007.946925973954,9620.446
M47882,long_history,Other,1928-10-01,9760.0,10007.946925973954,9700.788
M47882,long_history,Other,1928-11-01,9710.0,10007.946925973954,9734.763
M47882,long_history,Other,1928-12-01,9660.0,9992.104812245254,9769.836
M47882,long_history,Other,1929-01-01,9560.0,9816.861285321007,9798.569
M47882,long_history,Other,1929-02-01,9590.0,9960.764149863158,9725.226
M47883,long_history,Other,1926-09-01,9850.0,9863.903528804043,9931.106
M47883,long_history,Other,1926-10-01,9880.0,9739.030570664223,9835.03
M47883,long_history,Other,1926-11-01,9860.0,9916.761466830701,9907.359
M47883,long_history,Other,1926-12-01,9820.0,9719.633493987145,9926.2705
M47883,long_history,Other,1927-01-01,9670.0,9575.266525977797,9554.642
M47883,long_history,Other,1927-02-01,9710.0,9742.793519786832,9681.427
M47883,long_history,Other,1927-03-01,9780.0,9742.793519786832,9689.5625
M47883,long_history,Other,1927-04-01,9710.0,9742.793519786832,9732.603
M47883,long_history,Other,1927-05-01,9720.0,9737.878391328875,9712.644
M47883,long_history,Other,1927-06-01,9690.0,9737.878391328875,9708.438
M47883,long_history,Other,1927-07-01,9570.0,9690.69561521808,9656.97
M47883,long_history,Other,1927-08-01,9610.0,9722.012840475043,9629.083
M47883,long_history,Other,1927-09-01,9580.0,9716.391422987821,9613.048
M47883,long_history,Other,1927-10-01,9650.0,9717.097712017086,9627.684
M47883,long_history,Other,1927-11-01,9550.0,9711.476294529864,9610.756
M47883,long_history,Other,1927-12-01,9550.0,9696.994346310745,9626.724
M47883,long_history,Other,1928-01-01,9450.0,9816.861285321007,9596.486
M47883,long_history,Other,1928-02-01,9520.0,9722.368023409954,9524.079
M47885,medium,Other,1914-08-01,1530.0,1531.3244654308403,1545.8086
M47885,medium,Other,1914-09-01,1542.0,1531.3244654308403,1547.5541
M47885,medium,Other,1914-10-01,1551.0,1531.3244654308403,1554.732
M47885,medium,Other,1914-11-01,1551.0,1531.3244654308403,1558.051
M47885,medium,Other,1914-12-01,1563.0,1534.0405923802612,1568.0975
M47885,medium,Other,1915-01-01,1556.0,1543.1034669377025,1565.02
M47885,medium,Other,1915-02-01,1565.0,1586.6237416418383,1587.1589
M47885,medium,Other,1915-03-01,1569.0,1531.3244654308403,1567.9801
M47885,medium,Other,1915-04-01,1574.0,1586.6237416418383,1585.0787
M47885,medium,Other,1915-05-01,1575.0,1586.6237416418383,1584.8646
M47885,medium,Other,1915-06-01,1570.0,1586.6237416418383,1586.3793
M47885,medium,Other,1915-07-01,1580.0,1586.6237416418383,1586.3793
M47885,medium,Other,1915-08-01,1584.0,1586.6237416418383,1586.5233
M47885,medium,Other,1915-09-01,1580.0,1627.8778442578039,1607.4565
M47885,medium,Other,1915-10-01,1582.0,1604.4666150455696,1595.8118
M47885,medium,Other,1915-11-01,1583.0,1645.7207176615352,1613.4608
M47885,medium,Other,1915-12-01,1594.0,1761.8553512232593,1618.1324
M47885,medium,Other,1916-01-01,1599.0,1657.4997191683974,1619.8829
M47887,medium,Other,1914-08-01,1536.0,1531.3244654308403,1520.8685
M47887,medium,Other,1914-09-01,1545.0,1531.3244654308403,1533.9388
M47887,medium,Other,1914-10-01,1564.0,1531.3244654308403,1545.9429
M47887,medium,Other,1914-11-01,1531.0,1531.3244654308403,1563.5553
M47887,medium,Other,1914-12-01,1516.0,1589.3398685912591,1561.9586
M47887,medium,Other,1915-01-01,1535.0,1543.1034669377025,1542.0349
M47887,medium,Other,1915-02-01,1542.0,1531.3244654308403,1543.5875
M47887,medium,Other,1915-03-01,1568.0,1531.3244654308403,1551.814
M47887,medium,Other,1915-04-01,1593.0,1531.3244654308403,1573.972
M47887,medium,Other,1915-05-01,1631.0,1627.8778442578039,1605.639
M47887,medium,Other,1915-06-01,1621.0,1627.8778442578039,1629.1451
M47887,medium,Other,1915-07-01,1612.0,1627.8778442578039,1639.0499
M47887,medium,Other,1915-08-01,1623.0,1627.8778442578039,1614.1316
M47887,medium,Other,1915-09-01,1597.0,1627.8778442578039,1633.8033
M47887,medium,Other,1915-10-01,1621.0,1645.7207176615352,1621.0424
M47887,medium,Other,1915-11-01,1615.0,1627.8778442578039,1632.7775
M47887,medium,Other,1915-12-01,1621.0,1630.5939712072247,1633.8416
M47887,medium,Other,1916-01-01,1646.0,1639.656845764666,1630.6833
M47890,medium,Other,1917-08-01,9690.0,9604.365065506436,9598.826
M47890,medium,Other,1917-09-01,9680.0,9604.365065506436,9621.978
M47890,medium,Other,1917-10-01,9860.0,9599.44993704848,9618.647
M47890,medium,Other,1917-11-01,9930.0,9604.365065506436,9750.623
M47890,medium,Other,1917-12-01,9830.0,9623.89396196097,9805.89
M47890,medium,Other,1918-01-01,9860.0,9456.34217503196,9630.0205
M47890,medium,Other,1918-02-01,9920.0,9726.879725003331,9820.523
M47890,medium,Other,1918-03-01,9890.0,9846.837554685195,9851.497
M47890,medium,Other,1918-04-01,9940.0,9867.618233996982,9868.483
M47890,medium,Other,1918-05-01,9980.0,9943.696323568518,9914.799
M47890,medium,Other,1918-06-01,10030.0,9957.787657587596,9938.68
M47890,medium,Other,1918-07-01,9980.0,10017.254688960218,9964.273
M47890,medium,Other,1918-08-01,10000.0,10017.254688960218,9954.757
M47890,medium,Other,1918-09-01,10070.0,10017.254688960218,9964.991
M47890,medium,Other,1918-10-01,10070.0,10017.254688960218,9992.602
M47890,medium,Other,1918-11-01,10220.0,10043.656785759227,10035.7705
M47890,medium,Other,1918-12-01,10050.0,10135.621542975472,10110.751
M47890,medium,Other,1919-01-01,10120.0,10112.418525935283,9912.489
M47899,long_history,Other,1928-07-01,5760.0,6456.8820603909935,6149.5786
M47899,long_history,Other,1928-08-01,5570.0,6352.487324346348,6139.5874
M47899,long_history,Other,1928-09-01,5370.0,6237.704354343709,5921.504
M47899,long_history,Other,1928-10-01,5180.0,5946.519341790744,5808.1387
M47899,long_history,Other,1928-11-01,4990.0,5697.80445670271,5732.297
M47899,long_history,Other,1928-12-01,4870.0,5722.339434377465,5672.6045
M47899,long_history,Other,1929-01-01,4800.0,5779.990160908513,5322.9927
M47899,long_history,Other,1929-02-01,4750.0,5721.660086686539,5413.938
M47899,long_history,Other,1929-03-01,4710.0,5663.583841401677,5215.886
M47899,long_history,Other,1929-04-01,4730.0,5663.583841401677,5163.3896
M47899,long_history,Other,1929-05-01,4700.0,5663.583841401677,5116.358
M47899,long_history,Other,1929-06-01,4700.0,5645.500370303137,5052.632
M47899,long_history,Other,1929-07-01,4650.0,5645.500370303137,5161.273
M47899,long_history,Other,1929-08-01,4710.0,5445.789063328425,5098.9336
M47899,long_history,Other,1929-09-01,4750.0,5445.789063328425,5204.5615
M47899,long_history,Other,1929-10-01,4770.0,5501.852768181636,5526.2773
M47899,long_history,Other,1929-11-01,4740.0,5466.161594888179,5643.53
M47899,long_history,Other,1929-12-01,4880.0,5466.161594888179,5662.9087
M47901,long_history,Other,1928-07-01,609.0,1055.3141086867445,701.2703
M47901,long_history,Other,1928-08-01,586.0,970.5259151228515,644.9445
M47901,long_history,Other,1928-09-01,569.0,970.5259151228515,635.2051
M47901,long_history,Other,1928-10-01,554.0,970.5259151228515,636.69324
M47901,long_history,Other,1928-11-01,537.0,911.3755842206531,587.10956
M47901,long_history,Other,1928-12-01,515.0,872.9786302530663,576.8571
M47901,long_history,Other,1929-01-01,502.0,892.1187282379431,571.81305
M47901,long_history,Other,1929-02-01,495.0,872.9786302530663,571.85535
M47901,long_history,Other,1929-03-01,489.0,872.9786302530663,573.938
M47901,long_history,Other,1929-04-01,497.0,872.9786302530663,537.65515
M47901,long_history,Other,1929-05-01,494.0,872.9786302530663,536.78217
M47901,long_history,Other,1929-06-01,491.0,872.9786302530663,536.78217
M47901,long_history,Other,1929-07-01,491.0,872.9786302530663,535.7006
M47901,long_history,Other,1929-08-01,488.0,872.9786302530663,535.7006
M47901,long_history,Other,1929-09-01,482.0,872.9786302530663,536.8044
M47901,long_history,Other,1929-10-01,475.0,872.9786302530663,538.92975
M47901,long_history,Other,1929-11-01,466.0,872.9786302530663,538.92975
M47901,long_history,Other,1929-12-01,453.0,813.7678457238501,490.3236
M47902,long_history,Other,1928-07-01,734.0,1091.31698401826,827.48016
M47902,long_history,Other,1928-08-01,714.0,1055.3141086867445,779.933
M47902,long_history,Other,1928-09-01,693.0,1055.3141086867445,737.1294
M47902,long_history,Other,1928-10-01,675.0,1055.3141086867445,738.33905
M47902,long_history,Other,1928-11-01,655.0,1055.3141086867445,708.8034
M47902,long_history,Other,1928-12-01,630.0,1055.3141086867445,702.5185
M47902,long_history,Other,1929-01-01,619.0,1060.952504724592,703.36664
M47902,long_history,Other,1929-02-01,608.0,970.5259151228515,639.918
M47902,long_history,Other,1929-03-01,600.0,970.5259151228515,633.45135
M47902,long_history,Other,1929-04-01,604.0,970.5259151228515,633.29236
M47902,long_history,Other,1929-05-01,598.0,970.5259151228515,632.485
M47902,long_history,Other,1929-06-01,591.0,970.5259151228515,632.485
M47902,long_history,Other,1929-07-01,591.0,970.5259151228515,632.6916
M47902,long_history,Other,1929-08-01,586.0,970.5259151228515,632.6916
M47902,long_history,Other,1929-09-01,583.0,970.5259151228515,633.20026
M47902,long_history,Other,1929-10-01,584.0,970.5259151228515,635.0476
M47902,long_history,Other,1929-11-01,579.0,970.5259151228515,634.772
M47902,long_history,Other,1929-12-01,569.0,970.5259151228515,635.11835
M47903,long_history,Other,1928-07-01,1155.0,1589.4522057031613,1272.5897
M47903,long_history,Other,1928-08-01,1127.0,1529.6396467371574,1218.9679
M47903,long_history,Other,1928-09-01,1101.0,1529.6396467371574,1209.7968
M47903,long_history,Other,1928-10-01,1079.0,1529.6396467371574,1179.7015
M47903,long_history,Other,1928-11-01,1061.0,1516.676535129665,1132.0465
M47903,long_history,Other,1928-12-01,1052.0,1443.0522841838024,1116.3068
M47903,long_history,Other,1929-01-01,1041.0,1462.1923821686792,1136.2579
M47903,long_history,Other,1929-02-01,1061.0,1416.4727145289307,1088.6588
M47903,long_history,Other,1929-03-01,1064.0,1416.4727145289307,1107.0237
M47903,long_history,Other,1929-04-01,1069.0,1416.4727145289307,1086.7554
M47903,long_history,Other,1929-05-01,1073.0,1416.4727145289307,1087.9413
M47903,long_history,Other,1929-06-01,1070.0,1400.7602651729271,1090.9939
M47903,long_history,Other,1929-07-01,1067.0,1400.7602651729271,1089.7076
M47903,long_history,Other,1929-08-01,1072.0,1400.7602651729271,1087.4963
M47903,long_history,Other,1929-09-01,1064.0,1400.7602651729271,1080.6566
M47903,long_history,Other,1929-10-01,1065.0,1400.7602651729271,1082.5828
M47903,long_history,Other,1929-11-01,1055.0,1400.7602651729271,1078.6077
M47903,long_history,Other,1929-12-01,1047.0,1400.7602651729271,1077.2274
M47904,cold_start,Other,1903-07-01,1078.0,1079.033037359689,1092.7466
M47904,cold_start,Other,1903-08-01,1078.0,1079.033037359689,1078.1487
M47904,cold_start,Other,1903-09-01,1078.0,1079.033037359689,1078.1487
M47904,cold_start,Other,1903-10-01,1078.0,1079.033037359689,1114.0977
M47904,cold_start,Other,1903-11-01,1088.0,1079.033037359689,1113.9778
M47904,cold_start,Other,1903-12-01,1088.0,1081.7491643091098,1109.8271
M47904,cold_start,Other,1904-01-01,1088.0,1090.8120388665511,1116.3911
M47904,cold_start,Other,1904-02-01,1087.0,1079.033037359689,1110.6167
M47904,cold_start,Other,1904-03-01,1087.0,1079.033037359689,1112.6941
M47904,cold_start,Other,1904-04-01,1071.0,1079.033037359689,1105.207
M47904,cold_start,Other,1904-05-01,1087.0,1079.033037359689,1099.1548
M47904,cold_start,Other,1904-06-01,1087.0,1079.033037359689,1103.5201
M47904,cold_start,Other,1904-07-01,1087.0,1079.033037359689,1105.207
M47904,cold_start,Other,1904-08-01,1087.0,1079.033037359689,1105.4321
M47904,cold_start,Other,1904-09-01,1087.0,1079.033037359689,1105.4321
M47904,cold_start,Other,1904-10-01,1087.0,1079.033037359689,1105.4321
M47904,cold_start,Other,1904-11-01,1102.0,1197.066199590263,1113.3055
M47904,cold_start,Other,1904-12-01,1102.0,1081.7491643091098,1112.248
M47914,long_history,Other,1927-09-01,2296.0,2361.127231997199,2375.2334
M47914,long_history,Other,1927-10-01,2286.0,2361.127231997199,2319.9124
M47914,long_history,Other,1927-11-01,2268.0,2326.5443320259265,2308.5781
M47914,long_history,Other,1927-12-01,2269.0,2329.2604589753473,2389.8179
M47914,long_history,Other,1928-01-01,2225.0,2558.2114742026943,2323.5386
M47914,long_history,Other,1928-02-01,2231.0,2558.2114742026943,2297.314
M47914,long_history,Other,1928-03-01,2245.0,2558.2114742026943,2238.6323
M47914,long_history,Other,1928-04-01,2261.0,2549.0381931678958,2238.2463
M47914,long_history,Other,1928-05-01,2272.0,2549.0381931678958,2239.368
M47914,long_history,Other,1928-06-01,2279.0,2549.0381931678958,2285.0505
M47914,long_history,Other,1928-07-01,2296.0,2558.2114742026943,2288.364
M47914,long_history,Other,1928-08-01,2305.0,2675.1977333536024,2291.238
M47914,long_history,Other,1928-09-01,2273.0,2675.1977333536024,2322.8748
M47914,long_history,Other,1928-10-01,2265.0,2640.6148333823294,2301.562
M47914,long_history,Other,1928-11-01,2262.0,2640.6148333823294,2291.515
M47914,long_history,Other,1928-12-01,2286.0,2558.2114742026943,2298.8347
M47914,long_history,Other,1929-01-01,2240.0,2558.2114742026943,2311.0513
M47914,long_history,Other,1929-02-01,2247.0,2558.2114742026943,2293.4155
M47919,medium,Other,1918-09-01,10140.0,10034.480580198106,9984.4375
M47919,medium,Other,1918-10-01,9920.0,10138.073401597465,10069.109
M47919,medium,Other,1918-11-01,10040.0,10009.651407937468,10039.7
M47919,medium,Other,1918-12-01,9960.0,10015.083503521028,10016.041
M47919,medium,Other,1919-01-01,9600.0,9928.406177098439,9822.09
M47919,medium,Other,1919-02-01,9910.0,9920.860421636806,9763.91
M47919,medium,Other,1919-03-01,10110.0,9942.702135891732,9882.16
M47919,medium,Other,1919-04-01,10060.0,10034.480580198106,9992.413
M47919,medium,Other,1919-05-01,10100.0,10048.571914217184,10018.92
M47919,medium,Other,1919-06-01,10070.0,10043.656785759227,10046.051
M47919,medium,Other,1919-07-01,9720.0,9996.474009648431,10019.204
M47919,medium,Other,1919-08-01,9940.0,9884.778449797648,9853.871
M47919,medium,Other,1919-09-01,10070.0,10034.480580198106,9952.303
M47919,medium,Other,1919-10-01,9840.0,10100.592597469196,9986.641
M47919,medium,Other,1919-11-01,10290.0,9884.778449797648,9858.487
M47919,medium,Other,1919-12-01,10290.0,10147.932305755403,10148.321
M47919,medium,Other,1920-01-01,9790.0,10032.873824937047,10082.0205
M47919,medium,Other,1920-02-01,10020.0,9940.911426235056,9925.961
M47923,short,Other,1909-09-01,1066.0,1142.0048313053326,1115.6642
M47923,short,Other,1909-10-01,1059.0,1086.2234537632012,1096.989
M47923,short,Other,1909-11-01,1036.0,1086.2234537632012,1089.9492
M47923,short,Other,1909-12-01,1015.0,1058.6461751186487,1073.5448
M47923,short,Other,1910-01-01,1006.0,1053.7486248111636,1078.264
M47923,short,Other,1910-02-01,1006.0,1041.9696233043014,1027.8322
M47923,short,Other,1910-03-01,1001.0,1041.9696233043014,1023.7408
M47923,short,Other,1910-04-01,992.0,1041.9696233043014,1014.2161
M47923,short,Other,1910-05-01,1016.0,1041.9696233043014,1012.7015
M47923,short,Other,1910-06-01,1027.0,1034.7792069007892,1055.1431
M47923,short,Other,1910-07-01,988.0,1048.7396317657156,1056.0359
M47923,short,Other,1910-08-01,999.0,985.2169429935548,1016.8162
M47923,short,Other,1910-09-01,998.0,1034.7792069007892,1012.5067
M47923,short,Other,1910-10-01,1002.0,1034.7792069007892,1007.0225
M47923,short,Other,1910-11-01,993.0,1034.7792069007892,1007.10614
M47923,short,Other,1910-12-01,971.0,1037.49533385021,1006.94385
M47923,short,Other,1911-01-01,954.0,996.9959445004168,1091.6736
M47923,short,Other,1911-02-01,967.0,985.2169429935548,998.6225
M47928,short,Other,1909-09-01,10090.0,10048.571914217184,10045.819
M47928,short,Other,1909-10-01,10020.0,10048.571914217184,10047.542
M47928,short,Other,1909-11-01,10030.0,10043.656785759227,10030.661
M47928,short,Other,1909-12-01,10010.0,10024.25970908215,10030.217
M47928,short,Other,1910-01-01,9870.0,9949.893145439491,9808.703
M47928,short,Other,1910-02-01,10000.0,10009.651407937468,9949.769
M47928,short,Other,1910-03-01,10050.0,10034.480580198106,9960.695
M47928,short,Other,1910-04-01,9980.0,10048.571914217184,9985.372
M47928,short,Other,1910-05-01,10020.0,10043.656785759227,9985.523
M47928,short,Other,1910-06-01,9990.0,10043.656785759227,9993.815
M47928,short,Other,1910-07-01,9880.0,10043.656785759227,9963.701
M47928,short,Other,1910-08-01,10000.0,10009.651407937468,9951.445
M47928,short,Other,1910-09-01,10050.0,10034.480580198106,9956.021
M47928,short,Other,1910-10-01,9950.0,10048.571914217184,9980.611
M47928,short,Other,1910-11-01,10120.0,10043.656785759227,9980.99
M47928,short,Other,1910-12-01,10110.0,10029.174837540106,10035.711
M47928,short,Other,1911-01-01,9950.0,9954.808273897448,9852.569
M47928,short,Other,1911-02-01,10060.0,10048.571914217184,9997.901
M47929,medium,Other,1922-05-01,10140.0,10034.480580198106,9990.276
M47929,medium,Other,1922-06-01,9920.0,10138.073401597465,10070.586
M47929,medium,Other,1922-07-01,10040.0,10009.651407937468,10037.71
M47929,medium,Other,1922-08-01,9960.0,10034.480580198106,10015.139
M47929,medium,Other,1922-09-01,9600.0,10022.169817418175,9955.778
M47929,medium,Other,1922-10-01,9910.0,9920.860421636806,9798.138
M47929,medium,Other,1922-11-01,10110.0,9942.702135891732,9875.434
M47929,medium,Other,1922-12-01,10060.0,10015.083503521028,9989.252
M47929,medium,Other,1923-01-01,10100.0,9954.808273897448,9940.028
M47929,medium,Other,1923-02-01,10070.0,10043.656785759227,10024.605
M47929,medium,Other,1923-03-01,9720.0,9996.474009648431,10010.394
M47929,medium,Other,1923-04-01,9940.0,9884.778449797648,9859.238
M47929,medium,Other,1923-05-01,10070.0,10034.480580198106,9956.6455
M47929,medium,Other,1923-06-01,9840.0,10100.592597469196,9987.141
M47929,medium,Other,1923-07-01,10290.0,9884.778449797648,9860.948
M47929,medium,Other,1923-08-01,10290.0,10167.329382432481,10130.736
M47929,medium,Other,1923-09-01,9790.0,10159.81829340945,10210.402
M47929,medium,Other,1923-10-01,10020.0,9940.911426235056,9952.623
M47940,medium,Other,1916-09-01,1010.0,985.2169429935548,990.9686
M47940,medium,Other,1916-10-01,1030.0,1021.2775049537595,991.3445
M47940,medium,Other,1916-11-01,1040.0,1048.7396317657156,1050.2295
M47940,medium,Other,1916-12-01,1010.0,1068.2474623620801,1053.2574
M47940,medium,Other,1917-01-01,1020.0,1046.5582084076514,1050.587
M47940,medium,Other,1917-02-01,1000.0,1048.7396317657156,1062.8568
M47940,medium,Other,1917-03-01,1010.0,1034.7792069007892,1024.5891
M47940,medium,Other,1917-04-01,980.0,1034.7792069007892,1013.91986
M47940,medium,Other,1917-05-01,990.0,985.2169429935548,1008.4948
M47940,medium,Other,1917-06-01,990.0,1034.7792069007892,1008.5538
M47940,medium,Other,1917-07-01,960.0,1034.7792069007892,1005.4154
M47940,medium,Other,1917-08-01,1020.0,985.2169429935548,993.26355
M47940,medium,Other,1917-09-01,980.0,1048.7396317657156,1036.0717
M47940,medium,Other,1917-10-01,1000.0,985.2169429935548,1005.0514
M47940,medium,Other,1917-11-01,980.0,1034.7792069007892,1013.6485
M47940,medium,Other,1917-12-01,1070.0,987.9330699429756,1003.85724
M47940,medium,Other,1918-01-01,980.0,1090.8120388665511,1099.8014
M47940,medium,Other,1918-02-01,960.0,990.1320714515117,1026.8073
M47942,medium,Other,1916-09-01,9900.0,9708.39720504851,9607.506
M47942,medium,Other,1916-10-01,9900.0,9819.67542442828,9768.308
M47942,medium,Other,1916-11-01,10100.0,9819.67542442828,9834.431
M47942,medium,Other,1916-12-01,9700.0,9892.056792057576,9914.058
M47942,medium,Other,1917-01-01,9900.0,9709.516207749517,9656.3545
M47942,medium,Other,1917-02-01,10300.0,9888.910266434972,9852.813
M47942,medium,Other,1917-03-01,10000.0,10167.329382432481,10109.106
M47942,medium,Other,1917-04-01,9300.0,10104.70489065459,10045.282
M47942,medium,Other,1917-05-01,9900.0,9690.598023875717,9588.736
M47942,medium,Other,1917-06-01,9900.0,9930.05518527206,9800.955
M47942,medium,Other,1917-07-01,9900.0,9950.835864583847,9855.599
M47942,medium,Other,1917-08-01,10200.0,9912.909545980918,9882.872
M47942,medium,Other,1917-09-01,9900.0,10132.115796270502,10025.97
M47942,medium,Other,1917-10-01,9900.0,10042.424158080807,9951.061
M47942,medium,Other,1917-11-01,10200.0,10003.693802610505,9942.546
M47942,medium,Other,1917-12-01,10600.0,10086.316622794415,10026.549
M47942,medium,Other,1918-01-01,9700.0,10170.854905642895,10252.903
M47942,medium,Other,1918-02-01,10100.0,9949.045154927171,9978.603
M47948,medium,Other,1916-09-01,9990.0,10334.080494656957,10167.134
M47948,medium,Other,1916-10-01,10553.0,10122.029581123543,10092.522
M47948,medium,Other,1916-11-01,12077.0,10690.731384882536,10524.878
M47948,medium,Other,1916-12-01,10307.0,11346.625515003107,11321.949
M47948,medium,Other,1917-01-01,9879.0,10262.288987637103,10172.838
M47948,medium,Other,1917-02-01,11276.0,10300.190813911247,10285.072
M47948,medium,Other,1917-03-01,10862.0,10985.128838664516,10852.615
M47948,medium,Other,1917-04-01,10222.0,10842.806215664728,10773.59
M47948,medium,Other,1917-05-01,11699.0,10363.456957918384,10412.884
M47948,medium,Other,1917-06-01,9917.0,11424.611933460592,11122.375
M47948,medium,Other,1917-07-01,9451.0,10144.224174984998,10309.509
M47948,medium,Other,1917-08-01,10984.0,9690.679216088272,9872.177
M47948,medium,Other,1917-09-01,10604.0,10651.664516098424,10449.337
M47948,medium,Other,1917-10-01,10727.0,10574.52630906492,10778.167
M47948,medium,Other,1917-11-01,12193.0,10838.915809975138,10899.271
M47948,medium,Other,1917-12-01,10306.0,11572.105087570799,11603.466
M47948,medium,Other,1918-01-01,10721.0,10269.304996825042,10251.536
M47948,medium,Other,1918-02-01,12585.0,10845.087370170859,10892.81
M47950,medium,Other,1916-09-01,8641.0,7480.851460470945,7287.85
M47950,medium,Other,1916-10-01,7455.0,8183.375822115113,8183.2705
M47950,medium,Other,1916-11-01,7224.0,7137.460845143224,7217.3726
M47950,medium,Other,1916-12-01,7497.0,7238.227688569002,7313.5366
M47950,medium,Other,1917-01-01,5816.0,7203.334962422097,7243.202
M47950,medium,Other,1917-02-01,6387.0,6223.040243876519,6193.8496
M47950,medium,Other,1917-03-01,9298.0,7082.341114047311,7061.029
M47950,medium,Other,1917-04-01,7478.0,7809.23435515768,7696.3335
M47950,medium,Other,1917-05-01,7354.0,7249.486022074152,7399.8745
M47950,medium,Other,1917-06-01,8332.0,7296.869644418453,7544.949
M47950,medium,Other,1917-07-01,7338.0,7941.365894836796,7943.2417
M47950,medium,Other,1917-08-01,7144.0,7351.807489763258,7425.3877
M47950,medium,Other,1917-09-01,8920.0,7468.690948247466,7377.4253
M47950,medium,Other,1917-10-01,6897.0,8714.403338287682,8366.937
M47950,medium,Other,1917-11-01,7240.0,7276.826357199817,7126.7153
M47950,medium,Other,1917-12-01,7850.0,7399.526149678627,7435.6997
M47950,medium,Other,1918-01-01,5871.0,7310.206627276032,7254.4263
M47950,medium,Other,1918-02-01,6727.0,6503.607458946662,6375.857
M47953,long_history,Other,1926-06-01,9970.0,9969.773307129495,9974.058
M47953,long_history,Other,1926-07-01,9820.0,9943.371210330486,9966.815
M47953,long_history,Other,1926-08-01,9890.0,9862.915654419929,9848.547
M47953,long_history,Other,1926-09-01,9950.0,9921.676595288658,9935.652
M47953,long_history,Other,1926-10-01,9920.0,9960.597101568374,9953.312
M47953,long_history,Other,1926-11-01,9890.0,9982.873484101792,9963.913
M47953,long_history,Other,1926-12-01,9880.0,9897.364390153623,9934.35
M47953,long_history,Other,1927-01-01,9730.0,9779.399518943286,9738.789
M47953,long_history,Other,1927-02-01,9790.0,9742.793519786832,9751.479
M47953,long_history,Other,1927-03-01,9820.0,9742.793519786832,9779.122
M47953,long_history,Other,1927-04-01,9780.0,9737.878391328875,9783.65
M47953,long_history,Other,1927-05-01,9770.0,9737.878391328875,9779.779
M47953,long_history,Other,1927-06-01,9750.0,9737.878391328875,9742.299
M47953,long_history,Other,1927-07-01,9620.0,9711.476294529864,9733.68
M47953,long_history,Other,1927-08-01,9690.0,9742.793519786832,9661.521
M47953,long_history,Other,1927-09-01,9720.0,9742.793519786832,9643.179
M47953,long_history,Other,1927-10-01,9760.0,9742.793519786832,9685.408
M47953,long_history,Other,1927-11-01,9710.0,9737.878391328875,9704.88
M47954,long_history,Other,1926-06-01,9910.0,9916.761466830701,9957.877
M47954,long_history,Other,1926-07-01,9810.0,9916.761466830701,9936.666
M47954,long_history,Other,1926-08-01,9870.0,9796.803637148838,9824.053
M47954,long_history,Other,1926-09-01,9850.0,9863.903528804043,9931.106
M47954,long_history,Other,1926-10-01,9880.0,9739.030570664223,9835.03
M47954,long_history,Other,1926-11-01,9860.0,9916.761466830701,9907.359
M47954,long_history,Other,1926-12-01,9820.0,9719.633493987145,9926.2705
M47954,long_history,Other,1927-01-01,9670.0,9575.266525977797,9554.642
M47954,long_history,Other,1927-02-01,9710.0,9742.793519786832,9681.427
M47954,long_history,Other,1927-03-01,9780.0,9742.793519786832,9689.5625
M47954,long_history,Other,1927-04-01,9710.0,9742.793519786832,9732.603
M47954,long_history,Other,1927-05-01,9720.0,9737.878391328875,9712.644
M47954,long_history,Other,1927-06-01,9690.0,9737.878391328875,9708.438
M47954,long_history,Other,1927-07-01,9570.0,9690.69561521808,9656.97
M47954,long_history,Other,1927-08-01,9610.0,9722.012840475043,9629.083
M47954,long_history,Other,1927-09-01,9580.0,9716.391422987821,9613.048
M47954,long_history,Other,1927-10-01,9650.0,9717.097712017086,9627.684
M47954,long_history,Other,1927-11-01,9550.0,9711.476294529864,9610.756
M47955,long_history,Other,1928-04-01,6210.0,7291.327356846164,6642.4614
M47955,long_history,Other,1928-05-01,6040.0,7199.183067887473,6447.6445
M47955,long_history,Other,1928-06-01,5870.0,6742.4433775196985,6102.95
M47955,long_history,Other,1928-07-01,5770.0,6480.773913461769,6163.2866
M47955,long_history,Other,1928-08-01,5610.0,6467.012424653447,6140.8623
M47955,long_history,Other,1928-09-01,5410.0,6352.487324346348,5932.258
M47955,long_history,Other,1928-10-01,5200.0,6013.271044120161,5895.1733
M47955,long_history,Other,1928-11-01,4940.0,5697.80445670271,5760.3604
M47955,long_history,Other,1928-12-01,4820.0,5669.322215657632,5757.794
M47955,long_history,Other,1929-01-01,4790.0,5692.938482877849,5277.641
M47955,long_history,Other,1929-02-01,4740.0,5669.985756142788,5380.441
M47955,long_history,Other,1929-03-01,4700.0,5663.583841401677,5207.114
M47955,long_history,Other,1929-04-01,4730.0,5663.583841401677,5175.003
M47955,long_history,Other,1929-05-01,4710.0,5663.583841401677,5115.988
M47955,long_history,Other,1929-06-01,4700.0,5645.500370303137,5053.9536
M47955,long_history,Other,1929-07-01,4670.0,5645.500370303137,5157.9907
M47955,long_history,Other,1929-08-01,4750.0,5470.187686438622,5167.586
M47955,long_history,Other,1929-09-01,4780.0,5509.986496873751,5207.575
M47956,long_history,Other,1928-04-01,692.0,1055.3141086867445,764.15875
M47956,long_history,Other,1928-05-01,666.0,1055.3141086867445,736.70917
M47956,long_history,Other,1928-06-01,638.0,1055.3141086867445,707.0875
M47956,long_history,Other,1928-07-01,615.0,1055.3141086867445,700.78094
M47956,long_history,Other,1928-08-01,596.0,970.5259151228515,644.455
M47956,long_history,Other,1928-09-01,579.0,970.5259151228515,635.02466
M47956,long_history,Other,1928-10-01,558.0,970.5259151228515,639.54675
M47956,long_history,Other,1928-11-01,530.0,911.3755842206531,586.66986
M47956,long_history,Other,1928-12-01,506.0,872.9786302530663,577.1372
M47956,long_history,Other,1929-01-01,489.0,892.1187282379431,571.46313
M47956,long_history,Other,1929-02-01,485.0,872.9786302530663,572.4864
M47956,long_history,Other,1929-03-01,489.0,872.9786302530663,538.621
M47956,long_history,Other,1929-04-01,498.0,872.9786302530663,537.65515
M47956,long_history,Other,1929-05-01,495.0,872.9786302530663,536.8521
M47956,long_history,Other,1929-06-01,497.0,872.9786302530663,536.78217
M47956,long_history,Other,1929-07-01,500.0,872.9786302530663,535.7006
M47956,long_history,Other,1929-08-01,498.0,872.9786302530663,535.7006
M47956,long_history,Other,1929-09-01,492.0,872.9786302530663,536.8044
M47958,long_history,Other,1928-04-01,822.0,1269.866440206968,929.3954
M47958,long_history,Other,1928-05-01,794.0,1269.866440206968,927.7954
M47958,long_history,Other,1928-06-01,762.0,1171.425357509348,875.0276
M47958,long_history,Other,1928-07-01,742.0,1091.31698401826,828.14026
M47958,long_history,Other,1928-08-01,722.0,1055.3141086867445,779.4436
M47958,long_history,Other,1928-09-01,699.0,1055.3141086867445,740.30316
M47958,long_history,Other,1928-10-01,679.0,1055.3141086867445,738.41565
M47958,long_history,Other,1928-11-01,647.0,1055.3141086867445,707.65674
M47958,long_history,Other,1928-12-01,617.0,1041.8124067397148,701.95386
M47958,long_history,Other,1929-01-01,606.0,989.6660131077278,662.5943
M47958,long_history,Other,1929-02-01,601.0,970.5259151228515,631.7241
M47958,long_history,Other,1929-03-01,599.0,970.5259151228515,632.59296
M47958,long_history,Other,1929-04-01,607.0,970.5259151228515,633.10614
M47958,long_history,Other,1929-05-01,601.0,970.5259151228515,632.485
M47958,long_history,Other,1929-06-01,601.0,970.5259151228515,632.6916
M47958,long_history,Other,1929-07-01,600.0,970.5259151228515,632.6916
M47958,long_history,Other,1929-08-01,595.0,970.5259151228515,632.6916
M47958,long_history,Other,1929-09-01,593.0,970.5259151228515,633.20026
M47959,long_history,Other,1928-04-01,1291.0,1751.820127326945,1414.6431
M47959,long_history,Other,1928-05-01,1232.0,1682.44519472486,1365.5104
M47959,long_history,Other,1928-06-01,1184.0,1625.2004013457158,1328.2805
M47959,long_history,Other,1928-07-01,1164.0,1589.4522057031613,1269.7294
M47959,long_history,Other,1928-08-01,1145.0,1529.6396467371574,1220.3468
M47959,long_history,Other,1928-09-01,1116.0,1529.6396467371574,1196.8773
M47959,long_history,Other,1928-10-01,1081.0,1529.6396467371574,1173.9447
M47959,long_history,Other,1928-11-01,1025.0,1498.8336617259338,1144.5851
M47959,long_history,Other,1928-12-01,1026.0,1422.8680599972681,1085.4364
M47959,long_history,Other,1929-01-01,1024.0,1442.008157982145,1117.463
M47959,long_history,Other,1929-02-01,1056.0,1396.2884903423965,1077.2953
M47959,long_history,Other,1929-03-01,1079.0,1416.4727145289307,1104.6038
M47959,long_history,Other,1929-04-01,1073.0,1416.4727145289307,1087.264
M47959,long_history,Other,1929-05-01,1067.0,1416.4727145289307,1092.0798
M47959,long_history,Other,1929-06-01,1085.0,1400.7602651729271,1090.274
M47959,long_history,Other,1929-07-01,1086.0,1400.7602651729271,1093.147
M47959,long_history,Other,1929-08-01,1112.0,1400.7602651729271,1097.466
M47959,long_history,Other,1929-09-01,1098.0,1400.7602651729271,1110.6798
M47970,medium,Other,1914-05-01,3520.0,3773.884699794428,3635.572
M47970,medium,Other,1914-06-01,3480.0,3654.7449083510965,3616.2932
M47970,medium,Other,1914-07-01,3530.0,3514.783128427287,3558.6726
M47970,medium,Other,1914-08-01,3570.0,3521.0986010890924,3570.1162
M47970,medium,Other,1914-09-01,3570.0,3488.653293741873,3562.963
M47970,medium,Other,1914-10-01,3560.0,3561.233460049311,3592.866
M47970,medium,Other,1914-11-01,3410.0,3561.233460049311,3593.8096
M47970,medium,Other,1914-12-01,3480.0,3433.8180639908355,3501.8462
M47970,medium,Other,1915-01-01,3440.0,3431.1019370414147,3482.0173
M47970,medium,Other,1915-02-01,3460.0,3426.186808583458,3491.5132
M47970,medium,Other,1915-03-01,3640.0,3418.053079891343,3481.5122
M47970,medium,Other,1915-04-01,3520.0,3527.246567595457,3592.9502
M47970,medium,Other,1915-05-01,3490.0,3485.434693507714,3544.6091
M47970,medium,Other,1915-06-01,3520.0,3495.5483746567375,3530.4595
M47970,medium,Other,1915-07-01,3560.0,3480.5195650497576,3530.6672
M47970,medium,Other,1915-08-01,3540.0,3480.5195650497576,3557.4124
M47970,medium,Other,1915-09-01,3450.0,3480.5195650497576,3541.2063
M47970,medium,Other,1915-10-01,3460.0,3422.9682083492994,3502.1506
M47974,medium,Other,1914-05-01,1484.0,1534.4458461942847,1553.7478
M47974,medium,Other,1914-06-01,1468.0,1505.7261396381584,1519.564
M47974,medium,Other,1914-07-01,1490.0,1474.2314415253297,1498.0586
M47974,medium,Other,1914-08-01,1506.0,1474.2314415253297,1501.6666
M47974,medium,Other,1914-09-01,1505.0,1504.7448957759686,1515.8083
M47974,medium,Other,1914-10-01,1501.0,1531.3244654308403,1524.2604
M47974,medium,Other,1914-11-01,1438.0,1531.3244654308403,1512.0984
M47974,medium,Other,1914-12-01,1466.0,1475.482736304987,1477.7705
M47974,medium,Other,1915-01-01,1451.0,1512.5900126870636,1486.7843
M47974,medium,Other,1915-02-01,1459.0,1518.6538845839327,1499.2335
M47974,medium,Other,1915-03-01,1536.0,1518.6538845839327,1500.1024
M47974,medium,Other,1915-04-01,1486.0,1531.3244654308403,1523.0059
M47974,medium,Other,1915-05-01,1473.0,1500.8110111802014,1507.568
M47974,medium,Other,1915-06-01,1486.0,1500.8110111802014,1500.3871
M47974,medium,Other,1915-07-01,1503.0,1500.8110111802014,1501.5573
M47974,medium,Other,1915-08-01,1492.0,1531.3244654308403,1521.1781
M47974,medium,Other,1915-09-01,1456.0,1500.8110111802014,1508.0859
M47974,medium,Other,1915-10-01,1460.0,1500.8110111802014,1499.9869
M47981,short,Other,1913-07-01,5236.0,4242.167820804648,4760.4214
M47981,short,Other,1913-08-01,5911.0,4805.95101222539,5223.4927
M47981,short,Other,1913-09-01,6595.0,5399.54612047516,5307.2764
M47981,short,Other,1913-10-01,973.0,5978.999886489788,4411.35
M47981,short,Other,1913-11-01,1515.0,2446.1524459294737,2110.6768
M47981,short,Other,1913-12-01,2009.0,2678.941025563195,3874.0625
M47981,short,Other,1914-01-01,2596.0,2368.7106116629643,2507.742
M47981,short,Other,1914-02-01,3200.0,2890.1269457107283,2756.4612
M47981,short,Other,1914-03-01,3762.0,3102.458522997271,3146.154
M47981,short,Other,1914-04-01,4326.0,3444.4340497737207,3713.1194
M47981,short,Other,1914-05-01,4942.0,4056.290998696402,4388.8823
M47981,short,Other,1914-06-01,5583.0,4298.941265690759,4816.5283
M47981,short,Other,1914-07-01,6166.0,5033.4208511991155,5131.164
M47981,short,Other,1914-08-01,6834.0,5541.601805699701,4670.925
M47981,short,Other,1914-09-01,928.0,6216.270463040964,5930.696
M47981,short,Other,1914-10-01,1510.0,2348.0294129427784,2360.1614
M47981,short,Other,1914-11-01,2032.0,2532.660918525998,3234.337
M47981,short,Other,1914-12-01,2658.0,3328.90560532911,3385.0623
M47984,short,Other,1913-07-01,12326.0,10547.620424733674,10994.127
M47984,short,Other,1913-08-01,13551.0,11855.603591437608,13060.848
M47984,short,Other,1913-09-01,14868.0,12736.88633710974,12413.393
M47984,short,Other,1913-10-01,2714.0,12675.053267469904,11187.628
M47984,short,Other,1913-11-01,4044.0,5267.082450369485,5364.052
M47984,short,Other,1913-12-01,5297.0,6383.399064540927,6560.344
M47984,short,Other,1914-01-01,6630.0,6118.197101791685,6551.875
M47984,short,Other,1914-02-01,7945.0,6247.460242213768,8008.4556
M47984,short,Other,1914-03-01,9266.0,9112.291189584266,9084.149
M47984,short,Other,1914-04-01,10525.0,9436.21258571421,9750.202
M47984,short,Other,1914-05-01,11790.0,9184.43025977536,9849.071
M47984,short,Other,1914-06-01,13250.0,11106.542179811882,11644.665
M47984,short,Other,1914-07-01,14753.0,12412.159959316094,12598.971
M47984,short,Other,1914-08-01,16226.0,12843.325668976633,11981.577
M47984,short,Other,1914-09-01,2808.0,13222.759211255356,11516.646
M47984,short,Other,1914-10-01,4295.0,5084.946895894476,4930.6865
M47984,short,Other,1914-11-01,5634.0,7738.484766465172,7044.2354
M47984,short,Other,1914-12-01,7051.0,5115.320044328504,7585.164
M47990,short,Other,1907-06-01,2994.07,3077.5621838239817,3084.6917
M47990,short,Other,1907-07-01,3093.98,2905.004176192691,3003.3901
M47990,short,Other,1907-08-01,3211.3,3102.8002377662765,3098.3398
M47990,short,Other,1907-09-01,3024.12,3077.5621838239817,3153.233
M47990,short,Other,1907-10-01,3012.45,3105.6437344501633,3114.5132
M47990,short,Other,1907-11-01,3059.09,3120.671320868808,3017.6553
M47990,short,Other,1907-12-01,3015.3,3075.363182315446,3068.9897
M47990,short,Other,1908-01-01,3047.65,3072.647055366025,2987.0996
M47990,short,Other,1908-02-01,3110.55,3072.647055366025,3066.0444
M47990,short,Other,1908-03-01,3150.35,3072.647055366025,3096.9172
M47990,short,Other,1908-04-01,3305.85,3077.5621838239817,3126.0745
M47990,short,Other,1908-05-01,3141.56,3303.973275113385,3259.3015
M47990,short,Other,1908-06-01,1605.15,3180.204744660596,3181.8708
M47990,short,Other,1908-07-01,1774.77,2102.6863647998925,2269.167
M47990,short,Other,1908-08-01,1533.45,2273.4414625754525,2356.3625
M47990,short,Other,1908-09-01,1528.01,1787.9257210988474,1791.065
M47990,short,Other,1908-10-01,1568.21,1732.6264448878492,1776.4492
M47990,short,Other,1908-11-01,1539.72,1727.7113164298921,1659.6293
M47992,short,Other,1908-03-01,824.60898,520.9038594911357,1066.4882
M47992,short,Other,1908-04-01,1110.23772,958.1734768999036,921.0094
M47992,short,Other,1908-05-01,1393.72439,1106.4617167427432,1344.8673
M47992,short,Other,1908-06-01,1680.26292,1401.0908594465895,1704.044
M47992,short,Other,1908-07-01,2006.9292,1661.5531472337996,2034.7117
M47992,short,Other,1908-08-01,2354.50392,2255.4712120489803,2263.824
M47992,short,Other,1908-09-01,2659.35495,2387.9652529731857,2456.2854
M47992,short,Other,1908-10-01,2975.84034,2514.007682296667,2575.4731
M47992,short,Other,1908-11-01,3260.98762,2822.6029613532137,2734.0547
M47992,short,Other,1908-12-01,3540.32738,3216.1471054143567,3189.0715
M47992,short,Other,1909-01-01,305.7574,3248.6255703381808,3102.3215
M47992,short,Other,1909-02-01,624.24087,1285.6551724010835,1366.212
M47992,short,Other,1909-03-01,926.71174,997.789823357504,929.70123
M47992,short,Other,1909-04-01,1240.86233,868.6226778090349,1003.48987
M47992,short,Other,1909-05-01,1554.29659,1249.3549796475013,1602.5786
M47992,short,Other,1909-06-01,1860.3636,1522.6736683750612,1775.3535
M47992,short,Other,1909-07-01,2218.32686,1825.2363594532394,2193.0276
M47992,short,Other,1909-08-01,2591.93189,2318.8064497977066,2460.027
M48000,short,Other,1908-05-01,5180.0,5086.790598113585,5148.793
M48000,short,Other,1908-06-01,5040.0,5127.087858934107,5161.963
M48000,short,Other,1908-07-01,5060.0,5086.790598113585,5102.1177
M48000,short,Other,1908-08-01,5240.0,5065.238053395632,5101.977
M48000,short,Other,1908-09-01,5280.0,5205.562527148746,5165.092
M48000,short,Other,1908-10-01,5250.0,5227.115071866699,5211.1636
M48000,short,Other,1908-11-01,5230.0,5303.103505980678,5291.3516
M48000,short,Other,1908-12-01,5200.0,5305.819632930099,5257.824
M48000,short,Other,1909-01-01,5090.0,5131.29038009058,5176.577
M48000,short,Other,1909-02-01,5050.0,5124.497973692068,5130.2686
M48000,short,Other,1909-03-01,5060.0,5100.929226689089,5113.4854
M48000,short,Other,1909-04-01,5120.0,5096.014098231132,5117.437
M48000,short,Other,1909-05-01,5230.0,5096.014098231132,5133.7344
M48000,short,Other,1909-06-01,5280.0,5205.562527148746,5135.924
M48000,short,Other,1909-07-01,5360.0,5262.806245160155,5210.2607
M48000,short,Other,1909-08-01,5250.0,5365.801908820437,5326.6987
M48000,short,Other,1909-09-01,5220.0,5308.018634438635,5302.8525
M48000,short,Other,1909-10-01,5160.0,5308.018634438635,5264.1943
M4862,medium,Macro,1918-07-01,10822.0,9274.553905635732,9636.661
M4862,medium,Macro,1918-08-01,12230.2,10247.621304877805,10372.969
M4862,medium,Macro,1918-09-01,14474.0,11499.213501406512,10902.924
M4862,medium,Macro,1918-10-01,15377.0,12013.521647551508,13095.243
M4862,medium,Macro,1918-11-01,19252.0,14294.659815265037,12998.827
M4862,medium,Macro,1918-12-01,21759.6,16077.0846858211,15129.612
M4862,medium,Macro,1919-01-01,12328.1,16987.110199016435,14076.632
M4862,medium,Macro,1919-02-01,22263.8,15100.381032833704,13092.878
M4862,medium,Macro,1919-03-01,25277.9,16190.014033550025,15098.31
M4862,medium,Macro,1919-04-01,16727.5,16337.041002304835,16906.605
M4862,medium,Macro,1919-05-01,16639.2,20419.8315113013,23560.3
M4862,medium,Macro,1919-06-01,18013.0,16632.187465117124,16739.334
M4862,medium,Macro,1919-07-01,14318.5,17713.95098929045,15636.01
M4862,medium,Macro,1919-08-01,17353.4,16748.078831299736,13834.109
M4862,medium,Macro,1919-09-01,20067.7,16517.334486896936,14616.613
M4862,medium,Macro,1919-10-01,25651.0,15951.496593496599,14690.082
M4862,medium,Macro,1919-11-01,14337.7,17970.323700791276,17072.361
M4862,medium,Macro,1919-12-01,48185.4,17761.504994244595,17280.752
M4866,short,Macro,1911-03-01,3335.9,14414.638321401742,14419.639
M4866,short,Macro,1911-04-01,2231.7,6523.070251685235,4933.659
M4866,short,Macro,1911-05-01,12745.3,6651.278908673117,6963.713
M4866,short,Macro,1911-06-01,3952.2,6636.066064853074,7964.3545
M4866,short,Macro,1911-07-01,6380.7,8099.8919057610065,8341.81
M4866,short,Macro,1911-08-01,2119.1,8619.937790595102,8588.38
M4866,short,Macro,1911-09-01,594.8,6379.787293457089,4757.6245
M4866,short,Macro,1911-10-01,2098.0,4952.727053732913,5165.173
M4866,short,Macro,1911-11-01,3273.4,6333.570894896361,4771.392
M4866,short,Macro,1911-12-01,1184.4,6497.736386928734,8714.21
M4866,short,Macro,1912-01-01,2614.8,2665.49065701424,4199.272
M4866,short,Macro,1912-02-01,3261.7,3671.6260416744967,3497.827
M4866,short,Macro,1912-03-01,2149.5,3344.7224206871574,3729.448
M4866,short,Macro,1912-04-01,3547.8,2751.8895461456564,2878.8992
M4866,short,Macro,1912-05-01,4990.1,4532.749256254491,4928.745
M4866,short,Macro,1912-06-01,9289.2,3919.2671053200547,3816.6992
M4866,short,Macro,1912-07-01,3496.0,5528.617731825241,5833.5146
M4866,short,Macro,1912-08-01,4457.2,4081.8754177262945,3677.034
M4880,medium,Macro,1918-07-01,6151.0,4245.160621470761,4093.2322
M4880,medium,Macro,1918-08-01,2933.0,4740.711531583358,5020.611
M4880,medium,Macro,1918-09-01,3014.0,3887.593968190718,4027.277
M4880,medium,Macro,1918-10-01,5081.0,4542.689836276431,4446.0933
M4880,medium,Macro,1918-11-01,3502.0,4387.207367106881,4226.366
M4880,medium,Macro,1918-12-01,5655.0,4075.947703363312,4036.498
M4880,medium,Macro,1919-01-01,2767.0,4589.288438351182,4458.8403
M4880,medium,Macro,1919-02-01,3810.0,3440.1032370737416,3512.3875
M4880,medium,Macro,1919-03-01,3444.0,4521.073378756412,4533.9443
M4880,medium,Macro,1919-04-01,7336.0,3369.1217084354867,3716.2795
M4880,medium,Macro,1919-05-01,4382.0,5678.255716645446,5218.225
M4880,medium,Macro,1919-06-01,4021.0,4825.61226636733,4517.819
M4880,medium,Macro,1919-07-01,3275.0,5042.193898255691,4772.102
M4880,medium,Macro,1919-08-01,4282.0,4016.2629929298555,3889.9382
M4880,medium,Macro,1919-09-01,4735.0,4545.372597913665,4343.6714
M4880,medium,Macro,1919-10-01,5301.0,4714.509889429204,4826.0073
M4880,medium,Macro,1919-11-01,4945.0,5021.204500007675,5098.2715
M4880,medium,Macro,1919-12-01,6000.0,5040.459908969862,5058.8276
M543,medium,Macro,1918-01-01,9536.0,9267.056707275911,9208.794
M543,medium,Macro,1918-02-01,9547.0,9719.065755282461,9548.461
M543,medium,Macro,1918-03-01,9544.0,9649.949346871703,9580.255
M543,medium,Macro,1918-04-01,9550.0,9645.034218413746,9593.925
M543,medium,Macro,1918-05-01,9590.0,9645.034218413746,9588.705
M543,medium,Macro,1918-06-01,9620.0,9645.034218413746,9592.552
M543,medium,Macro,1918-07-01,9662.0,9660.972929826601,9601.362
M543,medium,Macro,1918-08-01,9736.0,9660.972929826601,9632.982
M543,medium,Macro,1918-09-01,9785.0,9665.888058284558,9664.544
M543,medium,Macro,1918-10-01,9790.0,9665.888058284558,9717.664
M543,medium,Macro,1918-11-01,9820.0,9660.972929826601,9745.349
M543,medium,Macro,1918-12-01,9813.0,9662.35653246131,9750.769
M543,medium,Macro,1919-01-01,9891.0,9505.383413309402,9621.957
M543,medium,Macro,1919-02-01,9879.0,9851.917879262144,9855.359
M543,medium,Macro,1919-03-01,9906.0,9851.917879262144,9884.514
M543,medium,Macro,1919-04-01,9923.0,9904.775817288803,9896.004
M543,medium,Macro,1919-05-01,9955.0,9904.775817288803,9896.004
M543,medium,Macro,1919-06-01,9981.0,10003.16335494114,9912.068
M5787,medium,Macro,1922-07-01,13433.9,17941.404267944232,16924.383
M5787,medium,Macro,1922-08-01,17366.5,16958.0570948176,14736.189
M5787,medium,Macro,1922-09-01,20570.0,17478.329807718786,16127.849
M5787,medium,Macro,1922-10-01,17605.0,17105.415144001843,16338.483
M5787,medium,Macro,1922-11-01,18564.5,18733.915731150504,18321.191
M5787,medium,Macro,1922-12-01,20413.2,19132.199394887863,18275.62
M5787,medium,Macro,1923-01-01,17463.5,19007.698522593426,18280.03
M5787,medium,Macro,1923-02-01,16864.4,18908.511352891688,17746.7
M5787,medium,Macro,1923-03-01,18567.3,19053.466846844836,17281.361
M5787,medium,Macro,1923-04-01,19881.4,18792.615019017852,17816.389
M5787,medium,Macro,1923-05-01,18680.3,18962.088617301695,18164.135
M5787,medium,Macro,1923-06-01,22742.6,19086.910941951235,17828.217
M5787,medium,Macro,1923-07-01,16323.9,18472.597297842232,15855.3
M5787,medium,Macro,1923-08-01,17741.8,18404.51143199038,16778.564
M5787,medium,Macro,1923-09-01,21497.2,18317.684072363052,16856.488
M5787,medium,Macro,1923-10-01,21307.2,18683.823869874843,17846.857
M5787,medium,Macro,1923-11-01,21789.9,19026.849018894278,18100.018
M5787,medium,Macro,1923-12-01,24544.9,19864.36164759347,18840.373
M6038,medium,Macro,1921-01-01,12579.2,13335.521919403252,13670.743
M6038,medium,Macro,1921-02-01,13336.8,12478.96245902219,12914.675
M6038,medium,Macro,1921-03-01,15000.9,12509.45331340753,13030.611
M6038,medium,Macro,1921-04-01,15013.3,13509.261139133283,13846.212
M6038,medium,Macro,1921-05-01,15750.4,14696.751805362637,14196.6875
M6038,medium,Macro,1921-06-01,14796.2,14910.522779946636,15662.9795
M6038,medium,Macro,1921-07-01,15622.0,14898.526468713872,15362.756
M6038,medium,Macro,1921-08-01,15416.3,15429.032380674478,16024.203
M6038,medium,Macro,1921-09-01,16283.3,16274.865856985201,15437.496
M6038,medium,Macro,1921-10-01,16317.8,16215.581238605793,16312.568
M6038,medium,Macro,1921-11-01,14622.7,15790.792917996572,16351.907
M6038,medium,Macro,1921-12-01,14301.8,15272.435409473997,15200.2705
M6038,medium,Macro,1922-01-01,12579.1,14299.156702727565,14053.015
M6038,medium,Macro,1922-02-01,13512.2,14047.17466638017,13824.021
M6038,medium,Macro,1922-03-01,15993.3,12477.182079197932,12911.675
M6038,medium,Macro,1922-04-01,13911.9,14569.603278008048,14553.069
M6038,medium,Macro,1922-05-01,16085.8,15145.339702312065,14686.351
M6038,medium,Macro,1922-06-01,15972.3,15416.709372951322,15932.975
M6084,medium,Macro,1921-01-01,1577.1898,1662.4148476263545,1649.5504
M6084,medium,Macro,1921-02-01,1579.6753,1586.6237416418383,1596.594
M6084,medium,Macro,1921-03-01,1722.2772,1604.4666150455696,1606.5393
M6084,medium,Macro,1921-04-01,1704.5275,1703.9795405906136,1699.8934
M6084,medium,Macro,1921-05-01,1751.0817,1703.9795405906136,1707.4276
M6084,medium,Macro,1921-06-01,1745.6736,1759.61103172382,1717.2529
M6084,medium,Macro,1921-07-01,1721.9724,1777.4539051275513,1759.1549
M6084,medium,Macro,1921-08-01,1744.2614,1699.0644121326566,1747.9143
M6084,medium,Macro,1921-09-01,1705.5848,1777.4539051275513,1732.6957
M6084,medium,Macro,1921-10-01,1857.559,1699.0644121326566,1734.5515
M6084,medium,Macro,1921-11-01,1718.7304,1782.3690335855083,1779.2609
M6084,medium,Macro,1921-12-01,1703.7947,1706.6956675400345,1771.0804
M6084,medium,Macro,1922-01-01,1506.7069,1715.7585420974758,1727.4816
M6084,medium,Macro,1922-02-01,1523.8041,1609.3817435035266,1607.8453
M6084,medium,Macro,1922-03-01,1748.9391,1554.0824672925287,1608.5817
M6084,medium,Macro,1922-04-01,1632.6843,1727.0697573745103,1714.062
M6084,medium,Macro,1922-05-01,1585.7513,1650.6358461194923,1711.168
M6084,medium,Macro,1922-06-01,1719.3484,1650.6358461194923,1661.6587
M6480,medium,Macro,1922-04-01,10180.0,10200.43832041556,10217.089
M6480,medium,Macro,1922-05-01,10140.0,10189.291249576914,10200.231
M6480,medium,Macro,1922-06-01,10130.0,10157.091005561466,10149.11
M6480,medium,Macro,1922-07-01,10090.0,10106.7561763405,10083.101
M6480,medium,Macro,1922-08-01,9890.0,10043.656785759227,10064.397
M6480,medium,Macro,1922-09-01,9910.0,10009.651407937468,10000.95
M6480,medium,Macro,1922-10-01,9870.0,9995.56007391839,9949.647
M6480,medium,Macro,1922-11-01,9910.0,9990.644945460434,9936.506
M6480,medium,Macro,1922-12-01,9860.0,9971.247868783355,9935.98
M6480,medium,Macro,1923-01-01,9780.0,9866.205342495157,9850.978
M6480,medium,Macro,1923-02-01,9800.0,9817.829177751912,9830.284
M6480,medium,Macro,1923-03-01,9660.0,9812.914049293955,9811.667
M6480,medium,Macro,1923-04-01,9730.0,9817.829177751912,9733.443
M6480,medium,Macro,1923-05-01,9630.0,9817.829177751912,9747.754
M6480,medium,Macro,1923-06-01,9690.0,9817.829177751912,9723.749
M6480,medium,Macro,1923-07-01,9730.0,9812.914049293955,9693.443
M6480,medium,Macro,1923-08-01,9760.0,9812.914049293955,9712.585
M6480,medium,Macro,1923-09-01,9740.0,9792.133369982168,9729.406
M6629,medium,Macro,1918-09-01,7960.0,8240.48539167608,8332.647
M6629,medium,Macro,1918-10-01,7900.0,8144.945264255444,7995.4336
M6629,medium,Macro,1918-11-01,7890.0,8105.753437782361,8046.4014
M6629,medium,Macro,1918-12-01,8220.0,7974.401158587882,7979.9087
M6629,medium,Macro,1919-01-01,8360.0,8198.797336318867,8101.5103
M6629,medium,Macro,1919-02-01,7780.0,8348.051589622513,8281.873
M6629,medium,Macro,1919-03-01,7330.0,7962.470632736493,7950.6797
M6629,medium,Macro,1919-04-01,8060.0,7629.1655452063815,7661.81
M6629,medium,Macro,1919-05-01,7730.0,8011.663793790143,7986.975
M6629,medium,Macro,1919-06-01,8020.0,7863.561244151396,7833.996
M6629,medium,Macro,1919-07-01,7310.0,7852.201745273029,7915.506
M6629,medium,Macro,1919-08-01,6880.0,7588.199884444823,7612.4824
M6629,medium,Macro,1919-09-01,6900.0,7207.623842525053,7185.378
M6629,medium,Macro,1919-10-01,6780.0,7151.397491719663,7117.4697
M6629,medium,Macro,1919-11-01,7140.0,7050.47109076581,7010.313
M6629,medium,Macro,1919-12-01,8330.0,7358.322316536174,7275.103
M6629,medium,Macro,1920-01-01,5740.0,8007.063305584869,8056.738
M6629,medium,Macro,1920-02-01,7560.0,6746.062400318678,6625.407
M6735,medium,Macro,1922-01-01,10100.0,9929.112466127704,9835.421
M6735,medium,Macro,1922-02-01,10190.0,10017.254688960218,9999.49
M6735,medium,Macro,1922-03-01,10250.0,10111.671304798456,10099.536
M6735,medium,Macro,1922-04-01,10180.0,10200.43832041556,10217.089
M6735,medium,Macro,1922-05-01,10140.0,10189.291249576914,10200.231
M6735,medium,Macro,1922-06-01,10130.0,10157.091005561466,10149.11
M6735,medium,Macro,1922-07-01,10090.0,10106.7561763405,10083.101
M6735,medium,Macro,1922-08-01,9890.0,10043.656785759227,10064.397
M6735,medium,Macro,1922-09-01,9910.0,10009.651407937468,10000.95
M6735,medium,Macro,1922-10-01,9870.0,9995.56007391839,9949.647
M6735,medium,Macro,1922-11-01,9910.0,9990.644945460434,9936.506
M6735,medium,Macro,1922-12-01,9860.0,9971.247868783355,9935.98
M6735,medium,Macro,1923-01-01,9780.0,9866.205342495157,9850.978
M6735,medium,Macro,1923-02-01,9800.0,9817.829177751912,9830.284
M6735,medium,Macro,1923-03-01,9660.0,9812.914049293955,9811.667
M6735,medium,Macro,1923-04-01,9730.0,9817.829177751912,9733.443
M6735,medium,Macro,1923-05-01,9630.0,9817.829177751912,9747.754
M6735,medium,Macro,1923-06-01,9690.0,9817.829177751912,9723.749
M7046,short,Macro,1907-03-01,6420.0,6139.359688911714,6215.67
M7046,short,Macro,1907-04-01,6490.0,6323.953998408969,6244.138
M7046,short,Macro,1907-05-01,6550.0,6386.077139043681,6364.4917
M7046,short,Macro,1907-06-01,6610.0,6393.587672152259,6447.3604
M7046,short,Macro,1907-07-01,6670.0,6516.333786721513,6534.6304
M7046,short,Macro,1907-08-01,6710.0,6577.356880973297,6621.397
M7046,short,Macro,1907-09-01,6760.0,6572.44175251534,6669.66
M7046,short,Macro,1907-10-01,6790.0,6572.44175251534,6708.48
M7046,short,Macro,1907-11-01,6820.0,6700.599674407543,6758.957
M7046,short,Macro,1907-12-01,6840.0,6725.08919712209,6811.186
M7046,short,Macro,1908-01-01,6840.0,6648.962081875556,6754.1455
M7046,short,Macro,1908-02-01,6840.0,6737.715229719022,6806.058
M7046,short,Macro,1908-03-01,6820.0,6807.767604812964,6840.612
M7046,short,Macro,1908-04-01,6790.0,6807.767604812964,6835.3765
M7046,short,Macro,1908-05-01,6750.0,6831.271499503248,6816.362
M7046,short,Macro,1908-06-01,6690.0,6713.541382316026,6804.4033
M7046,short,Macro,1908-07-01,6620.0,6691.7679865509,6752.708
M7046,short,Macro,1908-08-01,6540.0,6671.346694458642,6660.344
M7051,short,Macro,1907-03-01,14060.0,13698.595269087089,13818.04
M7051,short,Macro,1907-04-01,13920.0,13830.323430816634,13829.724
M7051,short,Macro,1907-05-01,13730.0,14295.509680726476,13946.36
M7051,short,Macro,1907-06-01,13490.0,13907.9344064724,14070.98
M7051,short,Macro,1907-07-01,13200.0,13755.660390806337,13590.099
M7051,short,Macro,1907-08-01,12860.0,13245.791712930597,13095.261
M7051,short,Macro,1907-09-01,12480.0,12965.468644291246,13054.254
M7051,short,Macro,1907-10-01,12070.0,12625.527249207862,12679.321
M7051,short,Macro,1907-11-01,11650.0,12133.425630502143,12078.609
M7051,short,Macro,1907-12-01,11220.0,12241.470762856958,11968.498
M7051,short,Macro,1908-01-01,10780.0,10828.256440340076,10987.436
M7051,short,Macro,1908-02-01,10380.0,10280.27569095911,10735.324
M7051,short,Macro,1908-03-01,9980.0,10318.894858242129,10425.934
M7051,short,Macro,1908-04-01,9600.0,10191.54750674448,10117.454
M7051,short,Macro,1908-05-01,9240.0,9880.367026162368,9931.718
M7051,short,Macro,1908-06-01,8920.0,9415.573082197412,9617.353
M7051,short,Macro,1908-07-01,8630.0,9110.554737305394,9276.523
M7051,short,Macro,1908-08-01,8360.0,8791.220458319469,8832.89
M7233,cold_start,Macro,1904-04-01,3100.0,2554.974032685783,2642.6938
M7233,cold_start,Macro,1904-05-01,3200.0,3255.9094384836876,3169.2212
M7233,cold_start,Macro,1904-06-01,3500.0,3238.7595844835405,3319.4268
M7233,cold_start,Macro,1904-07-01,3700.0,3416.07435062277,3397.1184
M7233,cold_start,Macro,1904-08-01,4000.0,3553.8299063804775,3519.0298
M7233,cold_start,Macro,1904-09-01,4500.0,3903.2832113759955,3756.3186
M7233,cold_start,Macro,1904-10-01,4600.0,4254.338062672576,4312.803
M7233,cold_start,Macro,1904-11-01,4500.0,4394.005048635944,4374.96
M7233,cold_start,Macro,1904-12-01,4200.0,4325.46404501115,4515.8228
M7233,cold_start,Macro,1905-01-01,3700.0,4280.249532809515,4284.687
M7233,cold_start,Macro,1905-02-01,3400.0,3848.2097528082345,3893.841
M7233,cold_start,Macro,1905-03-01,4000.0,3630.432391842428,3589.9263
M7233,cold_start,Macro,1905-04-01,4200.0,3880.0921947254014,3849.7256
M7233,cold_start,Macro,1905-05-01,4400.0,4170.125141314853,4011.6506
M7233,cold_start,Macro,1905-06-01,3100.0,4292.318370836726,4313.6943
M7233,cold_start,Macro,1905-07-01,3200.0,3712.3473201702823,3726.8372
M7233,cold_start,Macro,1905-08-01,3000.0,3463.7598812883916,3720.6465
M7233,cold_start,Macro,1905-09-01,2900.0,3174.183708098937,3260.6606
M7236,cold_start,Macro,1904-04-01,4300.0,4119.356842912283,4215.911
M7236,cold_start,Macro,1904-05-01,4300.0,4435.228776586164,4520.3555
M7236,cold_start,Macro,1904-06-01,5000.0,4456.4207867564,4498.1973
M7236,cold_start,Macro,1904-07-01,4600.0,4894.193426561999,5013.342
M7236,cold_start,Macro,1904-08-01,4300.0,4621.6239582232065,4727.3003
M7236,cold_start,Macro,1904-09-01,4400.0,4331.731385483,4570.6196
M7236,cold_start,Macro,1904-10-01,4300.0,4391.277501336976,4472.8745
M7236,cold_start,Macro,1904-11-01,4200.0,4320.604128804844,4368.997
M7236,cold_start,Macro,1904-12-01,4500.0,4323.3202557542645,4320.9116
M7236,cold_start,Macro,1905-01-01,3800.0,4388.608959825161,4366.6914
M7236,cold_start,Macro,1905-02-01,3600.0,3951.1835526676196,4045.7693
M7236,cold_start,Macro,1905-03-01,3400.0,3905.8557897653473,3868.8486
M7236,cold_start,Macro,1905-04-01,3400.0,3664.8581415196054,3669.7969
M7236,cold_start,Macro,1905-05-01,3800.0,3592.791106745692,3552.4526
M7236,cold_start,Macro,1905-06-01,2800.0,3823.6719125102113,3850.9758
M7236,cold_start,Macro,1905-07-01,3300.0,2972.6925895697455,3353.758
M7236,cold_start,Macro,1905-08-01,3300.0,3441.4381179362485,3603.287
M7236,cold_start,Macro,1905-09-01,3200.0,3468.5611538193566,3458.218
M7436,cold_start,Macro,1904-04-01,2500.0,2789.459165473133,2711.46
M7436,cold_start,Macro,1904-05-01,2200.0,2584.039484120857,2551.8206
M7436,cold_start,Macro,1904-06-01,2200.0,2397.933386598619,2379.3896
M7436,cold_start,Macro,1904-07-01,2200.0,2411.2568548558024,2320.7915
M7436,cold_start,Macro,1904-08-01,2200.0,2342.251898248095,2255.7188
M7436,cold_start,Macro,1904-09-01,2300.0,2342.251898248095,2271.976
M7436,cold_start,Macro,1904-10-01,2400.0,2310.3348294720467,2293.047
M7436,cold_start,Macro,1904-11-01,2200.0,2384.604459959567,2392.0198
M7436,cold_start,Macro,1904-12-01,2000.0,2361.9109679725134,2465.8125
M7436,cold_start,Macro,1905-01-01,2000.0,2171.9195445185514,2175.8535
M7436,cold_start,Macro,1905-02-01,2000.0,2153.3196501754105,2133.9448
M7436,cold_start,Macro,1905-03-01,1900.0,2174.4269533596294,2164.8223
M7436,cold_start,Macro,1905-04-01,1900.0,1989.2136806661015,1993.4572
M7436,cold_start,Macro,1905-05-01,2000.0,1972.097951664297,1978.7078
M7436,cold_start,Macro,1905-06-01,1900.0,2055.602877449732,2037.468
M7436,cold_start,Macro,1905-07-01,1700.0,1989.2136806661015,1975.211
M7436,cold_start,Macro,1905-08-01,1700.0,1800.574862417291,1858.0236
M7436,cold_start,Macro,1905-09-01,1600.0,1766.8964302215954,1789.3683
M7620,short,Macro,1907-03-01,1082.0,1086.2234537632012,1129.1858
M7620,short,Macro,1907-04-01,1078.0,1086.2234537632012,1111.4224
M7620,short,Macro,1907-05-01,1073.0,1086.2234537632012,1100.907
M7620,short,Macro,1907-06-01,1067.0,1079.033037359689,1090.8302
M7620,short,Macro,1907-07-01,1061.0,1079.033037359689,1090.1963
M7620,short,Macro,1907-08-01,1053.0,1079.033037359689,1085.1012
M7620,short,Macro,1907-09-01,1044.0,1079.033037359689,1084.6111
M7620,short,Macro,1907-10-01,1035.0,1079.033037359689,1068.7079
M7620,short,Macro,1907-11-01,1024.0,1048.7396317657156,1064.9691
M7620,short,Macro,1907-12-01,1013.0,1051.4557587151364,1062.4652
M7620,short,Macro,1908-01-01,1000.0,1046.5582084076514,1035.8936
M7620,short,Macro,1908-02-01,987.0,1034.7792069007892,1022.2551
M7620,short,Macro,1908-03-01,972.0,985.2169429935548,1019.74744
M7620,short,Macro,1908-04-01,957.0,985.2169429935548,1007.90466
M7620,short,Macro,1908-05-01,941.0,985.2169429935548,989.35846
M7620,short,Macro,1908-06-01,925.0,985.2169429935548,977.8212
M7620,short,Macro,1908-07-01,907.0,985.2169429935548,972.9113
M7620,short,Macro,1908-08-01,889.0,985.2169429935548,966.4475
M7645,short,Macro,1907-03-01,7380.0,8074.481090562442,7986.6265
M7645,short,Macro,1907-04-01,7100.0,7711.029964489304,7550.9297
M7645,short,Macro,1907-05-01,6830.0,7398.114616762439,7289.0327
M7645,short,Macro,1907-06-01,6560.0,7324.564273285925,7118.5146
M7645,short,Macro,1907-07-01,6300.0,6958.87766163378,6858.381
M7645,short,Macro,1907-08-01,6040.0,6896.821670813158,6717.668
M7645,short,Macro,1907-09-01,5800.0,6490.050128979013,6296.876
M7645,short,Macro,1907-10-01,5570.0,6289.033340244562,6158.017
M7645,short,Macro,1907-11-01,5350.0,5966.586718104609,5783.81
M7645,short,Macro,1907-12-01,5150.0,5756.828135052565,5660.364
M7645,short,Macro,1908-01-01,4970.0,5309.0202412882045,5232.2275
M7645,short,Macro,1908-02-01,4800.0,5141.124815354598,5131.5054
M7645,short,Macro,1908-03-01,4660.0,5018.731110127969,4971.124
M7645,short,Macro,1908-04-01,4530.0,5015.159035725415,4841.703
M7645,short,Macro,1908-05-01,4430.0,4928.783020280602,4709.6753
M7645,short,Macro,1908-06-01,4360.0,4727.738381465701,4653.1714
M7645,short,Macro,1908-07-01,4300.0,4698.441062986259,4586.8916
M7645,short,Macro,1908-08-01,4280.0,4542.958046726927,4508.5117
M767,long_history,Macro,1924-01-01,2989.0,2900.0890477347343,2963.5503
M767,long_history,Macro,1924-02-01,3011.0,2900.0890477347343,2980.3506
M767,long_history,Macro,1924-03-01,3023.0,3072.647055366025,2986.632
M767,long_history,Macro,1924-04-01,3056.0,3072.647055366025,3065.1714
M767,long_history,Macro,1924-05-01,3068.0,3072.647055366025,3078.5364
M767,long_history,Macro,1924-06-01,3047.0,3072.647055366025,3078.051
M767,long_history,Macro,1924-07-01,2951.0,3072.647055366025,3075.5347
M767,long_history,Macro,1924-08-01,2937.0,2926.018352282054,2992.894
M767,long_history,Macro,1924-09-01,2991.0,2905.004176192691,2963.2444
M767,long_history,Macro,1924-10-01,3057.0,2900.0890477347343,2956.0708
M767,long_history,Macro,1924-11-01,3095.0,3077.5621838239817,3060.968
M767,long_history,Macro,1924-12-01,3086.0,3080.2783107734026,3096.3472
M767,long_history,Macro,1925-01-01,3058.0,3072.647055366025,3080.0735
M767,long_history,Macro,1925-02-01,3070.0,3093.661231455388,3082.2883
M767,long_history,Macro,1925-03-01,3104.0,3093.661231455388,3081.8323
M767,long_history,Macro,1925-04-01,3123.0,3072.647055366025,3099.851
M767,long_history,Macro,1925-05-01,3125.0,3093.661231455388,3130.5098
M767,long_history,Macro,1925-06-01,3106.0,3149.5409685910204,3134.4797
M7685,short,Macro,1907-03-01,4710.0,5029.629994878528,4805.2954
M7685,short,Macro,1907-04-01,4700.0,5002.355562003152,4819.203
M7685,short,Macro,1907-05-01,4680.0,5002.355562003152,4813.774
M7685,short,Macro,1907-06-01,4670.0,4802.64425502844,4776.204
M7685,short,Macro,1907-07-01,4680.0,4802.64425502844,4741.1353
M7685,short,Macro,1907-08-01,4690.0,4779.766481888198,4728.2847
M7685,short,Macro,1907-09-01,4700.0,4779.766481888198,4720.2935
M7685,short,Macro,1907-10-01,4700.0,4744.075308594741,4741.8203
M7685,short,Macro,1907-11-01,4710.0,4699.258241017435,4741.2397
M7685,short,Macro,1907-12-01,4720.0,4766.171801512181,4736.0747
M7685,short,Macro,1908-01-01,4730.0,4731.967022425776,4673.5493
M7685,short,Macro,1908-02-01,4740.0,4755.950660862764,4744.1953
M7685,short,Macro,1908-03-01,4740.0,4763.455674562761,4757.084
M7685,short,Macro,1908-04-01,4740.0,4763.455674562761,4760.336
M7685,short,Macro,1908-05-01,4720.0,4763.455674562761,4761.516
M7685,short,Macro,1908-06-01,4690.0,4763.455674562761,4750.9385
M7685,short,Macro,1908-07-01,4650.0,4763.455674562761,4726.2188
M7685,short,Macro,1908-08-01,4620.0,4699.258241017435,4709.098
M7688,short,Macro,1907-03-01,5540.0,5662.575871850806,5589.925
M7688,short,Macro,1907-04-01,5550.0,5611.968734897689,5585.456
M7688,short,Macro,1907-05-01,5570.0,5603.835006205573,5589.45
M7688,short,Macro,1907-06-01,5610.0,5585.751535107033,5591.57
M7688,short,Macro,1907-07-01,5660.0,5694.288608615227,5600.141
M7688,short,Macro,1907-08-01,5720.0,5789.008953995374,5679.54
M7688,short,Macro,1907-09-01,5790.0,5793.924082453331,5711.578
M7688,short,Macro,1907-10-01,5850.0,5793.924082453331,5761.7344
M7688,short,Macro,1907-11-01,5920.0,5840.353135623425,5790.8267
M7688,short,Macro,1907-12-01,5980.0,5809.696452533627,5878.872
M7688,short,Macro,1908-01-01,6030.0,5775.491673447222,5889.202
M7688,short,Macro,1908-02-01,6070.0,5876.1875993629,5944.13
M7688,short,Macro,1908-03-01,6090.0,5878.77748460494,6004.061
M7688,short,Macro,1908-04-01,6080.0,5997.864764258811,6074.011
M7688,short,Macro,1908-05-01,6040.0,5997.513196687605,6029.8555
M7688,short,Macro,1908-06-01,5960.0,6066.572680428393,5995.7715
M7688,short,Macro,1908-07-01,5860.0,5952.586747023563,5982.8755
M7688,short,Macro,1908-08-01,5740.0,5952.586747023563,5947.082
M7691,short,Macro,1907-03-01,4980.0,5068.456653629791,5049.246
M7691,short,Macro,1907-04-01,4910.0,4960.905679155589,5061.502
M7691,short,Macro,1907-05-01,4820.0,4965.820807613545,4954.8696
M7691,short,Macro,1907-06-01,4690.0,4878.769129582882,4892.8965
M7691,short,Macro,1907-07-01,4530.0,4813.187870598023,4778.7236
M7691,short,Macro,1907-08-01,4350.0,4707.42576754214,4625.3975
M7691,short,Macro,1907-09-01,4170.0,4471.115116866456,4482.058
M7691,short,Macro,1907-10-01,3990.0,4301.915889025011,4307.7905
M7691,short,Macro,1907-11-01,3820.0,4006.821738626061,4177.5156
M7691,short,Macro,1907-12-01,3680.0,3942.328734317961,4018.1506
M7691,short,Macro,1908-01-01,3560.0,3864.264731059891,3868.8123
M7691,short,Macro,1908-02-01,3480.0,3758.8089303525585,3781.1091
M7691,short,Macro,1908-03-01,3440.0,3665.37127305313,3710.0022
M7691,short,Macro,1908-04-01,3440.0,3583.0340866667416,3614.2983
M7691,short,Macro,1908-05-01,3490.0,3578.118958208785,3590.138
M7691,short,Macro,1908-06-01,3610.0,3489.522638364956,3608.537
M7691,short,Macro,1908-07-01,3790.0,3598.2029945355453,3642.9585
M7691,short,Macro,1908-08-01,4060.0,3805.409272003448,3787.2268
M7696,short,Macro,1907-03-01,6940.0,6178.7958021259865,6389.215
M7696,short,Macro,1907-04-01,7240.0,6663.660664442347,6644.7354
M7696,short,Macro,1907-05-01,7520.0,7046.992671814054,6946.7314
M7696,short,Macro,1907-06-01,7770.0,7021.655848516305,7151.1865
M7696,short,Macro,1907-07-01,7970.0,7366.0552253944325,7312.1064
M7696,short,Macro,1907-08-01,8120.0,7454.855756679529,7433.2964
M7696,short,Macro,1907-09-01,8230.0,7738.534442367806,7776.0884
M7696,short,Macro,1907-10-01,8300.0,7828.237899348319,7803.1953
M7696,short,Macro,1907-11-01,8340.0,7901.746910455158,7872.992
M7696,short,Macro,1907-12-01,8350.0,8116.0288950695585,8112.227
M7696,short,Macro,1908-01-01,8340.0,8018.201719298031,8004.71
M7696,short,Macro,1908-02-01,8310.0,8110.587311434789,8019.277
M7696,short,Macro,1908-03-01,8280.0,8151.287621963535,8028.6465
M7696,short,Macro,1908-04-01,8240.0,8165.804515843197,8183.629
M7696,short,Macro,1908-05-01,8210.0,8165.804515843197,8151.4927
M7696,short,Macro,1908-06-01,8200.0,8229.553096314485,8207.2
M7696,short,Macro,1908-07-01,8190.0,8270.918883435505,8225.386
M7696,short,Macro,1908-08-01,8200.0,8315.774545138087,8226.868
M7703,short,Macro,1907-03-01,4920.0,4905.498197665636,5050.1323
M7703,short,Macro,1907-04-01,4850.0,4955.230393700899,4951.244
M7703,short,Macro,1907-05-01,4780.0,4886.902858274997,4891.461
M7703,short,Macro,1907-06-01,4710.0,4813.187870598023,4854.855
M7703,short,Macro,1907-07-01,4650.0,4813.187870598023,4787.6396
M7703,short,Macro,1907-08-01,4600.0,4813.187870598023,4723.0034
M7703,short,Macro,1907-09-01,4550.0,4707.42576754214,4661.638
M7703,short,Macro,1907-10-01,4500.0,4702.510639084184,4623.7197
M7703,short,Macro,1907-11-01,4470.0,4580.9775759564245,4579.466
M7703,short,Macro,1907-12-01,4430.0,4498.884059178646,4521.6616
M7703,short,Macro,1908-01-01,4410.0,4404.578108124311,4419.5317
M7703,short,Macro,1908-02-01,4410.0,4378.228644186904,4466.9526
M7703,short,Macro,1908-03-01,4410.0,4378.228644186904,4473.3877
M7703,short,Macro,1908-04-01,4420.0,4378.228644186904,4453.122
M7703,short,Macro,1908-05-01,4460.0,4378.228644186904,4448.331
M7703,short,Macro,1908-06-01,4510.0,4407.5259626663465,4475.21
M7703,short,Macro,1908-07-01,4580.0,4572.883927779678,4519.296
M7703,short,Macro,1908-08-01,4660.0,4577.799056237634,4540.251
M7741,short,Macro,1907-03-01,12890.0,12218.1965813872,11885.049
M7741,short,Macro,1907-04-01,13080.0,12383.442372270967,12588.429
M7741,short,Macro,1907-05-01,13210.0,12830.035535067735,12846.438
M7741,short,Macro,1907-06-01,13280.0,13092.172845576588,12836.96
M7741,short,Macro,1907-07-01,13280.0,13019.889471897497,12861.291
M7741,short,Macro,1907-08-01,13220.0,13243.289749698244,12881.066
M7741,short,Macro,1907-09-01,13110.0,13262.675837309314,12975.635
M7741,short,Macro,1907-10-01,12940.0,13295.108160823434,13003.787
M7741,short,Macro,1907-11-01,12740.0,12862.258129515656,13009.863
M7741,short,Macro,1907-12-01,12500.0,12845.045896961938,13013.588
M7741,short,Macro,1908-01-01,12250.0,12260.012053375845,12468.71
M7741,short,Macro,1908-02-01,12000.0,12516.887750158781,12225.019
M7741,short,Macro,1908-03-01,11740.0,12350.745262415712,12242.163
M7741,short,Macro,1908-04-01,11480.0,12258.16168447995,11843.283
M7741,short,Macro,1908-05-01,11240.0,11480.458840095755,11599.143
M7741,short,Macro,1908-06-01,11020.0,11480.458840095755,11267.439
M7741,short,Macro,1908-07-01,10820.0,11102.568977442806,11165.661
M7741,short,Macro,1908-08-01,10640.0,10882.120280215988,10935.101
M7908,cold_start,Macro,1904-04-01,1210.0,1185.0312673194112,1235.6968
M7908,cold_start,Macro,1904-05-01,1420.0,1308.145594018995,1263.0383
M7908,cold_start,Macro,1904-06-01,1520.0,1377.5205266210803,1387.07
M7908,cold_start,Macro,1904-07-01,1670.0,1480.3600644680062,1490.5652
M7908,cold_start,Macro,1904-08-01,1660.0,1661.426962306234,1635.2173
M7908,cold_start,Macro,1904-09-01,1540.0,1663.3825440461108,1674.0406
M7908,cold_start,Macro,1904-10-01,1450.0,1604.5523605881494,1609.3196
M7908,cold_start,Macro,1904-11-01,1180.0,1531.702741734005,1560.0204
M7908,cold_start,Macro,1904-12-01,1050.0,1303.5027287134697,1364.8655
M7908,cold_start,Macro,1905-01-01,900.0,1188.1722382333144,1369.6285
M7908,cold_start,Macro,1905-02-01,960.0,1035.6326668435124,1137.6265
M7908,cold_start,Macro,1905-03-01,980.0,1042.8230832470247,1097.7607
M7908,cold_start,Macro,1905-04-01,1100.0,1029.216649052678,1032.0823
M7908,cold_start,Macro,1905-05-01,1200.0,1114.984760269277,1114.2826
M7908,cold_start,Macro,1905-06-01,1640.0,1277.3396090077713,1210.9747
M7908,cold_start,Macro,1905-07-01,1730.0,1486.1980671316355,1690.3853
M7908,cold_start,Macro,1905-08-01,1540.0,1705.4119980349772,1672.5027
M7908,cold_start,Macro,1905-09-01,1450.0,1604.2855680264138,1637.2758
M8259,cold_start,Macro,1904-04-01,3200.0,2765.5802349534893,2662.4893
M8259,cold_start,Macro,1904-05-01,3400.0,3303.8797886588,3455.6328
M8259,cold_start,Macro,1904-06-01,3600.0,3513.9928670339914,3566.0674
M8259,cold_start,Macro,1904-07-01,3400.0,3544.144437630346,3601.4194
M8259,cold_start,Macro,1904-08-01,4000.0,3499.9934054308683,3492.1614
M8259,cold_start,Macro,1904-09-01,4100.0,3926.201465057836,3784.3623
M8259,cold_start,Macro,1904-10-01,4500.0,3976.9629196452383,4015.026
M8259,cold_start,Macro,1904-11-01,4800.0,4291.0429660272775,4353.9263
M8259,cold_start,Macro,1904-12-01,3800.0,4591.287789340017,4568.7324
M8259,cold_start,Macro,1905-01-01,3200.0,3937.222724878105,3937.5168
M8259,cold_start,Macro,1905-02-01,2800.0,3631.858137796496,3579.2366
M8259,cold_start,Macro,1905-03-01,2600.0,3046.632481613974,3203.2083
M8259,cold_start,Macro,1905-04-01,4100.0,3354.8782245018824,3115.0437
M8259,cold_start,Macro,1905-05-01,3500.0,4040.522566065983,3558.1367
M8259,cold_start,Macro,1905-06-01,4300.0,3720.341171610769,3634.7983
M8259,cold_start,Macro,1905-07-01,4100.0,4227.465146938765,3997.7888
M8259,cold_start,Macro,1905-08-01,3600.0,4078.5571256197004,4028.54
M8259,cold_start,Macro,1905-09-01,3100.0,4001.5540188388127,3834.1975
M8360,cold_start,Macro,1903-07-01,1581.941176,1555.0765000130646,1612.3304
M8360,cold_start,Macro,1903-08-01,1672.5,1595.3365699084943,1617.5347
M8360,cold_start,Macro,1903-09-01,1746.911765,1703.9795405906136,1652.3093
M8360,cold_start,Macro,1903-10-01,1850.0,1782.3690335855083,1722.0117
M8360,cold_start,Macro,1903-11-01,1761.764706,1782.3690335855083,1801.4426
M8360,cold_start,Macro,1903-12-01,1969.230769,1791.5942738166068,1779.9106
M8360,cold_start,Macro,1904-01-01,1780.769231,1995.1385438153252,1887.7872
M8360,cold_start,Macro,1904-02-01,1480.0,1824.181194473319,1817.3853
M8360,cold_start,Macro,1904-03-01,1850.0,1583.1209018376999,1662.3623
M8360,cold_start,Macro,1904-04-01,1620.0,1737.8078673396376,1767.9515
M8360,cold_start,Macro,1904-05-01,1350.0,1650.6358461194923,1736.3132
M8360,cold_start,Macro,1904-06-01,1644.117647,1528.2301377964573,1538.5312
M8360,cold_start,Macro,1904-07-01,1300.0,1595.3365699084943,1626.5111
M8360,cold_start,Macro,1904-08-01,1520.0,1481.4489548261672,1475.9547
M8360,cold_start,Macro,1904-09-01,1420.0,1562.216195984644,1559.1523
M8360,cold_start,Macro,1904-10-01,1415.5,1461.0702830324187,1485.7285
M8360,cold_start,Macro,1904-11-01,1522.307692,1503.6583399093697,1457.9971
M8360,cold_start,Macro,1904-12-01,2350.0,1582.16076192762,1526.4902
M8432,short,Macro,1907-03-01,2010.0,2030.2487560482675,2437.0261
M8432,short,Macro,1907-04-01,1988.0,2030.2487560482675,2096.6113
M8432,short,Macro,1907-05-01,1960.0,2030.2487560482675,1994.5415
M8432,short,Macro,1907-06-01,1929.0,2013.133027046463,1973.8805
M8432,short,Macro,1907-07-01,1894.0,1929.6281012610286,1969.3141
M8432,short,Macro,1907-08-01,1854.0,1929.6281012610286,1943.7325
M8432,short,Macro,1907-09-01,1810.0,1836.494505008917,1894.328
M8432,short,Macro,1907-10-01,1762.0,1819.0343308065153,1877.3939
M8432,short,Macro,1907-11-01,1710.0,1819.0343308065153,1847.131
M8432,short,Macro,1907-12-01,1659.0,1719.0089780756325,1823.71
M8432,short,Macro,1908-01-01,1605.0,1679.6432866199095,1738.8633
M8432,short,Macro,1908-02-01,1552.0,1667.8642851130473,1663.8956
M8432,short,Macro,1908-03-01,1498.0,1626.6101824970817,1621.8597
M8432,short,Macro,1908-04-01,1448.0,1540.7974520354448,1575.0848
M8432,short,Macro,1908-05-01,1402.0,1540.7974520354448,1531.8446
M8432,short,Macro,1908-06-01,1359.0,1507.8379217528525,1481.4103
M8432,short,Macro,1908-07-01,1315.0,1448.0214258823464,1426.1332
M8432,short,Macro,1908-08-01,1280.0,1448.0214258823464,1382.6814
M8991,cold_start,Macro,1904-04-01,6100.0,6596.425799523263,6285.44
M8991,cold_start,Macro,1904-05-01,6800.0,6561.1071785946115,6339.2124
M8991,cold_start,Macro,1904-06-01,7600.0,6928.849954385332,6922.9995
M8991,cold_start,Macro,1904-07-01,8000.0,7343.240515322401,7308.097
M8991,cold_start,Macro,1904-08-01,7600.0,7729.394818295406,7703.8774
M8991,cold_start,Macro,1904-09-01,7600.0,7434.646456593495,7543.3125
M8991,cold_start,Macro,1904-10-01,7000.0,7371.711412625002,7577.1924
M8991,cold_start,Macro,1904-11-01,6800.0,7266.7158135179525,7228.842
M8991,cold_start,Macro,1904-12-01,5900.0,7124.977652045039,7004.6504
M8991,cold_start,Macro,1905-01-01,5400.0,6306.233474688025,6094.7134
M8991,cold_start,Macro,1905-02-01,5600.0,5664.654696756864,5712.5063
M8991,cold_start,Macro,1905-03-01,6400.0,5806.652600551629,5832.164
M8991,cold_start,Macro,1905-04-01,7300.0,6249.187503832185,6157.0396
M8991,cold_start,Macro,1905-05-01,7800.0,7210.21066833763,6899.73
M8991,cold_start,Macro,1905-06-01,8800.0,7421.202985676884,7422.3975
M8991,cold_start,Macro,1905-07-01,7200.0,8431.778262503001,8247.644
M8991,cold_start,Macro,1905-08-01,6600.0,7015.518021419867,7269.39
M8991,cold_start,Macro,1905-09-01,7000.0,6708.518492461313,6936.1494
M9204,cold_start,Macro,1904-04-01,920.0,976.6303695044821,1010.8983
M9204,cold_start,Macro,1904-05-01,950.0,990.1320714515117,979.23865
M9204,cold_start,Macro,1904-06-01,970.0,971.7152410465252,976.9815
M9204,cold_start,Macro,1904-07-01,940.0,971.7152410465252,986.9607
M9204,cold_start,Macro,1904-08-01,910.0,971.7152410465252,996.08026
M9204,cold_start,Macro,1904-09-01,830.0,985.2169429935548,966.6487
M9204,cold_start,Macro,1904-10-01,750.0,997.322487855024,957.3668
M9204,cold_start,Macro,1904-11-01,730.0,771.5861196590523,859.03156
M9204,cold_start,Macro,1904-12-01,740.0,774.3022466084732,839.7539
M9204,cold_start,Macro,1905-01-01,750.0,735.2567009729296,889.2908
M9204,cold_start,Macro,1905-02-01,730.0,723.4776994660675,748.72784
M9204,cold_start,Macro,1905-03-01,680.0,723.4776994660675,745.0653
M9204,cold_start,Macro,1905-04-01,620.0,709.975997519038,722.0799
M9204,cold_start,Macro,1905-05-01,600.0,657.1063363071604,711.88165
M9204,cold_start,Macro,1905-06-01,610.0,652.1912078492035,656.2002
M9204,cold_start,Macro,1905-07-01,630.0,638.6895059021739,640.5266
M9204,cold_start,Macro,1905-08-01,660.0,709.975997519038,685.62244
M9204,cold_start,Macro,1905-09-01,720.0,709.975997519038,692.47675
M9208,cold_start,Macro,1904-04-01,1200.0,1134.8144149018203,1175.0311
M9208,cold_start,Macro,1904-05-01,1350.0,1201.3066144962818,1199.2405
M9208,cold_start,Macro,1904-06-01,1500.0,1275.596675556324,1280.906
M9208,cold_start,Macro,1904-07-01,1600.0,1404.901026957772,1409.1456
M9208,cold_start,Macro,1904-08-01,1620.0,1515.048149482883,1531.7861
M9208,cold_start,Macro,1904-09-01,1570.0,1577.5378420973932,1598.1978
M9208,cold_start,Macro,1904-10-01,1510.0,1531.3686110234705,1571.4515
M9208,cold_start,Macro,1904-11-01,1440.0,1549.24685108892,1554.3865
M9208,cold_start,Macro,1904-12-01,1330.0,1466.150247576704,1482.2448
M9208,cold_start,Macro,1905-01-01,1280.0,1409.5550028234354,1418.3457
M9208,cold_start,Macro,1905-02-01,1330.0,1328.401068714488,1356.024
M9208,cold_start,Macro,1905-03-01,1440.0,1319.9036301234685,1358.3392
M9208,cold_start,Macro,1905-04-01,1530.0,1425.8204031412085,1415.8536
M9208,cold_start,Macro,1905-05-01,1550.0,1509.6600242339257,1498.333
M9208,cold_start,Macro,1905-06-01,1490.0,1536.2395938887973,1534.4617
M9208,cold_start,Macro,1905-07-01,1470.0,1518.6538845839327,1531.1182
M9208,cold_start,Macro,1905-08-01,1480.0,1518.6538845839327,1512.5765
M9208,cold_start,Macro,1905-09-01,1470.0,1518.6538845839327,1508.1285
M9399,cold_start,Macro,1904-04-01,3720.0,3493.5684221998295,3490.657
M9399,cold_start,Macro,1904-05-01,3880.0,3559.516049019609,3629.599
M9399,cold_start,Macro,1904-06-01,3970.0,3725.585536595971,3804.6614
M9399,cold_start,Macro,1904-07-01,3910.0,3853.097017047501,3882.3594
M9399,cold_start,Macro,1904-08-01,3750.0,3848.1818885895445,3900.814
M9399,cold_start,Macro,1904-09-01,3590.0,3791.5670027757506,3795.8096
M9399,cold_start,Macro,1904-10-01,3450.0,3695.7636587820207,3671.2937
M9399,cold_start,Macro,1904-11-01,3430.0,3544.013099354225,3578.6084
M9399,cold_start,Macro,1904-12-01,3660.0,3474.1490599962076,3529.6804
M9399,cold_start,Macro,1905-01-01,3860.0,3591.2241854774093,3606.9282
M9399,cold_start,Macro,1905-02-01,3650.0,3758.575927566046,3791.713
M9399,cold_start,Macro,1905-03-01,3140.0,3735.8952539283623,3695.32
M9399,cold_start,Macro,1905-04-01,2960.0,3327.0550466011377,3359.7427
M9399,cold_start,Macro,1905-05-01,3040.0,3081.916872662409,3191.2988
M9399,cold_start,Macro,1905-06-01,2970.0,3159.1992902968486,3158.7107
M9399,cold_start,Macro,1905-07-01,2870.0,2974.064181107302,3078.1265
M9399,cold_start,Macro,1905-08-01,2840.0,2888.594242297344,2966.7053
M9399,cold_start,Macro,1905-09-01,2850.0,2810.171950592567,2904.5454
M9520,cold_start,Macro,1904-04-01,3190.0,3416.164049997977,3419.1099
M9520,cold_start,Macro,1904-05-01,3260.0,3317.8107100751977,3373.7302
M9520,cold_start,Macro,1904-06-01,3300.0,3403.2801357830335,3369.738
M9520,cold_start,Macro,1904-07-01,3300.0,3370.981527371273,3364.999
M9520,cold_start,Macro,1904-08-01,3270.0,3357.815389104067,3383.228
M9520,cold_start,Macro,1904-09-01,3320.0,3357.815389104067,3367.4644
M9520,cold_start,Macro,1904-10-01,3350.0,3357.815389104067,3361.6968
M9520,cold_start,Macro,1904-11-01,3230.0,3357.815389104067,3353.888
M9520,cold_start,Macro,1904-12-01,3040.0,3249.0572785510053,3318.0151
M9520,cold_start,Macro,1905-01-01,2850.0,3246.3411516015844,3187.735
M9520,cold_start,Macro,1905-02-01,2710.0,2905.9935698080594,3009.918
M9520,cold_start,Macro,1905-03-01,2640.0,2781.916126070784,2831.2336
M9520,cold_start,Macro,1905-04-01,2620.0,2700.0835535947626,2719.9968
M9520,cold_start,Macro,1905-05-01,2690.0,2689.968533201837,2678.2078
M9520,cold_start,Macro,1905-06-01,2840.0,2762.358753527978,2697.4104
M9520,cold_start,Macro,1905-07-01,3010.0,2810.171950592567,2794.9895
M9520,cold_start,Macro,1905-08-01,3180.0,3101.208805700562,2911.3523
M9520,cold_start,Macro,1905-09-01,3310.0,3151.5373171965493,3116.991
M9525,cold_start,Macro,1904-04-01,1660.0,1708.637607292517,1657.9186
M9525,cold_start,Macro,1904-05-01,1760.0,1700.5038786004018,1678.6793
M9525,cold_start,Macro,1904-06-01,1870.0,1837.1521945243749,1767.1426
M9525,cold_start,Macro,1904-07-01,1950.0,1799.5974725790634,1842.5773
M9525,cold_start,Macro,1904-08-01,1970.0,1994.0976522735905,1909.8041
M9525,cold_start,Macro,1904-09-01,1960.0,2000.819716510865,1917.7528
M9525,cold_start,Macro,1904-10-01,1970.0,1995.904588052908,1918.2523
M9525,cold_start,Macro,1904-11-01,1930.0,1995.904588052908,1922.4176
M9525,cold_start,Macro,1904-12-01,1800.0,1915.1157892168944,1926.6674
M9525,cold_start,Macro,1905-01-01,1690.0,1835.9601959801812,1857.6265
M9525,cold_start,Macro,1905-02-01,1630.0,1728.3315272760226,1774.9541
M9525,cold_start,Macro,1905-03-01,1640.0,1650.6358461194923,1698.7902
M9525,cold_start,Macro,1905-04-01,1670.0,1645.7207176615352,1674.9867
M9525,cold_start,Macro,1905-05-01,1640.0,1699.0644121326566,1683.3617
M9525,cold_start,Macro,1905-06-01,1600.0,1656.4588276266625,1686.3822
M9525,cold_start,Macro,1905-07-01,1630.0,1662.9491566550903,1665.563
M9525,cold_start,Macro,1905-08-01,1680.0,1662.9491566550903,1673.3564
M9525,cold_start,Macro,1905-09-01,1660.0,1716.2928511262116,1702.3193
M9648,cold_start,Macro,1904-04-01,2900.0,2836.8071750378726,2772.0227
M9648,cold_start,Macro,1904-05-01,3200.0,2961.916360256788,2869.4167
M9648,cold_start,Macro,1904-06-01,3400.0,3152.050448730074,3165.5203
M9648,cold_start,Macro,1904-07-01,3200.0,3458.2249729245227,3344.0916
M9648,cold_start,Macro,1904-08-01,2700.0,3218.4546537536057,3239.084
M9648,cold_start,Macro,1904-09-01,2500.0,2815.5829109657298,2931.0266
M9648,cold_start,Macro,1904-10-01,2500.0,2672.469904069593,2693.1606
M9648,cold_start,Macro,1904-11-01,2600.0,2655.355426449513,2613.78
M9648,cold_start,Macro,1904-12-01,2700.0,2682.0868954247494,2629.4038
M9648,cold_start,Macro,1905-01-01,2600.0,2761.97597316545,2689.2024
M9648,cold_start,Macro,1905-02-01,2500.0,2666.994579568302,2653.6172
M9648,cold_start,Macro,1905-03-01,2300.0,2578.8395921858883,2588.872
M9648,cold_start,Macro,1905-04-01,2300.0,2465.818395930391,2444.6875
M9648,cold_start,Macro,1905-05-01,2400.0,2481.331289114856,2426.2524
M9648,cold_start,Macro,1905-06-01,2400.0,2481.331289114856,2465.0735
M9648,cold_start,Macro,1905-07-01,2600.0,2417.4243628709455,2438.691
M9648,cold_start,Macro,1905-08-01,2700.0,2530.814279275678,2539.3284
M9648,cold_start,Macro,1905-09-01,2600.0,2620.7805804438144,2641.969
M9930,cold_start,Macro,1904-04-01,1120.0,1119.8141431846543,1116.7026
M9930,cold_start,Macro,1904-05-01,1160.0,1175.5955207267857,1139.8547
M9930,cold_start,Macro,1904-06-01,1210.0,1157.7172806613362,1164.7758
M9930,cold_start,Macro,1904-07-01,1290.0,1237.7111822028273,1223.3966
M9930,cold_start,Macro,1904-08-01,1340.0,1242.6263106607844,1262.9949
M9930,cold_start,Macro,1904-09-01,1220.0,1312.0012432628696,1321.8708
M9930,cold_start,Macro,1904-10-01,1270.0,1258.1931637278515,1280.6162
M9930,cold_start,Macro,1904-11-01,1270.0,1258.1931637278515,1301.397
M9930,cold_start,Macro,1904-12-01,1110.0,1224.7148597962446,1266.8202
M9930,cold_start,Macro,1905-01-01,1020.0,1180.0385095411991,1187.3668
M9930,cold_start,Macro,1905-02-01,920.0,1137.9661024403636,1121.2264
M9930,cold_start,Macro,1905-03-01,900.0,997.322487855024,1067.0986
M9930,cold_start,Macro,1905-04-01,840.0,1010.2855994625163,993.9737
M9930,cold_start,Macro,1905-05-01,860.0,942.4711096412924,972.033
M9930,cold_start,Macro,1905-06-01,920.0,945.2204473898036,963.40717
M9930,cold_start,Macro,1905-07-01,810.0,945.2204473898036,965.25323
M9930,cold_start,Macro,1905-08-01,930.0,867.4069425061443,917.2797
M9930,cold_start,Macro,1905-09-01,990.0,950.1355758477605,965.4088
M9987,cold_start,Macro,1904-04-01,1730.0,1388.72070073092,1357.5786
M9987,cold_start,Macro,1904-05-01,1740.0,1596.7865549819007,1626.128
M9987,cold_start,Macro,1904-06-01,1940.0,1672.3037954586289,1689.7057
M9987,cold_start,Macro,1904-07-01,1850.0,1868.1788713910441,1882.2395
M9987,cold_start,Macro,1904-08-01,1960.0,1792.505449341334,1813.3969
M9987,cold_start,Macro,1904-09-01,1970.0,1947.0708279419753,1891.3943
M9987,cold_start,Macro,1904-10-01,1850.0,1964.5310021443772,1900.6926
M9987,cold_start,Macro,1904-11-01,1600.0,1772.1800307508272,1833.6049
M9987,cold_start,Macro,1904-12-01,1230.0,1618.5123796283185,1738.1567
M9987,cold_start,Macro,1905-01-01,1180.0,1438.288988791838,1460.6093
M9987,cold_start,Macro,1905-02-01,1340.0,1282.136348589345,1358.536
M9987,cold_start,Macro,1905-03-01,1520.0,1377.2537340593447,1395.2499
M9987,cold_start,Macro,1905-04-01,1760.0,1510.8992569174943,1545.5411
M9987,cold_start,Macro,1905-05-01,1810.0,1752.7795669086213,1710.2922
M9987,cold_start,Macro,1905-06-01,1920.0,1812.3441705056819,1866.5404
M9987,cold_start,Macro,1905-07-01,2010.0,1923.3394244147744,1916.1077
M9987,cold_start,Macro,1905-08-01,2180.0,2043.7579650385308,2013.5879
M9987,cold_start,Macro,1905-09-01,2270.0,2194.3348483004484,2116.5352
M9998,cold_start,Macro,1904-04-01,1690.0,1714.0658672839988,1729.1152
M9998,cold_start,Macro,1904-05-01,1720.0,1761.9813017636384,1732.5028
M9998,cold_start,Macro,1904-06-01,1680.0,1761.9813017636384,1745.6025
M9998,cold_start,Macro,1904-07-01,1850.0,1761.9813017636384,1742.2382
M9998,cold_start,Macro,1904-08-01,1640.0,1845.2859232164901,1830.3419
M9998,cold_start,Macro,1904-09-01,1560.0,1705.4190070583588,1768.6755
M9998,cold_start,Macro,1904-10-01,1360.0,1664.1649044423932,1668.236
M9998,cold_start,Macro,1904-11-01,1360.0,1512.7530502108095,1526.7157
M9998,cold_start,Macro,1904-12-01,1180.0,1444.914571324597,1479.9403
M9998,cold_start,Macro,1905-01-01,1060.0,1309.1856051002503,1468.0238
M9998,cold_start,Macro,1905-02-01,1120.0,1243.718545544571,1487.6035
M9998,cold_start,Macro,1905-03-01,1160.0,1172.3703149353726,1245.9889
M9998,cold_start,Macro,1905-04-01,810.0,1223.236564019547,1197.1555
M9998,cold_start,Macro,1905-05-01,1000.0,1051.6069647697525,1104.1675
M9998,cold_start,Macro,1905-06-01,1090.0,1115.1533728689803,1081.6477
M9998,cold_start,Macro,1905-07-01,1070.0,1233.23975827421,1159.3779
M9998,cold_start,Macro,1905-08-01,1140.0,1210.2734524120544,1108.9651
M9998,cold_start,Macro,1905-09-01,1240.0,1146.3583461778078,1146.3395
