unique_id,length_group,category,ds,y,pred_pretrained
M10200,short,Micro,1907-11-01,1381.0,1377.0618
M10200,short,Micro,1907-12-01,1392.0,1372.3296
M10200,short,Micro,1908-01-01,1379.0,1362.8652
M10200,short,Micro,1908-02-01,1379.0,1362.8652
M10200,short,Micro,1908-03-01,1381.0,1358.133
M10200,short,Micro,1908-04-01,1373.0,1343.9364
M10200,short,Micro,1908-05-01,1370.0,1343.9364
M10200,short,Micro,1908-06-01,1378.0,1343.9364
M10200,short,Micro,1908-07-01,1401.0,1358.133
M10200,short,Micro,1908-08-01,1412.0,1372.3296
M10200,short,Micro,1908-09-01,1419.0,1372.3296
M10200,short,Micro,1908-10-01,1428.0,1381.794
M10200,short,Micro,1908-11-01,1428.0,1381.794
M10200,short,Micro,1908-12-01,1437.0,1377.0618
M10200,short,Micro,1909-01-01,1427.0,1367.5974
M10200,short,Micro,1909-02-01,1430.0,1362.8652
M10200,short,Micro,1909-03-01,1429.0,1362.8652
M10200,short,Micro,1909-04-01,1411.0,1353.4008
M10216,short,Micro,1913-01-01,3952.0,3880.5027
M10216,short,Micro,1913-02-01,4679.0,4537.943
M10216,short,Micro,1913-03-01,3406.0,3271.1675
M10216,short,Micro,1913-04-01,3627.0,3495.6594
M10216,short,Micro,1913-05-01,4252.0,4137.0645
M10216,short,Micro,1913-06-01,4176.0,4056.8892
M10216,short,Micro,1913-07-01,4252.0,4121.03
M10216,short,Micro,1913-08-01,4726.0,4570.013
M10216,short,Micro,1913-09-01,5099.0,4938.8213
M10216,short,Micro,1913-10-01,4847.0,4281.381
M10216,short,Micro,1913-11-01,4795.0,4313.451
M10216,short,Micro,1913-12-01,3899.0,3656.0107
M10216,short,Micro,1914-01-01,4340.0,3976.7136
M10216,short,Micro,1914-02-01,5076.0,4730.3647
M10216,short,Micro,1914-03-01,3628.0,3319.273
M10216,short,Micro,1914-04-01,4076.0,3575.835
M10216,short,Micro,1914-05-01,4583.0,4185.17
M10216,short,Micro,1914-06-01,4443.0,4040.854
M10390,medium,Micro,1921-12-01,2169.56,2178.2573
M10390,medium,Micro,1922-01-01,2188.54,2191.9
M10390,medium,Micro,1922-02-01,2174.68,2169.1626
M10390,medium,Micro,1922-03-01,2227.75,2141.8774
M10390,medium,Micro,1922-04-01,2200.62,2123.6875
M10390,medium,Micro,1922-05-01,2119.21,2087.3071
M10390,medium,Micro,1922-06-01,2077.94,2073.6646
M10390,medium,Micro,1922-07-01,2076.56,2073.6646
M10390,medium,Micro,1922-08-01,2071.58,2060.022
M10390,medium,Micro,1922-09-01,2088.1,2087.3071
M10390,medium,Micro,1922-10-01,2209.07,2160.0674
M10390,medium,Micro,1922-11-01,2240.75,2196.4473
M10390,medium,Micro,1922-12-01,2266.04,2223.7324
M10390,medium,Micro,1923-01-01,2249.88,2200.9949
M10390,medium,Micro,1923-02-01,2231.68,2191.9
M10390,medium,Micro,1923-03-01,2257.67,2155.5198
M10390,medium,Micro,1923-04-01,2224.86,2141.8774
M10390,medium,Micro,1923-05-01,2183.63,2100.9497
M10405,medium,Micro,1922-11-01,4388.0,4705.663
M10405,medium,Micro,1922-12-01,3691.0,4530.0786
M10405,medium,Micro,1923-01-01,3151.0,4225.7324
M10405,medium,Micro,1923-02-01,2832.0,3968.2083
M10405,medium,Micro,1923-03-01,2193.0,3921.3857
M10405,medium,Micro,1923-04-01,2561.0,3804.3296
M10405,medium,Micro,1923-05-01,3280.0,3698.9788
M10405,medium,Micro,1923-06-01,3964.0,3909.6802
M10405,medium,Micro,1923-07-01,4597.0,4202.3213
M10405,medium,Micro,1923-08-01,4829.0,4295.966
M10405,medium,Micro,1923-09-01,4733.0,4155.4985
M10405,medium,Micro,1923-10-01,4495.0,3769.2126
M10405,medium,Micro,1923-11-01,3958.0,3511.689
M10405,medium,Micro,1923-12-01,3695.0,3113.6973
M10405,medium,Micro,1924-01-01,2994.0,2750.8228
M10405,medium,Micro,1924-02-01,2752.0,2540.1216
M10405,medium,Micro,1924-03-01,2699.0,2493.2993
M10405,medium,Micro,1924-04-01,3251.0,2563.5327
M10438,cold_start,Micro,1904-11-01,7580.0,7141.632
M10438,cold_start,Micro,1904-12-01,7880.0,7204.0044
M10438,cold_start,Micro,1905-01-01,8040.0,7734.1694
M10438,cold_start,Micro,1905-02-01,8120.0,7858.914
M10438,cold_start,Micro,1905-03-01,8540.0,7921.286
M10438,cold_start,Micro,1905-04-01,8080.0,8326.706
M10438,cold_start,Micro,1905-05-01,7280.0,8139.5894
M10438,cold_start,Micro,1905-06-01,7270.0,8357.893
M10438,cold_start,Micro,1905-07-01,7590.0,8264.334
M10438,cold_start,Micro,1905-08-01,8070.0,8014.8447
M10438,cold_start,Micro,1905-09-01,7670.0,8108.403
M10438,cold_start,Micro,1905-10-01,5380.0,8389.078
M10438,cold_start,Micro,1905-11-01,5370.0,8108.4033
M10438,cold_start,Micro,1905-12-01,6360.0,7921.286
M10438,cold_start,Micro,1906-01-01,6510.0,7827.7275
M10438,cold_start,Micro,1906-02-01,6260.0,7702.9834
M10438,cold_start,Micro,1906-03-01,7930.0,7671.797
M10438,cold_start,Micro,1906-04-01,7630.0,7671.797
M10485,medium,Micro,1918-02-01,1199.0,1192.3822
M10485,medium,Micro,1918-03-01,1200.0,1196.438
M10485,medium,Micro,1918-04-01,1198.0,1200.4937
M10485,medium,Micro,1918-05-01,1202.0,1212.6609
M10485,medium,Micro,1918-06-01,1207.0,1212.6609
M10485,medium,Micro,1918-07-01,1209.0,1208.6051
M10485,medium,Micro,1918-08-01,1212.0,1204.5493
M10485,medium,Micro,1918-09-01,1214.0,1212.6609
M10485,medium,Micro,1918-10-01,1215.0,1208.6051
M10485,medium,Micro,1918-11-01,1219.0,1208.6051
M10485,medium,Micro,1918-12-01,1221.0,1208.6051
M10485,medium,Micro,1919-01-01,1222.0,1212.6609
M10485,medium,Micro,1919-02-01,1220.0,1216.7166
M10485,medium,Micro,1919-03-01,1231.0,1220.7722
M10485,medium,Micro,1919-04-01,1230.0,1216.7166
M10485,medium,Micro,1919-05-01,1232.0,1212.6609
M10485,medium,Micro,1919-06-01,1230.0,1208.6051
M10485,medium,Micro,1919-07-01,1233.0,1216.7166
M10533,medium,Micro,1919-10-01,2320.0,2343.5168
M10533,medium,Micro,1919-11-01,2420.0,2367.9285
M10533,medium,Micro,1919-12-01,2370.0,2319.1052
M10533,medium,Micro,1920-01-01,2290.0,2343.5168
M10533,medium,Micro,1920-02-01,2300.0,2331.311
M10533,medium,Micro,1920-03-01,2350.0,2306.8994
M10533,medium,Micro,1920-04-01,2330.0,2343.5168
M10533,medium,Micro,1920-05-01,2340.0,2355.7227
M10533,medium,Micro,1920-06-01,2360.0,2343.5168
M10533,medium,Micro,1920-07-01,2370.0,2367.9285
M10533,medium,Micro,1920-08-01,2350.0,2343.5168
M10533,medium,Micro,1920-09-01,2310.0,2355.7227
M10533,medium,Micro,1920-10-01,2360.0,2380.1343
M10533,medium,Micro,1920-11-01,2410.0,2404.546
M10533,medium,Micro,1920-12-01,2340.0,2367.9285
M10533,medium,Micro,1921-01-01,2330.0,2331.311
M10533,medium,Micro,1921-02-01,2390.0,2306.8994
M10533,medium,Micro,1921-03-01,2470.0,2270.282
M1054,long_history,Macro,1924-01-01,2060.0,2077.8896
M1054,long_history,Macro,1924-02-01,2070.0,2077.8896
M1054,long_history,Macro,1924-03-01,2060.0,2077.8896
M1054,long_history,Macro,1924-04-01,2060.0,2077.8896
M1054,long_history,Macro,1924-05-01,2070.0,2077.8896
M1054,long_history,Macro,1924-06-01,1920.0,1929.469
M1054,long_history,Macro,1924-07-01,1890.0,1929.469
M1054,long_history,Macro,1924-08-01,2010.0,2057.6506
M1054,long_history,Macro,1924-09-01,2040.0,2064.397
M1054,long_history,Macro,1924-10-01,2030.0,2064.397
M1054,long_history,Macro,1924-11-01,2040.0,2064.397
M1054,long_history,Macro,1924-12-01,2040.0,2064.397
M1054,long_history,Macro,1925-01-01,2020.0,2064.397
M1054,long_history,Macro,1925-02-01,2030.0,2064.397
M1054,long_history,Macro,1925-03-01,2030.0,2064.397
M1054,long_history,Macro,1925-04-01,2040.0,2064.397
M1054,long_history,Macro,1925-05-01,2040.0,2050.9043
M1054,long_history,Macro,1925-06-01,1890.0,1942.9619
M10558,medium,Micro,1922-01-01,6600.0,6504.506
M10558,medium,Micro,1922-02-01,6670.0,6504.506
M10558,medium,Micro,1922-03-01,6750.0,6504.506
M10558,medium,Micro,1922-04-01,6970.0,6504.506
M10558,medium,Micro,1922-05-01,7000.0,6546.201
M10558,medium,Micro,1922-06-01,6900.0,6546.201
M10558,medium,Micro,1922-07-01,6890.0,6567.049
M10558,medium,Micro,1922-08-01,6970.0,6546.201
M10558,medium,Micro,1922-09-01,7050.0,6546.201
M10558,medium,Micro,1922-10-01,7080.0,6608.744
M10558,medium,Micro,1922-11-01,7020.0,6587.8965
M10558,medium,Micro,1922-12-01,7010.0,6587.8965
M10558,medium,Micro,1923-01-01,7030.0,6629.592
M10558,medium,Micro,1923-02-01,6980.0,6587.8965
M10558,medium,Micro,1923-03-01,6990.0,6546.201
M10558,medium,Micro,1923-04-01,6970.0,6587.8965
M10558,medium,Micro,1923-05-01,6890.0,6546.201
M10558,medium,Micro,1923-06-01,6900.0,6546.201
M10598,medium,Micro,1920-12-01,3340.0,3404.942
M10598,medium,Micro,1921-01-01,4310.0,4365.31
M10598,medium,Micro,1921-02-01,4720.0,4609.7676
M10598,medium,Micro,1921-03-01,4420.0,4225.62
M10598,medium,Micro,1921-04-01,3860.0,3649.3992
M10598,medium,Micro,1921-05-01,4180.0,3841.4727
M10598,medium,Micro,1921-06-01,6210.0,5657.442
M10598,medium,Micro,1921-07-01,6750.0,6355.8916
M10598,medium,Micro,1921-08-01,6490.0,5936.822
M10598,medium,Micro,1921-09-01,6530.0,5989.205
M10598,medium,Micro,1921-10-01,6610.0,5535.213
M10598,medium,Micro,1921-11-01,5570.0,4662.1514
M10598,medium,Micro,1921-12-01,3940.0,3195.4072
M10598,medium,Micro,1922-01-01,4770.0,3998.624
M10598,medium,Micro,1922-02-01,5280.0,4225.62
M10598,medium,Micro,1922-03-01,4970.0,3841.473
M10598,medium,Micro,1922-04-01,4560.0,3370.0195
M10598,medium,Micro,1922-05-01,4970.0,3527.1704
M10670,medium,Micro,1916-03-01,2548.7,2473.788
M10670,medium,Micro,1916-04-01,2580.0,2506.5532
M10670,medium,Micro,1916-05-01,2638.5,2549.1484
M10670,medium,Micro,1916-06-01,2749.4,2673.657
M10670,medium,Micro,1916-07-01,2668.4,2686.7632
M10670,medium,Micro,1916-08-01,2571.8,2637.615
M10670,medium,Micro,1916-09-01,2599.6,2683.4866
M10670,medium,Micro,1916-10-01,2680.3,2680.21
M10670,medium,Micro,1916-11-01,2744.8,2703.1458
M10670,medium,Micro,1916-12-01,3645.0,2899.7383
M10670,medium,Micro,1917-01-01,2684.0,2794.889
M10670,medium,Micro,1917-02-01,2662.0,2768.6768
M10670,medium,Micro,1917-03-01,2869.3,2840.7607
M10670,medium,Micro,1917-04-01,3002.6,2876.8025
M10670,medium,Micro,1917-05-01,2972.3,2903.0146
M10670,medium,Micro,1917-06-01,3098.6,2948.8862
M10670,medium,Micro,1917-07-01,3022.9,2991.4814
M10670,medium,Micro,1917-08-01,2922.6,2948.8862
M10673,medium,Micro,1914-02-01,10129.0,7790.7017
M10673,medium,Micro,1914-03-01,10129.0,7790.7017
M10673,medium,Micro,1914-04-01,9979.0,7790.7017
M10673,medium,Micro,1914-05-01,10033.0,7843.6997
M10673,medium,Micro,1914-06-01,10033.0,7843.6997
M10673,medium,Micro,1914-07-01,9923.0,7870.198
M10673,medium,Micro,1914-08-01,9923.0,7843.6997
M10673,medium,Micro,1914-09-01,9923.0,7817.2007
M10673,medium,Micro,1914-10-01,9960.0,7843.6997
M10673,medium,Micro,1914-11-01,9960.0,7817.2007
M10673,medium,Micro,1914-12-01,7666.0,7896.6973
M10673,medium,Micro,1915-01-01,9960.0,7843.6997
M10673,medium,Micro,1915-02-01,9989.0,7896.6973
M10673,medium,Micro,1915-03-01,9989.0,7870.198
M10673,medium,Micro,1915-04-01,9989.0,7870.198
M10673,medium,Micro,1915-05-01,9989.0,7764.2026
M10673,medium,Micro,1915-06-01,9989.0,7923.1963
M10673,medium,Micro,1915-07-01,9989.0,7923.1963
M10707,long_history,Micro,1924-01-01,1520.0,1538.7417
M10707,long_history,Micro,1924-02-01,1520.0,1538.7417
M10707,long_history,Micro,1924-03-01,1530.0,1544.1982
M10707,long_history,Micro,1924-04-01,1520.0,1549.6548
M10707,long_history,Micro,1924-05-01,1520.0,1544.1982
M10707,long_history,Micro,1924-06-01,1530.0,1555.1112
M10707,long_history,Micro,1924-07-01,1540.0,1555.1112
M10707,long_history,Micro,1924-08-01,1550.0,1560.5677
M10707,long_history,Micro,1924-09-01,1560.0,1566.0244
M10707,long_history,Micro,1924-10-01,1570.0,1582.394
M10707,long_history,Micro,1924-11-01,1620.0,1598.7637
M10707,long_history,Micro,1924-12-01,1630.0,1626.0463
M10707,long_history,Micro,1925-01-01,1560.0,1593.3071
M10707,long_history,Micro,1925-02-01,1550.0,1593.3071
M10707,long_history,Micro,1925-03-01,1560.0,1593.3071
M10707,long_history,Micro,1925-04-01,1560.0,1593.3071
M10707,long_history,Micro,1925-05-01,1570.0,1593.3071
M10707,long_history,Micro,1925-06-01,1570.0,1604.2201
M10908,short,Micro,1907-01-01,3500.0,3605.6938
M10908,short,Micro,1907-02-01,3580.0,3631.4487
M10908,short,Micro,1907-03-01,3570.0,3618.5713
M10908,short,Micro,1907-04-01,3550.0,3631.4487
M10908,short,Micro,1907-05-01,3530.0,3631.4487
M10908,short,Micro,1907-06-01,3610.0,3657.2036
M10908,short,Micro,1907-07-01,3520.0,3657.2036
M10908,short,Micro,1907-08-01,3560.0,3657.2036
M10908,short,Micro,1907-09-01,3520.0,3657.2036
M10908,short,Micro,1907-10-01,3520.0,3682.9587
M10908,short,Micro,1907-11-01,3560.0,3682.9587
M10908,short,Micro,1907-12-01,3520.0,3682.9587
M10908,short,Micro,1908-01-01,3500.0,3657.2036
M10908,short,Micro,1908-02-01,3560.0,3682.9587
M10908,short,Micro,1908-03-01,3570.0,3657.2036
M10908,short,Micro,1908-04-01,3540.0,3682.9587
M10908,short,Micro,1908-05-01,3510.0,3644.3262
M10908,short,Micro,1908-06-01,3550.0,3670.081
M10966,medium,Micro,1922-01-01,2360.0,2381.14
M10966,medium,Micro,1922-02-01,2370.0,2381.14
M10966,medium,Micro,1922-03-01,2380.0,2389.959
M10966,medium,Micro,1922-04-01,2390.0,2407.5972
M10966,medium,Micro,1922-05-01,2400.0,2442.873
M10966,medium,Micro,1922-06-01,2420.0,2460.5112
M10966,medium,Micro,1922-07-01,2430.0,2478.1494
M10966,medium,Micro,1922-08-01,2440.0,2460.5112
M10966,medium,Micro,1922-09-01,2420.0,2495.7874
M10966,medium,Micro,1922-10-01,2430.0,2504.6064
M10966,medium,Micro,1922-11-01,2440.0,2495.7874
M10966,medium,Micro,1922-12-01,2440.0,2495.7874
M10966,medium,Micro,1923-01-01,2390.0,2495.7874
M10966,medium,Micro,1923-02-01,2430.0,2495.7874
M10966,medium,Micro,1923-03-01,2440.0,2486.9683
M10966,medium,Micro,1923-04-01,2420.0,2478.1494
M10966,medium,Micro,1923-05-01,2420.0,2460.5112
M10966,medium,Micro,1923-06-01,2430.0,2451.6921
M11035,long_history,Micro,1924-01-01,2340.0,2317.7275
M11035,long_history,Micro,1924-02-01,2330.0,2317.7275
M11035,long_history,Micro,1924-03-01,2280.0,2326.8167
M11035,long_history,Micro,1924-04-01,2280.0,2317.7275
M11035,long_history,Micro,1924-05-01,2310.0,2326.8167
M11035,long_history,Micro,1924-06-01,2320.0,2317.7275
M11035,long_history,Micro,1924-07-01,2310.0,2317.7275
M11035,long_history,Micro,1924-08-01,2300.0,2326.8167
M11035,long_history,Micro,1924-09-01,2330.0,2344.9949
M11035,long_history,Micro,1924-10-01,2320.0,2344.9949
M11035,long_history,Micro,1924-11-01,2340.0,2363.173
M11035,long_history,Micro,1924-12-01,2420.0,2363.173
M11035,long_history,Micro,1925-01-01,2350.0,2363.173
M11035,long_history,Micro,1925-02-01,2330.0,2326.8167
M11035,long_history,Micro,1925-03-01,2340.0,2299.5493
M11035,long_history,Micro,1925-04-01,2340.0,2326.8167
M11035,long_history,Micro,1925-05-01,2350.0,2335.9058
M11035,long_history,Micro,1925-06-01,2360.0,2354.084
M11083,long_history,Micro,1924-01-01,3580.0,3651.792
M11083,long_history,Micro,1924-02-01,3640.0,3523.208
M11083,long_history,Micro,1924-03-01,3640.0,3574.6416
M11083,long_history,Micro,1924-04-01,3690.0,3626.0752
M11083,long_history,Micro,1924-05-01,3780.0,3677.5088
M11083,long_history,Micro,1924-06-01,3860.0,3728.9429
M11083,long_history,Micro,1924-07-01,3940.0,3793.2349
M11083,long_history,Micro,1924-08-01,4050.0,3844.6687
M11083,long_history,Micro,1924-09-01,4050.0,3883.244
M11083,long_history,Micro,1924-10-01,4050.0,3883.244
M11083,long_history,Micro,1924-11-01,4050.0,3844.6687
M11083,long_history,Micro,1924-12-01,3920.0,3806.0933
M11083,long_history,Micro,1925-01-01,3930.0,3741.8013
M11083,long_history,Micro,1925-02-01,3920.0,3690.3674
M11083,long_history,Micro,1925-03-01,4000.0,3728.9429
M11083,long_history,Micro,1925-04-01,4050.0,3806.0933
M11083,long_history,Micro,1925-05-01,4130.0,3831.81
M11083,long_history,Micro,1925-06-01,4180.0,3908.9607
M11165,long_history,Micro,1924-01-01,1310.0,1286.1307
M11165,long_history,Micro,1924-02-01,1260.0,1241.1611
M11165,long_history,Micro,1924-03-01,1270.0,1250.155
M11165,long_history,Micro,1924-04-01,1270.0,1241.1611
M11165,long_history,Micro,1924-05-01,1280.0,1268.1428
M11165,long_history,Micro,1924-06-01,1310.0,1281.6338
M11165,long_history,Micro,1924-07-01,1290.0,1268.1428
M11165,long_history,Micro,1924-08-01,1280.0,1272.6399
M11165,long_history,Micro,1924-09-01,1260.0,1250.155
M11165,long_history,Micro,1924-10-01,1290.0,1277.1368
M11165,long_history,Micro,1924-11-01,1350.0,1349.0883
M11165,long_history,Micro,1924-12-01,1400.0,1389.5608
M11165,long_history,Micro,1925-01-01,1310.0,1286.1307
M11165,long_history,Micro,1925-02-01,1260.0,1232.1672
M11165,long_history,Micro,1925-03-01,1270.0,1250.155
M11165,long_history,Micro,1925-04-01,1260.0,1245.6581
M11165,long_history,Micro,1925-05-01,1280.0,1268.1428
M11165,long_history,Micro,1925-06-01,1290.0,1299.6217
M11344,short,Micro,1911-01-01,2060.0,2070.828
M11344,short,Micro,1911-02-01,2120.0,2061.745
M11344,short,Micro,1911-03-01,2160.0,2061.745
M11344,short,Micro,1911-04-01,2170.0,2061.745
M11344,short,Micro,1911-05-01,2210.0,2079.9104
M11344,short,Micro,1911-06-01,2240.0,2079.9104
M11344,short,Micro,1911-07-01,2270.0,2088.993
M11344,short,Micro,1911-08-01,2300.0,2107.1582
M11344,short,Micro,1911-09-01,2330.0,2079.9104
M11344,short,Micro,1911-10-01,2390.0,2098.0757
M11344,short,Micro,1911-11-01,2380.0,2088.993
M11344,short,Micro,1911-12-01,2380.0,2079.9104
M11344,short,Micro,1912-01-01,2340.0,2070.828
M11344,short,Micro,1912-02-01,2380.0,2079.9104
M11344,short,Micro,1912-03-01,2410.0,2098.0757
M11344,short,Micro,1912-04-01,2440.0,2098.0757
M11344,short,Micro,1912-05-01,2460.0,2098.0757
M11344,short,Micro,1912-06-01,2480.0,2098.0757
M11349,long_history,Micro,1924-01-01,6420.0,6560.9976
M11349,long_history,Micro,1924-02-01,6430.0,6583.779
M11349,long_history,Micro,1924-03-01,6430.0,6583.779
M11349,long_history,Micro,1924-04-01,6450.0,6606.56
M11349,long_history,Micro,1924-05-01,6440.0,6606.56
M11349,long_history,Micro,1924-06-01,6430.0,6583.779
M11349,long_history,Micro,1924-07-01,6470.0,6606.56
M11349,long_history,Micro,1924-08-01,6520.0,6583.779
M11349,long_history,Micro,1924-09-01,6540.0,6560.9976
M11349,long_history,Micro,1924-10-01,6580.0,6606.56
M11349,long_history,Micro,1924-11-01,6700.0,6652.122
M11349,long_history,Micro,1924-12-01,6810.0,6743.247
M11349,long_history,Micro,1925-01-01,6710.0,6743.247
M11349,long_history,Micro,1925-02-01,6690.0,6743.247
M11349,long_history,Micro,1925-03-01,6720.0,6697.6846
M11349,long_history,Micro,1925-04-01,6690.0,6720.466
M11349,long_history,Micro,1925-05-01,6650.0,6697.6846
M11349,long_history,Micro,1925-06-01,6650.0,6652.122
M11353,long_history,Micro,1924-01-01,4481.0,4463.2485
M11353,long_history,Micro,1924-02-01,4530.0,4502.63
M11353,long_history,Micro,1924-03-01,4565.0,4528.885
M11353,long_history,Micro,1924-04-01,4582.0,4515.7573
M11353,long_history,Micro,1924-05-01,4570.0,4515.7573
M11353,long_history,Micro,1924-06-01,4536.0,4489.503
M11353,long_history,Micro,1924-07-01,4494.0,4450.121
M11353,long_history,Micro,1924-08-01,4517.0,4463.2485
M11353,long_history,Micro,1924-09-01,4530.0,4489.503
M11353,long_history,Micro,1924-10-01,4611.0,4515.7573
M11353,long_history,Micro,1924-11-01,4710.0,4594.5205
M11353,long_history,Micro,1924-12-01,4762.0,4647.0293
M11353,long_history,Micro,1925-01-01,4686.0,4594.5205
M11353,long_history,Micro,1925-02-01,4728.0,4633.9023
M11353,long_history,Micro,1925-03-01,4759.0,4673.284
M11353,long_history,Micro,1925-04-01,4763.0,4660.1567
M11353,long_history,Micro,1925-05-01,4749.0,4647.0293
M11353,long_history,Micro,1925-06-01,4711.0,4620.775
M11472,cold_start,Micro,1905-01-01,2399.0,2381.0037
M11472,cold_start,Micro,1905-02-01,2357.0,2390.4897
M11472,cold_start,Micro,1905-03-01,2315.0,2409.462
M11472,cold_start,Micro,1905-04-01,2361.0,2418.948
M11472,cold_start,Micro,1905-05-01,2308.0,2466.3784
M11472,cold_start,Micro,1905-06-01,2324.0,2475.8645
M11472,cold_start,Micro,1905-07-01,2379.0,2485.3506
M11472,cold_start,Micro,1905-08-01,2360.0,2494.8367
M11472,cold_start,Micro,1905-09-01,2370.0,2532.7808
M11472,cold_start,Micro,1905-10-01,2357.0,2627.6416
M11472,cold_start,Micro,1905-11-01,2361.0,2675.0718
M11472,cold_start,Micro,1905-12-01,2386.0,2731.9883
M11472,cold_start,Micro,1906-01-01,2423.0,2864.7935
M11472,cold_start,Micro,1906-02-01,2356.0,2817.363
M11472,cold_start,Micro,1906-03-01,2325.0,2836.3352
M11472,cold_start,Micro,1906-04-01,2314.0,2826.849
M11472,cold_start,Micro,1906-05-01,2303.0,2845.8213
M11472,cold_start,Micro,1906-06-01,2367.0,2788.9048
M11572,long_history,Micro,1924-01-01,1950.0,1946.3629
M11572,long_history,Micro,1924-02-01,1920.0,1938.9623
M11572,long_history,Micro,1924-03-01,1920.0,1938.9623
M11572,long_history,Micro,1924-04-01,1960.0,1953.7635
M11572,long_history,Micro,1924-05-01,1960.0,1983.366
M11572,long_history,Micro,1924-06-01,1980.0,2012.9684
M11572,long_history,Micro,1924-07-01,2000.0,2005.5679
M11572,long_history,Micro,1924-08-01,2020.0,2012.9684
M11572,long_history,Micro,1924-09-01,1990.0,2012.9684
M11572,long_history,Micro,1924-10-01,2000.0,2012.9684
M11572,long_history,Micro,1924-11-01,2020.0,2042.5709
M11572,long_history,Micro,1924-12-01,2050.0,2079.574
M11572,long_history,Micro,1925-01-01,2000.0,2027.7697
M11572,long_history,Micro,1925-02-01,2000.0,2012.9684
M11572,long_history,Micro,1925-03-01,2000.0,1998.1672
M11572,long_history,Micro,1925-04-01,2010.0,1998.1672
M11572,long_history,Micro,1925-05-01,2010.0,2027.7697
M11572,long_history,Micro,1925-06-01,2020.0,2042.5709
M11613,long_history,Micro,1924-01-01,8584.0,8530.507
M11613,long_history,Micro,1924-02-01,8536.0,8471.676
M11613,long_history,Micro,1924-03-01,8590.0,8530.507
M11613,long_history,Micro,1924-04-01,8676.0,8530.507
M11613,long_history,Micro,1924-05-01,8719.0,8589.338
M11613,long_history,Micro,1924-06-01,8718.0,8589.338
M11613,long_history,Micro,1924-07-01,8750.0,8618.754
M11613,long_history,Micro,1924-08-01,8776.0,8648.169
M11613,long_history,Micro,1924-09-01,8758.0,8648.169
M11613,long_history,Micro,1924-10-01,8888.0,8707.0
M11613,long_history,Micro,1924-11-01,9095.0,8824.662
M11613,long_history,Micro,1924-12-01,9202.0,8883.493
M11613,long_history,Micro,1925-01-01,8872.0,8765.831
M11613,long_history,Micro,1925-02-01,8841.0,8707.0
M11613,long_history,Micro,1925-03-01,8884.0,8707.0
M11613,long_history,Micro,1925-04-01,8942.0,8736.416
M11613,long_history,Micro,1925-05-01,8992.0,8765.831
M11613,long_history,Micro,1925-06-01,9026.0,8765.831
M11766,short,Micro,1909-01-01,1740.0,1763.529
M11766,short,Micro,1909-02-01,1750.0,1738.6906
M11766,short,Micro,1909-03-01,1770.0,1738.6906
M11766,short,Micro,1909-04-01,1800.0,1738.6906
M11766,short,Micro,1909-05-01,1840.0,1751.1097
M11766,short,Micro,1909-06-01,1860.0,1751.1097
M11766,short,Micro,1909-07-01,1860.0,1763.529
M11766,short,Micro,1909-08-01,1840.0,1757.3193
M11766,short,Micro,1909-09-01,1840.0,1763.529
M11766,short,Micro,1909-10-01,1860.0,1763.529
M11766,short,Micro,1909-11-01,1850.0,1757.3193
M11766,short,Micro,1909-12-01,1860.0,1751.1097
M11766,short,Micro,1910-01-01,1870.0,1732.481
M11766,short,Micro,1910-02-01,1870.0,1738.6906
M11766,short,Micro,1910-03-01,1870.0,1738.6906
M11766,short,Micro,1910-04-01,1870.0,1738.6906
M11766,short,Micro,1910-05-01,1870.0,1738.6906
M11766,short,Micro,1910-06-01,1870.0,1751.1097
M11916,long_history,Micro,1924-01-01,8480.0,8515.789
M11916,long_history,Micro,1924-02-01,8430.0,8515.789
M11916,long_history,Micro,1924-03-01,8440.0,8621.575
M11916,long_history,Micro,1924-04-01,8560.0,8674.468
M11916,long_history,Micro,1924-05-01,8660.0,8780.254
M11916,long_history,Micro,1924-06-01,8790.0,8886.04
M11916,long_history,Micro,1924-07-01,8730.0,8833.147
M11916,long_history,Micro,1924-08-01,8610.0,8859.594
M11916,long_history,Micro,1924-09-01,8680.0,8833.147
M11916,long_history,Micro,1924-10-01,8760.0,8886.04
M11916,long_history,Micro,1924-11-01,8850.0,8938.934
M11916,long_history,Micro,1924-12-01,8910.0,8991.826
M11916,long_history,Micro,1925-01-01,8670.0,8727.361
M11916,long_history,Micro,1925-02-01,8560.0,8727.361
M11916,long_history,Micro,1925-03-01,8660.0,8780.254
M11916,long_history,Micro,1925-04-01,8750.0,8886.04
M11916,long_history,Micro,1925-05-01,8870.0,8965.38
M11916,long_history,Micro,1925-06-01,8980.0,9097.612
M11951,long_history,Micro,1924-01-01,8400.0,8474.781
M11951,long_history,Micro,1924-02-01,8400.0,8441.416
M11951,long_history,Micro,1924-03-01,8420.0,8474.781
M11951,long_history,Micro,1924-04-01,8430.0,8474.781
M11951,long_history,Micro,1924-05-01,8520.0,8508.146
M11951,long_history,Micro,1924-06-01,8580.0,8541.512
M11951,long_history,Micro,1924-07-01,8510.0,8541.512
M11951,long_history,Micro,1924-08-01,8540.0,8608.242
M11951,long_history,Micro,1924-09-01,8480.0,8608.242
M11951,long_history,Micro,1924-10-01,8480.0,8608.242
M11951,long_history,Micro,1924-11-01,8510.0,8608.242
M11951,long_history,Micro,1924-12-01,8560.0,8574.877
M11951,long_history,Micro,1925-01-01,8450.0,8541.512
M11951,long_history,Micro,1925-02-01,8470.0,8508.146
M11951,long_history,Micro,1925-03-01,8490.0,8508.146
M11951,long_history,Micro,1925-04-01,8550.0,8541.512
M11951,long_history,Micro,1925-05-01,8620.0,8541.512
M11951,long_history,Micro,1925-06-01,8680.0,8541.512
M12075,long_history,Micro,1924-01-01,5330.0,5358.6987
M12075,long_history,Micro,1924-02-01,5370.0,5341.2437
M12075,long_history,Micro,1924-03-01,5380.0,5376.154
M12075,long_history,Micro,1924-04-01,5450.0,5445.974
M12075,long_history,Micro,1924-05-01,5500.0,5533.249
M12075,long_history,Micro,1924-06-01,5490.0,5550.704
M12075,long_history,Micro,1924-07-01,5450.0,5515.794
M12075,long_history,Micro,1924-08-01,5480.0,5550.704
M12075,long_history,Micro,1924-09-01,5520.0,5550.704
M12075,long_history,Micro,1924-10-01,5540.0,5585.6143
M12075,long_history,Micro,1924-11-01,5580.0,5585.6143
M12075,long_history,Micro,1924-12-01,5570.0,5620.525
M12075,long_history,Micro,1925-01-01,5390.0,5498.339
M12075,long_history,Micro,1925-02-01,5460.0,5480.8843
M12075,long_history,Micro,1925-03-01,5500.0,5498.339
M12075,long_history,Micro,1925-04-01,5580.0,5550.704
M12075,long_history,Micro,1925-05-01,5600.0,5603.0693
M12075,long_history,Micro,1925-06-01,5570.0,5637.98
M12146,short,Micro,1907-01-01,2306.0,2297.5728
M12146,short,Micro,1907-02-01,2380.0,2306.0508
M12146,short,Micro,1907-03-01,2354.0,2306.0508
M12146,short,Micro,1907-04-01,2317.0,2297.5728
M12146,short,Micro,1907-05-01,2311.0,2289.0945
M12146,short,Micro,1907-06-01,2327.0,2289.0945
M12146,short,Micro,1907-07-01,2292.0,2289.0945
M12146,short,Micro,1907-08-01,2298.0,2297.5728
M12146,short,Micro,1907-09-01,2306.0,2255.1821
M12146,short,Micro,1907-10-01,2323.0,2272.1382
M12146,short,Micro,1907-11-01,2358.0,2272.1382
M12146,short,Micro,1907-12-01,2308.0,2255.1821
M12146,short,Micro,1908-01-01,2334.0,2255.1821
M12146,short,Micro,1908-02-01,2393.0,2272.1382
M12146,short,Micro,1908-03-01,2408.0,2255.1821
M12146,short,Micro,1908-04-01,2337.0,2255.1821
M12146,short,Micro,1908-05-01,2381.0,2255.1821
M12146,short,Micro,1908-06-01,2375.0,2255.1821
M12170,long_history,Micro,1924-01-01,4550.0,4535.2666
M12170,long_history,Micro,1924-02-01,4560.0,4535.2666
M12170,long_history,Micro,1924-03-01,4580.0,4550.039
M12170,long_history,Micro,1924-04-01,4680.0,4609.1304
M12170,long_history,Micro,1924-05-01,4780.0,4668.2217
M12170,long_history,Micro,1924-06-01,4820.0,4727.313
M12170,long_history,Micro,1924-07-01,4830.0,4756.8594
M12170,long_history,Micro,1924-08-01,4900.0,4771.6323
M12170,long_history,Micro,1924-09-01,4820.0,4771.6323
M12170,long_history,Micro,1924-10-01,4800.0,4712.54
M12170,long_history,Micro,1924-11-01,4720.0,4682.9946
M12170,long_history,Micro,1924-12-01,4710.0,4668.2217
M12170,long_history,Micro,1925-01-01,4600.0,4550.039
M12170,long_history,Micro,1925-02-01,4650.0,4520.4937
M12170,long_history,Micro,1925-03-01,4700.0,4564.812
M12170,long_history,Micro,1925-04-01,4770.0,4609.1304
M12170,long_history,Micro,1925-05-01,4850.0,4697.7676
M12170,long_history,Micro,1925-06-01,4880.0,4742.086
M12201,short,Micro,1907-01-01,6972.0,6937.5303
M12201,short,Micro,1907-02-01,7014.0,6937.5303
M12201,short,Micro,1907-03-01,7066.1,6937.5303
M12201,short,Micro,1907-04-01,7046.3,6937.5303
M12201,short,Micro,1907-05-01,6938.8,6937.5303
M12201,short,Micro,1907-06-01,7035.8,6937.5303
M12201,short,Micro,1907-07-01,6947.2,6963.036
M12201,short,Micro,1907-08-01,7033.2,6937.5303
M12201,short,Micro,1907-09-01,6950.5,6963.036
M12201,short,Micro,1907-10-01,6917.9,6963.036
M12201,short,Micro,1907-11-01,7038.9,6937.5303
M12201,short,Micro,1907-12-01,6988.0,6963.036
M12201,short,Micro,1908-01-01,7080.1,7014.047
M12201,short,Micro,1908-02-01,7180.8,7014.047
M12201,short,Micro,1908-03-01,7297.9,6988.5415
M12201,short,Micro,1908-04-01,7214.4,7039.5527
M12201,short,Micro,1908-05-01,7207.7,7014.047
M12201,short,Micro,1908-06-01,7216.1,6988.5415
M12262,medium,Micro,1922-01-01,1770.0,1792.8619
M12262,medium,Micro,1922-02-01,1630.0,1720.926
M12262,medium,Micro,1922-03-01,1620.0,1704.3254
M12262,medium,Micro,1922-04-01,1600.0,1704.3254
M12262,medium,Micro,1922-05-01,1630.0,1704.3254
M12262,medium,Micro,1922-06-01,1640.0,1748.5936
M12262,medium,Micro,1922-07-01,1620.0,1748.5936
M12262,medium,Micro,1922-08-01,1620.0,1731.993
M12262,medium,Micro,1922-09-01,1610.0,1720.926
M12262,medium,Micro,1922-10-01,1660.0,1787.3284
M12262,medium,Micro,1922-11-01,1820.0,1920.1328
M12262,medium,Micro,1922-12-01,1900.0,2019.7363
M12262,medium,Micro,1923-01-01,1670.0,1820.5295
M12262,medium,Micro,1923-02-01,1580.0,1715.3925
M12262,medium,Micro,1923-03-01,1600.0,1720.926
M12262,medium,Micro,1923-04-01,1600.0,1720.926
M12262,medium,Micro,1923-05-01,1590.0,1709.8589
M12262,medium,Micro,1923-06-01,1630.0,1737.5266
M12336,long_history,Micro,1924-01-01,2750.0,2780.9336
M12336,long_history,Micro,1924-02-01,2750.0,2762.5168
M12336,long_history,Micro,1924-03-01,2760.0,2780.9336
M12336,long_history,Micro,1924-04-01,2800.0,2780.9336
M12336,long_history,Micro,1924-05-01,2830.0,2780.9336
M12336,long_history,Micro,1924-06-01,2800.0,2799.3503
M12336,long_history,Micro,1924-07-01,2820.0,2799.3503
M12336,long_history,Micro,1924-08-01,2840.0,2799.3503
M12336,long_history,Micro,1924-09-01,2830.0,2799.3503
M12336,long_history,Micro,1924-10-01,2870.0,2817.767
M12336,long_history,Micro,1924-11-01,2880.0,2817.767
M12336,long_history,Micro,1924-12-01,2870.0,2817.767
M12336,long_history,Micro,1925-01-01,2830.0,2799.3503
M12336,long_history,Micro,1925-02-01,2830.0,2817.767
M12336,long_history,Micro,1925-03-01,2830.0,2799.3503
M12336,long_history,Micro,1925-04-01,2860.0,2780.9336
M12336,long_history,Micro,1925-05-01,2870.0,2799.3503
M12336,long_history,Micro,1925-06-01,2840.0,2808.5586
M12457,short,Micro,1907-01-01,2425.0,2433.1777
M12457,short,Micro,1907-02-01,2503.0,2415.9211
M12457,short,Micro,1907-03-01,2483.0,2433.1777
M12457,short,Micro,1907-04-01,2451.0,2407.293
M12457,short,Micro,1907-05-01,2449.0,2407.293
M12457,short,Micro,1907-06-01,2478.0,2398.6648
M12457,short,Micro,1907-07-01,2424.0,2407.293
M12457,short,Micro,1907-08-01,2433.0,2398.6648
M12457,short,Micro,1907-09-01,2418.0,2398.6648
M12457,short,Micro,1907-10-01,2418.0,2398.6646
M12457,short,Micro,1907-11-01,2517.0,2398.6648
M12457,short,Micro,1907-12-01,2470.0,2407.293
M12457,short,Micro,1908-01-01,2497.0,2415.9211
M12457,short,Micro,1908-02-01,2540.0,2424.5493
M12457,short,Micro,1908-03-01,2527.0,2424.5493
M12457,short,Micro,1908-04-01,2522.0,2433.1777
M12457,short,Micro,1908-05-01,2541.0,2450.4343
M12457,short,Micro,1908-06-01,2520.0,2450.4343
M12554,short,Micro,1907-01-01,7496.6,7725.7773
M12554,short,Micro,1907-02-01,7667.5,7725.7773
M12554,short,Micro,1907-03-01,7569.0,7752.6025
M12554,short,Micro,1907-04-01,7483.3,7779.428
M12554,short,Micro,1907-05-01,7397.2,7752.6025
M12554,short,Micro,1907-06-01,7459.6,7779.428
M12554,short,Micro,1907-07-01,7466.4,7752.6025
M12554,short,Micro,1907-08-01,7508.9,7752.6025
M12554,short,Micro,1907-09-01,7566.8,7698.951
M12554,short,Micro,1907-10-01,7554.8,7725.7773
M12554,short,Micro,1907-11-01,7669.5,7725.7773
M12554,short,Micro,1907-12-01,7607.7,7779.428
M12554,short,Micro,1908-01-01,7595.2,7725.7773
M12554,short,Micro,1908-02-01,7804.9,7725.7773
M12554,short,Micro,1908-03-01,7774.0,7698.951
M12554,short,Micro,1908-04-01,7732.3,7725.7773
M12554,short,Micro,1908-05-01,7767.9,7698.951
M12554,short,Micro,1908-06-01,7804.9,7725.7773
M12568,long_history,Micro,1924-01-01,3850.0,3839.5068
M12568,long_history,Micro,1924-02-01,3810.0,3823.4421
M12568,long_history,Micro,1924-03-01,3850.0,3855.5718
M12568,long_history,Micro,1924-04-01,3890.0,3855.5718
M12568,long_history,Micro,1924-05-01,3890.0,3887.7017
M12568,long_history,Micro,1924-06-01,3900.0,3887.7017
M12568,long_history,Micro,1924-07-01,3870.0,3887.7017
M12568,long_history,Micro,1924-08-01,3880.0,3919.8315
M12568,long_history,Micro,1924-09-01,3870.0,3887.7017
M12568,long_history,Micro,1924-10-01,3950.0,3935.8965
M12568,long_history,Micro,1924-11-01,4100.0,4080.4802
M12568,long_history,Micro,1924-12-01,4140.0,4160.8047
M12568,long_history,Micro,1925-01-01,3870.0,3919.8315
M12568,long_history,Micro,1925-02-01,3850.0,3871.6367
M12568,long_history,Micro,1925-03-01,3860.0,3919.8315
M12568,long_history,Micro,1925-04-01,3900.0,3935.8965
M12568,long_history,Micro,1925-05-01,3950.0,3951.9612
M12568,long_history,Micro,1925-06-01,3960.0,3951.9612
M12589,cold_start,Micro,1905-01-01,6197.8,6387.764
M12589,cold_start,Micro,1905-02-01,6279.8,6387.764
M12589,cold_start,Micro,1905-03-01,6389.3,6460.3525
M12589,cold_start,Micro,1905-04-01,6283.9,6436.1562
M12589,cold_start,Micro,1905-05-01,6428.0,6508.744
M12589,cold_start,Micro,1905-06-01,6400.8,6387.764
M12589,cold_start,Micro,1905-07-01,6487.3,6387.764
M12589,cold_start,Micro,1905-08-01,6389.4,6339.372
M12589,cold_start,Micro,1905-09-01,6626.6,6339.372
M12589,cold_start,Micro,1905-10-01,6656.5,6339.372
M12589,cold_start,Micro,1905-11-01,6790.4,6411.96
M12589,cold_start,Micro,1905-12-01,6881.4,6363.5684
M12589,cold_start,Micro,1906-01-01,7114.9,6363.5684
M12589,cold_start,Micro,1906-02-01,7245.2,6508.744
M12589,cold_start,Micro,1906-03-01,7287.0,6387.764
M12589,cold_start,Micro,1906-04-01,7239.4,6411.96
M12589,cold_start,Micro,1906-05-01,7560.0,6436.1562
M12589,cold_start,Micro,1906-06-01,7693.0,6411.96
M12611,long_history,Micro,1924-01-01,2320.0,2334.5564
M12611,long_history,Micro,1924-02-01,2320.0,2319.4949
M12611,long_history,Micro,1924-03-01,2330.0,2319.4949
M12611,long_history,Micro,1924-04-01,2330.0,2334.5564
M12611,long_history,Micro,1924-05-01,2340.0,2334.5564
M12611,long_history,Micro,1924-06-01,2350.0,2349.6182
M12611,long_history,Micro,1924-07-01,2370.0,2364.6797
M12611,long_history,Micro,1924-08-01,2390.0,2372.2104
M12611,long_history,Micro,1924-09-01,2410.0,2387.2722
M12611,long_history,Micro,1924-10-01,2400.0,2394.803
M12611,long_history,Micro,1924-11-01,2410.0,2372.2104
M12611,long_history,Micro,1924-12-01,2420.0,2379.7415
M12611,long_history,Micro,1925-01-01,2350.0,2364.6797
M12611,long_history,Micro,1925-02-01,2390.0,2349.6182
M12611,long_history,Micro,1925-03-01,2400.0,2372.2104
M12611,long_history,Micro,1925-04-01,2390.0,2372.2104
M12611,long_history,Micro,1925-05-01,2440.0,2379.7415
M12611,long_history,Micro,1925-06-01,2440.0,2394.803
M12864,short,Micro,1907-01-01,10020.8,9831.908
M12864,short,Micro,1907-02-01,9995.5,9897.02
M12864,short,Micro,1907-03-01,10092.1,9962.131
M12864,short,Micro,1907-04-01,10009.4,9962.131
M12864,short,Micro,1907-05-01,9855.6,9962.131
M12864,short,Micro,1907-06-01,10109.3,9962.131
M12864,short,Micro,1907-07-01,10217.1,9929.575
M12864,short,Micro,1907-08-01,10419.4,9929.575
M12864,short,Micro,1907-09-01,10320.5,10059.799
M12864,short,Micro,1907-10-01,10564.6,10059.799
M12864,short,Micro,1907-11-01,10609.9,10059.799
M12864,short,Micro,1907-12-01,10752.9,10092.3545
M12864,short,Micro,1908-01-01,10667.3,10190.023
M12864,short,Micro,1908-02-01,10871.7,10092.3545
M12864,short,Micro,1908-03-01,10315.0,9994.6875
M12864,short,Micro,1908-04-01,10558.4,9897.02
M12864,short,Micro,1908-05-01,10352.5,9897.02
M12864,short,Micro,1908-06-01,10803.4,9897.02
M12919,long_history,Micro,1924-01-01,5460.0,5547.432
M12919,long_history,Micro,1924-02-01,5500.0,5583.928
M12919,long_history,Micro,1924-03-01,5510.0,5565.68
M12919,long_history,Micro,1924-04-01,5590.0,5565.68
M12919,long_history,Micro,1924-05-01,5610.0,5602.1763
M12919,long_history,Micro,1924-06-01,5590.0,5602.1763
M12919,long_history,Micro,1924-07-01,5600.0,5620.4243
M12919,long_history,Micro,1924-08-01,5610.0,5620.4243
M12919,long_history,Micro,1924-09-01,5600.0,5656.921
M12919,long_history,Micro,1924-10-01,5610.0,5638.673
M12919,long_history,Micro,1924-11-01,5630.0,5656.921
M12919,long_history,Micro,1924-12-01,5670.0,5583.928
M12919,long_history,Micro,1925-01-01,5570.0,5583.928
M12919,long_history,Micro,1925-02-01,5590.0,5656.921
M12919,long_history,Micro,1925-03-01,5590.0,5620.4243
M12919,long_history,Micro,1925-04-01,5620.0,5675.169
M12919,long_history,Micro,1925-05-01,5640.0,5675.169
M12919,long_history,Micro,1925-06-01,5630.0,5675.169
M13045,long_history,Micro,1924-01-01,3650.0,3730.1226
M13045,long_history,Micro,1924-02-01,3680.0,3717.8926
M13045,long_history,Micro,1924-03-01,3640.0,3717.8926
M13045,long_history,Micro,1924-04-01,3670.0,3717.8926
M13045,long_history,Micro,1924-05-01,3680.0,3681.203
M13045,long_history,Micro,1924-06-01,3680.0,3681.203
M13045,long_history,Micro,1924-07-01,3700.0,3693.4329
M13045,long_history,Micro,1924-08-01,3710.0,3693.4329
M13045,long_history,Micro,1924-09-01,3690.0,3705.6626
M13045,long_history,Micro,1924-10-01,3710.0,3717.8926
M13045,long_history,Micro,1924-11-01,3770.0,3681.203
M13045,long_history,Micro,1924-12-01,3750.0,3705.6626
M13045,long_history,Micro,1925-01-01,3730.0,3717.8926
M13045,long_history,Micro,1925-02-01,3750.0,3705.6626
M13045,long_history,Micro,1925-03-01,3700.0,3717.8926
M13045,long_history,Micro,1925-04-01,3720.0,3717.8926
M13045,long_history,Micro,1925-05-01,3770.0,3742.3523
M13045,long_history,Micro,1925-06-01,3810.0,3705.6626
M13140,short,Micro,1907-01-01,2340.0,2345.2507
M13140,short,Micro,1907-02-01,2354.0,2345.2507
M13140,short,Micro,1907-03-01,2359.0,2378.2825
M13140,short,Micro,1907-04-01,2366.0,2378.2825
M13140,short,Micro,1907-05-01,2335.0,2353.5085
M13140,short,Micro,1907-06-01,2340.0,2345.2507
M13140,short,Micro,1907-07-01,2347.0,2336.9927
M13140,short,Micro,1907-08-01,2347.0,2320.477
M13140,short,Micro,1907-09-01,2356.0,2328.7349
M13140,short,Micro,1907-10-01,2359.0,2336.9927
M13140,short,Micro,1907-11-01,2434.0,2345.2507
M13140,short,Micro,1907-12-01,2366.0,2353.5085
M13140,short,Micro,1908-01-01,2400.0,2361.7664
M13140,short,Micro,1908-02-01,2408.0,2353.5085
M13140,short,Micro,1908-03-01,2413.0,2336.9927
M13140,short,Micro,1908-04-01,2414.0,2320.477
M13140,short,Micro,1908-05-01,2390.0,2295.7031
M13140,short,Micro,1908-06-01,2381.0,2303.961
M1319,long_history,Macro,1924-01-01,3340.0,3304.9282
M1319,long_history,Macro,1924-02-01,3357.0,3304.9282
M1319,long_history,Macro,1924-03-01,3370.0,3315.5894
M1319,long_history,Macro,1924-04-01,3417.0,3368.8945
M1319,long_history,Macro,1924-05-01,3471.0,3390.2166
M1319,long_history,Macro,1924-06-01,3486.0,3422.2002
M1319,long_history,Macro,1924-07-01,3439.0,3411.5388
M1319,long_history,Macro,1924-08-01,3467.0,3411.5388
M1319,long_history,Macro,1924-09-01,3456.0,3411.5388
M1319,long_history,Macro,1924-10-01,3464.0,3432.8613
M1319,long_history,Macro,1924-11-01,3476.0,3454.1833
M1319,long_history,Macro,1924-12-01,3480.0,3443.5225
M1319,long_history,Macro,1925-01-01,3395.0,3390.2166
M1319,long_history,Macro,1925-02-01,3410.0,3379.5557
M1319,long_history,Macro,1925-03-01,3424.0,3400.8777
M1319,long_history,Macro,1925-04-01,3462.0,3443.5225
M1319,long_history,Macro,1925-05-01,3528.0,3475.5054
M1319,long_history,Macro,1925-06-01,3547.0,3507.4885
M13221,long_history,Micro,1924-01-01,1173.0,1174.4613
M13221,long_history,Micro,1924-02-01,1156.0,1166.012
M13221,long_history,Micro,1924-03-01,1164.0,1166.012
M13221,long_history,Micro,1924-04-01,1171.0,1170.2366
M13221,long_history,Micro,1924-05-01,1185.0,1174.4613
M13221,long_history,Micro,1924-06-01,1197.0,1187.1355
M13221,long_history,Micro,1924-07-01,1201.0,1191.3601
M13221,long_history,Micro,1924-08-01,1209.0,1199.8094
M13221,long_history,Micro,1924-09-01,1214.0,1199.8094
M13221,long_history,Micro,1924-10-01,1219.0,1199.8094
M13221,long_history,Micro,1924-11-01,1244.0,1208.2588
M13221,long_history,Micro,1924-12-01,1276.0,1220.9329
M13221,long_history,Micro,1925-01-01,1230.0,1199.8094
M13221,long_history,Micro,1925-02-01,1218.0,1170.2366
M13221,long_history,Micro,1925-03-01,1217.0,1166.012
M13221,long_history,Micro,1925-04-01,1230.0,1174.4613
M13221,long_history,Micro,1925-05-01,1241.0,1178.686
M13221,long_history,Micro,1925-06-01,1251.0,1191.3601
M13238,short,Micro,1907-01-01,1934.0,1910.4894
M13238,short,Micro,1907-02-01,1963.0,1923.1836
M13238,short,Micro,1907-03-01,1930.0,1916.8365
M13238,short,Micro,1907-04-01,1933.0,1923.1836
M13238,short,Micro,1907-05-01,1917.0,1929.5308
M13238,short,Micro,1907-06-01,1913.0,1929.5308
M13238,short,Micro,1907-07-01,1930.0,1929.5308
M13238,short,Micro,1907-08-01,1923.0,1935.8779
M13238,short,Micro,1907-09-01,1936.0,1942.2251
M13238,short,Micro,1907-10-01,1945.0,1942.2251
M13238,short,Micro,1907-11-01,1940.0,1954.9193
M13238,short,Micro,1907-12-01,1927.0,1948.5723
M13238,short,Micro,1908-01-01,1981.0,1961.2665
M13238,short,Micro,1908-02-01,1986.0,1954.9193
M13238,short,Micro,1908-03-01,1971.0,1967.6136
M13238,short,Micro,1908-04-01,1950.0,1954.9193
M13238,short,Micro,1908-05-01,1950.0,1961.2665
M13238,short,Micro,1908-06-01,1945.0,1967.6136
M13381,short,Micro,1907-01-01,9285.4,9413.781
M13381,short,Micro,1907-02-01,9464.4,9413.781
M13381,short,Micro,1907-03-01,9576.0,9348.407
M13381,short,Micro,1907-04-01,9595.8,9413.781
M13381,short,Micro,1907-05-01,9679.8,9381.094
M13381,short,Micro,1907-06-01,9767.5,9413.781
M13381,short,Micro,1907-07-01,9683.1,9413.781
M13381,short,Micro,1907-08-01,9807.2,9413.781
M13381,short,Micro,1907-09-01,9953.3,9479.155
M13381,short,Micro,1907-10-01,9910.1,9479.155
M13381,short,Micro,1907-11-01,9979.4,9511.842
M13381,short,Micro,1907-12-01,10065.4,9479.155
M13381,short,Micro,1908-01-01,9849.3,9413.781
M13381,short,Micro,1908-02-01,9762.9,9446.469
M13381,short,Micro,1908-03-01,9844.0,9413.781
M13381,short,Micro,1908-04-01,9966.2,9348.407
M13381,short,Micro,1908-05-01,10069.6,9413.781
M13381,short,Micro,1908-06-01,9922.7,9413.781
M13754,cold_start,Micro,1904-05-01,3370.0,3480.2341
M13754,cold_start,Micro,1904-06-01,3376.0,3480.2341
M13754,cold_start,Micro,1904-07-01,3338.0,3465.853
M13754,cold_start,Micro,1904-08-01,3387.0,3480.2341
M13754,cold_start,Micro,1904-09-01,3393.0,3494.6152
M13754,cold_start,Micro,1904-10-01,3653.0,3480.2344
M13754,cold_start,Micro,1904-11-01,3447.0,3494.6152
M13754,cold_start,Micro,1904-12-01,3400.0,3480.2341
M13754,cold_start,Micro,1905-01-01,3743.0,3494.6152
M13754,cold_start,Micro,1905-02-01,3648.0,3508.9966
M13754,cold_start,Micro,1905-03-01,3662.0,3494.6152
M13754,cold_start,Micro,1905-04-01,2274.0,3494.6152
M13754,cold_start,Micro,1905-05-01,3005.0,3508.9966
M13754,cold_start,Micro,1905-06-01,2923.0,3523.3777
M13754,cold_start,Micro,1905-07-01,3140.0,3494.6152
M13754,cold_start,Micro,1905-08-01,3017.0,3465.853
M13754,cold_start,Micro,1905-09-01,2946.0,3494.6152
M13754,cold_start,Micro,1905-10-01,3103.0,3508.9966
M13792,medium,Micro,1916-05-01,4107.953,3922.5054
M13792,medium,Micro,1916-06-01,4038.971,3980.4734
M13792,medium,Micro,1916-07-01,3981.297,3970.812
M13792,medium,Micro,1916-08-01,4060.209,3970.812
M13792,medium,Micro,1916-09-01,4116.084,3999.7961
M13792,medium,Micro,1916-10-01,4138.885,4019.1187
M13792,medium,Micro,1916-11-01,4239.392,3999.7961
M13792,medium,Micro,1916-12-01,4451.817,4038.4414
M13792,medium,Micro,1917-01-01,4470.855,4067.4255
M13792,medium,Micro,1917-02-01,4520.085,4154.378
M13792,medium,Micro,1917-03-01,4715.312,4115.7324
M13792,medium,Micro,1917-04-01,4570.889,4125.3936
M13792,medium,Micro,1917-05-01,5013.991,4048.1028
M13792,medium,Micro,1917-06-01,4919.721,4009.4575
M13792,medium,Micro,1917-07-01,5132.139,4009.4575
M13792,medium,Micro,1917-08-01,4838.268,4096.4097
M13792,medium,Micro,1917-09-01,4636.58,4057.7642
M13792,medium,Micro,1917-10-01,4275.039,4077.087
M13808,medium,Micro,1917-03-01,1109.82,1438.7378
M13808,medium,Micro,1917-04-01,1497.93,1430.2246
M13808,medium,Micro,1917-05-01,1580.7,1515.357
M13808,medium,Micro,1917-06-01,1521.19,1515.3572
M13808,medium,Micro,1917-07-01,1670.21,1481.3042
M13808,medium,Micro,1917-08-01,1569.82,1506.8438
M13808,medium,Micro,1917-09-01,1573.55,1617.5159
M13808,medium,Micro,1917-10-01,1714.12,1532.3835
M13808,medium,Micro,1917-11-01,1607.94,1498.3306
M13808,medium,Micro,1917-12-01,1408.76,1498.3307
M13808,medium,Micro,1918-01-01,1318.21,1498.3306
M13808,medium,Micro,1918-02-01,1316.25,1498.3306
M13808,medium,Micro,1918-03-01,1132.13,1489.8174
M13808,medium,Micro,1918-04-01,1403.75,1438.7378
M13808,medium,Micro,1918-05-01,1532.73,1413.1981
M13808,medium,Micro,1918-06-01,1418.67,1421.7114
M13808,medium,Micro,1918-07-01,1484.05,1481.3041
M13808,medium,Micro,1918-08-01,1484.75,1455.7644
M13895,medium,Micro,1918-12-01,4633.9,4698.8755
M13895,medium,Micro,1919-01-01,4288.0,4184.3013
M13895,medium,Micro,1919-02-01,4426.8,4265.55
M13895,medium,Micro,1919-03-01,4598.3,4414.506
M13895,medium,Micro,1919-04-01,4479.7,4252.0083
M13895,medium,Micro,1919-05-01,4502.9,4319.7153
M13895,medium,Micro,1919-06-01,4658.8,4414.506
M13895,medium,Micro,1919-07-01,4601.6,4238.467
M13895,medium,Micro,1919-08-01,4302.8,4035.3457
M13895,medium,Micro,1919-09-01,4920.5,4428.047
M13895,medium,Micro,1919-10-01,4832.1,4468.6714
M13895,medium,Micro,1919-11-01,4885.0,4536.379
M13895,medium,Micro,1919-12-01,4670.5,4549.92
M13895,medium,Micro,1920-01-01,4313.6,4265.55
M13895,medium,Micro,1920-02-01,4538.5,4319.7153
M13895,medium,Micro,1920-03-01,4935.4,4509.296
M13895,medium,Micro,1920-04-01,4645.8,4373.8813
M13895,medium,Micro,1920-05-01,4520.0,4319.7153
M13953,medium,Micro,1922-12-01,6810.764,6377.739
M13953,medium,Micro,1923-01-01,6328.501,6344.8066
M13953,medium,Micro,1923-02-01,6078.7,6180.1494
M13953,medium,Micro,1923-03-01,6204.344,6300.898
M13953,medium,Micro,1923-04-01,6313.895,6125.263
M13953,medium,Micro,1923-05-01,6206.401,6037.4463
M13953,medium,Micro,1923-06-01,6282.428,6180.1494
M13953,medium,Micro,1923-07-01,6363.308,6158.195
M13953,medium,Micro,1923-08-01,6147.68,5993.537
M13953,medium,Micro,1923-09-01,6809.411,6114.286
M13953,medium,Micro,1923-10-01,6435.568,6158.195
M13953,medium,Micro,1923-11-01,6241.13,5949.629
M13953,medium,Micro,1923-12-01,6579.108,6158.195
M13953,medium,Micro,1924-01-01,6359.324,6125.2637
M13953,medium,Micro,1924-02-01,6303.363,5861.8115
M13953,medium,Micro,1924-03-01,6548.172,6125.2637
M13953,medium,Micro,1924-04-01,6518.858,6147.218
M13953,medium,Micro,1924-05-01,6349.54,5993.537
M14045,short,Micro,1911-10-01,6200.0,5008.8853
M14045,short,Micro,1911-11-01,5260.0,5107.0986
M14045,short,Micro,1911-12-01,5000.0,5168.4814
M14045,short,Micro,1912-01-01,4840.0,5143.9287
M14045,short,Micro,1912-02-01,5160.0,5156.205
M14045,short,Micro,1912-03-01,5790.0,5156.205
M14045,short,Micro,1912-04-01,5070.0,5082.545
M14045,short,Micro,1912-05-01,4860.0,5168.4824
M14045,short,Micro,1912-06-01,5540.0,5205.312
M14045,short,Micro,1912-07-01,4910.0,5242.1426
M14045,short,Micro,1912-08-01,5950.0,5229.8657
M14045,short,Micro,1912-09-01,5470.0,5107.0986
M14045,short,Micro,1912-10-01,5270.0,5315.8022
M14045,short,Micro,1912-11-01,8250.0,5303.5254
M14045,short,Micro,1912-12-01,4490.0,5168.4814
M14045,short,Micro,1913-01-01,4870.0,5070.2686
M14045,short,Micro,1913-02-01,4600.0,5426.292
M14045,short,Micro,1913-03-01,5060.0,5217.589
M14205,medium,Micro,1921-03-01,6149.9,6180.003
M14205,medium,Micro,1921-04-01,6204.4,6205.2275
M14205,medium,Micro,1921-05-01,6210.9,6255.677
M14205,medium,Micro,1921-06-01,6240.7,6255.677
M14205,medium,Micro,1921-07-01,6267.0,6293.5137
M14205,medium,Micro,1921-08-01,6360.3,6331.35
M14205,medium,Micro,1921-09-01,6388.5,6356.5747
M14205,medium,Micro,1921-10-01,6473.5,6369.1865
M14205,medium,Micro,1921-11-01,6496.3,6394.411
M14205,medium,Micro,1921-12-01,6504.1,6432.248
M14205,medium,Micro,1922-01-01,6560.8,6457.4727
M14205,medium,Micro,1922-02-01,6607.5,6482.697
M14205,medium,Micro,1922-03-01,6671.2,6495.309
M14205,medium,Micro,1922-04-01,6629.1,6520.5337
M14205,medium,Micro,1922-05-01,6659.5,6545.7583
M14205,medium,Micro,1922-06-01,6679.2,6570.9824
M14205,medium,Micro,1922-07-01,6607.7,6621.4316
M14205,medium,Micro,1922-08-01,6672.3,6608.8193
M14247,medium,Micro,1921-03-01,5456.0,5163.718
M14247,medium,Micro,1921-04-01,5568.0,5339.504
M14247,medium,Micro,1921-05-01,5664.0,5559.2363
M14247,medium,Micro,1921-06-01,5973.0,5625.1562
M14247,medium,Micro,1921-07-01,6388.0,5866.8623
M14247,medium,Micro,1921-08-01,6690.0,6273.367
M14247,medium,Micro,1921-09-01,8641.0,8525.627
M14247,medium,Micro,1921-10-01,5332.0,5350.49
M14247,medium,Micro,1921-11-01,5163.0,5207.664
M14247,medium,Micro,1921-12-01,5542.0,5383.45
M14247,medium,Micro,1922-01-01,5186.0,5383.45
M14247,medium,Micro,1922-02-01,5586.0,5822.916
M14247,medium,Micro,1922-03-01,5331.0,5339.504
M14247,medium,Micro,1922-04-01,5413.0,5614.17
M14247,medium,Micro,1922-05-01,5487.0,5735.0225
M14247,medium,Micro,1922-06-01,5712.0,5822.916
M14247,medium,Micro,1922-07-01,5822.0,6163.501
M14247,medium,Micro,1922-08-01,5953.0,6537.047
M14345,long_history,Micro,1929-01-01,5348.57,3989.1016
M14345,long_history,Micro,1929-02-01,5297.34,4087.8413
M14345,long_history,Micro,1929-03-01,5578.89,4107.5894
M14345,long_history,Micro,1929-04-01,4766.68,4048.3455
M14345,long_history,Micro,1929-05-01,5596.48,4107.5894
M14345,long_history,Micro,1929-06-01,5774.21,4344.566
M14345,long_history,Micro,1929-07-01,5393.71,4245.826
M14345,long_history,Micro,1929-08-01,5580.03,4403.81
M14345,long_history,Micro,1929-09-01,5486.83,4166.834
M14345,long_history,Micro,1929-10-01,5331.77,4463.054
M14345,long_history,Micro,1929-11-01,5277.39,4463.054
M14345,long_history,Micro,1929-12-01,4359.32,4443.306
M14345,long_history,Micro,1930-01-01,5130.44,4621.0386
M14345,long_history,Micro,1930-02-01,5409.19,4601.29
M14345,long_history,Micro,1930-03-01,5542.62,4561.794
M14345,long_history,Micro,1930-04-01,5310.84,4680.282
M14345,long_history,Micro,1930-05-01,5466.37,4739.5264
M14345,long_history,Micro,1930-06-01,5607.59,4858.0146
M1445,long_history,Macro,1924-01-01,2370.0,2364.0942
M1445,long_history,Macro,1924-02-01,2374.0,2371.795
M1445,long_history,Macro,1924-03-01,2442.0,2433.4
M1445,long_history,Macro,1924-04-01,2556.0,2525.8076
M1445,long_history,Macro,1924-05-01,2704.0,2633.6165
M1445,long_history,Macro,1924-06-01,2798.0,2764.5273
M1445,long_history,Macro,1924-07-01,2802.0,2772.228
M1445,long_history,Macro,1924-08-01,2797.0,2756.8267
M1445,long_history,Macro,1924-09-01,2689.0,2656.7183
M1445,long_history,Macro,1924-10-01,2625.0,2572.0115
M1445,long_history,Macro,1924-11-01,2560.0,2525.8076
M1445,long_history,Macro,1924-12-01,2539.0,2495.0054
M1445,long_history,Macro,1925-01-01,2448.0,2425.6992
M1445,long_history,Macro,1925-02-01,2458.0,2425.6992
M1445,long_history,Macro,1925-03-01,2507.0,2479.604
M1445,long_history,Macro,1925-04-01,2625.0,2564.3108
M1445,long_history,Macro,1925-05-01,2777.0,2672.1196
M1445,long_history,Macro,1925-06-01,2866.0,2779.9287
M14483,medium,Micro,1921-03-01,11700.0,11584.0205
M14483,medium,Micro,1921-04-01,12170.0,11799.107
M14483,medium,Micro,1921-05-01,12680.0,11922.016
M14483,medium,Micro,1921-06-01,13150.0,12106.377
M14483,medium,Micro,1921-07-01,13470.0,12260.012
M14483,medium,Micro,1921-08-01,13600.0,12382.918
M14483,medium,Micro,1921-09-01,13590.0,12382.918
M14483,medium,Micro,1921-10-01,13520.0,12382.918
M14483,medium,Micro,1921-11-01,13550.0,12382.918
M14483,medium,Micro,1921-12-01,13750.0,12290.738
M14483,medium,Micro,1922-01-01,14080.0,12321.465
M14483,medium,Micro,1922-02-01,14470.0,12444.372
M14483,medium,Micro,1922-03-01,14770.0,12628.732
M14483,medium,Micro,1922-04-01,14890.0,12690.187
M14483,medium,Micro,1922-05-01,14850.0,12598.006
M14483,medium,Micro,1922-06-01,14790.0,12720.913
M14483,medium,Micro,1922-07-01,14820.0,12782.367
M14483,medium,Micro,1922-08-01,15000.0,12659.46
M1449,long_history,Macro,1924-01-01,3530.0,3749.211
M1449,long_history,Macro,1924-02-01,3750.0,3688.7397
M1449,long_history,Macro,1924-03-01,3800.0,3824.7998
M1449,long_history,Macro,1924-04-01,4010.0,3839.9175
M1449,long_history,Macro,1924-05-01,3920.0,3794.5642
M1449,long_history,Macro,1924-06-01,3770.0,3658.504
M1449,long_history,Macro,1924-07-01,3720.0,3582.915
M1449,long_history,Macro,1924-08-01,3690.0,3567.7974
M1449,long_history,Macro,1924-09-01,3870.0,3628.2686
M1449,long_history,Macro,1924-10-01,3930.0,3749.211
M1449,long_history,Macro,1924-11-01,3940.0,3809.682
M1449,long_history,Macro,1924-12-01,3920.0,3809.682
M1449,long_history,Macro,1925-01-01,3650.0,3673.6218
M1449,long_history,Macro,1925-02-01,3900.0,3718.9753
M1449,long_history,Macro,1925-03-01,3910.0,3809.682
M1449,long_history,Macro,1925-04-01,3910.0,3794.5642
M1449,long_history,Macro,1925-05-01,3930.0,3749.211
M1449,long_history,Macro,1925-06-01,3660.0,3628.2686
M14968,short,Micro,1907-01-01,6868.0,6904.797
M14968,short,Micro,1907-02-01,6925.0,6996.8604
M14968,short,Micro,1907-03-01,6903.0,6950.8286
M14968,short,Micro,1907-04-01,7198.0,7065.908
M14968,short,Micro,1907-05-01,6736.0,7042.8926
M14968,short,Micro,1907-06-01,7351.0,7180.9883
M14968,short,Micro,1907-07-01,7404.0,7204.0044
M14968,short,Micro,1907-08-01,7018.0,7134.9565
M14968,short,Micro,1907-09-01,6290.0,7157.9727
M14968,short,Micro,1907-10-01,6819.0,7111.9404
M14968,short,Micro,1907-11-01,6719.0,6996.861
M14968,short,Micro,1907-12-01,6944.0,7180.9883
M14968,short,Micro,1908-01-01,6787.0,7250.036
M14968,short,Micro,1908-02-01,7075.0,7273.0522
M14968,short,Micro,1908-03-01,7011.0,7641.3086
M14968,short,Micro,1908-04-01,6974.0,7664.324
M14968,short,Micro,1908-05-01,6993.0,7848.452
M14968,short,Micro,1908-06-01,6784.0,7940.5156
M15167,long_history,Micro,1931-01-01,3429.6,3277.1628
M15167,long_history,Micro,1931-02-01,3079.41,3269.7651
M15167,long_history,Micro,1931-03-01,3313.63,3188.391
M15167,long_history,Micro,1931-04-01,3206.54,3217.9814
M15167,long_history,Micro,1931-05-01,3362.18,3217.9814
M15167,long_history,Micro,1931-06-01,3301.28,3425.1162
M15167,long_history,Micro,1931-07-01,3229.62,3513.888
M15167,long_history,Micro,1931-08-01,3574.71,3380.73
M15167,long_history,Micro,1931-09-01,3335.73,3358.537
M15167,long_history,Micro,1931-10-01,3586.74,3314.151
M15167,long_history,Micro,1931-11-01,3486.62,3373.3323
M15167,long_history,Micro,1931-12-01,4124.4,3188.391
M15167,long_history,Micro,1932-01-01,3504.93,3144.005
M15167,long_history,Micro,1932-02-01,3624.37,3055.233
M15167,long_history,Micro,1932-03-01,3620.46,2966.4612
M15167,long_history,Micro,1932-04-01,3336.25,3033.04
M15167,long_history,Micro,1932-05-01,3426.44,3129.2095
M15167,long_history,Micro,1932-06-01,3892.89,3121.8118
M15328,short,Micro,1913-02-01,5039.733,4915.8604
M15328,short,Micro,1913-03-01,4649.345,4741.462
M15328,short,Micro,1913-04-01,3931.249,4261.8657
M15328,short,Micro,1913-05-01,3483.664,3814.9692
M15328,short,Micro,1913-06-01,3694.502,3945.7683
M15328,short,Micro,1913-07-01,4153.018,4785.0615
M15328,short,Micro,1913-08-01,4248.545,4752.362
M15328,short,Micro,1913-09-01,3647.835,4283.6655
M15328,short,Micro,1913-10-01,3458.252,3891.2688
M15328,short,Micro,1913-11-01,3956.263,4294.5654
M15328,short,Micro,1913-12-01,4899.012,5384.557
M15328,short,Micro,1914-01-01,5326.929,5711.5537
M15328,short,Micro,1914-02-01,4797.967,5133.859
M15328,short,Micro,1914-03-01,4275.916,5112.059
M15328,short,Micro,1914-04-01,3655.484,4610.663
M15328,short,Micro,1914-05-01,3345.282,4098.367
M15328,short,Micro,1914-06-01,3770.552,4294.5654
M15328,short,Micro,1914-07-01,4631.767,5253.758
M15361,short,Micro,1905-05-01,4729.9761,2840.2651
M15361,short,Micro,1905-06-01,4838.2304,2691.2388
M15361,short,Micro,1905-07-01,6162.2166,2761.3687
M15361,short,Micro,1905-08-01,4729.9761,2673.706
M15361,short,Micro,1905-09-01,3642.9458,2643.0244
M15361,short,Micro,1905-10-01,6162.2166,2695.6216
M15361,short,Micro,1905-11-01,8133.4911,2721.9204
M15361,short,Micro,1905-12-01,6385.9437,2713.1543
M15361,short,Micro,1906-01-01,8133.4911,2621.1086
M15361,short,Micro,1906-02-01,7862.4871,2638.641
M15361,short,Micro,1906-03-01,6385.9437,2695.6216
M15361,short,Micro,1906-04-01,3973.2394,2634.258
M15361,short,Micro,1906-05-01,7862.4871,2638.641
M15361,short,Micro,1906-06-01,8117.6207,2656.1738
M15361,short,Micro,1906-07-01,5633.5326,2638.641
M15361,short,Micro,1906-08-01,8132.0144,2629.875
M15361,short,Micro,1906-09-01,8231.7474,2651.7905
M15361,short,Micro,1906-10-01,5655.5703,2686.8555
M15421,short,Micro,1913-02-01,13223.763,11656.863
M15421,short,Micro,1913-03-01,13189.549,10679.939
M15421,short,Micro,1913-04-01,14315.981,10216.314
M15421,short,Micro,1913-05-01,10290.821,9835.479
M15421,short,Micro,1913-06-01,9156.213,9305.621
M15421,short,Micro,1913-07-01,8567.75,8957.902
M15421,short,Micro,1913-08-01,6585.565,8792.322
M15421,short,Micro,1913-09-01,7054.854,8775.764
M15421,short,Micro,1913-10-01,10081.968,9123.482
M15421,short,Micro,1913-11-01,12327.413,8924.787
M15421,short,Micro,1913-12-01,9222.167,8875.112
M15421,short,Micro,1914-01-01,11978.158,9123.482
M15421,short,Micro,1914-02-01,11042.624,9007.576
M15421,short,Micro,1914-03-01,11656.962,8808.88
M15421,short,Micro,1914-04-01,11846.369,8626.741
M15421,short,Micro,1914-05-01,11623.08,8775.764
M15421,short,Micro,1914-06-01,7550.793,8643.299
M15421,short,Micro,1914-07-01,8305.561,8957.902
M155,cold_start,Macro,1904-03-01,1093.0,1091.1512
M155,cold_start,Macro,1904-04-01,1094.0,1091.1512
M155,cold_start,Macro,1904-05-01,1099.0,1098.8354
M155,cold_start,Macro,1904-06-01,1088.0,1091.1512
M155,cold_start,Macro,1904-07-01,1098.0,1098.8354
M155,cold_start,Macro,1904-08-01,1093.0,1098.8354
M155,cold_start,Macro,1904-09-01,1108.0,1102.6775
M155,cold_start,Macro,1904-10-01,1105.0,1102.6775
M155,cold_start,Macro,1904-11-01,1109.0,1102.6775
M155,cold_start,Macro,1904-12-01,1124.0,1102.6775
M155,cold_start,Macro,1905-01-01,1118.0,1102.6775
M155,cold_start,Macro,1905-02-01,1124.0,1098.8354
M155,cold_start,Macro,1905-03-01,1132.0,1098.8354
M155,cold_start,Macro,1905-04-01,1123.0,1102.6775
M155,cold_start,Macro,1905-05-01,1129.0,1106.5197
M155,cold_start,Macro,1905-06-01,1129.0,1110.3618
M155,cold_start,Macro,1905-07-01,1139.0,1110.3618
M155,cold_start,Macro,1905-08-01,1134.0,1110.3618
M1555,long_history,Macro,1924-01-01,5890.0,5982.7505
M1555,long_history,Macro,1924-02-01,5860.0,5914.7646
M1555,long_history,Macro,1924-03-01,5820.0,5948.758
M1555,long_history,Macro,1924-04-01,6110.0,6050.737
M1555,long_history,Macro,1924-05-01,6260.0,6186.7085
M1555,long_history,Macro,1924-06-01,6400.0,6254.694
M1555,long_history,Macro,1924-07-01,6380.0,6271.6904
M1555,long_history,Macro,1924-08-01,6400.0,6254.694
M1555,long_history,Macro,1924-09-01,6230.0,6169.712
M1555,long_history,Macro,1924-10-01,6140.0,6118.7227
M1555,long_history,Macro,1924-11-01,6100.0,6118.7227
M1555,long_history,Macro,1924-12-01,6080.0,6135.7188
M1555,long_history,Macro,1925-01-01,6050.0,6050.737
M1555,long_history,Macro,1925-02-01,6050.0,5999.747
M1555,long_history,Macro,1925-03-01,6060.0,6050.737
M1555,long_history,Macro,1925-04-01,6250.0,6135.7188
M1555,long_history,Macro,1925-05-01,6430.0,6254.694
M1555,long_history,Macro,1925-06-01,6550.0,6339.6763
M15585,medium,Micro,1922-09-01,11239.0,11249.718
M15585,medium,Micro,1922-10-01,11143.0,11198.814
M15585,medium,Micro,1922-11-01,11069.0,11224.266
M15585,medium,Micro,1922-12-01,11102.0,11275.17
M15585,medium,Micro,1923-01-01,11317.0,11402.429
M15585,medium,Micro,1923-02-01,11466.0,11529.6875
M15585,medium,Micro,1923-03-01,11538.0,11504.236
M15585,medium,Micro,1923-04-01,11740.0,11555.14
M15585,medium,Micro,1923-05-01,11725.0,11555.14
M15585,medium,Micro,1923-06-01,11767.0,11504.236
M15585,medium,Micro,1923-07-01,11754.0,11631.495
M15585,medium,Micro,1923-08-01,11899.0,11555.14
M15585,medium,Micro,1923-09-01,12038.0,11529.6875
M15585,medium,Micro,1923-10-01,12210.0,11453.332
M15585,medium,Micro,1923-11-01,12302.0,11478.784
M15585,medium,Micro,1923-12-01,12379.0,11682.399
M15585,medium,Micro,1924-01-01,12230.0,11860.5625
M15585,medium,Micro,1924-02-01,12305.0,11860.5625
M15619,medium,Micro,1920-03-01,10426.0,10516.819
M15619,medium,Micro,1920-04-01,10437.0,10576.916
M15619,medium,Micro,1920-05-01,11242.0,10556.884
M15619,medium,Micro,1920-06-01,10605.0,10536.852
M15619,medium,Micro,1920-07-01,10545.0,10496.787
M15619,medium,Micro,1920-08-01,10491.0,10737.172
M15619,medium,Micro,1920-09-01,10345.0,10596.948
M15619,medium,Micro,1920-10-01,10474.0,10596.948
M15619,medium,Micro,1920-11-01,10474.0,10757.204
M15619,medium,Micro,1920-12-01,10543.0,10977.557
M15619,medium,Micro,1921-01-01,10703.0,11017.621
M15619,medium,Micro,1921-02-01,10963.0,10937.492
M15619,medium,Micro,1921-03-01,11005.0,10797.268
M15619,medium,Micro,1921-04-01,11037.0,10837.332
M15619,medium,Micro,1921-05-01,11029.0,10957.524
M15619,medium,Micro,1921-06-01,11666.0,10957.524
M15619,medium,Micro,1921-07-01,11612.0,10857.364
M15619,medium,Micro,1921-08-01,11666.0,10877.396
M15648,short,Micro,1906-06-01,3573.0,3665.2222
M15648,short,Micro,1906-07-01,3610.0,3734.377
M15648,short,Micro,1906-08-01,3624.0,3688.274
M15648,short,Micro,1906-09-01,3504.0,3818.9004
M15648,short,Micro,1906-10-01,3629.0,3826.584
M15648,short,Micro,1906-11-01,3764.0,3834.268
M15648,short,Micro,1906-12-01,3714.0,3918.791
M15648,short,Micro,1907-01-01,4006.0,3957.2104
M15648,short,Micro,1907-02-01,3792.0,3995.63
M15648,short,Micro,1907-03-01,3885.0,4026.3657
M15648,short,Micro,1907-04-01,4115.0,3987.946
M15648,short,Micro,1907-05-01,3966.0,4049.4175
M15648,short,Micro,1907-06-01,4131.0,4049.4175
M15648,short,Micro,1907-07-01,4205.0,4064.7852
M15648,short,Micro,1907-08-01,3875.0,4041.7334
M15648,short,Micro,1907-09-01,4072.0,4049.4172
M15648,short,Micro,1907-10-01,4050.0,4057.1013
M15648,short,Micro,1907-11-01,4197.0,4118.5723
M15679,medium,Micro,1922-01-01,1033.0,1030.5604
M15679,medium,Micro,1922-02-01,1012.0,1030.5604
M15679,medium,Micro,1922-03-01,1013.0,1030.5604
M15679,medium,Micro,1922-04-01,1018.0,1019.59705
M15679,medium,Micro,1922-05-01,1015.0,1019.59705
M15679,medium,Micro,1922-06-01,994.0,1012.28815
M15679,medium,Micro,1922-07-01,1008.0,1008.63367
M15679,medium,Micro,1922-08-01,1029.0,997.6703
M15679,medium,Micro,1922-09-01,1006.0,1001.3247
M15679,medium,Micro,1922-10-01,1014.0,997.6703
M15679,medium,Micro,1922-11-01,1014.0,1001.32477
M15679,medium,Micro,1922-12-01,1016.0,1001.32477
M15679,medium,Micro,1923-01-01,1017.0,1001.32477
M15679,medium,Micro,1923-02-01,1014.0,1001.32477
M15679,medium,Micro,1923-03-01,1039.0,1008.63367
M15679,medium,Micro,1923-04-01,1053.0,997.6703
M15679,medium,Micro,1923-05-01,1076.0,990.3613
M15679,medium,Micro,1923-06-01,1101.0,986.7069
M16637,cold_start,Micro,1904-04-01,7817.0,8307.004
M16637,cold_start,Micro,1904-05-01,7816.0,7751.5938
M16637,cold_start,Micro,1904-06-01,6710.0,7341.073
M16637,cold_start,Micro,1904-07-01,6750.0,7027.1455
M16637,cold_start,Micro,1904-08-01,7623.0,7461.814
M16637,cold_start,Micro,1904-09-01,8158.0,7389.3696
M16637,cold_start,Micro,1904-10-01,7947.0,7244.48
M16637,cold_start,Micro,1904-11-01,13352.0,7558.407
M16637,cold_start,Micro,1904-12-01,13570.0,7244.48
M16637,cold_start,Micro,1905-01-01,12964.0,7316.925
M16637,cold_start,Micro,1905-02-01,12610.0,7316.925
M16637,cold_start,Micro,1905-03-01,14109.0,7292.7764
M16637,cold_start,Micro,1905-04-01,12933.0,7196.1836
M16637,cold_start,Micro,1905-05-01,12968.0,6592.4766
M16637,cold_start,Micro,1905-06-01,11899.0,6568.3286
M16637,cold_start,Micro,1905-07-01,12174.0,6592.4766
M16637,cold_start,Micro,1905-08-01,13358.0,6833.9595
M16637,cold_start,Micro,1905-09-01,13845.0,6713.218
M17110,short,Micro,1911-06-01,4249.945,4275.451
M17110,short,Micro,1911-07-01,4115.621,4275.451
M17110,short,Micro,1911-08-01,4129.105,4245.129
M17110,short,Micro,1911-09-01,4124.289,4184.484
M17110,short,Micro,1911-10-01,4178.057,4245.1284
M17110,short,Micro,1911-11-01,4160.998,4184.484
M17110,short,Micro,1911-12-01,4165.687,4184.484
M17110,short,Micro,1912-01-01,4149.134,4154.1616
M17110,short,Micro,1912-02-01,3915.908,4184.484
M17110,short,Micro,1912-03-01,3927.426,4275.451
M17110,short,Micro,1912-04-01,3982.463,4305.774
M17110,short,Micro,1912-05-01,4147.858,4336.096
M17110,short,Micro,1912-06-01,4184.295,4457.3853
M17110,short,Micro,1912-07-01,4209.942,4639.3193
M17110,short,Micro,1912-08-01,4199.654,4699.964
M17110,short,Micro,1912-09-01,4193.788,4548.352
M17110,short,Micro,1912-10-01,4179.819,4487.7075
M17110,short,Micro,1912-11-01,4193.618,4487.7075
M17244,cold_start,Micro,1904-04-01,3536.0,3447.7407
M17244,cold_start,Micro,1904-05-01,3772.0,3498.9448
M17244,cold_start,Micro,1904-06-01,3808.0,3652.5571
M17244,cold_start,Micro,1904-07-01,3790.0,3686.693
M17244,cold_start,Micro,1904-08-01,3881.0,3754.965
M17244,cold_start,Micro,1904-09-01,3961.0,3789.101
M17244,cold_start,Micro,1904-10-01,3905.0,3703.7612
M17244,cold_start,Micro,1904-11-01,3741.0,3652.5571
M17244,cold_start,Micro,1904-12-01,3516.0,3516.0127
M17244,cold_start,Micro,1905-01-01,3263.0,3618.4211
M17244,cold_start,Micro,1905-02-01,3114.0,3567.2168
M17244,cold_start,Micro,1905-03-01,3096.0,3618.4211
M17244,cold_start,Micro,1905-04-01,2027.0,3686.693
M17244,cold_start,Micro,1905-05-01,2203.0,3720.829
M17244,cold_start,Micro,1905-06-01,2268.0,3772.0332
M17244,cold_start,Micro,1905-07-01,3626.0,3703.7612
M17244,cold_start,Micro,1905-08-01,3347.0,3703.7612
M17244,cold_start,Micro,1905-09-01,3225.0,3737.897
M17653,cold_start,Micro,1904-04-01,5600.0,5345.107
M17653,cold_start,Micro,1904-05-01,7900.0,5194.5405
M17653,cold_start,Micro,1904-06-01,10400.0,5269.8237
M17653,cold_start,Micro,1904-07-01,9600.0,5909.7314
M17653,cold_start,Micro,1904-08-01,8400.0,5382.749
M17653,cold_start,Micro,1904-09-01,9000.0,5458.032
M17653,cold_start,Micro,1904-10-01,9000.0,5081.616
M17653,cold_start,Micro,1904-11-01,7800.0,4818.1245
M17653,cold_start,Micro,1904-12-01,5700.0,5156.8994
M17653,cold_start,Micro,1905-01-01,5400.0,5721.523
M17653,cold_start,Micro,1905-02-01,6100.0,5947.3726
M17653,cold_start,Micro,1905-03-01,6600.0,5796.806
M17653,cold_start,Micro,1905-04-01,6700.0,6060.298
M17653,cold_start,Micro,1905-05-01,7200.0,7453.0366
M17653,cold_start,Micro,1905-06-01,9000.0,7904.736
M17653,cold_start,Micro,1905-07-01,9500.0,7904.7354
M17653,cold_start,Micro,1905-08-01,8700.0,8318.793
M17653,cold_start,Micro,1905-09-01,8900.0,8130.585
M17749,cold_start,Micro,1904-04-01,3300.0,4619.9473
M17749,cold_start,Micro,1904-05-01,3900.0,4780.045
M17749,cold_start,Micro,1904-06-01,4400.0,5031.626
M17749,cold_start,Micro,1904-07-01,3800.0,5077.3677
M17749,cold_start,Micro,1904-08-01,4400.0,5443.3047
M17749,cold_start,Micro,1904-09-01,4800.0,6106.564
M17749,cold_start,Micro,1904-10-01,4900.0,6449.629
M17749,cold_start,Micro,1904-11-01,4800.0,6358.145
M17749,cold_start,Micro,1904-12-01,4800.0,6243.79
M17749,cold_start,Micro,1905-01-01,4600.0,6586.8555
M17749,cold_start,Micro,1905-02-01,4600.0,7158.631
M17749,cold_start,Micro,1905-03-01,4800.0,6792.695
M17749,cold_start,Micro,1905-04-01,2700.0,6861.3076
M17749,cold_start,Micro,1905-05-01,2300.0,6724.082
M17749,cold_start,Micro,1905-06-01,2800.0,7547.4385
M17749,cold_start,Micro,1905-07-01,2900.0,7913.375
M17749,cold_start,Micro,1905-08-01,2600.0,7753.278
M17749,cold_start,Micro,1905-09-01,2200.0,7661.794
M1793,long_history,Macro,1926-01-01,2410.0,2585.2207
M1793,long_history,Macro,1926-02-01,2720.0,2885.291
M1793,long_history,Macro,1926-03-01,3220.0,3508.5137
M1793,long_history,Macro,1926-04-01,3330.0,3831.6665
M1793,long_history,Macro,1926-05-01,3450.0,3970.1602
M1793,long_history,Macro,1926-06-01,3290.0,3854.7485
M1793,long_history,Macro,1926-07-01,2930.0,3716.255
M1793,long_history,Macro,1926-08-01,3910.0,3762.4194
M1793,long_history,Macro,1926-09-01,2920.0,3439.2668
M1793,long_history,Macro,1926-10-01,3690.0,2792.9617
M1793,long_history,Macro,1926-11-01,2340.0,2469.809
M1793,long_history,Macro,1926-12-01,2690.0,2331.315
M1793,long_history,Macro,1927-01-01,2640.0,2446.7268
M1793,long_history,Macro,1927-02-01,2420.0,2539.056
M1793,long_history,Macro,1927-03-01,3500.0,3000.7026
M1793,long_history,Macro,1927-04-01,3690.0,3300.773
M1793,long_history,Macro,1927-05-01,4060.0,3208.4436
M1793,long_history,Macro,1927-06-01,4270.0,3346.9375
M18017,cold_start,Micro,1904-04-01,6700.0,5930.0576
M18017,cold_start,Micro,1904-05-01,6600.0,6204.28
M18017,cold_start,Micro,1904-06-01,7000.0,6581.3354
M18017,cold_start,Micro,1904-07-01,7500.0,6375.669
M18017,cold_start,Micro,1904-08-01,8000.0,6718.4463
M18017,cold_start,Micro,1904-09-01,8100.0,6547.0576
M18017,cold_start,Micro,1904-10-01,8500.0,5861.502
M18017,cold_start,Micro,1904-11-01,7200.0,5895.7793
M18017,cold_start,Micro,1904-12-01,5900.0,5861.502
M18017,cold_start,Micro,1905-01-01,5400.0,5141.6685
M18017,cold_start,Micro,1905-02-01,5800.0,5073.113
M18017,cold_start,Micro,1905-03-01,5200.0,5347.335
M18017,cold_start,Micro,1905-04-01,5900.0,6204.2793
M18017,cold_start,Micro,1905-05-01,6600.0,6375.669
M18017,cold_start,Micro,1905-06-01,5300.0,7061.2246
M18017,cold_start,Micro,1905-07-01,5300.0,6889.8354
M18017,cold_start,Micro,1905-08-01,5000.0,7266.8906
M18017,cold_start,Micro,1905-09-01,5400.0,7712.5024
M18155,cold_start,Micro,1904-04-01,4500.0,3904.6633
M18155,cold_start,Micro,1904-05-01,6000.0,4238.615
M18155,cold_start,Micro,1904-06-01,6400.0,4521.1895
M18155,cold_start,Micro,1904-07-01,6600.0,4675.321
M18155,cold_start,Micro,1904-08-01,6900.0,4957.895
M18155,cold_start,Micro,1904-09-01,6200.0,4906.518
M18155,cold_start,Micro,1904-10-01,5800.0,4932.2065
M18155,cold_start,Micro,1904-11-01,5600.0,4932.2065
M18155,cold_start,Micro,1904-12-01,5000.0,4418.435
M18155,cold_start,Micro,1905-01-01,5000.0,4264.3037
M18155,cold_start,Micro,1905-02-01,5400.0,4084.4834
M18155,cold_start,Micro,1905-03-01,5300.0,3878.9749
M18155,cold_start,Micro,1905-04-01,5900.0,4315.6807
M18155,cold_start,Micro,1905-05-01,4900.0,5291.8467
M18155,cold_start,Micro,1905-06-01,6000.0,6062.504
M18155,cold_start,Micro,1905-07-01,5700.0,6447.8325
M18155,cold_start,Micro,1905-08-01,6200.0,6627.6523
M18155,cold_start,Micro,1905-09-01,5500.0,7038.6694
M18278,cold_start,Micro,1904-04-01,740.0,740.00775
M18278,cold_start,Micro,1904-05-01,860.0,761.27234
M18278,cold_start,Micro,1904-06-01,990.0,791.0427
M18278,cold_start,Micro,1904-07-01,1160.0,808.05444
M18278,cold_start,Micro,1904-08-01,1270.0,812.3074
M18278,cold_start,Micro,1904-09-01,1180.0,791.0427
M18278,cold_start,Micro,1904-10-01,1080.0,816.5603
M18278,cold_start,Micro,1904-11-01,920.0,791.04285
M18278,cold_start,Micro,1904-12-01,800.0,752.7665
M18278,cold_start,Micro,1905-01-01,740.0,786.78986
M18278,cold_start,Micro,1905-02-01,670.0,778.28406
M18278,cold_start,Micro,1905-03-01,720.0,791.0428
M18278,cold_start,Micro,1905-04-01,770.0,854.83655
M18278,cold_start,Micro,1905-05-01,800.0,837.8248
M18278,cold_start,Micro,1905-06-01,960.0,888.85986
M18278,cold_start,Micro,1905-07-01,990.0,837.8249
M18278,cold_start,Micro,1905-08-01,1040.0,863.3424
M18278,cold_start,Micro,1905-09-01,970.0,905.8716
M1842,long_history,Macro,1924-01-01,1366.0,1373.8499
M1842,long_history,Macro,1924-02-01,1399.0,1394.2031
M1842,long_history,Macro,1924-03-01,1414.0,1404.3798
M1842,long_history,Macro,1924-04-01,1432.0,1414.5565
M1842,long_history,Macro,1924-05-01,1443.0,1424.7332
M1842,long_history,Macro,1924-06-01,1444.0,1424.7332
M1842,long_history,Macro,1924-07-01,1428.0,1424.7332
M1842,long_history,Macro,1924-08-01,1428.0,1429.8215
M1842,long_history,Macro,1924-09-01,1426.0,1424.7332
M1842,long_history,Macro,1924-10-01,1459.0,1445.0864
M1842,long_history,Macro,1924-11-01,1466.0,1455.2631
M1842,long_history,Macro,1924-12-01,1460.0,1450.1748
M1842,long_history,Macro,1925-01-01,1388.0,1373.8499
M1842,long_history,Macro,1925-02-01,1406.0,1409.4681
M1842,long_history,Macro,1925-03-01,1420.0,1414.5565
M1842,long_history,Macro,1925-04-01,1435.0,1424.7332
M1842,long_history,Macro,1925-05-01,1450.0,1445.0864
M1842,long_history,Macro,1925-06-01,1451.0,1445.0864
M18681,cold_start,Micro,1904-04-01,5930.0,5634.3237
M18681,cold_start,Micro,1904-05-01,6740.0,5634.3237
M18681,cold_start,Micro,1904-06-01,7420.0,5557.6665
M18681,cold_start,Micro,1904-07-01,7720.0,5940.953
M18681,cold_start,Micro,1904-08-01,7940.0,5710.9814
M18681,cold_start,Micro,1904-09-01,8220.0,5979.282
M18681,cold_start,Micro,1904-10-01,8430.0,5787.6387
M18681,cold_start,Micro,1904-11-01,8680.0,6324.241
M18681,cold_start,Micro,1904-12-01,7740.0,6209.255
M18681,cold_start,Micro,1905-01-01,7260.0,6400.8984
M18681,cold_start,Micro,1905-02-01,7760.0,6477.5557
M18681,cold_start,Micro,1905-03-01,8560.0,6400.8984
M18681,cold_start,Micro,1905-04-01,7150.0,6707.5283
M18681,cold_start,Micro,1905-05-01,7870.0,6784.1855
M18681,cold_start,Micro,1905-06-01,8920.0,6707.5283
M18681,cold_start,Micro,1905-07-01,9840.0,6822.5146
M18681,cold_start,Micro,1905-08-01,10420.0,7014.1577
M18681,cold_start,Micro,1905-09-01,10290.0,6209.255
M18742,cold_start,Micro,1904-04-01,2000.0,1868.659
M18742,cold_start,Micro,1904-05-01,2340.0,1844.3907
M18742,cold_start,Micro,1904-06-01,2280.0,1965.7323
M18742,cold_start,Micro,1904-07-01,2200.0,2014.2689
M18742,cold_start,Micro,1904-08-01,2420.0,2038.5372
M18742,cold_start,Micro,1904-09-01,2210.0,2038.5371
M18742,cold_start,Micro,1904-10-01,2190.0,2147.7446
M18742,cold_start,Micro,1904-11-01,2120.0,2111.342
M18742,cold_start,Micro,1904-12-01,1810.0,2099.208
M18742,cold_start,Micro,1905-01-01,1580.0,1977.8665
M18742,cold_start,Micro,1905-02-01,1590.0,1905.0615
M18742,cold_start,Micro,1905-03-01,1970.0,1856.5249
M18742,cold_start,Micro,1905-04-01,2110.0,1929.3298
M18742,cold_start,Micro,1905-05-01,2540.0,2038.5371
M18742,cold_start,Micro,1905-06-01,2560.0,2281.2202
M18742,cold_start,Micro,1905-07-01,2360.0,2523.9033
M18742,cold_start,Micro,1905-08-01,2270.0,2572.4397
M18742,cold_start,Micro,1905-09-01,2370.0,2608.8423
M18959,cold_start,Micro,1904-04-01,5800.0,7092.5337
M18959,cold_start,Micro,1904-05-01,6000.0,6987.199
M18959,cold_start,Micro,1904-06-01,6400.0,7478.7607
M18959,cold_start,Micro,1904-07-01,6400.0,7338.3145
M18959,cold_start,Micro,1904-08-01,6900.0,7970.3223
M18959,cold_start,Micro,1904-09-01,7300.0,7478.7607
M18959,cold_start,Micro,1904-10-01,7300.0,7513.8726
M18959,cold_start,Micro,1904-11-01,7100.0,7268.092
M18959,cold_start,Micro,1904-12-01,7000.0,8040.546
M18959,cold_start,Micro,1905-01-01,7000.0,7513.872
M18959,cold_start,Micro,1905-02-01,6200.0,7057.4224
M18959,cold_start,Micro,1905-03-01,5400.0,6284.968
M18959,cold_start,Micro,1905-04-01,7500.0,6214.745
M18959,cold_start,Micro,1905-05-01,7600.0,6214.745
M18959,cold_start,Micro,1905-06-01,7800.0,6987.199
M18959,cold_start,Micro,1905-07-01,7700.0,7022.3105
M18959,cold_start,Micro,1905-08-01,8000.0,7408.538
M18959,cold_start,Micro,1905-09-01,7900.0,7654.3184
M18978,cold_start,Micro,1904-04-01,2620.0,2625.8064
M18978,cold_start,Micro,1904-05-01,2780.0,2744.0862
M18978,cold_start,Micro,1904-06-01,2740.0,2708.6023
M18978,cold_start,Micro,1904-07-01,2790.0,2732.2583
M18978,cold_start,Micro,1904-08-01,2920.0,2767.7422
M18978,cold_start,Micro,1904-09-01,3020.0,2767.7422
M18978,cold_start,Micro,1904-10-01,2520.0,2886.0217
M18978,cold_start,Micro,1904-11-01,2510.0,2968.8174
M18978,cold_start,Micro,1904-12-01,2340.0,3027.957
M18978,cold_start,Micro,1905-01-01,2200.0,3027.957
M18978,cold_start,Micro,1905-02-01,1940.0,3027.957
M18978,cold_start,Micro,1905-03-01,2170.0,3181.7207
M18978,cold_start,Micro,1905-04-01,1600.0,3512.9033
M18978,cold_start,Micro,1905-05-01,1500.0,3465.5918
M18978,cold_start,Micro,1905-06-01,1520.0,3654.8389
M18978,cold_start,Micro,1905-07-01,1580.0,3572.0432
M18978,cold_start,Micro,1905-08-01,1520.0,3536.5593
M18978,cold_start,Micro,1905-09-01,1480.0,3524.7314
M19219,cold_start,Micro,1904-04-01,4900.0,4485.726
M19219,cold_start,Micro,1904-05-01,5900.0,4517.3154
M19219,cold_start,Micro,1904-06-01,6500.0,4327.7773
M19219,cold_start,Micro,1904-07-01,6300.0,4580.495
M19219,cold_start,Micro,1904-08-01,7000.0,4422.547
M19219,cold_start,Micro,1904-09-01,7000.0,4296.188
M19219,cold_start,Micro,1904-10-01,6600.0,4454.136
M19219,cold_start,Micro,1904-11-01,6600.0,4201.419
M19219,cold_start,Micro,1904-12-01,5200.0,4296.188
M19219,cold_start,Micro,1905-01-01,4600.0,4390.957
M19219,cold_start,Micro,1905-02-01,4500.0,4675.2637
M19219,cold_start,Micro,1905-03-01,4800.0,4706.853
M19219,cold_start,Micro,1905-04-01,6100.0,5212.287
M19219,cold_start,Micro,1905-05-01,6400.0,5907.259
M19219,cold_start,Micro,1905-06-01,7600.0,5844.079
M19219,cold_start,Micro,1905-07-01,8700.0,5717.7207
M19219,cold_start,Micro,1905-08-01,8600.0,5654.542
M19219,cold_start,Micro,1905-09-01,8300.0,5496.5933
M19244,cold_start,Micro,1904-04-01,4600.0,4200.923
M19244,cold_start,Micro,1904-05-01,5200.0,4200.923
M19244,cold_start,Micro,1904-06-01,6400.0,4200.923
M19244,cold_start,Micro,1904-07-01,5900.0,4394.069
M19244,cold_start,Micro,1904-08-01,6200.0,4128.493
M19244,cold_start,Micro,1904-09-01,6200.0,4200.923
M19244,cold_start,Micro,1904-10-01,5700.0,4997.65
M19244,cold_start,Micro,1904-11-01,5000.0,4901.0767
M19244,cold_start,Micro,1904-12-01,4600.0,4683.7876
M19244,cold_start,Micro,1905-01-01,3600.0,5118.366
M19244,cold_start,Micro,1905-02-01,3800.0,4538.9277
M19244,cold_start,Micro,1905-03-01,4600.0,5118.366
M19244,cold_start,Micro,1905-04-01,3600.0,4538.928
M19244,cold_start,Micro,1905-05-01,4400.0,5118.366
M19244,cold_start,Micro,1905-06-01,4800.0,4876.9336
M19244,cold_start,Micro,1905-07-01,4500.0,5166.6523
M19244,cold_start,Micro,1905-08-01,3800.0,5021.793
M19244,cold_start,Micro,1905-09-01,3400.0,4997.6494
M1926,long_history,Macro,1924-01-01,1269.0,1266.4008
M1926,long_history,Macro,1924-02-01,1268.0,1262.1511
M1926,long_history,Macro,1924-03-01,1282.0,1270.6504
M1926,long_history,Macro,1924-04-01,1282.0,1274.9
M1926,long_history,Macro,1924-05-01,1287.0,1283.3994
M1926,long_history,Macro,1924-06-01,1284.0,1279.1497
M1926,long_history,Macro,1924-07-01,1233.0,1249.4021
M1926,long_history,Macro,1924-08-01,1257.0,1249.4021
M1926,long_history,Macro,1924-09-01,1269.0,1262.1511
M1926,long_history,Macro,1924-10-01,1275.0,1257.9014
M1926,long_history,Macro,1924-11-01,1288.0,1270.6504
M1926,long_history,Macro,1924-12-01,1290.0,1274.9
M1926,long_history,Macro,1925-01-01,1256.0,1262.1511
M1926,long_history,Macro,1925-02-01,1263.0,1257.9014
M1926,long_history,Macro,1925-03-01,1270.0,1266.4006
M1926,long_history,Macro,1925-04-01,1278.0,1266.4006
M1926,long_history,Macro,1925-05-01,1287.0,1270.6504
M1926,long_history,Macro,1925-06-01,1284.0,1274.9001
M1940,long_history,Macro,1924-01-01,1820.0,1818.0239
M1940,long_history,Macro,1924-02-01,1820.0,1829.7532
M1940,long_history,Macro,1924-03-01,1830.0,1818.0239
M1940,long_history,Macro,1924-04-01,1830.0,1829.7532
M1940,long_history,Macro,1924-05-01,1850.0,1835.6177
M1940,long_history,Macro,1924-06-01,1880.0,1829.7532
M1940,long_history,Macro,1924-07-01,1900.0,1829.7532
M1940,long_history,Macro,1924-08-01,1930.0,1841.4823
M1940,long_history,Macro,1924-09-01,1910.0,1847.3469
M1940,long_history,Macro,1924-10-01,1910.0,1853.2114
M1940,long_history,Macro,1924-11-01,1910.0,1853.2114
M1940,long_history,Macro,1924-12-01,1930.0,1841.4823
M1940,long_history,Macro,1925-01-01,1920.0,1841.4823
M1940,long_history,Macro,1925-02-01,1920.0,1841.4823
M1940,long_history,Macro,1925-03-01,1930.0,1847.3469
M1940,long_history,Macro,1925-04-01,1930.0,1853.2114
M1940,long_history,Macro,1925-05-01,1930.0,1841.4823
M1940,long_history,Macro,1925-06-01,1960.0,1841.4823
M19797,cold_start,Micro,1904-04-01,5000.0,5093.2666
M19797,cold_start,Micro,1904-05-01,4800.0,4992.4097
M19797,cold_start,Micro,1904-06-01,4800.0,4715.0537
M19797,cold_start,Micro,1904-07-01,4700.0,4563.7686
M19797,cold_start,Micro,1904-08-01,4400.0,4538.5547
M19797,cold_start,Micro,1904-09-01,4200.0,4488.126
M19797,cold_start,Micro,1904-10-01,4000.0,4538.5547
M19797,cold_start,Micro,1904-11-01,4000.0,4563.7686
M19797,cold_start,Micro,1904-12-01,4000.0,4538.5547
M19797,cold_start,Micro,1905-01-01,4000.0,4538.5547
M19797,cold_start,Micro,1905-02-01,3700.0,4614.1973
M19797,cold_start,Micro,1905-03-01,3200.0,4614.1973
M19797,cold_start,Micro,1905-04-01,3200.0,4765.4824
M19797,cold_start,Micro,1905-05-01,3500.0,4790.6963
M19797,cold_start,Micro,1905-06-01,3900.0,4992.4097
M19797,cold_start,Micro,1905-07-01,3700.0,5244.552
M19797,cold_start,Micro,1905-08-01,3200.0,5496.694
M19797,cold_start,Micro,1905-09-01,3100.0,5547.122
M19963,cold_start,Micro,1904-04-01,1670.0,1661.7217
M19963,cold_start,Micro,1904-05-01,1800.0,1661.7217
M19963,cold_start,Micro,1904-06-01,1910.0,1648.9392
M19963,cold_start,Micro,1904-07-01,1900.0,1661.7217
M19963,cold_start,Micro,1904-08-01,1890.0,1648.9392
M19963,cold_start,Micro,1904-09-01,2020.0,1636.1566
M19963,cold_start,Micro,1904-10-01,2200.0,1674.5042
M19963,cold_start,Micro,1904-11-01,2240.0,1687.2866
M19963,cold_start,Micro,1904-12-01,2250.0,1674.5042
M19963,cold_start,Micro,1905-01-01,2280.0,1700.0691
M19963,cold_start,Micro,1905-02-01,2240.0,1700.0691
M19963,cold_start,Micro,1905-03-01,2240.0,1738.4165
M19963,cold_start,Micro,1905-04-01,2310.0,1763.9814
M19963,cold_start,Micro,1905-05-01,2320.0,1789.5464
M19963,cold_start,Micro,1905-06-01,2320.0,1802.3289
M19963,cold_start,Micro,1905-07-01,2440.0,1827.8938
M19963,cold_start,Micro,1905-08-01,2630.0,1879.0237
M19963,cold_start,Micro,1905-09-01,2760.0,1904.5886
M20573,cold_start,Micro,1904-04-01,1340.0,1322.4944
M20573,cold_start,Micro,1904-05-01,1360.0,1330.2283
M20573,cold_start,Micro,1904-06-01,1350.0,1330.2283
M20573,cold_start,Micro,1904-07-01,1310.0,1330.2283
M20573,cold_start,Micro,1904-08-01,1290.0,1330.2283
M20573,cold_start,Micro,1904-09-01,1300.0,1330.2283
M20573,cold_start,Micro,1904-10-01,1320.0,1330.2283
M20573,cold_start,Micro,1904-11-01,1360.0,1307.0266
M20573,cold_start,Micro,1904-12-01,1380.0,1283.8251
M20573,cold_start,Micro,1905-01-01,1380.0,1283.825
M20573,cold_start,Micro,1905-02-01,1400.0,1307.0266
M20573,cold_start,Micro,1905-03-01,1430.0,1330.2283
M20573,cold_start,Micro,1905-04-01,1420.0,1368.8978
M20573,cold_start,Micro,1905-05-01,1380.0,1368.8978
M20573,cold_start,Micro,1905-06-01,1380.0,1368.8978
M20573,cold_start,Micro,1905-07-01,1440.0,1407.5671
M20573,cold_start,Micro,1905-08-01,1500.0,1376.6316
M20573,cold_start,Micro,1905-09-01,1510.0,1392.0994
M21023,short,Demographic,1914-01-01,1541.3,1535.1316
M21023,short,Demographic,1914-02-01,1515.2,1535.1316
M21023,short,Demographic,1914-03-01,1486.5,1535.1316
M21023,short,Demographic,1914-04-01,1486.0,1535.1316
M21023,short,Demographic,1914-05-01,1488.8,1540.2488
M21023,short,Demographic,1914-06-01,1521.9,1535.1316
M21023,short,Demographic,1914-07-01,1532.5,1530.0144
M21023,short,Demographic,1914-08-01,1527.4,1535.1316
M21023,short,Demographic,1914-09-01,1530.1,1530.0144
M21023,short,Demographic,1914-10-01,1530.1,1530.0144
M21023,short,Demographic,1914-11-01,1557.5,1535.1316
M21023,short,Demographic,1914-12-01,1574.2,1535.1316
M21023,short,Demographic,1915-01-01,1557.3,1530.0144
M21023,short,Demographic,1915-02-01,1551.9,1530.0144
M21023,short,Demographic,1915-03-01,1550.5,1530.0144
M21023,short,Demographic,1915-04-01,1536.6,1535.1316
M21023,short,Demographic,1915-05-01,1560.2,1535.1316
M21023,short,Demographic,1915-06-01,1560.4,1524.8973
M21060,short,Demographic,1914-01-01,2170.0,2060.1318
M21060,short,Demographic,1914-02-01,2420.0,2100.2122
M21060,short,Demographic,1914-03-01,2380.0,2084.18
M21060,short,Demographic,1914-04-01,2290.0,2116.2441
M21060,short,Demographic,1914-05-01,2330.0,2212.437
M21060,short,Demographic,1914-06-01,2250.0,2164.3408
M21060,short,Demographic,1914-07-01,2620.0,2228.4692
M21060,short,Demographic,1914-08-01,2580.0,2084.18
M21060,short,Demographic,1914-09-01,2780.0,2084.18
M21060,short,Demographic,1914-10-01,2330.0,2068.1477
M21060,short,Demographic,1914-11-01,2450.0,2084.18
M21060,short,Demographic,1914-12-01,2390.0,2028.0674
M21060,short,Demographic,1915-01-01,2330.0,2020.0513
M21060,short,Demographic,1915-02-01,2400.0,1955.9227
M21060,short,Demographic,1915-03-01,2250.0,2036.0834
M21060,short,Demographic,1915-04-01,2150.0,2012.0352
M21060,short,Demographic,1915-05-01,2420.0,2004.0192
M21060,short,Demographic,1915-06-01,2670.0,2084.1797
M21134,short,Demographic,1914-01-01,1749.0,1702.2719
M21134,short,Demographic,1914-02-01,1650.0,1664.0186
M21134,short,Demographic,1914-03-01,1732.0,1606.6385
M21134,short,Demographic,1914-04-01,1731.0,1695.8964
M21134,short,Demographic,1914-05-01,1851.0,1740.5251
M21134,short,Demographic,1914-06-01,1754.0,1734.1495
M21134,short,Demographic,1914-07-01,1659.0,1683.1453
M21134,short,Demographic,1914-08-01,1727.0,1676.7698
M21134,short,Demographic,1914-09-01,1777.0,1695.8964
M21134,short,Demographic,1914-10-01,1788.0,1689.5208
M21134,short,Demographic,1914-11-01,1874.0,1727.7739
M21134,short,Demographic,1914-12-01,1878.0,1740.5251
M21134,short,Demographic,1915-01-01,1902.0,1715.023
M21134,short,Demographic,1915-02-01,1827.0,1676.7697
M21134,short,Demographic,1915-03-01,1944.0,1689.5208
M21134,short,Demographic,1915-04-01,1951.0,1695.8964
M21134,short,Demographic,1915-05-01,1927.0,1715.023
M21134,short,Demographic,1915-06-01,1960.0,1695.8964
M21283,short,Demographic,1914-01-01,6500.0,4249.7295
M21283,short,Demographic,1914-02-01,4100.0,4601.3257
M21283,short,Demographic,1914-03-01,1900.0,4203.869
M21283,short,Demographic,1914-04-01,3000.0,5105.7905
M21283,short,Demographic,1914-05-01,2400.0,4494.3184
M21283,short,Demographic,1914-06-01,4300.0,4096.862
M21283,short,Demographic,1914-07-01,2800.0,4448.458
M21283,short,Demographic,1914-08-01,4200.0,4005.141
M21283,short,Demographic,1914-09-01,6500.0,4112.1484
M21283,short,Demographic,1914-10-01,2400.0,3699.4048
M21283,short,Demographic,1914-11-01,3500.0,3852.273
M21283,short,Demographic,1914-12-01,4100.0,3852.273
M21283,short,Demographic,1915-01-01,5400.0,4188.5825
M21283,short,Demographic,1915-02-01,3100.0,4402.5977
M21283,short,Demographic,1915-03-01,3000.0,4096.862
M21283,short,Demographic,1915-04-01,3900.0,4448.458
M21283,short,Demographic,1915-05-01,5600.0,3745.2651
M21283,short,Demographic,1915-06-01,8400.0,4096.862
M21323,short,Demographic,1914-01-01,5300.0,4736.3975
M21323,short,Demographic,1914-02-01,5900.0,4541.265
M21323,short,Demographic,1914-03-01,6500.0,4488.047
M21323,short,Demographic,1914-04-01,7800.0,4896.052
M21323,short,Demographic,1914-05-01,7700.0,4984.748
M21323,short,Demographic,1914-06-01,4500.0,4559.0044
M21323,short,Demographic,1914-07-01,6200.0,4399.3506
M21323,short,Demographic,1914-08-01,5900.0,5002.4873
M21323,short,Demographic,1914-09-01,4800.0,4559.0044
M21323,short,Demographic,1914-10-01,3400.0,4683.1797
M21323,short,Demographic,1914-11-01,3100.0,4612.222
M21323,short,Demographic,1914-12-01,3600.0,4949.2695
M21323,short,Demographic,1915-01-01,4800.0,4399.3506
M21323,short,Demographic,1915-02-01,3500.0,4559.0044
M21323,short,Demographic,1915-03-01,5900.0,4896.052
M21323,short,Demographic,1915-04-01,3500.0,4505.786
M21323,short,Demographic,1915-05-01,2200.0,4346.133
M21323,short,Demographic,1915-06-01,3400.0,4399.3506
M21370,short,Demographic,1914-01-01,3090.0,2818.8606
M21370,short,Demographic,1914-02-01,3020.0,3018.426
M21370,short,Demographic,1914-03-01,2830.0,3043.3716
M21370,short,Demographic,1914-04-01,4980.0,2993.4805
M21370,short,Demographic,1914-05-01,2710.0,3060.002
M21370,short,Demographic,1914-06-01,2320.0,2752.3389
M21370,short,Demographic,1914-07-01,2160.0,2627.6104
M21370,short,Demographic,1914-08-01,2410.0,2494.567
M21370,short,Demographic,1914-09-01,2520.0,2519.5127
M21370,short,Demographic,1914-10-01,2300.0,2694.1323
M21370,short,Demographic,1914-11-01,1670.0,2735.7085
M21370,short,Demographic,1914-12-01,1950.0,2877.0674
M21370,short,Demographic,1915-01-01,2340.0,2926.9585
M21370,short,Demographic,1915-02-01,2480.0,2918.643
M21370,short,Demographic,1915-03-01,2360.0,2910.3281
M21370,short,Demographic,1915-04-01,1980.0,2877.0674
M21370,short,Demographic,1915-05-01,1790.0,2885.3823
M21370,short,Demographic,1915-06-01,1880.0,2768.9692
M21456,cold_start,Demographic,1904-08-01,1015.0,982.24396
M21456,cold_start,Demographic,1904-09-01,1051.0,1004.2345
M21456,cold_start,Demographic,1904-10-01,1077.0,1029.8901
M21456,cold_start,Demographic,1904-11-01,1077.0,1022.55994
M21456,cold_start,Demographic,1904-12-01,1087.0,1026.225
M21456,cold_start,Demographic,1905-01-01,1103.0,1033.5552
M21456,cold_start,Demographic,1905-02-01,1120.0,1044.5504
M21456,cold_start,Demographic,1905-03-01,1140.0,1037.2202
M21456,cold_start,Demographic,1905-04-01,1106.0,1029.8901
M21456,cold_start,Demographic,1905-05-01,1135.0,1026.225
M21456,cold_start,Demographic,1905-06-01,1066.0,996.9043
M21456,cold_start,Demographic,1905-07-01,1037.0,985.90906
M21456,cold_start,Demographic,1905-08-01,1048.0,982.24396
M21456,cold_start,Demographic,1905-09-01,1093.0,996.9043
M21456,cold_start,Demographic,1905-10-01,1124.0,1040.8854
M21456,cold_start,Demographic,1905-11-01,1101.0,1033.5552
M21456,cold_start,Demographic,1905-12-01,1111.0,1026.225
M21456,cold_start,Demographic,1906-01-01,1138.0,1040.8854
M21457,cold_start,Demographic,1904-11-01,1019.0,1010.7507
M21457,cold_start,Demographic,1904-12-01,1019.0,1017.9191
M21457,cold_start,Demographic,1905-01-01,1026.0,1017.9191
M21457,cold_start,Demographic,1905-02-01,1018.0,1017.9191
M21457,cold_start,Demographic,1905-03-01,1019.0,1017.9191
M21457,cold_start,Demographic,1905-04-01,1026.0,1017.9191
M21457,cold_start,Demographic,1905-05-01,1034.0,1017.9191
M21457,cold_start,Demographic,1905-06-01,1038.0,1017.9191
M21457,cold_start,Demographic,1905-07-01,1032.0,1017.9191
M21457,cold_start,Demographic,1905-08-01,1035.0,1017.9191
M21457,cold_start,Demographic,1905-09-01,1034.0,1017.9191
M21457,cold_start,Demographic,1905-10-01,1034.0,1021.5033
M21457,cold_start,Demographic,1905-11-01,1039.0,1021.5033
M21457,cold_start,Demographic,1905-12-01,1043.0,1021.5033
M21457,cold_start,Demographic,1906-01-01,1037.0,1021.5033
M21457,cold_start,Demographic,1906-02-01,1032.0,1021.5033
M21457,cold_start,Demographic,1906-03-01,1038.0,1028.6719
M21457,cold_start,Demographic,1906-04-01,1041.0,1025.0875
M21460,cold_start,Demographic,1903-11-01,7690.0,7788.9834
M21460,cold_start,Demographic,1903-12-01,7130.0,7336.9443
M21460,cold_start,Demographic,1904-01-01,6920.0,6989.2217
M21460,cold_start,Demographic,1904-02-01,6830.0,6919.6777
M21460,cold_start,Demographic,1904-03-01,6860.0,7197.8555
M21460,cold_start,Demographic,1904-04-01,7180.0,7649.8945
M21460,cold_start,Demographic,1904-05-01,7300.0,7928.0728
M21460,cold_start,Demographic,1904-06-01,7320.0,7997.617
M21460,cold_start,Demographic,1904-07-01,7310.0,7928.0728
M21460,cold_start,Demographic,1904-08-01,7310.0,7858.5283
M21460,cold_start,Demographic,1904-09-01,7350.0,7719.439
M21460,cold_start,Demographic,1904-10-01,7400.0,7580.35
M21460,cold_start,Demographic,1904-11-01,7280.0,7302.1724
M21460,cold_start,Demographic,1904-12-01,6860.0,6850.133
M21460,cold_start,Demographic,1905-01-01,6580.0,6259.005
M21460,cold_start,Demographic,1905-02-01,6610.0,6398.0938
M21460,cold_start,Demographic,1905-03-01,6980.0,6745.8164
M21460,cold_start,Demographic,1905-04-01,7280.0,7163.083
M21530,long_history,Demographic,1929-03-01,8800.0,8708.434
M21530,long_history,Demographic,1929-04-01,8300.0,8356.578
M21530,long_history,Demographic,1929-05-01,8400.0,7762.821
M21530,long_history,Demographic,1929-06-01,7900.0,7498.9287
M21530,long_history,Demographic,1929-07-01,7700.0,7147.073
M21530,long_history,Demographic,1929-08-01,7700.0,6839.199
M21530,long_history,Demographic,1929-09-01,7900.0,6641.2803
M21530,long_history,Demographic,1929-10-01,7800.0,6509.3345
M21530,long_history,Demographic,1929-11-01,7500.0,6597.2983
M21530,long_history,Demographic,1929-12-01,7800.0,6641.2803
M21530,long_history,Demographic,1930-01-01,8300.0,7301.0103
M21530,long_history,Demographic,1930-02-01,8400.0,7344.992
M21530,long_history,Demographic,1930-03-01,7700.0,7344.992
M21530,long_history,Demographic,1930-04-01,7100.0,7147.073
M21530,long_history,Demographic,1930-05-01,6500.0,6465.3525
M21530,long_history,Demographic,1930-06-01,6700.0,5981.5503
M21530,long_history,Demographic,1930-07-01,7100.0,5761.6406
M21530,long_history,Demographic,1930-08-01,7200.0,5585.7124
M21563,short,Demographic,1912-11-01,1337.59,1335.6145
M21563,short,Demographic,1912-12-01,1350.2,1344.8257
M21563,short,Demographic,1913-01-01,1347.35,1354.0367
M21563,short,Demographic,1913-02-01,1349.55,1344.8257
M21563,short,Demographic,1913-03-01,1343.62,1335.6145
M21563,short,Demographic,1913-04-01,1344.79,1335.6145
M21563,short,Demographic,1913-05-01,1350.86,1344.8257
M21563,short,Demographic,1913-06-01,1347.11,1344.8257
M21563,short,Demographic,1913-07-01,1333.79,1335.6145
M21563,short,Demographic,1913-08-01,1325.4,1326.4034
M21563,short,Demographic,1913-09-01,1316.48,1326.4034
M21563,short,Demographic,1913-10-01,1331.77,1335.6145
M21563,short,Demographic,1913-11-01,1348.89,1349.4312
M21563,short,Demographic,1913-12-01,1358.66,1358.6423
M21563,short,Demographic,1914-01-01,1360.63,1363.2479
M21563,short,Demographic,1914-02-01,1359.81,1358.6423
M21563,short,Demographic,1914-03-01,1354.18,1344.8257
M21563,short,Demographic,1914-04-01,1359.52,1344.8257
M21579,short,Demographic,1907-03-01,4662.1,6619.065
M21579,short,Demographic,1907-04-01,6219.81,6741.965
M21579,short,Demographic,1907-05-01,5341.37,6443.493
M21579,short,Demographic,1907-06-01,5548.97,6303.035
M21579,short,Demographic,1907-07-01,6080.0,6303.0356
M21579,short,Demographic,1907-08-01,6577.29,6478.6074
M21579,short,Demographic,1907-09-01,5608.67,6548.836
M21579,short,Demographic,1907-10-01,5741.67,6250.364
M21579,short,Demographic,1907-11-01,5385.23,6373.264
M21579,short,Demographic,1907-12-01,4388.2,6022.12
M21579,short,Demographic,1908-01-01,5944.1,6127.463
M21579,short,Demographic,1908-02-01,5341.2,5987.006
M21579,short,Demographic,1908-03-01,5053.8,6232.8066
M21579,short,Demographic,1908-04-01,5491.55,6548.836
M21579,short,Demographic,1908-05-01,5220.95,6443.493
M21579,short,Demographic,1908-06-01,5100.48,6513.7217
M21579,short,Demographic,1908-07-01,6272.89,6513.7217
M21579,short,Demographic,1908-08-01,5773.79,6443.493
M21778,long_history,Demographic,1924-01-01,7826.0,8110.7197
M21778,long_history,Demographic,1924-02-01,7548.0,8058.728
M21778,long_history,Demographic,1924-03-01,7516.0,8058.728
M21778,long_history,Demographic,1924-04-01,7384.0,8006.7363
M21778,long_history,Demographic,1924-05-01,7830.0,8162.7114
M21778,long_history,Demographic,1924-06-01,8228.0,8422.671
M21778,long_history,Demographic,1924-07-01,8469.0,8318.687
M21778,long_history,Demographic,1924-08-01,8331.0,8448.667
M21778,long_history,Demographic,1924-09-01,7904.0,8344.684
M21778,long_history,Demographic,1924-10-01,7948.0,8188.707
M21778,long_history,Demographic,1924-11-01,8241.0,8292.691
M21778,long_history,Demographic,1924-12-01,8125.0,8240.699
M21778,long_history,Demographic,1925-01-01,7849.0,8136.716
M21778,long_history,Demographic,1925-02-01,7799.0,8084.7236
M21778,long_history,Demographic,1925-03-01,8157.0,7980.74
M21778,long_history,Demographic,1925-04-01,8107.0,7954.7446
M21778,long_history,Demographic,1925-05-01,8413.0,7954.7446
M21778,long_history,Demographic,1925-06-01,8855.0,7980.74
M21806,long_history,Demographic,1924-01-01,7982.0,7953.852
M21806,long_history,Demographic,1924-02-01,8079.0,8011.909
M21806,long_history,Demographic,1924-03-01,8110.0,8011.909
M21806,long_history,Demographic,1924-04-01,8083.0,8069.9663
M21806,long_history,Demographic,1924-05-01,8129.0,8128.024
M21806,long_history,Demographic,1924-06-01,8228.0,8186.081
M21806,long_history,Demographic,1924-07-01,8317.0,8273.167
M21806,long_history,Demographic,1924-08-01,8167.0,8128.024
M21806,long_history,Demographic,1924-09-01,8123.0,8011.909
M21806,long_history,Demographic,1924-10-01,8169.0,8040.9375
M21806,long_history,Demographic,1924-11-01,8179.0,8011.909
M21806,long_history,Demographic,1924-12-01,8153.0,8011.909
M21806,long_history,Demographic,1925-01-01,8103.0,7924.823
M21806,long_history,Demographic,1925-02-01,8182.0,7953.852
M21806,long_history,Demographic,1925-03-01,8224.0,8011.909
M21806,long_history,Demographic,1925-04-01,8257.0,8040.9375
M21806,long_history,Demographic,1925-05-01,8298.0,8069.9663
M21806,long_history,Demographic,1925-06-01,8383.0,8157.0527
M2191,short,Macro,1907-01-01,3910.0,4003.4658
M2191,short,Macro,1907-02-01,3850.0,4059.4585
M2191,short,Macro,1907-03-01,4130.0,4129.449
M2191,short,Macro,1907-04-01,4040.0,4185.4414
M2191,short,Macro,1907-05-01,4130.0,4171.4434
M2191,short,Macro,1907-06-01,4120.0,4199.44
M2191,short,Macro,1907-07-01,4170.0,4227.436
M2191,short,Macro,1907-08-01,4140.0,4269.43
M2191,short,Macro,1907-09-01,4080.0,4241.434
M2191,short,Macro,1907-10-01,3920.0,4241.434
M2191,short,Macro,1907-11-01,4110.0,4213.4375
M2191,short,Macro,1907-12-01,4000.0,4129.449
M2191,short,Macro,1908-01-01,3770.0,4045.4604
M2191,short,Macro,1908-02-01,3750.0,4143.4473
M2191,short,Macro,1908-03-01,3750.0,4199.44
M2191,short,Macro,1908-04-01,3840.0,4297.427
M2191,short,Macro,1908-05-01,4020.0,4269.43
M2191,short,Macro,1908-06-01,4020.0,4269.43
M21932,long_history,Demographic,1924-01-01,1610.0,1617.577
M21932,long_history,Demographic,1924-02-01,1620.0,1624.6716
M21932,long_history,Demographic,1924-03-01,1620.0,1638.8608
M21932,long_history,Demographic,1924-04-01,1630.0,1645.9556
M21932,long_history,Demographic,1924-05-01,1650.0,1638.8608
M21932,long_history,Demographic,1924-06-01,1660.0,1638.8608
M21932,long_history,Demographic,1924-07-01,1680.0,1645.9556
M21932,long_history,Demographic,1924-08-01,1680.0,1645.9556
M21932,long_history,Demographic,1924-09-01,1660.0,1653.0502
M21932,long_history,Demographic,1924-10-01,1680.0,1645.9556
M21932,long_history,Demographic,1924-11-01,1700.0,1645.9556
M21932,long_history,Demographic,1924-12-01,1710.0,1645.9556
M21932,long_history,Demographic,1925-01-01,1670.0,1645.9556
M21932,long_history,Demographic,1925-02-01,1700.0,1645.9556
M21932,long_history,Demographic,1925-03-01,1680.0,1653.0502
M21932,long_history,Demographic,1925-04-01,1700.0,1667.2395
M21932,long_history,Demographic,1925-05-01,1700.0,1660.1448
M21932,long_history,Demographic,1925-06-01,1700.0,1674.3341
M21943,long_history,Demographic,1924-01-01,3680.0,3661.7117
M21943,long_history,Demographic,1924-02-01,3730.0,3661.7117
M21943,long_history,Demographic,1924-03-01,3760.0,3676.3584
M21943,long_history,Demographic,1924-04-01,3760.0,3691.0054
M21943,long_history,Demographic,1924-05-01,3790.0,3720.299
M21943,long_history,Demographic,1924-06-01,3820.0,3749.5925
M21943,long_history,Demographic,1924-07-01,3790.0,3749.5925
M21943,long_history,Demographic,1924-08-01,3810.0,3734.9458
M21943,long_history,Demographic,1924-09-01,3800.0,3749.5925
M21943,long_history,Demographic,1924-10-01,3770.0,3720.299
M21943,long_history,Demographic,1924-11-01,3760.0,3661.7117
M21943,long_history,Demographic,1924-12-01,3730.0,3632.418
M21943,long_history,Demographic,1925-01-01,3700.0,3647.065
M21943,long_history,Demographic,1925-02-01,3740.0,3661.7117
M21943,long_history,Demographic,1925-03-01,3780.0,3661.7117
M21943,long_history,Demographic,1925-04-01,3800.0,3691.0054
M21943,long_history,Demographic,1925-05-01,3810.0,3691.0054
M21943,long_history,Demographic,1925-06-01,3810.0,3720.299
M22005,long_history,Demographic,1924-01-01,1660.0,1678.7227
M22005,long_history,Demographic,1924-02-01,1670.0,1689.2148
M22005,long_history,Demographic,1924-03-01,1680.0,1689.2148
M22005,long_history,Demographic,1924-04-01,1680.0,1699.7068
M22005,long_history,Demographic,1924-05-01,1690.0,1694.4608
M22005,long_history,Demographic,1924-06-01,1690.0,1699.7068
M22005,long_history,Demographic,1924-07-01,1680.0,1689.2148
M22005,long_history,Demographic,1924-08-01,1670.0,1689.2148
M22005,long_history,Demographic,1924-09-01,1700.0,1699.7068
M22005,long_history,Demographic,1924-10-01,1720.0,1710.1989
M22005,long_history,Demographic,1924-11-01,1740.0,1725.9368
M22005,long_history,Demographic,1924-12-01,1740.0,1731.1829
M22005,long_history,Demographic,1925-01-01,1710.0,1720.6908
M22005,long_history,Demographic,1925-02-01,1700.0,1715.4448
M22005,long_history,Demographic,1925-03-01,1710.0,1710.1989
M22005,long_history,Demographic,1925-04-01,1710.0,1715.4448
M22005,long_history,Demographic,1925-05-01,1710.0,1720.6908
M22005,long_history,Demographic,1925-06-01,1700.0,1720.6908
M22323,short,Demographic,1911-01-01,2880.0,2957.939
M22323,short,Demographic,1911-02-01,3000.0,2957.939
M22323,short,Demographic,1911-03-01,2960.0,2969.3157
M22323,short,Demographic,1911-04-01,2940.0,2980.6924
M22323,short,Demographic,1911-05-01,2890.0,2980.6924
M22323,short,Demographic,1911-06-01,3060.0,2969.3157
M22323,short,Demographic,1911-07-01,3030.0,2957.939
M22323,short,Demographic,1911-08-01,2950.0,2992.069
M22323,short,Demographic,1911-09-01,3010.0,2957.939
M22323,short,Demographic,1911-10-01,2950.0,2957.939
M22323,short,Demographic,1911-11-01,2990.0,2957.939
M22323,short,Demographic,1911-12-01,2890.0,2923.8088
M22323,short,Demographic,1912-01-01,2950.0,2946.5623
M22323,short,Demographic,1912-02-01,2980.0,2935.1855
M22323,short,Demographic,1912-03-01,3020.0,2935.1855
M22323,short,Demographic,1912-04-01,2950.0,2946.5623
M22323,short,Demographic,1912-05-01,2980.0,2935.1855
M22323,short,Demographic,1912-06-01,3070.0,2935.1855
M22338,long_history,Demographic,1924-01-01,1409.2,1375.8307
M22338,long_history,Demographic,1924-02-01,1397.1,1390.3643
M22338,long_history,Demographic,1924-03-01,1412.8,1395.2087
M22338,long_history,Demographic,1924-04-01,1402.0,1385.5197
M22338,long_history,Demographic,1924-05-01,1408.4,1380.6752
M22338,long_history,Demographic,1924-06-01,1438.2,1395.2087
M22338,long_history,Demographic,1924-07-01,1422.9,1385.5197
M22338,long_history,Demographic,1924-08-01,1395.1,1385.5197
M22338,long_history,Demographic,1924-09-01,1402.9,1390.3643
M22338,long_history,Demographic,1924-10-01,1401.1,1380.6752
M22338,long_history,Demographic,1924-11-01,1403.6,1375.8307
M22338,long_history,Demographic,1924-12-01,1393.8,1380.6752
M22338,long_history,Demographic,1925-01-01,1406.6,1375.8307
M22338,long_history,Demographic,1925-02-01,1412.0,1385.5197
M22338,long_history,Demographic,1925-03-01,1410.9,1390.3643
M22338,long_history,Demographic,1925-04-01,1406.3,1390.3643
M22338,long_history,Demographic,1925-05-01,1407.9,1385.5198
M22338,long_history,Demographic,1925-06-01,1437.5,1390.3643
M22352,long_history,Demographic,1924-01-01,4308.0,4325.555
M22352,long_history,Demographic,1924-02-01,4316.0,4355.698
M22352,long_history,Demographic,1924-03-01,4283.0,4325.555
M22352,long_history,Demographic,1924-04-01,4266.0,4280.34
M22352,long_history,Demographic,1924-05-01,4288.0,4250.197
M22352,long_history,Demographic,1924-06-01,4393.0,4310.4834
M22352,long_history,Demographic,1924-07-01,4442.0,4340.627
M22352,long_history,Demographic,1924-08-01,4352.0,4370.77
M22352,long_history,Demographic,1924-09-01,4296.0,4340.627
M22352,long_history,Demographic,1924-10-01,4331.0,4340.627
M22352,long_history,Demographic,1924-11-01,4325.0,4295.4116
M22352,long_history,Demographic,1924-12-01,4319.0,4325.555
M22352,long_history,Demographic,1925-01-01,4346.0,4280.34
M22352,long_history,Demographic,1925-02-01,4319.0,4310.4834
M22352,long_history,Demographic,1925-03-01,4331.0,4340.627
M22352,long_history,Demographic,1925-04-01,4297.0,4310.4834
M22352,long_history,Demographic,1925-05-01,4323.0,4325.555
M22352,long_history,Demographic,1925-06-01,4408.0,4310.4834
M22437,long_history,Demographic,1924-01-01,4722.4,4617.4097
M22437,long_history,Demographic,1924-02-01,4714.3,4586.211
M22437,long_history,Demographic,1924-03-01,4754.9,4617.4097
M22437,long_history,Demographic,1924-04-01,4772.9,4648.6084
M22437,long_history,Demographic,1924-05-01,4812.1,4695.4062
M22437,long_history,Demographic,1924-06-01,4913.5,4773.403
M22437,long_history,Demographic,1924-07-01,4999.0,4835.8003
M22437,long_history,Demographic,1924-08-01,4950.6,4789.002
M22437,long_history,Demographic,1924-09-01,4922.1,4711.006
M22437,long_history,Demographic,1924-10-01,4979.6,4742.2046
M22437,long_history,Demographic,1924-11-01,4946.9,4726.6055
M22437,long_history,Demographic,1924-12-01,4892.9,4726.6055
M22437,long_history,Demographic,1925-01-01,4818.8,4679.807
M22437,long_history,Demographic,1925-02-01,4758.1,4617.4097
M22437,long_history,Demographic,1925-03-01,4755.8,4664.208
M22437,long_history,Demographic,1925-04-01,4724.8,4711.006
M22437,long_history,Demographic,1925-05-01,4740.4,4726.6055
M22437,long_history,Demographic,1925-06-01,4761.8,4804.6016
M22626,long_history,Demographic,1926-01-01,5560.0,5556.7456
M22626,long_history,Demographic,1926-02-01,5610.0,5592.595
M22626,long_history,Demographic,1926-03-01,5600.0,5592.595
M22626,long_history,Demographic,1926-04-01,5640.0,5592.595
M22626,long_history,Demographic,1926-05-01,5660.0,5664.2954
M22626,long_history,Demographic,1926-06-01,5680.0,5592.595
M22626,long_history,Demographic,1926-07-01,5470.0,5413.3457
M22626,long_history,Demographic,1926-08-01,5500.0,5431.2705
M22626,long_history,Demographic,1926-09-01,5730.0,5700.145
M22626,long_history,Demographic,1926-10-01,5840.0,5843.5454
M22626,long_history,Demographic,1926-11-01,5840.0,5843.5454
M22626,long_history,Demographic,1926-12-01,5780.0,5807.696
M22626,long_history,Demographic,1927-01-01,5630.0,5628.4453
M22626,long_history,Demographic,1927-02-01,5670.0,5718.0703
M22626,long_history,Demographic,1927-03-01,5660.0,5718.0703
M22626,long_history,Demographic,1927-04-01,5690.0,5700.1455
M22626,long_history,Demographic,1927-05-01,5720.0,5753.9204
M22626,long_history,Demographic,1927-06-01,5670.0,5682.22
M22835,long_history,Demographic,1924-01-01,7136.0,7238.2373
M22835,long_history,Demographic,1924-02-01,7239.0,7288.855
M22835,long_history,Demographic,1924-03-01,7180.3,7238.2373
M22835,long_history,Demographic,1924-04-01,7112.4,7187.62
M22835,long_history,Demographic,1924-05-01,7067.0,7137.003
M22835,long_history,Demographic,1924-06-01,7187.7,7162.3115
M22835,long_history,Demographic,1924-07-01,7142.3,7187.62
M22835,long_history,Demographic,1924-08-01,7063.9,7187.62
M22835,long_history,Demographic,1924-09-01,7073.8,7187.62
M22835,long_history,Demographic,1924-10-01,7208.2,7238.2373
M22835,long_history,Demographic,1924-11-01,7254.3,7288.855
M22835,long_history,Demographic,1924-12-01,7211.5,7288.855
M22835,long_history,Demographic,1925-01-01,7076.8,7238.2373
M22835,long_history,Demographic,1925-02-01,7131.2,7212.9287
M22835,long_history,Demographic,1925-03-01,7158.3,7238.2373
M22835,long_history,Demographic,1925-04-01,7130.3,7212.9287
M22835,long_history,Demographic,1925-05-01,7172.0,7162.3115
M22835,long_history,Demographic,1925-06-01,7225.8,7162.3115
M22856,long_history,Demographic,1924-01-01,2396.8,2405.4563
M22856,long_history,Demographic,1924-02-01,2408.1,2386.2126
M22856,long_history,Demographic,1924-03-01,2410.9,2405.4563
M22856,long_history,Demographic,1924-04-01,2388.0,2424.6997
M22856,long_history,Demographic,1924-05-01,2390.3,2424.6997
M22856,long_history,Demographic,1924-06-01,2431.6,2424.6997
M22856,long_history,Demographic,1924-07-01,2392.3,2424.6997
M22856,long_history,Demographic,1924-08-01,2369.7,2415.0781
M22856,long_history,Demographic,1924-09-01,2360.1,2424.6997
M22856,long_history,Demographic,1924-10-01,2366.5,2415.0781
M22856,long_history,Demographic,1924-11-01,2347.6,2405.4563
M22856,long_history,Demographic,1924-12-01,2333.2,2405.4563
M22856,long_history,Demographic,1925-01-01,2342.4,2405.4563
M22856,long_history,Demographic,1925-02-01,2356.3,2415.0781
M22856,long_history,Demographic,1925-03-01,2354.7,2405.4563
M22856,long_history,Demographic,1925-04-01,2362.7,2424.6997
M22856,long_history,Demographic,1925-05-01,2378.0,2434.3215
M22856,long_history,Demographic,1925-06-01,2386.7,2434.3215
M23276,long_history,Demographic,1924-01-01,978.1,967.1488
M23276,long_history,Demographic,1924-02-01,976.0,967.1488
M23276,long_history,Demographic,1924-03-01,976.3,982.62317
M23276,long_history,Demographic,1924-04-01,966.6,982.62317
M23276,long_history,Demographic,1924-05-01,976.0,990.3604
M23276,long_history,Demographic,1924-06-01,990.6,1001.9662
M23276,long_history,Demographic,1924-07-01,985.7,990.3604
M23276,long_history,Demographic,1924-08-01,987.4,982.62317
M23276,long_history,Demographic,1924-09-01,986.8,974.886
M23276,long_history,Demographic,1924-10-01,981.7,974.886
M23276,long_history,Demographic,1924-11-01,973.1,971.0174
M23276,long_history,Demographic,1924-12-01,965.5,967.1488
M23276,long_history,Demographic,1925-01-01,960.7,974.886
M23276,long_history,Demographic,1925-02-01,957.0,971.0174
M23276,long_history,Demographic,1925-03-01,958.9,986.4918
M23276,long_history,Demographic,1925-04-01,943.7,990.3604
M23276,long_history,Demographic,1925-05-01,943.7,1009.70337
M23276,long_history,Demographic,1925-06-01,951.4,1009.70337
M23422,long_history,Demographic,1924-01-01,6671.2,6580.4336
M23422,long_history,Demographic,1924-02-01,6694.9,6599.452
M23422,long_history,Demographic,1924-03-01,6712.3,6618.4707
M23422,long_history,Demographic,1924-04-01,6665.2,6656.508
M23422,long_history,Demographic,1924-05-01,6729.3,6656.508
M23422,long_history,Demographic,1924-06-01,6753.5,6656.508
M23422,long_history,Demographic,1924-07-01,6787.1,6675.5264
M23422,long_history,Demographic,1924-08-01,6689.8,6656.508
M23422,long_history,Demographic,1924-09-01,6652.9,6618.4707
M23422,long_history,Demographic,1924-10-01,6703.9,6580.4336
M23422,long_history,Demographic,1924-11-01,6642.2,6580.4336
M23422,long_history,Demographic,1924-12-01,6614.4,6580.4336
M23422,long_history,Demographic,1925-01-01,6668.7,6599.452
M23422,long_history,Demographic,1925-02-01,6669.5,6618.4707
M23422,long_history,Demographic,1925-03-01,6664.5,6656.508
M23422,long_history,Demographic,1925-04-01,6672.2,6675.5264
M23422,long_history,Demographic,1925-05-01,6742.6,6694.545
M23422,long_history,Demographic,1925-06-01,6737.0,6694.545
M23428,long_history,Demographic,1924-01-01,6457.8,6461.658
M23428,long_history,Demographic,1924-02-01,6530.7,6461.658
M23428,long_history,Demographic,1924-03-01,6583.7,6461.658
M23428,long_history,Demographic,1924-04-01,6583.9,6504.4507
M23428,long_history,Demographic,1924-05-01,6524.2,6461.658
M23428,long_history,Demographic,1924-06-01,6492.1,6376.0737
M23428,long_history,Demographic,1924-07-01,6510.1,6354.6777
M23428,long_history,Demographic,1924-08-01,6305.9,6333.2812
M23428,long_history,Demographic,1924-09-01,6487.2,6290.489
M23428,long_history,Demographic,1924-10-01,6494.5,6376.0737
M23428,long_history,Demographic,1924-11-01,6418.0,6376.0737
M23428,long_history,Demographic,1924-12-01,6419.3,6418.866
M23428,long_history,Demographic,1925-01-01,6391.4,6418.866
M23428,long_history,Demographic,1925-02-01,6521.7,6418.866
M23428,long_history,Demographic,1925-03-01,6506.3,6461.658
M23428,long_history,Demographic,1925-04-01,6582.4,6461.658
M23428,long_history,Demographic,1925-05-01,6512.8,6440.262
M23428,long_history,Demographic,1925-06-01,6489.1,6440.262
M23568,short,Demographic,1911-05-01,9548.8413553,9400.256
M23568,short,Demographic,1911-06-01,10038.066122,9752.767
M23568,short,Demographic,1911-07-01,9303.2060493,9341.505
M23568,short,Demographic,1911-08-01,9634.6510263,9488.385
M23568,short,Demographic,1911-09-01,9933.5975923,9694.015
M23568,short,Demographic,1911-10-01,9659.62938,9723.391
M23568,short,Demographic,1911-11-01,9703.5431629,9870.27
M23568,short,Demographic,1911-12-01,9435.2667024,9547.137
M23568,short,Demographic,1912-01-01,9172.4431136,9459.009
M23568,short,Demographic,1912-02-01,9701.08885,9547.137
M23568,short,Demographic,1912-03-01,9262.190439,9605.888
M23568,short,Demographic,1912-04-01,9698.4991627,9840.894
M23568,short,Demographic,1912-05-01,9379.1880975,9870.27
M23568,short,Demographic,1912-06-01,10232.057286,10075.9
M23568,short,Demographic,1912-07-01,9536.2318366,9605.888
M23568,short,Demographic,1912-08-01,9682.149472,9694.015
M23568,short,Demographic,1912-09-01,10071.845425,9929.021
M23568,short,Demographic,1912-10-01,10023.909822,9899.6455
M23617,long_history,Demographic,1926-05-01,5757.607347,5992.6426
M23617,long_history,Demographic,1926-06-01,5970.522407,5934.0825
M23617,long_history,Demographic,1926-07-01,5941.052532,6031.6826
M23617,long_history,Demographic,1926-08-01,5846.304246,5953.6025
M23617,long_history,Demographic,1926-09-01,6139.947714,6031.6826
M23617,long_history,Demographic,1926-10-01,6121.476491,6148.8022
M23617,long_history,Demographic,1926-11-01,6097.770489,6168.3223
M23617,long_history,Demographic,1926-12-01,5997.234167,6168.3223
M23617,long_history,Demographic,1927-01-01,5968.303573,6129.282
M23617,long_history,Demographic,1927-02-01,5903.244336,6070.722
M23617,long_history,Demographic,1927-03-01,5918.98585,6070.722
M23617,long_history,Demographic,1927-04-01,6099.08942,6031.6826
M23617,long_history,Demographic,1927-05-01,6030.057352,6012.1626
M23617,long_history,Demographic,1927-06-01,6082.954579,6051.202
M23617,long_history,Demographic,1927-07-01,6023.133309,6226.8823
M23617,long_history,Demographic,1927-08-01,6062.652621,6129.282
M23617,long_history,Demographic,1927-09-01,6155.050511,6090.242
M23617,long_history,Demographic,1927-10-01,6236.258232,6187.8423
M23628,short,Demographic,1913-11-01,5350.27761,5737.8804
M23628,short,Demographic,1913-12-01,5613.72165,5737.8804
M23628,short,Demographic,1914-01-01,5535.34582,5781.5146
M23628,short,Demographic,1914-02-01,5725.85452,5803.3315
M23628,short,Demographic,1914-03-01,5667.34291,5846.9653
M23628,short,Demographic,1914-04-01,5891.52306,5650.612
M23628,short,Demographic,1914-05-01,6245.09428,5781.5146
M23628,short,Demographic,1914-06-01,5887.3993,5759.6973
M23628,short,Demographic,1914-07-01,5704.02433,5694.246
M23628,short,Demographic,1914-08-01,5977.88337,5803.3315
M23628,short,Demographic,1914-09-01,5916.44429,5803.3315
M23628,short,Demographic,1914-10-01,5784.90817,5737.88
M23628,short,Demographic,1914-11-01,5335.68483,5650.612
M23628,short,Demographic,1914-12-01,5600.78397,5694.246
M23628,short,Demographic,1915-01-01,4641.21573,5825.1484
M23628,short,Demographic,1915-02-01,4502.37272,5759.6973
M23628,short,Demographic,1915-03-01,4295.99878,5890.5996
M23628,short,Demographic,1915-04-01,4504.38103,5934.2334
M23730,short,Demographic,1913-11-01,4980.28437,5102.379
M23730,short,Demographic,1913-12-01,5005.66122,5004.2563
M23730,short,Demographic,1914-01-01,5090.12117,5004.2563
M23730,short,Demographic,1914-02-01,5164.869,5004.2563
M23730,short,Demographic,1914-03-01,5203.60398,5020.6104
M23730,short,Demographic,1914-04-01,5103.77119,5102.379
M23730,short,Demographic,1914-05-01,4869.06399,5053.3174
M23730,short,Demographic,1914-06-01,5007.03799,5004.2563
M23730,short,Demographic,1914-07-01,5095.00581,5069.6714
M23730,short,Demographic,1914-08-01,5246.55239,5020.6104
M23730,short,Demographic,1914-09-01,5134.9865,5069.6714
M23730,short,Demographic,1914-10-01,4996.91391,5053.3174
M23730,short,Demographic,1914-11-01,4946.66651,5036.964
M23730,short,Demographic,1914-12-01,5127.73334,5118.7324
M23730,short,Demographic,1915-01-01,5112.2006,5069.6714
M23730,short,Demographic,1915-02-01,4971.102,5086.0254
M23730,short,Demographic,1915-03-01,5071.97473,5086.0254
M23730,short,Demographic,1915-04-01,5199.23011,5086.0254
M24084,short,Demographic,1913-11-01,2174.44316,1732.7231
M24084,short,Demographic,1913-12-01,2180.28968,1809.7332
M24084,short,Demographic,1914-01-01,2153.79401,1825.135
M24084,short,Demographic,1914-02-01,1818.76943,1925.248
M24084,short,Demographic,1914-03-01,2181.12203,2171.6797
M24084,short,Demographic,1914-04-01,2392.62837,2317.9985
M24084,short,Demographic,1914-05-01,2476.30499,2217.8857
M24084,short,Demographic,1914-06-01,2388.32845,2133.1748
M24084,short,Demographic,1914-07-01,2248.08997,2156.2776
M24084,short,Demographic,1914-08-01,2414.19572,2033.0619
M24084,short,Demographic,1914-09-01,2052.75392,2094.67
M24084,short,Demographic,1914-10-01,2205.57833,1986.8558
M24084,short,Demographic,1914-11-01,2287.82639,2063.8657
M24084,short,Demographic,1914-12-01,2404.58128,2171.6797
M24084,short,Demographic,1915-01-01,2759.28257,2171.6797
M24084,short,Demographic,1915-02-01,2364.95918,2048.4639
M24084,short,Demographic,1915-03-01,2637.45818,2102.3706
M24084,short,Demographic,1915-04-01,2601.76256,2133.1748
M24097,short,Demographic,1913-11-01,6194.59255,6496.343
M24097,short,Demographic,1913-12-01,6493.59302,6546.702
M24097,short,Demographic,1914-01-01,6534.30754,6546.702
M24097,short,Demographic,1914-02-01,6257.2424,6546.702
M24097,short,Demographic,1914-03-01,6743.71081,6521.5225
M24097,short,Demographic,1914-04-01,6421.43788,6546.702
M24097,short,Demographic,1914-05-01,6576.30766,6521.5225
M24097,short,Demographic,1914-06-01,6581.49919,6571.882
M24097,short,Demographic,1914-07-01,6668.10723,6571.882
M24097,short,Demographic,1914-08-01,6705.47258,6571.882
M24097,short,Demographic,1914-09-01,6517.41065,6571.882
M24097,short,Demographic,1914-10-01,6725.54471,6546.702
M24097,short,Demographic,1914-11-01,6771.31837,6496.343
M24097,short,Demographic,1914-12-01,6484.92947,6546.702
M24097,short,Demographic,1915-01-01,6478.7774,6622.241
M24097,short,Demographic,1915-02-01,6347.42996,6546.702
M24097,short,Demographic,1915-03-01,6614.8415,6597.0615
M24097,short,Demographic,1915-04-01,6680.50781,6622.241
M24098,short,Demographic,1913-11-01,5478.87167,5764.4697
M24098,short,Demographic,1913-12-01,5779.18737,5742.5513
M24098,short,Demographic,1914-01-01,5608.18379,5742.5513
M24098,short,Demographic,1914-02-01,5655.27296,5742.5513
M24098,short,Demographic,1914-03-01,5718.86923,5764.4697
M24098,short,Demographic,1914-04-01,5680.93296,5786.3877
M24098,short,Demographic,1914-05-01,5683.76254,5808.3057
M24098,short,Demographic,1914-06-01,5730.50762,5874.06
M24098,short,Demographic,1914-07-01,5617.43618,5895.9785
M24098,short,Demographic,1914-08-01,5908.69662,5808.3057
M24098,short,Demographic,1914-09-01,5690.66257,5808.3057
M24098,short,Demographic,1914-10-01,5771.68791,5874.06
M24098,short,Demographic,1914-11-01,5739.05942,5830.2236
M24098,short,Demographic,1914-12-01,5779.01278,5764.4697
M24098,short,Demographic,1915-01-01,5851.41125,5654.879
M24098,short,Demographic,1915-02-01,5694.05399,5764.469
M24098,short,Demographic,1915-03-01,5767.3164,5874.06
M24098,short,Demographic,1915-04-01,5645.47571,5742.5513
M24232,medium,Demographic,1917-03-01,1172.154417,1164.5114
M24232,medium,Demographic,1917-04-01,1177.836176,1164.5114
M24232,medium,Demographic,1917-05-01,1174.33858,1172.7997
M24232,medium,Demographic,1917-06-01,1182.953265,1176.9438
M24232,medium,Demographic,1917-07-01,1202.292501,1164.5114
M24232,medium,Demographic,1917-08-01,1190.066328,1168.6555
M24232,medium,Demographic,1917-09-01,1187.076688,1156.223
M24232,medium,Demographic,1917-10-01,1194.627935,1152.0789
M24232,medium,Demographic,1917-11-01,1171.792479,1147.9347
M24232,medium,Demographic,1917-12-01,1174.539085,1160.3672
M24232,medium,Demographic,1918-01-01,1188.662281,1143.7905
M24232,medium,Demographic,1918-02-01,1193.923994,1135.5022
M24232,medium,Demographic,1918-03-01,1212.805107,1152.0789
M24232,medium,Demographic,1918-04-01,1245.331078,1147.9347
M24232,medium,Demographic,1918-05-01,1236.521018,1143.7905
M24232,medium,Demographic,1918-06-01,1217.513277,1156.223
M24232,medium,Demographic,1918-07-01,1216.997552,1160.3672
M24232,medium,Demographic,1918-08-01,1224.133192,1147.9347
M24374,long_history,Demographic,1926-05-01,12823.64018,13101.541
M24374,long_history,Demographic,1926-06-01,12783.55161,13555.555
M24374,long_history,Demographic,1926-07-01,12629.13173,13620.414
M24374,long_history,Demographic,1926-08-01,12361.25568,13069.111
M24374,long_history,Demographic,1926-09-01,11058.39543,11934.077
M24374,long_history,Demographic,1926-10-01,11055.25231,11771.93
M24374,long_history,Demographic,1926-11-01,12453.73257,13198.83
M24374,long_history,Demographic,1926-12-01,13050.55314,13523.125
M24374,long_history,Demographic,1927-01-01,12950.34852,13458.266
M24374,long_history,Demographic,1927-02-01,13765.42169,13587.984
M24374,long_history,Demographic,1927-03-01,14166.34568,13296.118
M24374,long_history,Demographic,1927-04-01,13033.57907,13717.703
M24374,long_history,Demographic,1927-05-01,13561.81036,13847.421
M24374,long_history,Demographic,1927-06-01,13437.0836,14074.428
M24374,long_history,Demographic,1927-07-01,14442.34825,13490.695
M24374,long_history,Demographic,1927-08-01,13631.52663,13036.682
M24374,long_history,Demographic,1927-09-01,11839.66571,12193.514
M24374,long_history,Demographic,1927-10-01,12684.39887,12258.372
M24383,long_history,Demographic,1926-05-01,7762.73078,7885.8857
M24383,long_history,Demographic,1926-06-01,8073.08004,7854.839
M24383,long_history,Demographic,1926-07-01,7951.21101,7947.9795
M24383,long_history,Demographic,1926-08-01,7860.94871,7916.9326
M24383,long_history,Demographic,1926-09-01,8482.47847,8351.588
M24383,long_history,Demographic,1926-10-01,8047.33603,8320.541
M24383,long_history,Demographic,1926-11-01,7921.02596,8320.541
M24383,long_history,Demographic,1926-12-01,7745.83598,8196.354
M24383,long_history,Demographic,1927-01-01,7832.41945,8041.1196
M24383,long_history,Demographic,1927-02-01,8087.87621,7979.0264
M24383,long_history,Demographic,1927-03-01,8116.48836,8010.0728
M24383,long_history,Demographic,1927-04-01,7783.50476,8010.0728
M24383,long_history,Demographic,1927-05-01,7592.5824,8010.0728
M24383,long_history,Demographic,1927-06-01,7682.14646,8196.354
M24383,long_history,Demographic,1927-07-01,7723.87292,8103.2134
M24383,long_history,Demographic,1927-08-01,7503.79053,8041.1196
M24383,long_history,Demographic,1927-09-01,8086.75678,8351.588
M24383,long_history,Demographic,1927-10-01,7738.68049,8382.635
M24432,short,Demographic,1913-11-01,3579.69315,3508.8027
M24432,short,Demographic,1913-12-01,3653.3009,3542.7588
M24432,short,Demographic,1914-01-01,3672.04241,3508.8027
M24432,short,Demographic,1914-02-01,3846.21234,3633.3086
M24432,short,Demographic,1914-03-01,3707.88951,3542.7588
M24432,short,Demographic,1914-04-01,3672.41928,3565.3962
M24432,short,Demographic,1914-05-01,3736.41964,3599.3523
M24432,short,Demographic,1914-06-01,3633.5236,3599.3523
M24432,short,Demographic,1914-07-01,3638.32173,3542.7588
M24432,short,Demographic,1914-08-01,3657.00201,3633.3086
M24432,short,Demographic,1914-09-01,3732.9222,3542.7588
M24432,short,Demographic,1914-10-01,3767.92167,3610.6711
M24432,short,Demographic,1914-11-01,3692.04855,3610.671
M24432,short,Demographic,1914-12-01,3861.01783,3497.484
M24432,short,Demographic,1915-01-01,4055.01413,3576.715
M24432,short,Demographic,1915-02-01,4098.10577,3678.5835
M24432,short,Demographic,1915-03-01,4327.70177,3644.6274
M24432,short,Demographic,1915-04-01,4502.91069,3621.9897
M24678,long_history,Demographic,1926-05-01,5187.175415,5235.498
M24678,long_history,Demographic,1926-06-01,5249.740292,5235.498
M24678,long_history,Demographic,1926-07-01,5255.329624,5215.4385
M24678,long_history,Demographic,1926-08-01,5365.575843,5215.4385
M24678,long_history,Demographic,1926-09-01,5743.741747,5456.1514
M24678,long_history,Demographic,1926-10-01,5855.347843,5576.5073
M24678,long_history,Demographic,1926-11-01,5558.006583,5476.211
M24678,long_history,Demographic,1926-12-01,5415.635255,5315.7354
M24678,long_history,Demographic,1927-01-01,5476.675113,5255.5576
M24678,long_history,Demographic,1927-02-01,5400.652284,5215.4385
M24678,long_history,Demographic,1927-03-01,5327.415361,5175.32
M24678,long_history,Demographic,1927-04-01,5439.553062,5215.4385
M24678,long_history,Demographic,1927-05-01,5426.03539,5155.2607
M24678,long_history,Demographic,1927-06-01,5332.445977,5115.1416
M24678,long_history,Demographic,1927-07-01,5275.909858,5195.379
M24678,long_history,Demographic,1927-08-01,5332.000614,5155.2607
M24678,long_history,Demographic,1927-09-01,5615.088633,5395.973
M24678,long_history,Demographic,1927-10-01,5670.875981,5516.329
M24960,medium,Demographic,1915-05-01,1309.952433,1301.7451
M24960,medium,Demographic,1915-06-01,1315.9699541,1297.3915
M24960,medium,Demographic,1915-07-01,1321.9306544,1306.0989
M24960,medium,Demographic,1915-08-01,1296.9172177,1306.0989
M24960,medium,Demographic,1915-09-01,1314.6311731,1306.0989
M24960,medium,Demographic,1915-10-01,1318.7436683,1314.8062
M24960,medium,Demographic,1915-11-01,1311.689559,1306.0989
M24960,medium,Demographic,1915-12-01,1318.4013354,1306.0989
M24960,medium,Demographic,1916-01-01,1321.6501512,1306.0989
M24960,medium,Demographic,1916-02-01,1336.9828249,1306.0989
M24960,medium,Demographic,1916-03-01,1344.6361998,1306.0989
M24960,medium,Demographic,1916-04-01,1308.7081787,1306.0989
M24960,medium,Demographic,1916-05-01,1337.7138315,1306.0989
M24960,medium,Demographic,1916-06-01,1348.7317335,1310.4525
M24960,medium,Demographic,1916-07-01,1364.3184366,1310.4525
M24960,medium,Demographic,1916-08-01,1355.2012257,1314.8062
M24960,medium,Demographic,1916-09-01,1352.5126929,1319.1599
M24960,medium,Demographic,1916-10-01,1350.1267192,1327.8672
M24962,medium,Demographic,1915-05-01,5951.61483,5897.066
M24962,medium,Demographic,1915-06-01,5998.37876,5876.08
M24962,medium,Demographic,1915-07-01,6004.44668,5876.08
M24962,medium,Demographic,1915-08-01,5915.84404,5918.052
M24962,medium,Demographic,1915-09-01,5961.71757,5876.08
M24962,medium,Demographic,1915-10-01,5899.53182,5897.066
M24962,medium,Demographic,1915-11-01,5984.74273,5897.066
M24962,medium,Demographic,1915-12-01,5946.0477,5855.0938
M24962,medium,Demographic,1916-01-01,5914.5457,5876.08
M24962,medium,Demographic,1916-02-01,5810.77854,5918.052
M24962,medium,Demographic,1916-03-01,5915.02722,5897.066
M24962,medium,Demographic,1916-04-01,5761.03789,5876.08
M24962,medium,Demographic,1916-05-01,5914.88138,5918.052
M24962,medium,Demographic,1916-06-01,5891.07645,5876.08
M24962,medium,Demographic,1916-07-01,5934.81138,5897.066
M24962,medium,Demographic,1916-08-01,5942.25254,5939.038
M24962,medium,Demographic,1916-09-01,5923.2228,5918.052
M24962,medium,Demographic,1916-10-01,5981.22041,5918.052
M24981,medium,Demographic,1915-05-01,5968.71583,5681.389
M24981,medium,Demographic,1915-06-01,5959.89527,5881.126
M24981,medium,Demographic,1915-07-01,6011.14544,5836.74
M24981,medium,Demographic,1915-08-01,6149.88358,5703.582
M24981,medium,Demographic,1915-09-01,6124.31283,5836.74
M24981,medium,Demographic,1915-10-01,6104.61375,5881.126
M24981,medium,Demographic,1915-11-01,6623.22539,5858.933
M24981,medium,Demographic,1915-12-01,6416.85176,5903.319
M24981,medium,Demographic,1916-01-01,6132.69387,5947.7046
M24981,medium,Demographic,1916-02-01,6391.79304,5925.5117
M24981,medium,Demographic,1916-03-01,6325.70443,5881.126
M24981,medium,Demographic,1916-04-01,6037.34978,5792.354
M24981,medium,Demographic,1916-05-01,6146.4631,5814.547
M24981,medium,Demographic,1916-06-01,6149.95837,5725.7754
M24981,medium,Demographic,1916-07-01,6028.37007,5947.7046
M24981,medium,Demographic,1916-08-01,6433.58942,5903.319
M24981,medium,Demographic,1916-09-01,6289.11016,5903.319
M24981,medium,Demographic,1916-10-01,6253.7072,5903.319
M25020,medium,Demographic,1915-05-01,6551.32296,6559.265
M25020,medium,Demographic,1915-06-01,6464.41963,6634.371
M25020,medium,Demographic,1915-07-01,6508.66214,6559.265
M25020,medium,Demographic,1915-08-01,6683.23309,6609.336
M25020,medium,Demographic,1915-09-01,6547.29907,6609.336
M25020,medium,Demographic,1915-10-01,6436.27798,6634.371
M25020,medium,Demographic,1915-11-01,6328.09596,6634.371
M25020,medium,Demographic,1915-12-01,6417.90562,6684.4424
M25020,medium,Demographic,1916-01-01,6468.91673,6634.371
M25020,medium,Demographic,1916-02-01,6462.0932,6684.4424
M25020,medium,Demographic,1916-03-01,6658.03889,6634.371
M25020,medium,Demographic,1916-04-01,6796.18775,6659.4067
M25020,medium,Demographic,1916-05-01,6874.34892,6659.4067
M25020,medium,Demographic,1916-06-01,6896.67434,6659.4067
M25020,medium,Demographic,1916-07-01,6746.24249,6609.336
M25020,medium,Demographic,1916-08-01,6738.87822,6634.371
M25020,medium,Demographic,1916-09-01,6693.87496,6659.4067
M25020,medium,Demographic,1916-10-01,6818.09181,6684.4424
M25088,medium,Demographic,1915-05-01,6282.80495,6009.138
M25088,medium,Demographic,1915-06-01,5985.72707,6009.138
M25088,medium,Demographic,1915-07-01,5848.87039,5987.9795
M25088,medium,Demographic,1915-08-01,5922.97446,5987.9795
M25088,medium,Demographic,1915-09-01,6012.31062,5987.9795
M25088,medium,Demographic,1915-10-01,6061.32371,6030.297
M25088,medium,Demographic,1915-11-01,6089.79856,6030.297
M25088,medium,Demographic,1915-12-01,6308.43843,5945.661
M25088,medium,Demographic,1916-01-01,6158.66547,6009.138
M25088,medium,Demographic,1916-02-01,6350.91502,5987.9795
M25088,medium,Demographic,1916-03-01,6247.08514,6030.297
M25088,medium,Demographic,1916-04-01,6153.58928,6136.0923
M25088,medium,Demographic,1916-05-01,6118.17581,6136.0923
M25088,medium,Demographic,1916-06-01,6169.17208,6093.7744
M25088,medium,Demographic,1916-07-01,6270.91385,6136.0923
M25088,medium,Demographic,1916-08-01,6364.18729,6114.933
M25088,medium,Demographic,1916-09-01,6390.3898,6136.0923
M25088,medium,Demographic,1916-10-01,6345.68202,6347.6816
M25105,medium,Demographic,1915-05-01,6715.575974,6732.0513
M25105,medium,Demographic,1915-06-01,6757.069595,6664.506
M25105,medium,Demographic,1915-07-01,6742.554876,6709.536
M25105,medium,Demographic,1915-08-01,6695.490639,6709.536
M25105,medium,Demographic,1915-09-01,6757.961036,6687.021
M25105,medium,Demographic,1915-10-01,6740.562478,6664.506
M25105,medium,Demographic,1915-11-01,6667.435849,6687.021
M25105,medium,Demographic,1915-12-01,6728.219595,6709.536
M25105,medium,Demographic,1916-01-01,6693.070168,6687.021
M25105,medium,Demographic,1916-02-01,6666.524229,6709.536
M25105,medium,Demographic,1916-03-01,6715.437875,6754.5664
M25105,medium,Demographic,1916-04-01,6695.304339,6709.536
M25105,medium,Demographic,1916-05-01,6743.372978,6754.5664
M25105,medium,Demographic,1916-06-01,6740.263976,6732.0513
M25105,medium,Demographic,1916-07-01,6783.746672,6754.5664
M25105,medium,Demographic,1916-08-01,6839.41467,6777.0815
M25105,medium,Demographic,1916-09-01,6832.276274,6732.0513
M25105,medium,Demographic,1916-10-01,6773.530373,6754.5664
M2512,long_history,Macro,1924-01-01,1550.0,1555.4349
M2512,long_history,Macro,1924-02-01,1590.0,1608.7031
M2512,long_history,Macro,1924-03-01,1590.0,1608.7031
M2512,long_history,Macro,1924-04-01,1580.0,1619.3568
M2512,long_history,Macro,1924-05-01,1580.0,1630.0105
M2512,long_history,Macro,1924-06-01,1480.0,1555.4349
M2512,long_history,Macro,1924-07-01,1480.0,1534.1276
M2512,long_history,Macro,1924-08-01,1450.0,1507.4933
M2512,long_history,Macro,1924-09-01,1560.0,1598.0496
M2512,long_history,Macro,1924-10-01,1570.0,1624.6836
M2512,long_history,Macro,1924-11-01,1580.0,1624.6836
M2512,long_history,Macro,1924-12-01,1570.0,1608.7031
M2512,long_history,Macro,1925-01-01,1530.0,1582.0691
M2512,long_history,Macro,1925-02-01,1570.0,1619.3568
M2512,long_history,Macro,1925-03-01,1580.0,1630.0105
M2512,long_history,Macro,1925-04-01,1580.0,1635.3374
M2512,long_history,Macro,1925-05-01,1590.0,1640.6642
M2512,long_history,Macro,1925-06-01,1500.0,1571.4154
M25175,medium,Demographic,1915-05-01,6224.9484964,6231.6636
M25175,medium,Demographic,1915-06-01,6239.1625421,6190.9336
M25175,medium,Demographic,1915-07-01,6251.766186,6211.299
M25175,medium,Demographic,1915-08-01,6236.7117116,6211.299
M25175,medium,Demographic,1915-09-01,6231.2513877,6190.9336
M25175,medium,Demographic,1915-10-01,6227.5906298,6231.6636
M25175,medium,Demographic,1915-11-01,6228.728109,6231.6636
M25175,medium,Demographic,1915-12-01,6217.9233607,6231.6636
M25175,medium,Demographic,1916-01-01,6232.1978073,6272.393
M25175,medium,Demographic,1916-02-01,6262.0623099,6272.393
M25175,medium,Demographic,1916-03-01,6322.6314293,6252.0283
M25175,medium,Demographic,1916-04-01,6210.654762,6272.393
M25175,medium,Demographic,1916-05-01,6336.594153,6272.393
M25175,medium,Demographic,1916-06-01,6327.2263698,6313.123
M25175,medium,Demographic,1916-07-01,6321.9498041,6313.123
M25175,medium,Demographic,1916-08-01,6345.6119313,6313.123
M25175,medium,Demographic,1916-09-01,6319.841199,6333.4883
M25175,medium,Demographic,1916-10-01,6327.6705244,6333.4883
M25190,medium,Demographic,1915-05-01,6110.15652,6323.949
M25190,medium,Demographic,1915-06-01,5590.9998,6232.298
M25190,medium,Demographic,1915-07-01,5695.75569,6186.472
M25190,medium,Demographic,1915-08-01,5598.69929,6209.385
M25190,medium,Demographic,1915-09-01,5466.35362,6140.6465
M25190,medium,Demographic,1915-10-01,5584.85554,6323.949
M25190,medium,Demographic,1915-11-01,5715.34671,6438.5137
M25190,medium,Demographic,1915-12-01,5010.48455,6461.4263
M25190,medium,Demographic,1916-01-01,5455.35127,6346.8623
M25190,medium,Demographic,1916-02-01,5663.50476,6415.6006
M25190,medium,Demographic,1916-03-01,5050.72087,6507.252
M25190,medium,Demographic,1916-04-01,5158.15364,6484.339
M25190,medium,Demographic,1916-05-01,5560.15512,6369.775
M25190,medium,Demographic,1916-06-01,5597.4437,6438.5137
M25190,medium,Demographic,1916-07-01,5591.13454,6415.6006
M25190,medium,Demographic,1916-08-01,5391.88825,6507.2515
M25190,medium,Demographic,1916-09-01,5463.37615,6507.2515
M25190,medium,Demographic,1916-10-01,5455.63431,6369.775
M25666,medium,Demographic,1923-01-01,13600.0,14011.063
M25666,medium,Demographic,1923-02-01,16300.0,14603.08
M25666,medium,Demographic,1923-03-01,14400.0,12967.986
M25666,medium,Demographic,1923-04-01,9700.0,8823.869
M25666,medium,Demographic,1923-05-01,8400.0,6991.436
M25666,medium,Demographic,1923-06-01,6500.0,6089.3154
M25666,medium,Demographic,1923-07-01,9200.0,8344.617
M25666,medium,Demographic,1923-08-01,7500.0,7245.157
M25666,medium,Demographic,1923-09-01,8100.0,8401.0
M25666,medium,Demographic,1923-10-01,11700.0,10318.007
M25666,medium,Demographic,1923-11-01,14300.0,12094.057
M25666,medium,Demographic,1923-12-01,17900.0,16520.086
M25666,medium,Demographic,1924-01-01,14200.0,13757.342
M25666,medium,Demographic,1924-02-01,17700.0,14659.462
M25666,medium,Demographic,1924-03-01,17200.0,13108.943
M25666,medium,Demographic,1924-04-01,10400.0,8795.678
M25666,medium,Demographic,1924-05-01,7900.0,7047.8184
M25666,medium,Demographic,1924-06-01,7100.0,5976.5503
M25777,medium,Demographic,1914-06-01,5399.29147,5409.3477
M25777,medium,Demographic,1914-07-01,5440.81229,5409.3477
M25777,medium,Demographic,1914-08-01,5501.438,5429.5317
M25777,medium,Demographic,1914-09-01,5528.47281,5449.716
M25777,medium,Demographic,1914-10-01,5578.18996,5449.716
M25777,medium,Demographic,1914-11-01,5591.58372,5429.5317
M25777,medium,Demographic,1914-12-01,5620.26212,5429.5317
M25777,medium,Demographic,1915-01-01,5675.62561,5429.5317
M25777,medium,Demographic,1915-02-01,5721.82953,5429.5317
M25777,medium,Demographic,1915-03-01,5760.12671,5449.716
M25777,medium,Demographic,1915-04-01,5801.00591,5449.716
M25777,medium,Demographic,1915-05-01,5823.97129,5409.3477
M25777,medium,Demographic,1915-06-01,5865.93105,5409.3477
M25777,medium,Demographic,1915-07-01,5896.19721,5409.3477
M25777,medium,Demographic,1915-08-01,5907.98867,5409.3477
M25777,medium,Demographic,1915-09-01,5919.18452,5389.1636
M25777,medium,Demographic,1915-10-01,5919.74436,5348.7954
M25777,medium,Demographic,1915-11-01,5966.29812,5348.7954
M25796,medium,Demographic,1914-06-01,2237.35666,2193.33
M25796,medium,Demographic,1914-07-01,2192.3886,2110.563
M25796,medium,Demographic,1914-08-01,2141.73988,2036.0725
M25796,medium,Demographic,1914-09-01,2083.66919,1961.582
M25796,medium,Demographic,1914-10-01,2033.6751,1903.645
M25796,medium,Demographic,1914-11-01,1977.09772,1837.4313
M25796,medium,Demographic,1914-12-01,1922.59529,1754.6641
M25796,medium,Demographic,1915-01-01,1860.43518,1638.79
M25796,medium,Demographic,1915-02-01,1856.90614,1572.5763
M25796,medium,Demographic,1915-03-01,1873.72382,1539.4694
M25796,medium,Demographic,1915-04-01,1877.64525,1514.6393
M25796,medium,Demographic,1915-05-01,1890.97994,1522.916
M25796,medium,Demographic,1915-06-01,1905.76536,1539.4695
M25796,medium,Demographic,1915-07-01,1912.91982,1514.6393
M25796,medium,Demographic,1915-08-01,1902.6893,1498.0858
M25796,medium,Demographic,1915-09-01,1918.01581,1481.5325
M25796,medium,Demographic,1915-10-01,1941.20494,1456.7021
M25796,medium,Demographic,1915-11-01,1952.97423,1440.1488
M25822,medium,Demographic,1914-06-01,6629.24844,6535.9487
M25822,medium,Demographic,1914-07-01,6686.15723,6584.007
M25822,medium,Demographic,1914-08-01,6699.48405,6584.007
M25822,medium,Demographic,1914-09-01,6734.09983,6632.0654
M25822,medium,Demographic,1914-10-01,6802.59732,6632.0654
M25822,medium,Demographic,1914-11-01,6828.53222,6584.007
M25822,medium,Demographic,1914-12-01,6825.92919,6584.007
M25822,medium,Demographic,1915-01-01,6838.5534,6584.007
M25822,medium,Demographic,1915-02-01,6849.1354,6559.9775
M25822,medium,Demographic,1915-03-01,6845.22592,6535.9487
M25822,medium,Demographic,1915-04-01,6788.54693,6535.9487
M25822,medium,Demographic,1915-05-01,6768.44467,6535.9487
M25822,medium,Demographic,1915-06-01,6739.75119,6535.9487
M25822,medium,Demographic,1915-07-01,6745.07278,6559.9775
M25822,medium,Demographic,1915-08-01,6801.93631,6559.9775
M25822,medium,Demographic,1915-09-01,6783.2617,6559.9775
M25822,medium,Demographic,1915-10-01,6762.00332,6559.9775
M25822,medium,Demographic,1915-11-01,6756.21839,6511.9194
M2599,medium,Macro,1918-11-01,1496.7,1497.9772
M2599,medium,Macro,1918-12-01,1497.1,1497.9772
M2599,medium,Macro,1919-01-01,1497.9,1497.9772
M2599,medium,Macro,1919-02-01,1498.3,1497.9772
M2599,medium,Macro,1919-03-01,1498.7,1506.0743
M2599,medium,Macro,1919-04-01,1498.4,1506.0743
M2599,medium,Macro,1919-05-01,1497.7,1514.1715
M2599,medium,Macro,1919-06-01,1496.9,1510.1229
M2599,medium,Macro,1919-07-01,1496.2,1514.1715
M2599,medium,Macro,1919-08-01,1495.8,1591.0946
M2599,medium,Macro,1919-09-01,1332.3,1550.6086
M2599,medium,Macro,1919-10-01,1288.4,1587.0459
M2599,medium,Macro,1919-11-01,1284.0,1635.629
M2599,medium,Macro,1919-12-01,1452.9,1688.2606
M2599,medium,Macro,1920-01-01,1471.9,1692.3092
M2599,medium,Macro,1920-02-01,1477.2,1655.8721
M2599,medium,Macro,1920-03-01,1495.0,1696.3579
M2599,medium,Macro,1920-04-01,1494.9,1696.3578
M26060,short,Demographic,1908-03-01,4679.0,4713.8906
M26060,short,Demographic,1908-04-01,4655.0,4791.878
M26060,short,Demographic,1908-05-01,4636.0,4835.2036
M26060,short,Demographic,1908-06-01,4643.0,4887.1953
M26060,short,Demographic,1908-07-01,4659.0,4921.856
M26060,short,Demographic,1908-08-01,4659.0,4965.1826
M26060,short,Demographic,1908-09-01,4680.0,5051.835
M26060,short,Demographic,1908-10-01,4756.0,5121.157
M26060,short,Demographic,1908-11-01,4883.0,5147.1523
M26060,short,Demographic,1908-12-01,5043.0,5173.1484
M26060,short,Demographic,1909-01-01,5163.0,5199.144
M26060,short,Demographic,1909-02-01,5243.0,5242.47
M26060,short,Demographic,1909-03-01,5327.0,5294.4614
M26060,short,Demographic,1909-04-01,5421.0,5320.457
M26060,short,Demographic,1909-05-01,5515.0,5363.783
M26060,short,Demographic,1909-06-01,5592.0,5407.1094
M26060,short,Demographic,1909-07-01,5672.0,5459.1006
M26060,short,Demographic,1909-08-01,5712.0,5502.4277
M26088,short,Demographic,1908-03-01,2650.0,2700.919
M26088,short,Demographic,1908-04-01,2840.0,2803.811
M26088,short,Demographic,1908-05-01,3210.0,3086.7646
M26088,short,Demographic,1908-06-01,3260.0,3215.38
M26088,short,Demographic,1908-07-01,3490.0,3232.5283
M26088,short,Demographic,1908-08-01,3830.0,3078.1904
M26088,short,Demographic,1908-09-01,4220.0,3301.1233
M26088,short,Demographic,1908-10-01,4060.0,3241.1028
M26088,short,Demographic,1908-11-01,3870.0,3086.7646
M26088,short,Demographic,1908-12-01,3930.0,2958.1494
M26088,short,Demographic,1909-01-01,3840.0,3069.6157
M26088,short,Demographic,1909-02-01,3330.0,3078.1902
M26088,short,Demographic,1909-03-01,2910.0,3129.6362
M26088,short,Demographic,1909-04-01,3000.0,3043.8928
M26088,short,Demographic,1909-05-01,3420.0,3001.021
M26088,short,Demographic,1909-06-01,3230.0,2889.5547
M26088,short,Demographic,1909-07-01,3170.0,2812.3855
M26088,short,Demographic,1909-08-01,3430.0,2855.2573
M26224,medium,Demographic,1914-06-01,3530.08627,3532.0234
M26224,medium,Demographic,1914-07-01,3518.48786,3509.2363
M26224,medium,Demographic,1914-08-01,3498.82262,3509.2363
M26224,medium,Demographic,1914-09-01,3478.15136,3497.8428
M26224,medium,Demographic,1914-10-01,3456.27238,3497.8428
M26224,medium,Demographic,1914-11-01,3424.38016,3486.4492
M26224,medium,Demographic,1914-12-01,3414.86881,3475.0554
M26224,medium,Demographic,1915-01-01,3397.42532,3463.6619
M26224,medium,Demographic,1915-02-01,3373.10517,3463.6616
M26224,medium,Demographic,1915-03-01,3361.12803,3475.0554
M26224,medium,Demographic,1915-04-01,3375.8268,3486.449
M26224,medium,Demographic,1915-05-01,3372.05746,3475.0554
M26224,medium,Demographic,1915-06-01,3351.85575,3440.8745
M26224,medium,Demographic,1915-07-01,3335.91783,3452.268
M26224,medium,Demographic,1915-08-01,3340.77546,3452.268
M26224,medium,Demographic,1915-09-01,3312.62536,3475.0554
M26224,medium,Demographic,1915-10-01,3308.49378,3497.8428
M26224,medium,Demographic,1915-11-01,3305.96239,3520.63
M26246,long_history,Demographic,1927-11-01,2771.803949,2922.974
M26246,long_history,Demographic,1927-12-01,2825.940952,2982.1094
M26246,long_history,Demographic,1928-01-01,2836.456046,3041.2449
M26246,long_history,Demographic,1928-02-01,2834.516588,3075.0364
M26246,long_history,Demographic,1928-03-01,2860.917847,3117.276
M26246,long_history,Demographic,1928-04-01,2813.325224,3184.859
M26246,long_history,Demographic,1928-05-01,2898.851339,3227.0984
M26246,long_history,Demographic,1928-06-01,2920.81844,3286.234
M26246,long_history,Demographic,1928-07-01,2957.225569,3320.0256
M26246,long_history,Demographic,1928-08-01,2941.374287,3167.9634
M26246,long_history,Demographic,1928-09-01,2903.220635,3032.7969
M26246,long_history,Demographic,1928-10-01,2868.425473,3015.901
M26246,long_history,Demographic,1928-11-01,2864.712796,3108.8281
M26246,long_history,Demographic,1928-12-01,2896.383119,3159.5154
M26246,long_history,Demographic,1929-01-01,2846.886444,3260.8901
M26246,long_history,Demographic,1929-02-01,2871.966441,3294.6816
M26246,long_history,Demographic,1929-03-01,2862.387437,3370.713
M26246,long_history,Demographic,1929-04-01,2904.767237,3429.8481
M26325,cold_start,Demographic,1904-11-01,4438.64,7695.888
M26325,cold_start,Demographic,1904-12-01,4804.06,5363.0723
M26325,cold_start,Demographic,1905-01-01,6968.63,6878.2
M26325,cold_start,Demographic,1905-02-01,8647.17,7551.59
M26325,cold_start,Demographic,1905-03-01,4804.06,6493.406
M26325,cold_start,Demographic,1905-04-01,4895.47,6445.3066
M26325,cold_start,Demographic,1905-05-01,4783.18,7311.0938
M26325,cold_start,Demographic,1905-06-01,4895.47,7407.2925
M26325,cold_start,Demographic,1905-07-01,4037.45,6421.257
M26325,cold_start,Demographic,1905-08-01,4783.18,7816.136
M26325,cold_start,Demographic,1905-09-01,8095.17,7407.293
M26325,cold_start,Demographic,1905-10-01,4037.45,6950.349
M26325,cold_start,Demographic,1905-11-01,10014.31,6733.9023
M26325,cold_start,Demographic,1905-12-01,11454.4,7311.0938
M26325,cold_start,Demographic,1906-01-01,10014.31,6493.406
M26325,cold_start,Demographic,1906-02-01,6592.62,7840.186
M26325,cold_start,Demographic,1906-03-01,11454.4,7695.888
M26325,cold_start,Demographic,1906-04-01,12110.9,7094.6475
M26337,medium,Demographic,1922-04-01,1366.0,1349.6337
M26337,medium,Demographic,1922-05-01,1348.0,1349.6337
M26337,medium,Demographic,1922-06-01,1333.0,1349.6337
M26337,medium,Demographic,1922-07-01,1307.0,1354.5593
M26337,medium,Demographic,1922-08-01,1326.0,1359.485
M26337,medium,Demographic,1922-09-01,1337.0,1359.485
M26337,medium,Demographic,1922-10-01,1334.0,1364.4106
M26337,medium,Demographic,1922-11-01,1343.0,1359.485
M26337,medium,Demographic,1922-12-01,1352.0,1369.3363
M26337,medium,Demographic,1923-01-01,1360.0,1369.3363
M26337,medium,Demographic,1923-02-01,1356.0,1369.3363
M26337,medium,Demographic,1923-03-01,1354.0,1379.1877
M26337,medium,Demographic,1923-04-01,1346.0,1369.3363
M26337,medium,Demographic,1923-05-01,1358.0,1379.1877
M26337,medium,Demographic,1923-06-01,1350.0,1374.262
M26337,medium,Demographic,1923-07-01,1358.0,1374.262
M26337,medium,Demographic,1923-08-01,1353.0,1384.1134
M26337,medium,Demographic,1923-09-01,1361.0,1389.0391
M26366,medium,Demographic,1919-04-01,5100.0,5228.1616
M26366,medium,Demographic,1919-05-01,4500.0,5638.946
M26366,medium,Demographic,1919-06-01,4800.0,5788.3213
M26366,medium,Demographic,1919-07-01,5400.0,6535.202
M26366,medium,Demographic,1919-08-01,6000.0,6535.202
M26366,medium,Demographic,1919-09-01,6800.0,6833.954
M26366,medium,Demographic,1919-10-01,6300.0,6460.514
M26366,medium,Demographic,1919-11-01,6700.0,6124.418
M26366,medium,Demographic,1919-12-01,6800.0,6609.89
M26366,medium,Demographic,1920-01-01,7100.0,6385.826
M26366,medium,Demographic,1920-02-01,6600.0,6087.074
M26366,medium,Demographic,1920-03-01,6700.0,5900.3535
M26366,medium,Demographic,1920-04-01,6300.0,5676.29
M26366,medium,Demographic,1920-05-01,6800.0,6161.7617
M26366,medium,Demographic,1920-06-01,5900.0,5975.042
M26366,medium,Demographic,1920-07-01,6300.0,5750.9775
M26366,medium,Demographic,1920-08-01,5800.0,5788.3213
M26366,medium,Demographic,1920-09-01,6700.0,6199.106
M26421,medium,Demographic,1922-04-01,2240.0,2235.6167
M26421,medium,Demographic,1922-05-01,2240.0,2235.6167
M26421,medium,Demographic,1922-06-01,2180.0,2235.6167
M26421,medium,Demographic,1922-07-01,2180.0,2254.093
M26421,medium,Demographic,1922-08-01,2220.0,2244.855
M26421,medium,Demographic,1922-09-01,2230.0,2244.855
M26421,medium,Demographic,1922-10-01,2220.0,2235.6167
M26421,medium,Demographic,1922-11-01,2240.0,2244.855
M26421,medium,Demographic,1922-12-01,2240.0,2235.6167
M26421,medium,Demographic,1923-01-01,2200.0,2254.093
M26421,medium,Demographic,1923-02-01,2200.0,2254.093
M26421,medium,Demographic,1923-03-01,2200.0,2254.093
M26421,medium,Demographic,1923-04-01,2180.0,2254.093
M26421,medium,Demographic,1923-05-01,2150.0,2254.093
M26421,medium,Demographic,1923-06-01,2160.0,2254.093
M26421,medium,Demographic,1923-07-01,2150.0,2244.855
M26421,medium,Demographic,1923-08-01,2120.0,2263.331
M26421,medium,Demographic,1923-09-01,2140.0,2263.331
M26651,medium,Demographic,1922-01-01,12980.0,12778.547
M26651,medium,Demographic,1922-02-01,13250.0,12743.917
M26651,medium,Demographic,1922-03-01,13600.0,12778.547
M26651,medium,Demographic,1922-04-01,13380.0,12813.178
M26651,medium,Demographic,1922-05-01,13390.0,12951.698
M26651,medium,Demographic,1922-06-01,13350.0,12917.068
M26651,medium,Demographic,1922-07-01,13340.0,12986.328
M26651,medium,Demographic,1922-08-01,13200.0,12986.328
M26651,medium,Demographic,1922-09-01,13070.0,13159.479
M26651,medium,Demographic,1922-10-01,12960.0,13194.109
M26651,medium,Demographic,1922-11-01,12950.0,13159.4795
M26651,medium,Demographic,1922-12-01,13010.0,13194.109
M26651,medium,Demographic,1923-01-01,13180.0,13194.109
M26651,medium,Demographic,1923-02-01,13070.0,13228.74
M26651,medium,Demographic,1923-03-01,13000.0,13090.219
M26651,medium,Demographic,1923-04-01,12940.0,13090.219
M26651,medium,Demographic,1923-05-01,12860.0,13159.479
M26651,medium,Demographic,1923-06-01,12860.0,13090.219
M26652,medium,Demographic,1922-01-01,5160.0,5180.921
M26652,medium,Demographic,1922-02-01,4970.0,5180.921
M26652,medium,Demographic,1922-03-01,4790.0,5233.4307
M26652,medium,Demographic,1922-04-01,4610.0,5320.946
M26652,medium,Demographic,1922-05-01,4610.0,5303.4424
M26652,medium,Demographic,1922-06-01,4500.0,5303.4424
M26652,medium,Demographic,1922-07-01,4610.0,5250.9336
M26652,medium,Demographic,1922-08-01,4540.0,5233.4307
M26652,medium,Demographic,1922-09-01,4650.0,5320.946
M26652,medium,Demographic,1922-10-01,4620.0,5320.946
M26652,medium,Demographic,1922-11-01,4760.0,5355.952
M26652,medium,Demographic,1922-12-01,4680.0,5355.952
M26652,medium,Demographic,1923-01-01,4790.0,5268.4365
M26652,medium,Demographic,1923-02-01,4680.0,5198.424
M26652,medium,Demographic,1923-03-01,4770.0,5268.4365
M26652,medium,Demographic,1923-04-01,4600.0,5338.4487
M26652,medium,Demographic,1923-05-01,4580.0,5233.4307
M26652,medium,Demographic,1923-06-01,4520.0,5303.4424
M26676,medium,Demographic,1922-01-01,2830.0,2876.4404
M26676,medium,Demographic,1922-02-01,2670.0,2867.0403
M26676,medium,Demographic,1922-03-01,2670.0,2867.0403
M26676,medium,Demographic,1922-04-01,2510.0,2857.6401
M26676,medium,Demographic,1922-05-01,2330.0,2867.0403
M26676,medium,Demographic,1922-06-01,2330.0,2857.6401
M26676,medium,Demographic,1922-07-01,2250.0,2829.4397
M26676,medium,Demographic,1922-08-01,2200.0,2829.4397
M26676,medium,Demographic,1922-09-01,2230.0,2838.8398
M26676,medium,Demographic,1922-10-01,2340.0,2848.24
M26676,medium,Demographic,1922-11-01,2320.0,2885.8403
M26676,medium,Demographic,1922-12-01,2170.0,2857.6401
M26676,medium,Demographic,1923-01-01,2080.0,2857.6401
M26676,medium,Demographic,1923-02-01,2110.0,2867.04
M26676,medium,Demographic,1923-03-01,1940.0,2867.04
M26676,medium,Demographic,1923-04-01,1900.0,2857.6401
M26676,medium,Demographic,1923-05-01,1840.0,2895.2405
M26676,medium,Demographic,1923-06-01,1860.0,2867.04
M26715,short,Demographic,1907-06-01,997.98052,1010.98474
M26715,short,Demographic,1907-07-01,996.1968513,1003.6053
M26715,short,Demographic,1907-08-01,1011.9762684,1025.7437
M26715,short,Demographic,1907-09-01,1007.3216314,1025.7437
M26715,short,Demographic,1907-10-01,1030.3300656,1018.3642
M26715,short,Demographic,1907-11-01,983.5996232,1003.6053
M26715,short,Demographic,1907-12-01,990.5074863,1003.6053
M26715,short,Demographic,1908-01-01,990.4761065,1003.6053
M26715,short,Demographic,1908-02-01,998.1257588,1007.29504
M26715,short,Demographic,1908-03-01,1006.595797,1007.29504
M26715,short,Demographic,1908-04-01,1014.9926174,1010.98474
M26715,short,Demographic,1908-05-01,999.1065616,1010.98474
M26715,short,Demographic,1908-06-01,990.2045122,1010.98474
M26715,short,Demographic,1908-07-01,1000.653534,1018.3642
M26715,short,Demographic,1908-08-01,1015.7414101,1036.8127
M26715,short,Demographic,1908-09-01,1005.453474,1040.5026
M26715,short,Demographic,1908-10-01,1015.6601863,1025.7437
M26715,short,Demographic,1908-11-01,995.747622,1003.6053
M26718,short,Demographic,1913-06-01,3907.3,4204.744
M26718,short,Demographic,1913-07-01,3897.7,4085.9663
M26718,short,Demographic,1913-08-01,4010.5,4117.64
M26718,short,Demographic,1913-09-01,4327.2,4426.4634
M26718,short,Demographic,1913-10-01,4194.29,3888.003
M26718,short,Demographic,1913-11-01,3994.4,4568.997
M26718,short,Demographic,1913-12-01,4104.14,4291.8486
M26718,short,Demographic,1914-01-01,4252.61,4386.8706
M26718,short,Demographic,1914-02-01,4794.52,4553.1597
M26718,short,Demographic,1914-03-01,4987.02,4838.2275
M26718,short,Demographic,1914-04-01,4310.36,4988.6797
M26718,short,Demographic,1914-05-01,4305.15,4743.205
M26718,short,Demographic,1914-06-01,4391.82,4466.0557
M26718,short,Demographic,1914-07-01,4779.63,4347.2783
M26718,short,Demographic,1914-08-01,3833.58,4561.078
M26718,short,Demographic,1914-09-01,4527.68,4426.4634
M26718,short,Demographic,1914-10-01,4250.22,4632.3457
M26718,short,Demographic,1914-11-01,4415.94,4751.1235
M27141,short,Industry,1912-08-01,3103.0,3062.9
M27141,short,Industry,1912-09-01,3355.0,3062.9
M27141,short,Industry,1912-10-01,3036.0,3054.124
M27141,short,Industry,1912-11-01,3017.0,3054.1238
M27141,short,Industry,1912-12-01,2955.0,3071.6763
M27141,short,Industry,1913-01-01,2891.0,3019.019
M27141,short,Industry,1913-02-01,3005.0,3027.7954
M27141,short,Industry,1913-03-01,3150.0,3001.4668
M27141,short,Industry,1913-04-01,3076.0,2966.3618
M27141,short,Industry,1913-05-01,3027.0,3019.019
M27141,short,Industry,1913-06-01,2889.0,3010.2427
M27141,short,Industry,1913-07-01,2469.0,3036.5713
M27141,short,Industry,1913-08-01,2004.0,2975.1382
M27141,short,Industry,1913-09-01,2007.0,2940.0332
M27141,short,Industry,1913-10-01,1953.0,2913.7046
M27141,short,Industry,1913-11-01,1899.0,2869.8235
M27141,short,Industry,1913-12-01,1804.0,2922.4807
M27141,short,Industry,1914-01-01,1823.0,2869.8235
M27387,long_history,Industry,1931-02-01,1661.0,1663.0468
M27387,long_history,Industry,1931-03-01,1662.0,1663.0468
M27387,long_history,Industry,1931-04-01,1662.0,1663.0468
M27387,long_history,Industry,1931-05-01,1663.0,1663.0468
M27387,long_history,Industry,1931-06-01,1660.0,1663.0468
M27387,long_history,Industry,1931-07-01,1666.0,1663.0468
M27387,long_history,Industry,1931-08-01,1661.0,1663.0468
M27387,long_history,Industry,1931-09-01,1665.0,1663.0468
M27387,long_history,Industry,1931-10-01,1669.0,1663.0468
M27387,long_history,Industry,1931-11-01,1663.0,1663.0468
M27387,long_history,Industry,1931-12-01,1669.0,1667.6663
M27387,long_history,Industry,1932-01-01,1677.0,1667.6663
M27387,long_history,Industry,1932-02-01,1689.0,1663.0468
M27387,long_history,Industry,1932-03-01,1690.0,1676.9055
M27387,long_history,Industry,1932-04-01,1683.0,1676.9055
M27387,long_history,Industry,1932-05-01,1699.0,1681.525
M27387,long_history,Industry,1932-06-01,1686.0,1676.9055
M27387,long_history,Industry,1932-07-01,1685.0,1676.9055
M27427,medium,Industry,1919-02-01,1207.0,1206.9379
M27427,medium,Industry,1919-03-01,1207.0,1214.5768
M27427,medium,Industry,1919-04-01,1206.0,1210.7573
M27427,medium,Industry,1919-05-01,1218.0,1206.9379
M27427,medium,Industry,1919-06-01,1219.0,1214.5768
M27427,medium,Industry,1919-07-01,1217.0,1210.7573
M27427,medium,Industry,1919-08-01,1221.0,1214.5768
M27427,medium,Industry,1919-09-01,1221.0,1210.7573
M27427,medium,Industry,1919-10-01,1223.0,1206.9379
M27427,medium,Industry,1919-11-01,1224.0,1214.5768
M27427,medium,Industry,1919-12-01,1222.0,1214.5768
M27427,medium,Industry,1920-01-01,1222.0,1210.7573
M27427,medium,Industry,1920-02-01,1225.0,1210.7573
M27427,medium,Industry,1920-03-01,1226.0,1203.1184
M27427,medium,Industry,1920-04-01,1225.0,1203.1184
M27427,medium,Industry,1920-05-01,1219.0,1199.2991
M27427,medium,Industry,1920-06-01,1218.0,1210.7573
M27427,medium,Industry,1920-07-01,1208.0,1206.9379
M2743,cold_start,Macro,1904-05-01,1287.3,1169.5175
M2743,cold_start,Macro,1904-06-01,1368.1,1157.1743
M2743,cold_start,Macro,1904-07-01,1424.6,1141.7454
M2743,cold_start,Macro,1904-08-01,1449.5,1092.3726
M2743,cold_start,Macro,1904-09-01,1478.6,1046.0854
M2743,cold_start,Macro,1904-10-01,1442.2,1002.88446
M2743,cold_start,Macro,1904-11-01,1523.5,950.4258
M2743,cold_start,Macro,1904-12-01,1575.6,950.4258
M2743,cold_start,Macro,1905-01-01,1606.4,910.3104
M2743,cold_start,Macro,1905-02-01,1603.8,901.05304
M2743,cold_start,Macro,1905-03-01,1726.1,984.3696
M2743,cold_start,Macro,1905-04-01,1785.9,947.34
M2743,cold_start,Macro,1905-05-01,1941.5,919.5679
M2743,cold_start,Macro,1905-06-01,2067.7,910.3105
M2743,cold_start,Macro,1905-07-01,2199.3,931.9111
M2743,cold_start,Macro,1905-08-01,2181.1,941.16846
M2743,cold_start,Macro,1905-09-01,2108.4,968.9407
M2743,cold_start,Macro,1905-10-01,2021.4,953.51166
M27462,cold_start,Industry,1905-02-01,1095.0,1106.3561
M27462,cold_start,Industry,1905-03-01,1104.0,1106.3561
M27462,cold_start,Industry,1905-04-01,1111.0,1106.3561
M27462,cold_start,Industry,1905-05-01,1111.0,1113.9861
M27462,cold_start,Industry,1905-06-01,1096.0,1110.1711
M27462,cold_start,Industry,1905-07-01,1111.0,1113.9861
M27462,cold_start,Industry,1905-08-01,1115.0,1117.8011
M27462,cold_start,Industry,1905-09-01,1103.0,1117.8011
M27462,cold_start,Industry,1905-10-01,1126.0,1125.4312
M27462,cold_start,Industry,1905-11-01,1113.0,1121.6162
M27462,cold_start,Industry,1905-12-01,1214.0,1125.4312
M27462,cold_start,Industry,1906-01-01,1209.0,1129.2462
M27462,cold_start,Industry,1906-02-01,1161.0,1125.4312
M27462,cold_start,Industry,1906-03-01,1109.0,1148.3213
M27462,cold_start,Industry,1906-04-01,1129.0,1140.6912
M27462,cold_start,Industry,1906-05-01,1184.0,1136.8762
M27462,cold_start,Industry,1906-06-01,1219.0,1117.8011
M27462,cold_start,Industry,1906-07-01,1416.0,1117.8011
M2757,cold_start,Macro,1904-05-01,1030.0,1157.0776
M2757,cold_start,Macro,1904-06-01,1030.0,1185.6475
M2757,cold_start,Macro,1904-07-01,1030.0,1192.7899
M2757,cold_start,Macro,1904-08-01,1020.0,1192.7899
M2757,cold_start,Macro,1904-09-01,1040.0,1185.6475
M2757,cold_start,Macro,1904-10-01,1060.0,1174.9338
M2757,cold_start,Macro,1904-11-01,1040.0,1207.0748
M2757,cold_start,Macro,1904-12-01,1030.0,1174.9338
M2757,cold_start,Macro,1905-01-01,1050.0,1192.7899
M2757,cold_start,Macro,1905-02-01,1010.0,1174.9338
M2757,cold_start,Macro,1905-03-01,960.0,1203.5037
M2757,cold_start,Macro,1905-04-01,1130.0,1174.9338
M2757,cold_start,Macro,1905-05-01,1170.0,1189.2188
M2757,cold_start,Macro,1905-06-01,1160.0,1185.6475
M2757,cold_start,Macro,1905-07-01,1160.0,1189.2188
M2757,cold_start,Macro,1905-08-01,1110.0,1178.505
M2757,cold_start,Macro,1905-09-01,1090.0,1203.5037
M2757,cold_start,Macro,1905-10-01,1080.0,1192.7899
M27570,short,Industry,1912-02-01,3002.0,3132.524
M27570,short,Industry,1912-03-01,2975.0,3116.377
M27570,short,Industry,1912-04-01,2971.0,3108.3035
M27570,short,Industry,1912-05-01,2894.0,3108.3035
M27570,short,Industry,1912-06-01,2868.0,3108.3035
M27570,short,Industry,1912-07-01,2835.0,3100.23
M27570,short,Industry,1912-08-01,2836.0,3108.3035
M27570,short,Industry,1912-09-01,2836.0,3116.377
M27570,short,Industry,1912-10-01,2838.0,3116.377
M27570,short,Industry,1912-11-01,2820.0,3124.4507
M27570,short,Industry,1912-12-01,2822.0,3148.6711
M27570,short,Industry,1913-01-01,2820.0,3156.7446
M27570,short,Industry,1913-02-01,2750.0,3164.8184
M27570,short,Industry,1913-03-01,2734.0,3180.9653
M27570,short,Industry,1913-04-01,2722.0,3189.0388
M27570,short,Industry,1913-05-01,2704.0,3172.8918
M27570,short,Industry,1913-06-01,2699.0,3180.9653
M27570,short,Industry,1913-07-01,2677.0,3197.1123
M2760,cold_start,Macro,1904-05-01,5281.97,5159.871
M2760,cold_start,Macro,1904-06-01,5347.04,5144.043
M2760,cold_start,Macro,1904-07-01,5456.03,5175.699
M2760,cold_start,Macro,1904-08-01,5499.17,5175.699
M2760,cold_start,Macro,1904-09-01,5615.36,5191.5264
M2760,cold_start,Macro,1904-10-01,5672.05,5207.3545
M2760,cold_start,Macro,1904-11-01,5738.62,5191.527
M2760,cold_start,Macro,1904-12-01,5851.78,5175.699
M2760,cold_start,Macro,1905-01-01,5885.12,5128.2153
M2760,cold_start,Macro,1905-02-01,5929.59,5191.527
M2760,cold_start,Macro,1905-03-01,6066.84,5207.3545
M2760,cold_start,Macro,1905-04-01,6117.37,5191.527
M2760,cold_start,Macro,1905-05-01,6331.95,5191.5264
M2760,cold_start,Macro,1905-06-01,6442.75,5175.6987
M2760,cold_start,Macro,1905-07-01,6602.04,5128.216
M2760,cold_start,Macro,1905-08-01,6548.2,5128.216
M2760,cold_start,Macro,1905-09-01,6496.42,5112.3877
M2760,cold_start,Macro,1905-10-01,6312.04,5096.56
M27710,cold_start,Industry,1905-02-01,1233.0,1170.4729
M27710,cold_start,Industry,1905-03-01,1246.0,1161.5378
M27710,cold_start,Industry,1905-04-01,1313.0,1166.0054
M27710,cold_start,Industry,1905-05-01,1391.0,1143.6681
M27710,cold_start,Industry,1905-06-01,1405.0,1130.2657
M27710,cold_start,Industry,1905-07-01,1353.0,1098.9937
M27710,cold_start,Industry,1905-08-01,1296.0,1098.9937
M27710,cold_start,Industry,1905-09-01,1279.0,1072.189
M27710,cold_start,Industry,1905-10-01,1324.0,1027.5143
M27710,cold_start,Industry,1905-11-01,1360.0,1023.0469
M27710,cold_start,Industry,1905-12-01,1360.0,991.77466
M27710,cold_start,Industry,1906-01-01,1370.0,906.89307
M27710,cold_start,Industry,1906-02-01,1319.0,884.5558
M27710,cold_start,Industry,1906-03-01,1272.0,862.2185
M27710,cold_start,Industry,1906-04-01,1240.0,795.2067
M27710,cold_start,Industry,1906-05-01,1222.0,786.27185
M27710,cold_start,Industry,1906-06-01,1226.0,781.8044
M27710,cold_start,Industry,1906-07-01,1201.0,746.0647
M27829,medium,Industry,1919-01-01,5440.0,5256.051
M27829,medium,Industry,1919-02-01,4650.0,5289.5293
M27829,medium,Industry,1919-03-01,5900.0,5523.875
M27829,medium,Industry,1919-04-01,5330.0,6059.5234
M27829,medium,Industry,1919-05-01,6450.0,6093.002
M27829,medium,Industry,1919-06-01,6700.0,6628.6504
M27829,medium,Industry,1919-07-01,6430.0,6595.1724
M27829,medium,Industry,1919-08-01,7090.0,6494.7383
M27829,medium,Industry,1919-09-01,6340.0,6461.26
M27829,medium,Industry,1919-10-01,7180.0,6260.3916
M27829,medium,Industry,1919-11-01,7280.0,5825.1772
M27829,medium,Industry,1919-12-01,7330.0,5858.6553
M27829,medium,Industry,1920-01-01,8200.0,6159.958
M27829,medium,Industry,1920-02-01,8270.0,6026.046
M27829,medium,Industry,1920-03-01,9330.0,5992.5674
M27829,medium,Industry,1920-04-01,9800.0,6126.4795
M27829,medium,Industry,1920-05-01,9920.0,6126.4795
M27829,medium,Industry,1920-06-01,10060.0,6427.782
M27843,medium,Industry,1920-10-01,5686.0,5790.627
M27843,medium,Industry,1920-11-01,5710.0,5686.1035
M27843,medium,Industry,1920-12-01,5900.0,5727.913
M27843,medium,Industry,1921-01-01,6002.0,5665.1987
M27843,medium,Industry,1921-02-01,5703.0,5184.3887
M27843,medium,Industry,1921-03-01,6437.0,5456.1504
M27843,medium,Industry,1921-04-01,5322.0,4954.4355
M27843,medium,Industry,1921-05-01,6031.0,5017.15
M27843,medium,Industry,1921-06-01,5914.0,4724.483
M27843,medium,Industry,1921-07-01,6090.0,4724.483
M27843,medium,Industry,1921-08-01,6378.0,4933.531
M27843,medium,Industry,1921-09-01,6371.0,5247.1025
M27843,medium,Industry,1921-10-01,7116.0,6083.295
M27843,medium,Industry,1921-11-01,6869.0,5853.3413
M27843,medium,Industry,1921-12-01,7097.0,5874.246
M27843,medium,Industry,1922-01-01,7661.0,5978.77
M27843,medium,Industry,1922-02-01,7038.0,5477.0557
M27843,medium,Industry,1922-03-01,7745.0,5602.4844
M27897,short,Industry,1910-01-01,2101.0,2348.9888
M27897,short,Industry,1910-02-01,2381.0,2292.1582
M27897,short,Industry,1910-03-01,2482.0,2355.3032
M27897,short,Industry,1910-04-01,2363.0,2380.561
M27897,short,Industry,1910-05-01,2362.0,2330.0452
M27897,short,Industry,1910-06-01,2705.0,2418.4478
M27897,short,Industry,1910-07-01,2201.0,2374.2466
M27897,short,Industry,1910-08-01,2421.0,2386.8755
M27897,short,Industry,1910-09-01,2638.0,2380.561
M27897,short,Industry,1910-10-01,2470.0,2513.1655
M27897,short,Industry,1910-11-01,2368.0,2431.077
M27897,short,Industry,1910-12-01,2430.0,2367.9321
M27897,short,Industry,1911-01-01,2309.0,2348.9888
M27897,short,Industry,1911-02-01,2642.0,2393.19
M27897,short,Industry,1911-03-01,2648.0,2342.6743
M27897,short,Industry,1911-04-01,2466.0,2279.5293
M27897,short,Industry,1911-05-01,2522.0,2399.5044
M27897,short,Industry,1911-06-01,2720.0,2386.8755
M28099,medium,Industry,1914-02-01,10080.0,10033.177
M28099,medium,Industry,1914-03-01,10070.0,10033.177
M28099,medium,Industry,1914-04-01,10160.0,10033.177
M28099,medium,Industry,1914-05-01,10040.0,10033.177
M28099,medium,Industry,1914-06-01,10160.0,10033.177
M28099,medium,Industry,1914-07-01,10180.0,10100.514
M28099,medium,Industry,1914-08-01,10280.0,10100.514
M28099,medium,Industry,1914-09-01,10220.0,10100.514
M28099,medium,Industry,1914-10-01,10300.0,10066.846
M28099,medium,Industry,1914-11-01,10150.0,10100.514
M28099,medium,Industry,1914-12-01,10020.0,10167.851
M28099,medium,Industry,1915-01-01,10120.0,10134.182
M28099,medium,Industry,1915-02-01,10210.0,10100.514
M28099,medium,Industry,1915-03-01,9950.0,10167.851
M28099,medium,Industry,1915-04-01,9840.0,10167.851
M28099,medium,Industry,1915-05-01,10000.0,10201.519
M28099,medium,Industry,1915-06-01,10050.0,10201.519
M28099,medium,Industry,1915-07-01,10010.0,10268.855
M28181,short,Industry,1913-02-01,9555.0,9490.901
M28181,short,Industry,1913-03-01,9560.0,9471.844
M28181,short,Industry,1913-04-01,9638.0,9471.844
M28181,short,Industry,1913-05-01,9663.0,9471.844
M28181,short,Industry,1913-06-01,9640.0,9433.727
M28181,short,Industry,1913-07-01,9621.0,9357.494
M28181,short,Industry,1913-08-01,9699.0,9376.553
M28181,short,Industry,1913-09-01,9734.0,9433.727
M28181,short,Industry,1913-10-01,9755.0,9433.727
M28181,short,Industry,1913-11-01,9825.0,9395.611
M28181,short,Industry,1913-12-01,9819.0,9224.088
M28181,short,Industry,1914-01-01,9671.0,9205.031
M28181,short,Industry,1914-02-01,9791.0,9185.973
M28181,short,Industry,1914-03-01,9819.0,9185.973
M28181,short,Industry,1914-04-01,9909.0,9147.856
M28181,short,Industry,1914-05-01,9966.0,9185.973
M28181,short,Industry,1914-06-01,9996.0,9147.856
M28181,short,Industry,1914-07-01,10015.0,9128.799
M2839,short,Macro,1912-01-01,1416.1,1492.7622
M2839,short,Macro,1912-02-01,1292.1,1492.7622
M2839,short,Macro,1912-03-01,1353.7,1517.4359
M2839,short,Macro,1912-04-01,1424.7,1517.4359
M2839,short,Macro,1912-05-01,1371.4,1529.7728
M2839,short,Macro,1912-06-01,1362.8,1480.4253
M2839,short,Macro,1912-07-01,1417.5,1480.4253
M2839,short,Macro,1912-08-01,1456.4,1517.4359
M2839,short,Macro,1912-09-01,1419.2,1505.0991
M2839,short,Macro,1912-10-01,1464.3,1529.7727
M2839,short,Macro,1912-11-01,1483.6,1566.7834
M2839,short,Macro,1912-12-01,1573.5,1554.4465
M2839,short,Macro,1913-01-01,1442.6,1517.4359
M2839,short,Macro,1913-02-01,1525.0,1505.099
M2839,short,Macro,1913-03-01,1525.8,1505.0991
M2839,short,Macro,1913-04-01,1578.6,1492.7622
M2839,short,Macro,1913-05-01,1475.3,1492.7622
M2839,short,Macro,1913-06-01,1637.5,1505.099
M28664,medium,Industry,1918-01-01,936.8,985.5234
M28664,medium,Industry,1918-02-01,906.1,911.60913
M28664,medium,Industry,1918-03-01,1066.1,1034.7996
M28664,medium,Industry,1918-04-01,1073.2,1084.0757
M28664,medium,Industry,1918-05-01,1075.2,1075.863
M28664,medium,Industry,1918-06-01,1067.8,1075.863
M28664,medium,Industry,1918-07-01,955.2,977.31067
M28664,medium,Industry,1918-08-01,914.8,911.60913
M28664,medium,Industry,1918-09-01,1040.2,1030.6931
M28664,medium,Industry,1918-10-01,1070.4,1075.863
M28664,medium,Industry,1918-11-01,1075.5,1075.863
M28664,medium,Industry,1918-12-01,1059.0,1067.6503
M28664,medium,Industry,1919-01-01,918.5,981.417
M28664,medium,Industry,1919-02-01,884.9,903.3964
M28664,medium,Industry,1919-03-01,1042.3,1026.5868
M28664,medium,Industry,1919-04-01,1048.5,1071.7566
M28664,medium,Industry,1919-05-01,1050.2,1079.9694
M28664,medium,Industry,1919-06-01,1034.8,1075.863
M28787,medium,Industry,1918-01-01,1035.0,1053.1511
M28787,medium,Industry,1918-02-01,1045.6,1044.589
M28787,medium,Industry,1918-03-01,1037.1,1053.1511
M28787,medium,Industry,1918-04-01,1029.7,1053.1511
M28787,medium,Industry,1918-05-01,1036.7,1048.8701
M28787,medium,Industry,1918-06-01,1028.2,1044.589
M28787,medium,Industry,1918-07-01,1020.7,1048.8701
M28787,medium,Industry,1918-08-01,1017.3,1048.8701
M28787,medium,Industry,1918-09-01,1005.2,1048.8701
M28787,medium,Industry,1918-10-01,1009.5,1053.1511
M28787,medium,Industry,1918-11-01,1016.1,1040.3079
M28787,medium,Industry,1918-12-01,1008.4,1044.589
M28787,medium,Industry,1919-01-01,994.6,1053.1511
M28787,medium,Industry,1919-02-01,1007.6,1053.1511
M28787,medium,Industry,1919-03-01,1005.7,1053.1511
M28787,medium,Industry,1919-04-01,1014.6,1048.8701
M28787,medium,Industry,1919-05-01,1017.0,1061.7134
M28787,medium,Industry,1919-06-01,997.4,1053.1511
M28858,medium,Industry,1918-01-01,996.0,989.67444
M28858,medium,Industry,1918-02-01,1008.0,1005.2598
M28858,medium,Industry,1918-03-01,1015.0,1013.05255
M28858,medium,Industry,1918-04-01,1013.0,1013.05255
M28858,medium,Industry,1918-05-01,1015.0,1016.9489
M28858,medium,Industry,1918-06-01,1015.0,1013.05255
M28858,medium,Industry,1918-07-01,997.0,997.4671
M28858,medium,Industry,1918-08-01,1005.0,1009.1562
M28858,medium,Industry,1918-09-01,1013.0,1020.8453
M28858,medium,Industry,1918-10-01,1013.0,1020.8453
M28858,medium,Industry,1918-11-01,1012.0,1024.7417
M28858,medium,Industry,1918-12-01,1011.0,1020.8453
M28858,medium,Industry,1919-01-01,995.0,997.4671
M28858,medium,Industry,1919-02-01,1001.0,1013.05255
M28858,medium,Industry,1919-03-01,1004.0,1020.8453
M28858,medium,Industry,1919-04-01,1002.0,1020.8453
M28858,medium,Industry,1919-05-01,1002.0,1024.7417
M28858,medium,Industry,1919-06-01,1000.0,1020.8453
M28963,medium,Industry,1918-01-01,11612.0,11699.571
M28963,medium,Industry,1918-02-01,11611.0,11699.571
M28963,medium,Industry,1918-03-01,11562.0,11846.551
M28963,medium,Industry,1918-04-01,11609.0,11875.947
M28963,medium,Industry,1918-05-01,11626.0,11846.551
M28963,medium,Industry,1918-06-01,11693.0,11846.551
M28963,medium,Industry,1918-07-01,11731.0,11875.947
M28963,medium,Industry,1918-08-01,11602.0,11787.76
M28963,medium,Industry,1918-09-01,11581.0,11523.196
M28963,medium,Industry,1918-10-01,11302.0,11464.404
M28963,medium,Industry,1918-11-01,10994.0,11611.385
M28963,medium,Industry,1918-12-01,10319.0,11493.801
M28963,medium,Industry,1919-01-01,9627.0,11493.801
M28963,medium,Industry,1919-02-01,9898.0,11581.988
M28963,medium,Industry,1919-03-01,10277.0,11493.8
M28963,medium,Industry,1919-04-01,10365.0,11581.988
M28963,medium,Industry,1919-05-01,10596.0,11728.968
M28963,medium,Industry,1919-06-01,10589.0,11728.968
M29167,long_history,Industry,1924-01-01,8950.0,9027.633
M29167,long_history,Industry,1924-02-01,9010.0,9075.908
M29167,long_history,Industry,1924-03-01,9020.0,9075.908
M29167,long_history,Industry,1924-04-01,9090.0,9124.185
M29167,long_history,Industry,1924-05-01,9070.0,9124.185
M29167,long_history,Industry,1924-06-01,9100.0,9172.461
M29167,long_history,Industry,1924-07-01,9060.0,9220.736
M29167,long_history,Industry,1924-08-01,9120.0,9220.736
M29167,long_history,Industry,1924-09-01,9030.0,9220.736
M29167,long_history,Industry,1924-10-01,9130.0,9220.736
M29167,long_history,Industry,1924-11-01,9190.0,9244.875
M29167,long_history,Industry,1924-12-01,9130.0,9244.875
M29167,long_history,Industry,1925-01-01,9130.0,9244.875
M29167,long_history,Industry,1925-02-01,9200.0,9269.013
M29167,long_history,Industry,1925-03-01,9180.0,9317.289
M29167,long_history,Industry,1925-04-01,9350.0,9365.565
M29167,long_history,Industry,1925-05-01,9300.0,9269.013
M29167,long_history,Industry,1925-06-01,9290.0,9317.289
M29285,long_history,Industry,1924-01-01,2001.0,2006.8873
M29285,long_history,Industry,1924-02-01,1989.0,1994.6875
M29285,long_history,Industry,1924-03-01,2082.0,2019.0873
M29285,long_history,Industry,1924-04-01,2076.0,2037.3871
M29285,long_history,Industry,1924-05-01,2123.0,2049.5872
M29285,long_history,Industry,1924-06-01,2134.0,2061.7869
M29285,long_history,Industry,1924-07-01,2134.0,2061.7869
M29285,long_history,Industry,1924-08-01,2171.0,2080.087
M29285,long_history,Industry,1924-09-01,2183.0,2073.9868
M29285,long_history,Industry,1924-10-01,2159.0,2067.8867
M29285,long_history,Industry,1924-11-01,2174.0,2073.9868
M29285,long_history,Industry,1924-12-01,2175.0,2073.9868
M29285,long_history,Industry,1925-01-01,2100.0,2031.2871
M29285,long_history,Industry,1925-02-01,2118.0,2025.1873
M29285,long_history,Industry,1925-03-01,2138.0,2043.487
M29285,long_history,Industry,1925-04-01,2115.0,2055.687
M29285,long_history,Industry,1925-05-01,2183.0,2073.9868
M29285,long_history,Industry,1925-06-01,2207.0,2073.9868
M29353,cold_start,Industry,1904-02-01,8110.3,7980.299
M29353,cold_start,Industry,1904-03-01,8058.3,8014.5493
M29353,cold_start,Industry,1904-04-01,8016.8,8014.5493
M29353,cold_start,Industry,1904-05-01,8079.7,7980.299
M29353,cold_start,Industry,1904-06-01,8048.0,7946.049
M29353,cold_start,Industry,1904-07-01,7850.4,7946.049
M29353,cold_start,Industry,1904-08-01,7808.5,7946.049
M29353,cold_start,Industry,1904-09-01,7629.1,7911.799
M29353,cold_start,Industry,1904-10-01,7650.0,7809.048
M29353,cold_start,Industry,1904-11-01,7673.4,7774.7974
M29353,cold_start,Industry,1904-12-01,7534.8,7809.048
M29353,cold_start,Industry,1905-01-01,7553.4,7911.799
M29353,cold_start,Industry,1905-02-01,7356.9,7911.799
M29353,cold_start,Industry,1905-03-01,7437.3,7911.799
M29353,cold_start,Industry,1905-04-01,7572.6,7911.799
M29353,cold_start,Industry,1905-05-01,7526.6,7946.049
M29353,cold_start,Industry,1905-06-01,7412.1,8014.5493
M29353,cold_start,Industry,1905-07-01,7453.8,7911.799
M29421,long_history,Industry,1924-01-01,3737.0,3838.7358
M29421,long_history,Industry,1924-02-01,3794.0,3822.2607
M29421,long_history,Industry,1924-03-01,3831.0,3822.2607
M29421,long_history,Industry,1924-04-01,3876.0,3822.2607
M29421,long_history,Industry,1924-05-01,3939.0,3855.2112
M29421,long_history,Industry,1924-06-01,3987.0,3904.6367
M29421,long_history,Industry,1924-07-01,4015.0,3888.1616
M29421,long_history,Industry,1924-08-01,4058.0,3921.112
M29421,long_history,Industry,1924-09-01,4079.0,3954.0625
M29421,long_history,Industry,1924-10-01,4113.0,3987.0132
M29421,long_history,Industry,1924-11-01,4121.0,4003.4885
M29421,long_history,Industry,1924-12-01,4127.0,3987.0132
M29421,long_history,Industry,1925-01-01,4071.0,3987.0132
M29421,long_history,Industry,1925-02-01,4124.0,3954.0625
M29421,long_history,Industry,1925-03-01,4166.0,3970.5378
M29421,long_history,Industry,1925-04-01,4206.0,3970.5378
M29421,long_history,Industry,1925-05-01,4258.0,3987.0132
M29421,long_history,Industry,1925-06-01,4313.0,4003.4885
M29519,long_history,Industry,1924-01-01,1223.0,1236.0
M29519,long_history,Industry,1924-02-01,1212.0,1230.2244
M29519,long_history,Industry,1924-03-01,1229.0,1230.2244
M29519,long_history,Industry,1924-04-01,1259.0,1247.5513
M29519,long_history,Industry,1924-05-01,1274.0,1259.1027
M29519,long_history,Industry,1924-06-01,1288.0,1264.8784
M29519,long_history,Industry,1924-07-01,1291.0,1270.654
M29519,long_history,Industry,1924-08-01,1295.0,1270.654
M29519,long_history,Industry,1924-09-01,1288.0,1270.654
M29519,long_history,Industry,1924-10-01,1282.0,1270.654
M29519,long_history,Industry,1924-11-01,1280.0,1270.654
M29519,long_history,Industry,1924-12-01,1273.0,1259.1027
M29519,long_history,Industry,1925-01-01,1235.0,1236.0
M29519,long_history,Industry,1925-02-01,1228.0,1212.8972
M29519,long_history,Industry,1925-03-01,1238.0,1224.4486
M29519,long_history,Industry,1925-04-01,1267.0,1236.0
M29519,long_history,Industry,1925-05-01,1283.0,1253.3269
M29519,long_history,Industry,1925-06-01,1301.0,1264.8784
M29571,long_history,Industry,1924-01-01,1808.0,1816.0056
M29571,long_history,Industry,1924-02-01,1866.0,1825.271
M29571,long_history,Industry,1924-03-01,1877.0,1825.271
M29571,long_history,Industry,1924-04-01,1816.0,1834.5363
M29571,long_history,Industry,1924-05-01,1857.0,1825.271
M29571,long_history,Industry,1924-06-01,1931.0,1816.0056
M29571,long_history,Industry,1924-07-01,1882.0,1769.679
M29571,long_history,Industry,1924-08-01,1914.0,1825.271
M29571,long_history,Industry,1924-09-01,1873.0,1825.271
M29571,long_history,Industry,1924-10-01,1904.0,1825.271
M29571,long_history,Industry,1924-11-01,1942.0,1825.271
M29571,long_history,Industry,1924-12-01,1968.0,1806.7402
M29571,long_history,Industry,1925-01-01,1939.0,1816.0056
M29571,long_history,Industry,1925-02-01,1946.0,1825.271
M29571,long_history,Industry,1925-03-01,1937.0,1834.5363
M29571,long_history,Industry,1925-04-01,1942.0,1834.5363
M29571,long_history,Industry,1925-05-01,1971.0,1825.271
M29571,long_history,Industry,1925-06-01,1987.0,1806.7402
M29643,long_history,Industry,1924-01-01,2310.0,2276.8274
M29643,long_history,Industry,1924-02-01,2310.0,2276.8274
M29643,long_history,Industry,1924-03-01,2320.0,2276.8274
M29643,long_history,Industry,1924-04-01,2330.0,2276.8274
M29643,long_history,Industry,1924-05-01,2340.0,2284.6248
M29643,long_history,Industry,1924-06-01,2380.0,2292.422
M29643,long_history,Industry,1924-07-01,2390.0,2300.2195
M29643,long_history,Industry,1924-08-01,2380.0,2276.8274
M29643,long_history,Industry,1924-09-01,2370.0,2292.422
M29643,long_history,Industry,1924-10-01,2370.0,2284.6248
M29643,long_history,Industry,1924-11-01,2370.0,2276.8274
M29643,long_history,Industry,1924-12-01,2380.0,2284.6248
M29643,long_history,Industry,1925-01-01,2380.0,2284.6248
M29643,long_history,Industry,1925-02-01,2380.0,2292.422
M29643,long_history,Industry,1925-03-01,2370.0,2284.6248
M29643,long_history,Industry,1925-04-01,2370.0,2292.422
M29643,long_history,Industry,1925-05-01,2380.0,2292.422
M29643,long_history,Industry,1925-06-01,2420.0,2292.422
M29666,long_history,Industry,1924-01-01,5493.0,5573.1626
M29666,long_history,Industry,1924-02-01,5586.0,5573.1626
M29666,long_history,Industry,1924-03-01,5603.0,5520.586
M29666,long_history,Industry,1924-04-01,5619.0,5573.1626
M29666,long_history,Industry,1924-05-01,5706.0,5573.1626
M29666,long_history,Industry,1924-06-01,5839.0,5573.1626
M29666,long_history,Industry,1924-07-01,5763.0,5546.874
M29666,long_history,Industry,1924-08-01,5819.0,5546.874
M29666,long_history,Industry,1924-09-01,5745.0,5573.1626
M29666,long_history,Industry,1924-10-01,5766.0,5573.1626
M29666,long_history,Industry,1924-11-01,5819.0,5573.1626
M29666,long_history,Industry,1924-12-01,5853.0,5520.586
M29666,long_history,Industry,1925-01-01,5762.0,5573.1626
M29666,long_history,Industry,1925-02-01,5779.0,5573.1626
M29666,long_history,Industry,1925-03-01,5771.0,5546.874
M29666,long_history,Industry,1925-04-01,5783.0,5546.874
M29666,long_history,Industry,1925-05-01,5855.0,5546.874
M29666,long_history,Industry,1925-06-01,5928.0,5599.451
M29724,long_history,Industry,1924-01-01,2800.0,2808.986
M29724,long_history,Industry,1924-02-01,2780.0,2808.986
M29724,long_history,Industry,1924-03-01,2780.0,2808.986
M29724,long_history,Industry,1924-04-01,2780.0,2836.2576
M29724,long_history,Industry,1924-05-01,2790.0,2863.5295
M29724,long_history,Industry,1924-06-01,2790.0,2890.8013
M29724,long_history,Industry,1924-07-01,2820.0,2890.8013
M29724,long_history,Industry,1924-08-01,2870.0,2918.073
M29724,long_history,Industry,1924-09-01,2850.0,2945.3447
M29724,long_history,Industry,1924-10-01,2830.0,2945.3447
M29724,long_history,Industry,1924-11-01,2780.0,2890.8013
M29724,long_history,Industry,1924-12-01,2780.0,2836.2576
M29724,long_history,Industry,1925-01-01,2770.0,2808.986
M29724,long_history,Industry,1925-02-01,2740.0,2768.0786
M29724,long_history,Industry,1925-03-01,2750.0,2768.0786
M29724,long_history,Industry,1925-04-01,2740.0,2768.0786
M29724,long_history,Industry,1925-05-01,2760.0,2754.4426
M29724,long_history,Industry,1925-06-01,2780.0,2781.7144
M29790,long_history,Industry,1924-01-01,1590.0,1585.4584
M29790,long_history,Industry,1924-02-01,1580.0,1590.8328
M29790,long_history,Industry,1924-03-01,1590.0,1596.2073
M29790,long_history,Industry,1924-04-01,1590.0,1601.5817
M29790,long_history,Industry,1924-05-01,1630.0,1617.705
M29790,long_history,Industry,1924-06-01,1520.0,1456.4719
M29790,long_history,Industry,1924-07-01,1290.0,1268.3667
M29790,long_history,Industry,1924-08-01,1460.0,1472.5952
M29790,long_history,Industry,1924-09-01,1560.0,1558.5863
M29790,long_history,Industry,1924-10-01,1590.0,1596.2073
M29790,long_history,Industry,1924-11-01,1610.0,1601.5817
M29790,long_history,Industry,1924-12-01,1580.0,1580.084
M29790,long_history,Industry,1925-01-01,1580.0,1580.084
M29790,long_history,Industry,1925-02-01,1570.0,1585.4584
M29790,long_history,Industry,1925-03-01,1580.0,1590.8328
M29790,long_history,Industry,1925-04-01,1570.0,1590.8328
M29790,long_history,Industry,1925-05-01,1590.0,1601.5817
M29790,long_history,Industry,1925-06-01,1510.0,1445.723
M29812,long_history,Industry,1924-01-01,1450.0,1472.9656
M29812,long_history,Industry,1924-02-01,1450.0,1472.9656
M29812,long_history,Industry,1924-03-01,1440.0,1472.9656
M29812,long_history,Industry,1924-04-01,1450.0,1479.1029
M29812,long_history,Industry,1924-05-01,1450.0,1472.9656
M29812,long_history,Industry,1924-06-01,1470.0,1472.9656
M29812,long_history,Industry,1924-07-01,1470.0,1479.1029
M29812,long_history,Industry,1924-08-01,1470.0,1497.515
M29812,long_history,Industry,1924-09-01,1440.0,1491.3777
M29812,long_history,Industry,1924-10-01,1420.0,1491.3777
M29812,long_history,Industry,1924-11-01,1490.0,1491.3777
M29812,long_history,Industry,1924-12-01,1400.0,1503.6523
M29812,long_history,Industry,1925-01-01,1410.0,1497.515
M29812,long_history,Industry,1925-02-01,1400.0,1503.6523
M29812,long_history,Industry,1925-03-01,1370.0,1497.515
M29812,long_history,Industry,1925-04-01,1400.0,1485.2402
M29812,long_history,Industry,1925-05-01,1400.0,1485.2402
M29812,long_history,Industry,1925-06-01,1390.0,1491.3777
M30102,long_history,Industry,1924-01-01,4087.0,4122.5938
M30102,long_history,Industry,1924-02-01,4075.0,4084.065
M30102,long_history,Industry,1924-03-01,4116.0,4122.5938
M30102,long_history,Industry,1924-04-01,4181.0,4122.5938
M30102,long_history,Industry,1924-05-01,4216.0,4161.1226
M30102,long_history,Industry,1924-06-01,4251.0,4199.6514
M30102,long_history,Industry,1924-07-01,4248.0,4199.6514
M30102,long_history,Industry,1924-08-01,4253.0,4199.6514
M30102,long_history,Industry,1924-09-01,4242.0,4180.3867
M30102,long_history,Industry,1924-10-01,4240.0,4180.3867
M30102,long_history,Industry,1924-11-01,4235.0,4161.1226
M30102,long_history,Industry,1924-12-01,4214.0,4141.8584
M30102,long_history,Industry,1925-01-01,4134.0,4064.8005
M30102,long_history,Industry,1925-02-01,4126.0,4045.5361
M30102,long_history,Industry,1925-03-01,4154.0,4064.8005
M30102,long_history,Industry,1925-04-01,4241.0,4084.065
M30102,long_history,Industry,1925-05-01,4276.0,4103.329
M30102,long_history,Industry,1925-06-01,4304.0,4141.8584
M30154,long_history,Industry,1924-01-01,1863.0,1876.1304
M30154,long_history,Industry,1924-02-01,1865.0,1876.1304
M30154,long_history,Industry,1924-03-01,1864.0,1876.1304
M30154,long_history,Industry,1924-04-01,1864.0,1876.1304
M30154,long_history,Industry,1924-05-01,1869.0,1876.1304
M30154,long_history,Industry,1924-06-01,1880.0,1883.4022
M30154,long_history,Industry,1924-07-01,1897.0,1876.1304
M30154,long_history,Industry,1924-08-01,1895.0,1876.1304
M30154,long_history,Industry,1924-09-01,1886.0,1876.1304
M30154,long_history,Industry,1924-10-01,1877.0,1876.1304
M30154,long_history,Industry,1924-11-01,1874.0,1868.8586
M30154,long_history,Industry,1924-12-01,1876.0,1868.8586
M30154,long_history,Industry,1925-01-01,1873.0,1861.5867
M30154,long_history,Industry,1925-02-01,1872.0,1854.315
M30154,long_history,Industry,1925-03-01,1881.0,1854.315
M30154,long_history,Industry,1925-04-01,1870.0,1854.315
M30154,long_history,Industry,1925-05-01,1873.0,1861.5868
M30154,long_history,Industry,1925-06-01,1885.0,1868.8586
M30305,long_history,Industry,1927-02-01,1767.62,1759.4038
M30305,long_history,Industry,1927-03-01,1775.92,1769.8145
M30305,long_history,Industry,1927-04-01,1793.98,1775.0198
M30305,long_history,Industry,1927-05-01,1804.6,1764.6091
M30305,long_history,Industry,1927-06-01,1807.45,1759.4038
M30305,long_history,Industry,1927-07-01,1805.98,1759.4038
M30305,long_history,Industry,1927-08-01,1800.13,1769.8145
M30305,long_history,Industry,1927-09-01,1792.26,1775.0198
M30305,long_history,Industry,1927-10-01,1793.8,1769.8145
M30305,long_history,Industry,1927-11-01,1780.97,1769.8145
M30305,long_history,Industry,1927-12-01,1754.8,1759.4038
M30305,long_history,Industry,1928-01-01,1727.68,1764.6091
M30305,long_history,Industry,1928-02-01,1699.64,1769.8145
M30305,long_history,Industry,1928-03-01,1713.83,1775.0198
M30305,long_history,Industry,1928-04-01,1737.11,1780.2252
M30305,long_history,Industry,1928-05-01,1736.06,1780.2252
M30305,long_history,Industry,1928-06-01,1752.37,1790.6359
M30305,long_history,Industry,1928-07-01,1752.71,1780.2252
M30325,medium,Industry,1916-02-01,1588.46,1599.5074
M30325,medium,Industry,1916-03-01,1597.92,1618.5492
M30325,medium,Industry,1916-04-01,1628.05,1637.591
M30325,medium,Industry,1916-05-01,1652.94,1647.1118
M30325,medium,Industry,1916-06-01,1656.36,1637.591
M30325,medium,Industry,1916-07-01,1654.42,1632.8306
M30325,medium,Industry,1916-08-01,1638.06,1637.591
M30325,medium,Industry,1916-09-01,1614.85,1618.5492
M30325,medium,Industry,1916-10-01,1616.51,1642.3513
M30325,medium,Industry,1916-11-01,1594.3,1651.8723
M30325,medium,Industry,1916-12-01,1543.18,1642.3513
M30325,medium,Industry,1917-01-01,1478.03,1618.5492
M30325,medium,Industry,1917-02-01,1396.9,1618.5492
M30325,medium,Industry,1917-03-01,1416.76,1661.3931
M30325,medium,Industry,1917-04-01,1458.98,1661.3931
M30325,medium,Industry,1917-05-01,1463.85,1661.3931
M30325,medium,Industry,1917-06-01,1498.45,1642.3513
M30325,medium,Industry,1917-07-01,1507.44,1613.7888
M3037,short,Macro,1905-07-01,10758.07,10634.314
M3037,short,Macro,1905-08-01,10725.32,10585.309
M3037,short,Macro,1905-09-01,10994.19,10511.8
M3037,short,Macro,1905-10-01,11398.01,10438.291
M3037,short,Macro,1905-11-01,11848.45,10462.794
M3037,short,Macro,1905-12-01,12205.35,10389.285
M3037,short,Macro,1906-01-01,11661.58,10217.763
M3037,short,Macro,1906-02-01,11609.73,9923.727
M3037,short,Macro,1906-03-01,11646.99,9727.703
M3037,short,Macro,1906-04-01,11650.19,9556.182
M3037,short,Macro,1906-05-01,11126.15,9237.642
M3037,short,Macro,1906-06-01,10853.01,9164.133
M3037,short,Macro,1906-07-01,10888.47,8919.103
M3037,short,Macro,1906-08-01,10984.67,8698.575
M3037,short,Macro,1906-09-01,10816.12,8600.563
M3037,short,Macro,1906-10-01,10850.6,8551.557
M3037,short,Macro,1906-11-01,10614.68,8404.539
M3037,short,Macro,1906-12-01,10720.2,8380.035
M30873,short,Industry,1912-01-01,10150.18,10655.376
M30873,short,Industry,1912-02-01,10062.56,10490.176
M30873,short,Industry,1912-03-01,10161.11,10324.977
M30873,short,Industry,1912-04-01,10219.38,10490.176
M30873,short,Industry,1912-05-01,10553.89,10556.256
M30873,short,Industry,1912-06-01,10620.81,10407.576
M30873,short,Industry,1912-07-01,11014.86,10308.457
M30873,short,Industry,1912-08-01,12251.2,10572.776
M30873,short,Industry,1912-09-01,12863.21,10638.856
M30873,short,Industry,1912-10-01,12143.14,10341.497
M30873,short,Industry,1912-11-01,12825.96,10490.176
M30873,short,Industry,1912-12-01,12516.62,10539.736
M30873,short,Industry,1913-01-01,12844.56,10589.296
M30873,short,Industry,1913-02-01,13177.67,10919.696
M30873,short,Industry,1913-03-01,12677.47,11068.375
M30873,short,Industry,1913-04-01,12533.24,10622.336
M30873,short,Industry,1913-05-01,12393.32,10572.775
M30873,short,Industry,1913-06-01,12721.89,10407.576
M30944,long_history,Industry,1926-01-01,12200.0,10707.446
M30944,long_history,Industry,1926-02-01,12200.0,10006.754
M30944,long_history,Industry,1926-03-01,12800.0,10050.548
M30944,long_history,Industry,1926-04-01,12400.0,9831.582
M30944,long_history,Industry,1926-05-01,13800.0,10269.514
M30944,long_history,Industry,1926-06-01,13100.0,10948.309
M30944,long_history,Industry,1926-07-01,15100.0,11035.8955
M30944,long_history,Industry,1926-08-01,15800.0,12393.485
M30944,long_history,Industry,1926-09-01,16100.0,12590.556
M30944,long_history,Industry,1926-10-01,16800.0,12481.072
M30944,long_history,Industry,1926-11-01,14200.0,11824.174
M30944,long_history,Industry,1926-12-01,14500.0,10970.206
M30944,long_history,Industry,1927-01-01,14800.0,10597.963
M30944,long_history,Industry,1927-02-01,13300.0,10138.135
M30944,long_history,Industry,1927-03-01,15400.0,10357.101
M30944,long_history,Industry,1927-04-01,14300.0,10072.445
M30944,long_history,Industry,1927-05-01,16000.0,10247.617
M30944,long_history,Industry,1927-06-01,15300.0,10904.517
M3097,long_history,Macro,1923-06-01,1423.741,1692.859
M3097,long_history,Macro,1923-07-01,1623.369,1734.7615
M3097,long_history,Macro,1923-08-01,1485.499,1684.4785
M3097,long_history,Macro,1923-09-01,1713.704,1768.2836
M3097,long_history,Macro,1923-10-01,1604.526,1776.6641
M3097,long_history,Macro,1923-11-01,1549.87,1793.425
M3097,long_history,Macro,1923-12-01,1552.094,1759.9031
M3097,long_history,Macro,1924-01-01,1711.764,1718.0005
M3097,long_history,Macro,1924-02-01,1466.639,1667.7177
M3097,long_history,Macro,1924-03-01,1721.418,1801.8054
M3097,long_history,Macro,1924-04-01,1721.535,1877.2297
M3097,long_history,Macro,1924-05-01,1452.809,1818.5664
M3097,long_history,Macro,1924-06-01,1403.405,1676.0981
M3097,long_history,Macro,1924-07-01,1512.213,1743.1421
M3097,long_history,Macro,1924-08-01,1585.653,1676.0981
M3097,long_history,Macro,1924-09-01,1868.445,1751.5225
M3097,long_history,Macro,1924-10-01,1678.746,1734.7615
M3097,long_history,Macro,1924-11-01,1654.413,1634.1956
M31062,medium,Industry,1920-01-01,4000.0,4405.138
M31062,medium,Industry,1920-02-01,3900.0,4683.9443
M31062,medium,Industry,1920-03-01,3200.0,4265.7354
M31062,medium,Industry,1920-04-01,5100.0,4349.377
M31062,medium,Industry,1920-05-01,6100.0,4237.8545
M31062,medium,Industry,1920-06-01,3300.0,4906.9893
M31062,medium,Industry,1920-07-01,4200.0,4209.974
M31062,medium,Industry,1920-08-01,5100.0,4293.6157
M31062,medium,Industry,1920-09-01,7300.0,3652.3613
M31062,medium,Industry,1920-10-01,8600.0,4014.8098
M31062,medium,Industry,1920-11-01,7600.0,4405.138
M31062,medium,Industry,1920-12-01,10800.0,4795.467
M31062,medium,Industry,1921-01-01,12500.0,4934.87
M31062,medium,Industry,1921-02-01,9100.0,4433.0186
M31062,medium,Industry,1921-03-01,7500.0,4014.8098
M31062,medium,Industry,1921-04-01,11200.0,4014.8098
M31062,medium,Industry,1921-05-01,8800.0,4014.8098
M31062,medium,Industry,1921-06-01,18500.0,4237.8545
M31075,long_history,Industry,1929-01-01,5980.0,5471.867
M31075,long_history,Industry,1929-02-01,5874.0,5343.87
M31075,long_history,Industry,1929-03-01,5798.0,5471.867
M31075,long_history,Industry,1929-04-01,5280.0,5535.865
M31075,long_history,Industry,1929-05-01,5971.0,5759.8604
M31075,long_history,Industry,1929-06-01,5634.0,5919.856
M31075,long_history,Industry,1929-07-01,6010.0,6207.849
M31075,long_history,Industry,1929-08-01,5847.0,6271.8477
M31075,long_history,Industry,1929-09-01,5954.0,6079.852
M31075,long_history,Industry,1929-10-01,5880.0,6335.846
M31075,long_history,Industry,1929-11-01,5178.0,6207.849
M31075,long_history,Industry,1929-12-01,5279.0,6143.8506
M31075,long_history,Industry,1930-01-01,5188.0,6527.8413
M31075,long_history,Industry,1930-02-01,5380.0,6207.849
M31075,long_history,Industry,1930-03-01,5660.0,5983.8545
M31075,long_history,Industry,1930-04-01,5054.0,6047.8525
M31075,long_history,Industry,1930-05-01,5624.0,6207.849
M31075,long_history,Industry,1930-06-01,6143.0,6399.8447
M31662,medium,Industry,1923-01-01,8590.0,8358.453
M31662,medium,Industry,1923-02-01,8320.0,8323.723
M31662,medium,Industry,1923-03-01,8330.0,8184.8
M31662,medium,Industry,1923-04-01,9030.0,8196.377
M31662,medium,Industry,1923-05-01,9020.0,8300.568
M31662,medium,Industry,1923-06-01,8890.0,8207.953
M31662,medium,Industry,1923-07-01,9340.0,8277.414
M31662,medium,Industry,1923-08-01,9510.0,8150.07
M31662,medium,Industry,1923-09-01,9280.0,8150.07
M31662,medium,Industry,1923-10-01,9210.0,8485.797
M31662,medium,Industry,1923-11-01,9350.0,8439.49
M31662,medium,Industry,1923-12-01,9450.0,8427.914
M31662,medium,Industry,1924-01-01,9410.0,8300.568
M31662,medium,Industry,1924-02-01,9520.0,8312.1455
M31662,medium,Industry,1924-03-01,9600.0,8254.262
M31662,medium,Industry,1924-04-01,9250.0,8335.299
M31662,medium,Industry,1924-05-01,9180.0,8265.838
M31662,medium,Industry,1924-06-01,9290.0,8370.029
M31715,short,Industry,1910-01-01,2417.56,2222.4722
M31715,short,Industry,1910-02-01,2459.034,2266.4814
M31715,short,Industry,1910-03-01,2613.897,2275.2832
M31715,short,Industry,1910-04-01,2373.879,2363.3018
M31715,short,Industry,1910-05-01,2574.734,2332.4954
M31715,short,Industry,1910-06-01,2572.01,2363.3018
M31715,short,Industry,1910-07-01,2504.4,2350.099
M31715,short,Industry,1910-08-01,2614.128,2266.4814
M31715,short,Industry,1910-09-01,2541.685,2262.0803
M31715,short,Industry,1910-10-01,2895.134,2262.0806
M31715,short,Industry,1910-11-01,2674.909,2306.0898
M31715,short,Industry,1910-12-01,2365.906,2341.2974
M31715,short,Industry,1911-01-01,2460.833,2288.4858
M31715,short,Industry,1911-02-01,2517.994,2367.7026
M31715,short,Industry,1911-03-01,2769.59,2358.901
M31715,short,Industry,1911-04-01,3052.033,2433.7168
M31715,short,Industry,1911-05-01,2990.615,2433.7168
M31715,short,Industry,1911-06-01,2823.351,2460.1223
M31724,medium,Industry,1921-01-01,4532.54,5249.014
M31724,medium,Industry,1921-02-01,5162.11,4856.124
M31724,medium,Industry,1921-03-01,3754.09,4698.968
M31724,medium,Industry,1921-04-01,6665.87,4471.0913
M31724,medium,Industry,1921-05-01,3329.26,4353.224
M31724,medium,Industry,1921-06-01,6069.02,4266.7886
M31724,medium,Industry,1921-07-01,3364.53,4141.0635
M31724,medium,Industry,1921-08-01,4452.27,4125.348
M31724,medium,Industry,1921-09-01,5392.7,4031.0542
M31724,medium,Industry,1921-10-01,5457.63,4062.4856
M31724,medium,Industry,1921-11-01,4635.87,3952.476
M31724,medium,Industry,1921-12-01,3898.06,3850.3247
M31724,medium,Industry,1922-01-01,3910.8,3748.1733
M31724,medium,Industry,1922-02-01,3142.69,3763.8887
M31724,medium,Industry,1922-03-01,2923.92,3693.1687
M31724,medium,Industry,1922-04-01,2627.35,3685.311
M31724,medium,Industry,1922-05-01,4098.0,3622.4487
M31724,medium,Industry,1922-06-01,4547.35,3488.8657
M3177,medium,Macro,1920-12-01,6326.013,6866.105
M3177,medium,Macro,1921-01-01,6348.772,6997.245
M3177,medium,Macro,1921-02-01,7176.993,7184.587
M3177,medium,Macro,1921-03-01,7140.275,7212.6885
M3177,medium,Macro,1921-04-01,7224.007,7296.9927
M3177,medium,Macro,1921-05-01,7149.209,7240.79
M3177,medium,Macro,1921-06-01,6403.977,7259.5244
M3177,medium,Macro,1921-07-01,7031.484,7203.3213
M3177,medium,Macro,1921-08-01,6329.686,7100.283
M3177,medium,Macro,1921-09-01,5959.553,6838.004
M3177,medium,Macro,1921-10-01,5863.128,6894.206
M3177,medium,Macro,1921-11-01,6258.134,7100.283
M3177,medium,Macro,1921-12-01,6530.106,7034.713
M3177,medium,Macro,1922-01-01,6654.587,7203.3213
M3177,medium,Macro,1922-02-01,7277.569,7390.664
M3177,medium,Macro,1922-03-01,6914.875,7484.3354
M3177,medium,Macro,1922-04-01,7207.678,7709.1465
M3177,medium,Macro,1922-05-01,6734.269,7709.1465
M31895,long_history,Industry,1929-02-01,10900.0,10926.216
M31895,long_history,Industry,1929-03-01,10910.0,10981.398
M31895,long_history,Industry,1929-04-01,10870.0,11008.99
M31895,long_history,Industry,1929-05-01,10870.0,11036.581
M31895,long_history,Industry,1929-06-01,10880.0,11064.172
M31895,long_history,Industry,1929-07-01,10920.0,11091.764
M31895,long_history,Industry,1929-08-01,10920.0,11146.947
M31895,long_history,Industry,1929-09-01,10900.0,11091.764
M31895,long_history,Industry,1929-10-01,10880.0,11146.947
M31895,long_history,Industry,1929-11-01,10870.0,11146.947
M31895,long_history,Industry,1929-12-01,10870.0,11202.13
M31895,long_history,Industry,1930-01-01,10810.0,11229.721
M31895,long_history,Industry,1930-02-01,10830.0,11257.3125
M31895,long_history,Industry,1930-03-01,10800.0,11257.3125
M31895,long_history,Industry,1930-04-01,10820.0,11312.495
M31895,long_history,Industry,1930-05-01,10820.0,11367.679
M31895,long_history,Industry,1930-06-01,10770.0,11367.679
M31895,long_history,Industry,1930-07-01,10760.0,11367.679
M31939,medium,Industry,1916-11-01,11382.36,11342.039
M31939,medium,Industry,1916-12-01,11473.62,11409.151
M31939,medium,Industry,1917-01-01,11516.99,11476.264
M31939,medium,Industry,1917-02-01,11772.68,11476.264
M31939,medium,Industry,1917-03-01,11829.6,11442.707
M31939,medium,Industry,1917-04-01,11899.17,11476.264
M31939,medium,Industry,1917-05-01,11925.37,11476.264
M31939,medium,Industry,1917-06-01,11828.7,11476.264
M31939,medium,Industry,1917-07-01,11849.48,11509.82
M31939,medium,Industry,1917-08-01,11700.4,11543.376
M31939,medium,Industry,1917-09-01,11676.91,11543.376
M31939,medium,Industry,1917-10-01,11717.56,11543.376
M31939,medium,Industry,1917-11-01,11786.23,11610.488
M31939,medium,Industry,1917-12-01,11890.13,11677.602
M31939,medium,Industry,1918-01-01,11967.84,11811.827
M31939,medium,Industry,1918-02-01,11966.93,11811.827
M31939,medium,Industry,1918-03-01,11872.06,11878.939
M31939,medium,Industry,1918-04-01,11835.02,11811.827
M32031,short,Industry,1905-05-01,1408.015,1821.814
M32031,short,Industry,1905-06-01,2005.8935,1924.4514
M32031,short,Industry,1905-07-01,1875.7948,1988.5997
M32031,short,Industry,1905-08-01,1408.015,1905.2069
M32031,short,Industry,1905-09-01,1815.0534,1866.7178
M32031,short,Industry,1905-10-01,1875.7948,1937.2811
M32031,short,Industry,1905-11-01,1963.9434,1950.1107
M32031,short,Industry,1905-12-01,1454.0966,1834.6436
M32031,short,Industry,1906-01-01,1963.9434,1828.2288
M32031,short,Industry,1906-02-01,1292.5196,1892.3772
M32031,short,Industry,1906-03-01,1454.0966,1898.792
M32031,short,Industry,1906-04-01,1292.6786,1866.7179
M32031,short,Industry,1906-05-01,1292.5196,1885.9624
M32031,short,Industry,1906-06-01,1865.8212,1860.3031
M32031,short,Industry,1906-07-01,1547.6116,1860.3031
M32031,short,Industry,1906-08-01,1865.8212,1860.3031
M32031,short,Industry,1906-09-01,1837.8415,1873.1328
M32031,short,Industry,1906-10-01,1547.6116,1828.2288
M32070,long_history,Industry,1924-01-01,1158.18,1274.4921
M32070,long_history,Industry,1924-02-01,660.97,686.265
M32070,long_history,Industry,1924-03-01,424.43,453.42508
M32070,long_history,Industry,1924-04-01,443.27,526.9535
M32070,long_history,Industry,1924-05-01,730.93,772.0481
M32070,long_history,Industry,1924-06-01,1079.52,1078.4165
M32070,long_history,Industry,1924-07-01,1433.7,1409.2942
M32070,long_history,Industry,1924-08-01,1826.04,1764.6815
M32070,long_history,Industry,1924-09-01,2210.65,2156.8328
M32070,long_history,Industry,1924-10-01,2606.29,2499.9653
M32070,long_history,Industry,1924-11-01,2493.73,2408.0547
M32070,long_history,Industry,1924-12-01,1982.87,1832.0825
M32070,long_history,Industry,1925-01-01,1347.58,1237.7279
M32070,long_history,Industry,1925-02-01,766.54,655.6282
M32070,long_history,Industry,1925-03-01,554.63,428.91565
M32070,long_history,Industry,1925-04-01,548.96,484.06195
M32070,long_history,Industry,1925-05-01,837.25,735.28394
M32070,long_history,Industry,1925-06-01,1125.9,1035.5249
M32089,cold_start,Industry,1904-04-01,3019.976,2492.4717
M32089,cold_start,Industry,1904-05-01,4905.131,2723.8403
M32089,cold_start,Industry,1904-06-01,2642.759,2334.7202
M32089,cold_start,Industry,1904-07-01,1900.899,2387.304
M32089,cold_start,Industry,1904-08-01,4905.131,2524.022
M32089,cold_start,Industry,1904-09-01,6157.849,2429.371
M32089,cold_start,Industry,1904-10-01,4903.711,2702.8066
M32089,cold_start,Industry,1904-11-01,6157.849,2576.6055
M32089,cold_start,Industry,1904-12-01,5810.274,2481.9548
M32089,cold_start,Industry,1905-01-01,4903.711,2387.304
M32089,cold_start,Industry,1905-02-01,3341.921,2418.8542
M32089,cold_start,Industry,1905-03-01,5810.274,2334.7202
M32089,cold_start,Industry,1905-04-01,5730.772,2355.7537
M32089,cold_start,Industry,1905-05-01,4726.304,2271.6196
M32089,cold_start,Industry,1905-06-01,5730.772,2334.7202
M32089,cold_start,Industry,1905-07-01,7413.127,2481.9548
M32089,cold_start,Industry,1905-08-01,4726.304,2481.9548
M32089,cold_start,Industry,1905-09-01,4434.547,2429.371
M32122,cold_start,Industry,1904-04-01,2667.707,4988.205
M32122,cold_start,Industry,1904-05-01,3564.558,4818.8525
M32122,cold_start,Industry,1904-06-01,5067.929,4187.629
M32122,cold_start,Industry,1904-07-01,4009.755,5080.579
M32122,cold_start,Industry,1904-08-01,3564.558,4957.4136
M32122,cold_start,Industry,1904-09-01,3858.301,3664.1753
M32122,cold_start,Industry,1904-10-01,4416.941,4356.9814
M32122,cold_start,Industry,1904-11-01,3858.301,3294.6787
M32122,cold_start,Industry,1904-12-01,4916.595,4049.0674
M32122,cold_start,Industry,1905-01-01,4416.941,3771.945
M32122,cold_start,Industry,1905-02-01,6519.509,3094.5347
M32122,cold_start,Industry,1905-03-01,4916.595,3156.1172
M32122,cold_start,Industry,1905-04-01,3567.36,2863.599
M32122,cold_start,Industry,1905-05-01,5289.411,3633.3838
M32122,cold_start,Industry,1905-06-01,3567.36,3356.2612
M32122,cold_start,Industry,1905-07-01,2486.295,3417.844
M32122,cold_start,Industry,1905-08-01,5289.411,2755.829
M32122,cold_start,Industry,1905-09-01,2699.41,2755.829
M32141,cold_start,Industry,1904-01-01,4694.3,5028.0894
M32141,cold_start,Industry,1904-02-01,3437.58,4855.369
M32141,cold_start,Industry,1904-03-01,3870.92,5181.6187
M32141,cold_start,Industry,1904-04-01,6245.83,4644.2656
M32141,cold_start,Industry,1904-05-01,3437.58,4721.031
M32141,cold_start,Industry,1904-06-01,3907.67,4701.84
M32141,cold_start,Industry,1904-07-01,5132.93,5008.8984
M32141,cold_start,Industry,1904-08-01,3907.67,4816.9863
M32141,cold_start,Industry,1904-09-01,2782.44,4836.1777
M32141,cold_start,Industry,1904-10-01,5132.93,5104.854
M32141,cold_start,Industry,1904-11-01,4486.45,4797.7954
M32141,cold_start,Industry,1904-12-01,2782.44,4740.2217
M32141,cold_start,Industry,1905-01-01,3828.91,5028.0894
M32141,cold_start,Industry,1905-02-01,4173.35,5066.4717
M32141,cold_start,Industry,1905-03-01,3828.91,4855.369
M32141,cold_start,Industry,1905-04-01,2574.35,4893.751
M32141,cold_start,Industry,1905-05-01,4173.35,5335.148
M32141,cold_start,Industry,1905-06-01,5145.25,5008.8984
M322,medium,Macro,1918-03-01,6159.0,5984.7734
M322,medium,Macro,1918-04-01,5433.0,5411.923
M322,medium,Macro,1918-05-01,5957.0,5788.798
M322,medium,Macro,1918-06-01,5702.0,5426.998
M322,medium,Macro,1918-07-01,5751.0,5457.148
M322,medium,Macro,1918-08-01,5303.0,5140.573
M322,medium,Macro,1918-09-01,4797.0,4688.323
M322,medium,Macro,1918-10-01,4042.0,4070.2485
M322,medium,Macro,1918-11-01,4482.0,4507.4233
M322,medium,Macro,1918-12-01,6049.0,5638.048
M322,medium,Macro,1919-01-01,6010.0,5713.423
M322,medium,Macro,1919-02-01,6384.0,6045.073
M322,medium,Macro,1919-03-01,6360.0,5894.323
M322,medium,Macro,1919-04-01,5784.0,5411.923
M322,medium,Macro,1919-05-01,6277.0,5758.648
M322,medium,Macro,1919-06-01,5840.0,5351.623
M322,medium,Macro,1919-07-01,6025.0,5426.998
M322,medium,Macro,1919-08-01,5328.0,5004.8984
M3223,medium,Macro,1920-12-01,7208.73,7975.2725
M3223,medium,Macro,1921-01-01,7526.92,7853.5127
M3223,medium,Macro,1921-02-01,6530.39,7625.213
M3223,medium,Macro,1921-03-01,7497.76,7883.9526
M3223,medium,Macro,1921-04-01,6515.38,7899.173
M3223,medium,Macro,1921-05-01,6812.26,7640.433
M3223,medium,Macro,1921-06-01,6495.4,7579.553
M3223,medium,Macro,1921-07-01,7325.42,7731.753
M3223,medium,Macro,1921-08-01,7689.61,7686.093
M3223,medium,Macro,1921-09-01,8523.78,7777.413
M3223,medium,Macro,1921-10-01,7382.98,7503.453
M3223,medium,Macro,1921-11-01,7918.41,7853.5127
M3223,medium,Macro,1921-12-01,8258.99,7853.5127
M3223,medium,Macro,1922-01-01,8224.64,7975.2725
M3223,medium,Macro,1922-02-01,8642.4,7990.4927
M3223,medium,Macro,1922-03-01,7477.38,8112.253
M3223,medium,Macro,1922-04-01,8422.61,7899.173
M3223,medium,Macro,1922-05-01,7402.06,7823.0728
M32331,cold_start,Industry,1904-03-01,5154.463,4294.873
M32331,cold_start,Industry,1904-04-01,4995.188,4455.644
M32331,cold_start,Industry,1904-05-01,4869.604,4616.4146
M32331,cold_start,Industry,1904-06-01,5154.463,4685.3164
M32331,cold_start,Industry,1904-07-01,5579.712,4731.251
M32331,cold_start,Industry,1904-08-01,4869.604,4708.283
M32331,cold_start,Industry,1904-09-01,4032.54,4731.2505
M32331,cold_start,Industry,1904-10-01,4004.093,5029.8247
M32331,cold_start,Industry,1904-11-01,4032.54,4960.923
M32331,cold_start,Industry,1904-12-01,3391.092,4983.8906
M32331,cold_start,Industry,1905-01-01,4004.093,5144.6606
M32331,cold_start,Industry,1905-02-01,5171.551,5075.759
M32331,cold_start,Industry,1905-03-01,3391.092,5144.6606
M32331,cold_start,Industry,1905-04-01,4582.103,5075.759
M32331,cold_start,Industry,1905-05-01,5195.375,5075.759
M32331,cold_start,Industry,1905-06-01,4582.103,5190.5957
M32331,cold_start,Industry,1905-07-01,3372.302,5787.7437
M32331,cold_start,Industry,1905-08-01,5195.375,5856.6455
M32390,cold_start,Industry,1904-03-01,4781.4,4519.9053
M32390,cold_start,Industry,1904-04-01,3100.692,4899.439
M32390,cold_start,Industry,1904-05-01,3331.09,3881.5977
M32390,cold_start,Industry,1904-06-01,4781.4,4347.3896
M32390,cold_start,Industry,1904-07-01,5858.477,4847.6846
M32390,cold_start,Industry,1904-08-01,3331.09,4468.1504
M32390,cold_start,Industry,1904-09-01,3504.936,4174.874
M32390,cold_start,Industry,1904-10-01,3392.93,4933.9424
M32390,cold_start,Industry,1904-11-01,3504.936,4537.1567
M32390,cold_start,Industry,1904-12-01,2864.901,4657.9175
M32390,cold_start,Industry,1905-01-01,3392.93,4882.1875
M32390,cold_start,Industry,1905-02-01,5506.324,4657.9175
M32390,cold_start,Industry,1905-03-01,2864.901,4485.402
M32390,cold_start,Industry,1905-04-01,6943.635,4709.672
M32390,cold_start,Industry,1905-05-01,7739.079,4882.1875
M32390,cold_start,Industry,1905-06-01,6943.635,5227.2188
M32390,cold_start,Industry,1905-07-01,4657.489,4519.9053
M32390,cold_start,Industry,1905-08-01,7739.079,5554.998
M32475,cold_start,Industry,1904-03-01,1661.8,1516.478
M32475,cold_start,Industry,1904-04-01,1631.0,1345.3395
M32475,cold_start,Industry,1904-05-01,1766.0,1388.1241
M32475,cold_start,Industry,1904-06-01,1661.8,1407.1395
M32475,cold_start,Industry,1904-07-01,1348.5,1378.6165
M32475,cold_start,Industry,1904-08-01,1766.0,1364.3549
M32475,cold_start,Industry,1904-09-01,1159.7,1383.3704
M32475,cold_start,Industry,1904-10-01,1569.1,1378.6165
M32475,cold_start,Industry,1904-11-01,1159.7,1369.1086
M32475,cold_start,Industry,1904-12-01,1571.4,1350.0933
M32475,cold_start,Industry,1905-01-01,1569.1,1231.2471
M32475,cold_start,Industry,1905-02-01,1199.0,1312.0625
M32475,cold_start,Industry,1905-03-01,1571.4,1216.9856
M32475,cold_start,Industry,1905-04-01,1747.4,1102.8932
M32475,cold_start,Industry,1905-05-01,1791.4,1102.8932
M32475,cold_start,Industry,1905-06-01,1747.4,946.0161
M32475,cold_start,Industry,1905-07-01,1475.3,998.3085
M32475,cold_start,Industry,1905-08-01,1791.4,955.5238
M32495,cold_start,Industry,1904-03-01,2431.75,2640.3665
M32495,cold_start,Industry,1904-04-01,3070.28,2630.9365
M32495,cold_start,Industry,1904-05-01,2659.25,2593.2173
M32495,cold_start,Industry,1904-06-01,2431.75,2546.0679
M32495,cold_start,Industry,1904-07-01,2538.96,2640.3665
M32495,cold_start,Industry,1904-08-01,2659.25,2894.9734
M32495,cold_start,Industry,1904-09-01,2550.94,2725.2356
M32495,cold_start,Industry,1904-10-01,2315.86,2715.8057
M32495,cold_start,Industry,1904-11-01,2550.94,2876.1138
M32495,cold_start,Industry,1904-12-01,1633.65,2913.833
M32495,cold_start,Industry,1905-01-01,2315.86,2621.5068
M32495,cold_start,Industry,1905-02-01,2631.75,2800.6748
M32495,cold_start,Industry,1905-03-01,1633.65,2923.2632
M32495,cold_start,Industry,1905-04-01,1307.17,2678.086
M32495,cold_start,Industry,1905-05-01,1621.68,2696.9458
M32495,cold_start,Industry,1905-06-01,1307.17,2442.339
M32495,cold_start,Industry,1905-07-01,1606.23,2282.0312
M32495,cold_start,Industry,1905-08-01,1631.28,2225.4517
M3252,medium,Macro,1920-12-01,8830.069,8899.511
M3252,medium,Macro,1921-01-01,7615.614,8571.767
M3252,medium,Macro,1921-02-01,7233.457,6983.4688
M3252,medium,Macro,1921-03-01,9503.964,8269.233
M3252,medium,Macro,1921-04-01,8140.974,8949.934
M3252,medium,Macro,1921-05-01,9521.82,8874.3
M3252,medium,Macro,1921-06-01,7886.823,7790.2227
M3252,medium,Macro,1921-07-01,8673.66,8395.289
M3252,medium,Macro,1921-08-01,9035.911,8697.822
M3252,medium,Macro,1921-09-01,9441.164,8798.666
M3252,medium,Macro,1921-10-01,7748.061,9126.41
M3252,medium,Macro,1921-11-01,8885.437,8294.445
M3252,medium,Macro,1921-12-01,9150.096,8899.51
M3252,medium,Macro,1922-01-01,9002.037,8571.766
M3252,medium,Macro,1922-02-01,7060.604,7008.6797
M3252,medium,Macro,1922-03-01,8758.628,8319.656
M3252,medium,Macro,1922-04-01,9477.169,9353.311
M3252,medium,Macro,1922-05-01,8760.673,8949.934
M32676,short,Industry,1913-01-01,1550.0,1698.1814
M32676,short,Industry,1913-02-01,1610.0,1698.1814
M32676,short,Industry,1913-03-01,1580.0,1668.3887
M32676,short,Industry,1913-04-01,1490.0,1668.3887
M32676,short,Industry,1913-05-01,1480.0,1646.0442
M32676,short,Industry,1913-06-01,1450.0,1660.9404
M32676,short,Industry,1913-07-01,1470.0,1660.9404
M32676,short,Industry,1913-08-01,1430.0,1653.4923
M32676,short,Industry,1913-09-01,1390.0,1653.4923
M32676,short,Industry,1913-10-01,1370.0,1675.8368
M32676,short,Industry,1913-11-01,1470.0,1675.8368
M32676,short,Industry,1913-12-01,1500.0,1698.1814
M32676,short,Industry,1914-01-01,1500.0,1713.0776
M32676,short,Industry,1914-02-01,1540.0,1683.2849
M32676,short,Industry,1914-03-01,1560.0,1690.7332
M32676,short,Industry,1914-04-01,1490.0,1698.1814
M32676,short,Industry,1914-05-01,1540.0,1668.3887
M32676,short,Industry,1914-06-01,1490.0,1660.9404
M32738,short,Industry,1906-02-01,1460.773603,1181.1664
M32738,short,Industry,1906-03-01,1586.355154,1307.72
M32738,short,Industry,1906-04-01,1306.010968,1458.3789
M32738,short,Industry,1906-05-01,1481.837688,1717.5123
M32738,short,Industry,1906-06-01,2143.860024,2277.9636
M32738,short,Industry,1906-07-01,2671.007627,3230.1284
M32738,short,Industry,1906-08-01,2309.488911,2651.598
M32738,short,Industry,1906-09-01,2255.932608,2024.8567
M32738,short,Industry,1906-10-01,1893.520159,1783.8022
M32738,short,Industry,1906-11-01,1426.950525,1795.855
M32738,short,Industry,1906-12-01,1488.422821,1434.2734
M32738,short,Industry,1907-01-01,1378.048804,1331.8253
M32738,short,Industry,1907-02-01,1159.827574,1355.9308
M32738,short,Industry,1907-03-01,1783.54259,1470.4316
M32738,short,Industry,1907-04-01,1583.523385,1289.6409
M32738,short,Industry,1907-05-01,1912.640845,1536.7216
M32738,short,Industry,1907-06-01,1778.09624,1886.2502
M32738,short,Industry,1907-07-01,2586.018065,2886.626
M32770,cold_start,Industry,1904-11-01,3203.0,2152.7502
M32770,cold_start,Industry,1904-12-01,2133.0,1753.5647
M32770,cold_start,Industry,1905-01-01,2631.0,1839.1044
M32770,cold_start,Industry,1905-02-01,1529.0,2138.4937
M32770,cold_start,Industry,1905-03-01,265.0,2124.2368
M32770,cold_start,Industry,1905-04-01,2080.0,1903.2593
M32770,cold_start,Industry,1905-05-01,2106.0,2109.9802
M32770,cold_start,Industry,1905-06-01,1610.0,2109.9802
M32770,cold_start,Industry,1905-07-01,1589.0,2145.6218
M32770,cold_start,Industry,1905-08-01,1070.0,1960.2856
M32770,cold_start,Industry,1905-09-01,1525.0,1917.5159
M32770,cold_start,Industry,1905-10-01,1565.0,1967.4141
M32770,cold_start,Industry,1905-11-01,1444.0,1774.9497
M32770,cold_start,Industry,1905-12-01,1147.0,1504.0737
M32770,cold_start,Industry,1906-01-01,2485.0,1553.9719
M32770,cold_start,Industry,1906-02-01,2022.0,1539.7153
M32770,cold_start,Industry,1906-03-01,2458.0,1261.7112
M32770,cold_start,Industry,1906-04-01,2816.0,1012.22034
M33122,cold_start,Industry,1904-10-01,5512.4,5884.459
M33122,cold_start,Industry,1904-11-01,6358.5,6213.6597
M33122,cold_start,Industry,1904-12-01,5610.0,6131.3594
M33122,cold_start,Industry,1905-01-01,5512.4,6131.3594
M33122,cold_start,Industry,1905-02-01,5561.5,6419.41
M33122,cold_start,Industry,1905-03-01,5610.0,6295.96
M33122,cold_start,Industry,1905-04-01,5398.3,6337.11
M33122,cold_start,Industry,1905-05-01,5205.6,6378.26
M33122,cold_start,Industry,1905-06-01,5398.3,6398.835
M33122,cold_start,Industry,1905-07-01,4766.1,6584.01
M33122,cold_start,Industry,1905-08-01,5205.6,6542.86
M33122,cold_start,Industry,1905-09-01,5534.5,6522.285
M33122,cold_start,Industry,1905-10-01,4766.1,6666.3105
M33122,cold_start,Industry,1905-11-01,5469.0,6460.56
M33122,cold_start,Industry,1905-12-01,5107.4,6584.01
M33122,cold_start,Industry,1906-01-01,5469.0,6419.41
M33122,cold_start,Industry,1906-02-01,4858.9,6337.11
M33122,cold_start,Industry,1906-03-01,5107.4,6439.985
M33419,cold_start,Industry,1904-10-01,4894.01,5008.716
M33419,cold_start,Industry,1904-11-01,5711.46,5175.1685
M33419,cold_start,Industry,1904-12-01,5889.06,5326.4893
M33419,cold_start,Industry,1905-01-01,6548.33,5129.7725
M33419,cold_start,Industry,1905-02-01,6359.03,5220.565
M33419,cold_start,Industry,1905-03-01,6142.65,4948.1875
M33419,cold_start,Industry,1905-04-01,4814.7,4978.452
M33419,cold_start,Industry,1905-05-01,5723.76,4902.7915
M33419,cold_start,Industry,1905-06-01,5174.26,4902.7915
M33419,cold_start,Industry,1905-07-01,5217.38,4887.659
M33419,cold_start,Industry,1905-08-01,4867.71,4902.791
M33419,cold_start,Industry,1905-09-01,4050.39,4569.8857
M33419,cold_start,Industry,1905-10-01,5284.38,4978.452
M33419,cold_start,Industry,1905-11-01,5189.89,4872.5273
M33419,cold_start,Industry,1905-12-01,5750.47,5341.621
M33419,cold_start,Industry,1906-01-01,5441.41,5205.4326
M33419,cold_start,Industry,1906-02-01,5376.57,4933.0557
M33419,cold_start,Industry,1906-03-01,6120.26,5190.301
M33440,short,Industry,1913-02-01,4529.4,2818.2368
M33440,short,Industry,1913-03-01,3371.1,2545.5042
M33440,short,Industry,1913-04-01,3338.5,2753.3005
M33440,short,Industry,1913-05-01,1603.5,2896.1604
M33440,short,Industry,1913-06-01,5669.6,2558.4917
M33440,short,Industry,1913-07-01,3043.1,2571.4788
M33440,short,Industry,1913-08-01,3744.7,2649.4023
M33440,short,Industry,1913-09-01,2380.1,2506.5425
M33440,short,Industry,1913-10-01,2102.6,2688.3643
M33440,short,Industry,1913-11-01,2592.5,3766.3071
M33440,short,Industry,1913-12-01,2685.9,4181.9
M33440,short,Industry,1914-01-01,8086.7,3194.8677
M33440,short,Industry,1914-02-01,3061.6,2753.3005
M33440,short,Industry,1914-03-01,6760.7,2519.5298
M33440,short,Industry,1914-04-01,2445.9,2298.7463
M33440,short,Industry,1914-05-01,2961.7,2454.5933
M33440,short,Industry,1914-06-01,7420.2,2324.7207
M33440,short,Industry,1914-07-01,6002.0,2454.5933
M33767,short,Industry,1913-02-01,1150.945,1143.7861
M33767,short,Industry,1913-03-01,1216.136,1149.8701
M33767,short,Industry,1913-04-01,995.034,1076.8625
M33767,short,Industry,1913-05-01,1102.821,1186.374
M33767,short,Industry,1913-06-01,1229.95,1259.3816
M33767,short,Industry,1913-07-01,1306.807,1326.3052
M33767,short,Industry,1913-08-01,1292.555,1308.0533
M33767,short,Industry,1913-09-01,1151.455,1277.6335
M33767,short,Industry,1913-10-01,1090.936,1241.1296
M33767,short,Industry,1913-11-01,1167.993,1277.6334
M33767,short,Industry,1913-12-01,1133.534,1283.7175
M33767,short,Industry,1914-01-01,1122.478,1216.7937
M33767,short,Industry,1914-02-01,1164.819,1137.7021
M33767,short,Industry,1914-03-01,1068.011,1162.0381
M33767,short,Industry,1914-04-01,859.975,1168.1221
M33767,short,Industry,1914-05-01,1020.89,1216.7937
M33767,short,Industry,1914-06-01,1080.934,1320.2212
M33767,short,Industry,1914-07-01,1119.886,1368.893
M3405,long_history,Macro,1928-01-01,5026.944849,5128.414
M3405,long_history,Macro,1928-02-01,5323.157704,5266.68
M3405,long_history,Macro,1928-03-01,5260.865783,5228.971
M3405,long_history,Macro,1928-04-01,5328.736513,5279.25
M3405,long_history,Macro,1928-05-01,5363.794543,5304.389
M3405,long_history,Macro,1928-06-01,5333.74023,5279.25
M3405,long_history,Macro,1928-07-01,5337.104588,5266.68
M3405,long_history,Macro,1928-08-01,5198.209896,5316.959
M3405,long_history,Macro,1928-09-01,5407.402908,5266.68
M3405,long_history,Macro,1928-10-01,5236.322541,5329.529
M3405,long_history,Macro,1928-11-01,5279.244313,5203.832
M3405,long_history,Macro,1928-12-01,5040.896162,5103.275
M3405,long_history,Macro,1929-01-01,5227.476584,5228.971
M3405,long_history,Macro,1929-02-01,5268.864834,5354.668
M3405,long_history,Macro,1929-03-01,5485.507167,5404.9463
M3405,long_history,Macro,1929-04-01,5296.315131,5442.6553
M3405,long_history,Macro,1929-05-01,5356.630796,5480.3643
M3405,long_history,Macro,1929-06-01,5401.72976,5455.225
M3419,medium,Macro,1922-08-01,6698.64176,6730.457
M3419,medium,Macro,1922-09-01,6652.44421,6680.23
M3419,medium,Macro,1922-10-01,6675.10644,6680.23
M3419,medium,Macro,1922-11-01,6697.23064,6730.457
M3419,medium,Macro,1922-12-01,6678.29262,6730.457
M3419,medium,Macro,1923-01-01,6731.29313,6705.3438
M3419,medium,Macro,1923-02-01,6731.84322,6655.116
M3419,medium,Macro,1923-03-01,6757.21672,6705.3438
M3419,medium,Macro,1923-04-01,6735.20778,6705.3438
M3419,medium,Macro,1923-05-01,6811.47601,6680.23
M3419,medium,Macro,1923-06-01,6852.28102,6705.3438
M3419,medium,Macro,1923-07-01,6776.12595,6680.23
M3419,medium,Macro,1923-08-01,6892.38188,6655.116
M3419,medium,Macro,1923-09-01,6854.21809,6680.23
M3419,medium,Macro,1923-10-01,6761.49185,6655.116
M3419,medium,Macro,1923-11-01,6884.72774,6655.116
M3419,medium,Macro,1923-12-01,6825.25104,6655.116
M3419,medium,Macro,1924-01-01,6834.86871,6604.8887
M3423,medium,Macro,1922-08-01,6049.80659,5976.5664
M3423,medium,Macro,1922-09-01,6008.38546,6018.9536
M3423,medium,Macro,1922-10-01,5999.86231,6018.9536
M3423,medium,Macro,1922-11-01,6049.78916,6061.3403
M3423,medium,Macro,1922-12-01,6032.67038,6061.3403
M3423,medium,Macro,1923-01-01,6093.94678,6018.9536
M3423,medium,Macro,1923-02-01,6053.30881,6018.9536
M3423,medium,Macro,1923-03-01,6080.72947,5997.76
M3423,medium,Macro,1923-04-01,6050.37423,6061.3403
M3423,medium,Macro,1923-05-01,6045.84255,6061.3403
M3423,medium,Macro,1923-06-01,6151.06714,6018.9536
M3423,medium,Macro,1923-07-01,6003.25739,5997.76
M3423,medium,Macro,1923-08-01,6168.53963,6061.3403
M3423,medium,Macro,1923-09-01,6131.16307,6061.3403
M3423,medium,Macro,1923-10-01,6045.52796,6061.3403
M3423,medium,Macro,1923-11-01,6143.45704,6018.9536
M3423,medium,Macro,1923-12-01,6103.34393,6018.9536
M3423,medium,Macro,1924-01-01,6051.01731,6082.534
M34365,cold_start,Industry,1905-01-01,2248.82,3003.8875
M34365,cold_start,Industry,1905-02-01,2350.76,3029.3442
M34365,cold_start,Industry,1905-03-01,1925.07,2876.604
M34365,cold_start,Industry,1905-04-01,2998.04,2914.7893
M34365,cold_start,Industry,1905-05-01,2286.25,2914.789
M34365,cold_start,Industry,1905-06-01,2998.04,2965.7026
M34365,cold_start,Industry,1905-07-01,2398.75,2787.5059
M34365,cold_start,Industry,1905-08-01,2286.25,2940.2458
M34365,cold_start,Industry,1905-09-01,2823.35,2723.8643
M34365,cold_start,Industry,1905-10-01,2398.75,2965.7026
M34365,cold_start,Industry,1905-11-01,2710.77,2749.3208
M34365,cold_start,Industry,1905-12-01,2416.12,2838.419
M34365,cold_start,Industry,1906-01-01,2710.77,2736.5925
M34365,cold_start,Industry,1906-02-01,2377.48,2851.1475
M34365,cold_start,Industry,1906-03-01,2416.12,2876.604
M34365,cold_start,Industry,1906-04-01,2719.82,2889.3325
M34365,cold_start,Industry,1906-05-01,2377.48,2685.6792
M34365,cold_start,Industry,1906-06-01,1993.94,2672.951
M34482,short,Industry,1905-06-01,9987.017,8885.721
M34482,short,Industry,1905-07-01,7983.295,8885.721
M34482,short,Industry,1905-08-01,8979.311,8885.721
M34482,short,Industry,1905-09-01,10938.306,8885.721
M34482,short,Industry,1905-10-01,7983.295,8954.603
M34482,short,Industry,1905-11-01,8501.423,9471.214
M34482,short,Industry,1905-12-01,9604.326,9023.484
M34482,short,Industry,1906-01-01,8501.423,9402.332
M34482,short,Industry,1906-02-01,5813.451,9781.181
M34482,short,Industry,1906-03-01,9604.326,9092.365
M34482,short,Industry,1906-04-01,10168.217,9299.01
M34482,short,Industry,1906-05-01,5813.451,9436.773
M34482,short,Industry,1906-06-01,6657.523,9574.536
M34482,short,Industry,1906-07-01,7269.583,9195.6875
M34482,short,Industry,1906-08-01,6665.281,9471.214
M34482,short,Industry,1906-09-01,6307.157,9815.622
M34482,short,Industry,1906-10-01,7229.434,9367.892
M34482,short,Industry,1906-11-01,8320.063,9540.096
M34506,short,Industry,1905-05-01,958.06,820.33203
M34506,short,Industry,1905-06-01,745.37,749.76587
M34506,short,Industry,1905-07-01,1171.2,767.4075
M34506,short,Industry,1905-08-01,958.06,833.56323
M34506,short,Industry,1905-09-01,1097.95,824.74243
M34506,short,Industry,1905-10-01,1171.2,749.76587
M34506,short,Industry,1905-11-01,887.17,771.8178
M34506,short,Industry,1905-12-01,1135.67,740.94507
M34506,short,Industry,1906-01-01,887.17,855.6152
M34506,short,Industry,1906-02-01,743.02,824.74243
M34506,short,Industry,1906-03-01,1135.67,873.2567
M34506,short,Industry,1906-04-01,957.21,811.51135
M34506,short,Industry,1906-05-01,743.02,842.384
M34506,short,Industry,1906-06-01,917.98,864.4359
M34506,short,Industry,1906-07-01,749.68,908.53986
M34506,short,Industry,1906-08-01,918.25,899.719
M34506,short,Industry,1906-09-01,658.52,899.71906
M34506,short,Industry,1906-10-01,749.64,785.049
M3461,medium,Macro,1919-11-01,5160.63252,5217.614
M3461,medium,Macro,1919-12-01,4697.56405,5235.9854
M3461,medium,Macro,1920-01-01,4889.101,5125.754
M3461,medium,Macro,1920-02-01,5468.48797,5070.6387
M3461,medium,Macro,1920-03-01,4954.11281,5144.126
M3461,medium,Macro,1920-04-01,5084.08111,4905.292
M3461,medium,Macro,1920-05-01,6166.21743,5052.2666
M3461,medium,Macro,1920-06-01,6446.61313,5217.6133
M3461,medium,Macro,1920-07-01,6001.76159,5382.961
M3461,medium,Macro,1920-08-01,5728.48268,5585.0513
M3461,medium,Macro,1920-09-01,6515.76736,5621.795
M3461,medium,Macro,1920-10-01,6541.80565,5493.1924
M3461,medium,Macro,1920-11-01,5503.08762,5419.7046
M3461,medium,Macro,1920-12-01,5063.60168,5585.0513
M3461,medium,Macro,1921-01-01,5822.58316,5382.961
M3461,medium,Macro,1921-02-01,5855.2455,5438.076
M3461,medium,Macro,1921-03-01,5447.81752,5272.7295
M3461,medium,Macro,1921-04-01,5488.2563,5199.241
M34646,cold_start,Industry,1904-04-01,1704.0,1964.8433
M34646,cold_start,Industry,1904-05-01,3466.0,1798.331
M34646,cold_start,Industry,1904-06-01,1991.0,1978.1641
M34646,cold_start,Industry,1904-07-01,1753.0,1465.3068
M34646,cold_start,Industry,1904-08-01,3466.0,1511.9302
M34646,cold_start,Industry,1904-09-01,1168.0,1518.5906
M34646,cold_start,Industry,1904-10-01,2561.0,1412.023
M34646,cold_start,Industry,1904-11-01,1168.0,1398.7019
M34646,cold_start,Industry,1904-12-01,2711.0,1605.177
M34646,cold_start,Industry,1905-01-01,2561.0,1338.7576
M34646,cold_start,Industry,1905-02-01,1183.0,1651.8003
M34646,cold_start,Industry,1905-03-01,2711.0,1398.7019
M34646,cold_start,Industry,1905-04-01,2857.0,1451.9858
M34646,cold_start,Industry,1905-05-01,1396.0,1505.2698
M34646,cold_start,Industry,1905-06-01,2857.0,1551.8931
M34646,cold_start,Industry,1905-07-01,2246.0,1651.8003
M34646,cold_start,Industry,1905-08-01,1396.0,1511.9302
M34646,cold_start,Industry,1905-09-01,1985.0,1471.9673
M34707,cold_start,Industry,1904-03-01,983.533,717.8528
M34707,cold_start,Industry,1904-04-01,696.699,751.50214
M34707,cold_start,Industry,1904-05-01,928.245,803.8456
M34707,cold_start,Industry,1904-06-01,983.533,815.062
M34707,cold_start,Industry,1904-07-01,2029.417,815.062
M34707,cold_start,Industry,1904-08-01,928.245,852.4502
M34707,cold_start,Industry,1904-09-01,563.869,882.3607
M34707,cold_start,Industry,1904-10-01,1475.849,882.3607
M34707,cold_start,Industry,1904-11-01,563.869,886.0995
M34707,cold_start,Industry,1904-12-01,707.238,897.31604
M34707,cold_start,Industry,1905-01-01,1475.849,919.7489
M34707,cold_start,Industry,1905-02-01,1864.932,859.92786
M34707,cold_start,Industry,1905-03-01,707.238,856.189
M34707,cold_start,Industry,1905-04-01,905.161,871.1443
M34707,cold_start,Industry,1905-05-01,2509.606,818.80084
M34707,cold_start,Industry,1905-06-01,905.161,874.88306
M34707,cold_start,Industry,1905-07-01,338.377,874.88306
M34707,cold_start,Industry,1905-08-01,2509.606,837.49493
M34747,short,Industry,1905-05-01,3767.934,3476.4414
M34747,short,Industry,1905-06-01,3172.231,3520.3086
M34747,short,Industry,1905-07-01,3098.428,3432.5747
M34747,short,Industry,1905-08-01,3767.934,3619.0088
M34747,short,Industry,1905-09-01,3851.688,3542.2417
M34747,short,Industry,1905-10-01,3098.428,3629.9756
M34747,short,Industry,1905-11-01,3108.256,3586.109
M34747,short,Industry,1905-12-01,3526.305,3509.3416
M34747,short,Industry,1906-01-01,3108.256,3586.109
M34747,short,Industry,1906-02-01,2666.911,3531.2754
M34747,short,Industry,1906-03-01,3526.305,3509.3416
M34747,short,Industry,1906-04-01,3821.331,3432.5747
M34747,short,Industry,1906-05-01,2666.911,3399.6748
M34747,short,Industry,1906-06-01,2358.382,3377.7415
M34747,short,Industry,1906-07-01,2960.239,3399.6748
M34747,short,Industry,1906-08-01,2358.382,3147.441
M34747,short,Industry,1906-09-01,3447.733,3026.8074
M34747,short,Industry,1906-10-01,2960.239,2873.2734
M34779,cold_start,Industry,1904-03-01,1351.347,1797.2169
M34779,cold_start,Industry,1904-04-01,1889.438,1817.7958
M34779,cold_start,Industry,1904-05-01,2094.451,1948.1282
M34779,cold_start,Industry,1904-06-01,1351.347,1879.5322
M34779,cold_start,Industry,1904-07-01,1962.686,1810.9362
M34779,cold_start,Industry,1904-08-01,2094.451,1893.2513
M34779,cold_start,Industry,1904-09-01,1930.11,1776.6382
M34779,cold_start,Industry,1904-10-01,2105.575,1838.3745
M34779,cold_start,Industry,1904-11-01,1930.11,1865.813
M34779,cold_start,Industry,1904-12-01,1797.778,1817.7958
M34779,cold_start,Industry,1905-01-01,2105.575,1817.7957
M34779,cold_start,Industry,1905-02-01,1854.469,1906.9706
M34779,cold_start,Industry,1905-03-01,1797.778,1948.1282
M34779,cold_start,Industry,1905-04-01,1937.16,1810.9362
M34779,cold_start,Industry,1905-05-01,1878.617,1913.8302
M34779,cold_start,Industry,1905-06-01,1937.16,1865.813
M34779,cold_start,Industry,1905-07-01,1578.881,1817.7958
M34779,cold_start,Industry,1905-08-01,1878.617,1906.9706
M34786,cold_start,Industry,1905-01-01,4787.0,3607.7505
M34786,cold_start,Industry,1905-02-01,5575.0,3445.4639
M34786,cold_start,Industry,1905-03-01,4515.0,3532.8489
M34786,cold_start,Industry,1905-04-01,4959.0,3432.9805
M34786,cold_start,Industry,1905-05-01,4868.0,3457.9475
M34786,cold_start,Industry,1905-06-01,3353.0,3520.3655
M34786,cold_start,Industry,1905-07-01,3899.0,3445.4639
M34786,cold_start,Industry,1905-08-01,3091.0,3070.9573
M34786,cold_start,Industry,1905-09-01,2727.0,3495.3982
M34786,cold_start,Industry,1905-10-01,2091.0,3570.2998
M34786,cold_start,Industry,1905-11-01,1091.0,3245.727
M34786,cold_start,Industry,1905-12-01,3616.0,3295.6611
M34786,cold_start,Industry,1906-01-01,4101.0,3795.004
M34786,cold_start,Industry,1906-02-01,2969.0,3520.3652
M34786,cold_start,Industry,1906-03-01,5222.0,3682.6519
M34786,cold_start,Industry,1906-04-01,4606.0,3021.023
M34786,cold_start,Industry,1906-05-01,3939.0,3008.539
M34786,cold_start,Industry,1906-06-01,3363.0,3070.957
M34820,medium,Industry,1919-12-01,2610.0,2605.858
M34820,medium,Industry,1920-01-01,2620.0,2605.858
M34820,medium,Industry,1920-02-01,2620.0,2605.858
M34820,medium,Industry,1920-03-01,2620.0,2605.858
M34820,medium,Industry,1920-04-01,2620.0,2605.858
M34820,medium,Industry,1920-05-01,2620.0,2605.858
M34820,medium,Industry,1920-06-01,2620.0,2605.858
M34820,medium,Industry,1920-07-01,2620.0,2605.858
M34820,medium,Industry,1920-08-01,2620.0,2605.858
M34820,medium,Industry,1920-09-01,2620.0,2605.858
M34820,medium,Industry,1920-10-01,2620.0,2605.858
M34820,medium,Industry,1920-11-01,2620.0,2605.858
M34820,medium,Industry,1920-12-01,2620.0,2605.858
M34820,medium,Industry,1921-01-01,2670.0,2605.858
M34820,medium,Industry,1921-02-01,2670.0,2605.858
M34820,medium,Industry,1921-03-01,2670.0,2605.858
M34820,medium,Industry,1921-04-01,2670.0,2605.858
M34820,medium,Industry,1921-05-01,2670.0,2605.858
M34886,short,Industry,1907-11-01,1717.958,1237.9634
M34886,short,Industry,1907-12-01,1267.453,1049.3213
M34886,short,Industry,1908-01-01,1278.58,1037.5312
M34886,short,Industry,1908-02-01,1960.523,1615.2474
M34886,short,Industry,1908-03-01,2504.723,2263.7043
M34886,short,Industry,1908-04-01,2594.023,3089.0132
M34886,short,Industry,1908-05-01,4435.15,3265.8652
M34886,short,Industry,1908-06-01,4587.27,3159.7542
M34886,short,Industry,1908-07-01,3371.22,3053.643
M34886,short,Industry,1908-08-01,3368.059,2393.396
M34886,short,Industry,1908-09-01,2345.445,1603.4573
M34886,short,Industry,1908-10-01,2612.374,1391.235
M34886,short,Industry,1908-11-01,1312.08,931.42004
M34886,short,Industry,1908-12-01,2282.553,848.8892
M34886,short,Industry,1909-01-01,1144.172,943.2102
M34886,short,Industry,1909-02-01,1728.251,1367.6548
M34886,short,Industry,1909-03-01,2519.831,1933.5808
M34886,short,Industry,1909-04-01,3708.828,2534.8774
M34888,cold_start,Industry,1905-01-01,3466.0562,3272.7705
M34888,cold_start,Industry,1905-02-01,2797.89,3272.7705
M34888,cold_start,Industry,1905-03-01,1841.0774,3272.7708
M34888,cold_start,Industry,1905-04-01,2204.8389,3478.1746
M34888,cold_start,Industry,1905-05-01,3742.141,3546.6426
M34888,cold_start,Industry,1905-06-01,3658.9528,3327.545
M34888,cold_start,Industry,1905-07-01,4449.174,3423.4004
M34888,cold_start,Industry,1905-08-01,4581.4813,3546.6426
M34888,cold_start,Industry,1905-09-01,4152.8763,3628.8042
M34888,cold_start,Industry,1905-10-01,3917.951,3710.9658
M34888,cold_start,Industry,1905-11-01,2372.9445,3752.0464
M34888,cold_start,Industry,1905-12-01,2654.3515,3628.8042
M34888,cold_start,Industry,1906-01-01,4097.6084,3519.2554
M34888,cold_start,Industry,1906-02-01,3336.3769,3724.6592
M34888,cold_start,Industry,1906-03-01,3143.4635,3574.0298
M34888,cold_start,Industry,1906-04-01,3770.5792,3560.3362
M34888,cold_start,Industry,1906-05-01,3433.4437,3669.885
M34888,cold_start,Industry,1906-06-01,3130.112,3656.1914
M34989,short,Industry,1905-05-01,2577.1506,2393.119
M34989,short,Industry,1905-06-01,2560.846,2383.4302
M34989,short,Industry,1905-07-01,2907.4165,2480.3176
M34989,short,Industry,1905-08-01,2577.1506,2383.4302
M34989,short,Industry,1905-09-01,2539.6769,2402.8076
M34989,short,Industry,1905-10-01,2907.4165,2422.185
M34989,short,Industry,1905-11-01,3057.1407,2431.8738
M34989,short,Industry,1905-12-01,2973.7893,2364.0527
M34989,short,Industry,1906-01-01,3057.1407,2480.3174
M34989,short,Industry,1906-02-01,3099.8505,2470.629
M34989,short,Industry,1906-03-01,2973.7893,2364.0527
M34989,short,Industry,1906-04-01,3288.0221,2441.5625
M34989,short,Industry,1906-05-01,3099.8505,2557.8276
M34989,short,Industry,1906-06-01,2861.6539,2528.7612
M34989,short,Industry,1906-07-01,2680.3662,2664.4036
M34989,short,Industry,1906-08-01,2854.8546,2412.4963
M34989,short,Industry,1906-09-01,3050.8178,2480.3176
M34989,short,Industry,1906-10-01,2812.1127,2412.4963
M35117,short,Industry,1913-02-01,10372.5993,11513.348
M35117,short,Industry,1913-03-01,12181.2076,12165.047
M35117,short,Industry,1913-04-01,12267.4332,11640.066
M35117,short,Industry,1913-05-01,10283.405,11259.909
M35117,short,Industry,1913-06-01,9007.5447,10137.539
M35117,short,Industry,1913-07-01,8667.4782,8562.6
M35117,short,Industry,1913-08-01,6703.946,8834.141
M35117,short,Industry,1913-09-01,8468.6707,8689.318
M35117,short,Industry,1913-10-01,7052.5424,8816.038
M35117,short,Industry,1913-11-01,8693.7813,8508.292
M35117,short,Industry,1913-12-01,8803.9152,9449.635
M35117,short,Industry,1914-01-01,11634.4661,10734.93
M35117,short,Industry,1914-02-01,10857.0574,10535.801
M35117,short,Industry,1914-03-01,11483.5863,10499.594
M35117,short,Industry,1914-04-01,10751.0453,10807.341
M35117,short,Industry,1914-05-01,10990.4837,10608.211
M35117,short,Industry,1914-06-01,8200.6352,9377.223
M35117,short,Industry,1914-07-01,7843.8814,8508.292
M35195,short,Industry,1906-02-01,5481.0,5498.1953
M35195,short,Industry,1906-03-01,5574.0,5517.6924
M35195,short,Industry,1906-04-01,5520.0,5517.6924
M35195,short,Industry,1906-05-01,5499.0,5498.1953
M35195,short,Industry,1906-06-01,5495.0,5537.1895
M35195,short,Industry,1906-07-01,5485.0,5615.1787
M35195,short,Industry,1906-08-01,5490.0,5576.184
M35195,short,Industry,1906-09-01,5562.0,5537.1895
M35195,short,Industry,1906-10-01,5366.0,5498.1953
M35195,short,Industry,1906-11-01,5389.0,5459.201
M35195,short,Industry,1906-12-01,5448.0,5400.71
M35195,short,Industry,1907-01-01,5492.0,5420.207
M35195,short,Industry,1907-02-01,5480.0,5459.201
M35195,short,Industry,1907-03-01,5488.0,5478.698
M35195,short,Industry,1907-04-01,5357.0,5459.201
M35195,short,Industry,1907-05-01,5398.0,5556.687
M35195,short,Industry,1907-06-01,5300.0,5556.687
M35195,short,Industry,1907-07-01,5192.0,5595.681
M35361,medium,Industry,1917-09-01,784.0,751.413
M35361,medium,Industry,1917-10-01,918.0,852.56476
M35361,medium,Industry,1917-11-01,905.0,917.59094
M35361,medium,Industry,1917-12-01,965.0,997.06726
M35361,medium,Industry,1918-01-01,1014.0,960.94165
M35361,medium,Industry,1918-02-01,882.0,895.9155
M35361,medium,Industry,1918-03-01,1005.0,968.1668
M35361,medium,Industry,1918-04-01,1047.0,932.04114
M35361,medium,Industry,1918-05-01,1158.0,895.9155
M35361,medium,Industry,1918-06-01,977.0,816.4392
M35361,medium,Industry,1918-07-01,959.0,838.11456
M35361,medium,Industry,1918-08-01,897.0,657.48645
M35361,medium,Industry,1918-09-01,913.0,794.7638
M35361,medium,Industry,1918-10-01,1020.0,881.46533
M35361,medium,Industry,1918-11-01,1043.0,932.04114
M35361,medium,Industry,1918-12-01,1084.0,997.06726
M35361,medium,Industry,1919-01-01,1080.0,975.3919
M35361,medium,Industry,1919-02-01,1015.0,924.81604
M35463,medium,Industry,1918-09-01,10650.0,10646.342
M35463,medium,Industry,1918-10-01,10670.0,10646.342
M35463,medium,Industry,1918-11-01,10680.0,10646.342
M35463,medium,Industry,1918-12-01,10700.0,10646.342
M35463,medium,Industry,1919-01-01,10760.0,10646.342
M35463,medium,Industry,1919-02-01,10730.0,10646.342
M35463,medium,Industry,1919-03-01,10850.0,10646.342
M35463,medium,Industry,1919-04-01,10850.0,10646.342
M35463,medium,Industry,1919-05-01,10800.0,10646.342
M35463,medium,Industry,1919-06-01,10780.0,10646.342
M35463,medium,Industry,1919-07-01,10740.0,10713.724
M35463,medium,Industry,1919-08-01,10740.0,10713.724
M35463,medium,Industry,1919-09-01,10770.0,10713.724
M35463,medium,Industry,1919-10-01,10780.0,10680.033
M35463,medium,Industry,1919-11-01,11770.0,10713.724
M35463,medium,Industry,1919-12-01,11790.0,10713.724
M35463,medium,Industry,1920-01-01,12050.0,10713.724
M35463,medium,Industry,1920-02-01,12410.0,10646.342
M3574,medium,Macro,1919-11-01,6673.06177,6672.287
M3574,medium,Macro,1919-12-01,6319.75086,6761.5483
M3574,medium,Macro,1920-01-01,6993.07362,6962.386
M3574,medium,Macro,1920-02-01,7085.75469,7140.9087
M3574,medium,Macro,1920-03-01,7971.41016,7274.8013
M3574,medium,Macro,1920-04-01,8001.70311,7587.216
M3574,medium,Macro,1920-05-01,7679.28138,7319.432
M3574,medium,Macro,1920-06-01,8976.12452,8033.5234
M3574,medium,Macro,1920-07-01,8953.64552,8256.676
M3574,medium,Macro,1920-08-01,7810.99741,7855.0
M3574,medium,Macro,1920-09-01,7324.65614,6940.0713
M3574,medium,Macro,1920-10-01,6847.20585,6850.8096
M3574,medium,Macro,1920-11-01,6208.75229,6694.6025
M3574,medium,Macro,1920-12-01,6931.74007,7007.017
M3574,medium,Macro,1921-01-01,7034.0934,6917.756
M3574,medium,Macro,1921-02-01,7304.32239,7007.017
M3574,medium,Macro,1921-03-01,7252.40399,7364.0625
M3574,medium,Macro,1921-04-01,7956.05687,7274.801
M35810,medium,Industry,1916-09-01,10500.0,10514.516
M35810,medium,Industry,1916-10-01,10500.0,10580.645
M35810,medium,Industry,1916-11-01,10400.0,10646.773
M35810,medium,Industry,1916-12-01,10600.0,10679.839
M35810,medium,Industry,1917-01-01,10400.0,10712.904
M35810,medium,Industry,1917-02-01,10100.0,10812.098
M35810,medium,Industry,1917-03-01,10100.0,10812.098
M35810,medium,Industry,1917-04-01,10200.0,10878.227
M35810,medium,Industry,1917-05-01,10200.0,10812.098
M35810,medium,Industry,1917-06-01,10000.0,10712.903
M35810,medium,Industry,1917-07-01,9700.0,10712.903
M35810,medium,Industry,1917-08-01,9700.0,10745.968
M35810,medium,Industry,1917-09-01,9900.0,10679.839
M35810,medium,Industry,1917-10-01,10000.0,10613.709
M35810,medium,Industry,1917-11-01,9700.0,10646.773
M35810,medium,Industry,1917-12-01,10100.0,10679.839
M35810,medium,Industry,1918-01-01,10300.0,10679.839
M35810,medium,Industry,1918-02-01,10300.0,10646.773
M35959,long_history,Industry,1926-06-01,10300.0,10167.701
M35959,long_history,Industry,1926-07-01,10250.0,10352.568
M35959,long_history,Industry,1926-08-01,9970.0,9751.749
M35959,long_history,Industry,1926-09-01,9820.0,10260.135
M35959,long_history,Industry,1926-10-01,10590.0,10537.436
M35959,long_history,Industry,1926-11-01,11990.0,11923.94
M35959,long_history,Industry,1926-12-01,16010.0,16037.237
M35959,long_history,Industry,1927-01-01,8710.0,8919.847
M35959,long_history,Industry,1927-02-01,8430.0,8226.595
M35959,long_history,Industry,1927-03-01,9310.0,9405.123
M35959,long_history,Industry,1927-04-01,9910.0,10075.268
M35959,long_history,Industry,1927-05-01,10120.0,10491.219
M35959,long_history,Industry,1927-06-01,10620.0,10629.869
M35959,long_history,Industry,1927-07-01,10280.0,10768.52
M35959,long_history,Industry,1927-08-01,9860.0,10098.376
M35959,long_history,Industry,1927-09-01,10130.0,10652.978
M35959,long_history,Industry,1927-10-01,10490.0,10953.387
M35959,long_history,Industry,1927-11-01,12050.0,12339.892
M36049,medium,Industry,1915-06-01,10773.0,10714.907
M36049,medium,Industry,1915-07-01,10967.6,10766.174
M36049,medium,Industry,1915-08-01,11034.5,10766.174
M36049,medium,Industry,1915-09-01,11132.3,10817.441
M36049,medium,Industry,1915-10-01,11254.7,10868.71
M36049,medium,Industry,1915-11-01,11433.0,10894.344
M36049,medium,Industry,1915-12-01,11491.7,10919.978
M36049,medium,Industry,1916-01-01,11540.4,10919.978
M36049,medium,Industry,1916-02-01,11632.7,10971.245
M36049,medium,Industry,1916-03-01,11687.1,11048.146
M36049,medium,Industry,1916-04-01,11722.9,11099.414
M36049,medium,Industry,1916-05-01,11827.2,11125.047
M36049,medium,Industry,1916-06-01,11911.4,11099.414
M36049,medium,Industry,1916-07-01,12104.9,11201.948
M36049,medium,Industry,1916-08-01,12212.7,11201.948
M36049,medium,Industry,1916-09-01,12269.8,11227.582
M36049,medium,Industry,1916-10-01,12328.3,11253.216
M36049,medium,Industry,1916-11-01,12335.5,11278.85
M36058,long_history,Industry,1926-08-01,960.489,1117.8574
M36058,long_history,Industry,1926-09-01,1316.555,1211.351
M36058,long_history,Industry,1926-10-01,1640.444,1398.338
M36058,long_history,Industry,1926-11-01,1285.838,1410.5327
M36058,long_history,Industry,1926-12-01,1376.961,1365.8185
M36058,long_history,Industry,1927-01-01,1144.803,1235.7405
M36058,long_history,Industry,1927-02-01,1402.028,1341.429
M36058,long_history,Industry,1927-03-01,1693.949,1536.5458
M36058,long_history,Industry,1927-04-01,1540.112,1471.5068
M36058,long_history,Industry,1927-05-01,1354.536,1443.0522
M36058,long_history,Industry,1927-06-01,1579.999,1430.8574
M36058,long_history,Industry,1927-07-01,1553.989,1325.1692
M36058,long_history,Industry,1927-08-01,1024.023,1060.9482
M36058,long_history,Industry,1927-09-01,1401.948,1369.8835
M36058,long_history,Industry,1927-10-01,1487.534,1345.4939
M36058,long_history,Industry,1927-11-01,1406.575,1369.8834
M36058,long_history,Industry,1927-12-01,1288.46,1390.2081
M36058,long_history,Industry,1928-01-01,1544.101,1247.9353
M3621,medium,Macro,1918-03-01,8628.0,11519.018
M3621,medium,Macro,1918-04-01,9872.0,11302.844
M3621,medium,Macro,1918-05-01,11148.0,11024.904
M3621,medium,Macro,1918-06-01,12826.0,11688.869
M3621,medium,Macro,1918-07-01,12244.0,11395.49
M3621,medium,Macro,1918-08-01,8874.0,11657.987
M3621,medium,Macro,1918-09-01,10266.0,11719.751
M3621,medium,Macro,1918-10-01,8872.0,11796.957
M3621,medium,Macro,1918-11-01,9128.0,11858.721
M3621,medium,Macro,1918-12-01,9256.0,11735.191
M3621,medium,Macro,1919-01-01,9362.0,11657.986
M3621,medium,Macro,1919-02-01,8998.0,11457.254
M3621,medium,Macro,1919-03-01,12334.0,11704.311
M3621,medium,Macro,1919-04-01,10299.0,11441.8125
M3621,medium,Macro,1919-05-01,9087.0,11812.397
M3621,medium,Macro,1919-06-01,8612.0,11596.223
M3621,medium,Macro,1919-07-01,13034.0,11920.485
M3621,medium,Macro,1919-08-01,10496.0,11827.838
M36228,cold_start,Industry,1904-09-01,4621.5,4558.5703
M36228,cold_start,Industry,1904-10-01,4554.5,4558.5703
M36228,cold_start,Industry,1904-11-01,4550.0,4558.5703
M36228,cold_start,Industry,1904-12-01,4577.9,4571.163
M36228,cold_start,Industry,1905-01-01,4599.0,4596.3486
M36228,cold_start,Industry,1905-02-01,4648.0,4533.385
M36228,cold_start,Industry,1905-03-01,4682.5,4545.9775
M36228,cold_start,Industry,1905-04-01,4682.5,4483.0137
M36228,cold_start,Industry,1905-05-01,4664.75,4520.792
M36228,cold_start,Industry,1905-06-01,4559.0,4545.9775
M36228,cold_start,Industry,1905-07-01,4587.0,4558.5703
M36228,cold_start,Industry,1905-08-01,4599.5,4571.163
M36228,cold_start,Industry,1905-09-01,4547.5,4558.5703
M36228,cold_start,Industry,1905-10-01,4679.0,4558.5703
M36228,cold_start,Industry,1905-11-01,4749.5,4558.5703
M36228,cold_start,Industry,1905-12-01,4679.5,4545.9775
M36228,cold_start,Industry,1906-01-01,4695.21,4533.385
M36228,cold_start,Industry,1906-02-01,4499.5,4545.9775
M36230,medium,Industry,1918-04-01,3231.967,3120.4697
M36230,medium,Industry,1918-05-01,3506.477,3165.6938
M36230,medium,Industry,1918-06-01,3765.546,3188.306
M36230,medium,Industry,1918-07-01,3811.974,3120.4697
M36230,medium,Industry,1918-08-01,4152.634,3075.2456
M36230,medium,Industry,1918-09-01,4088.105,3109.1636
M36230,medium,Industry,1918-10-01,3662.082,3041.3271
M36230,medium,Industry,1918-11-01,3380.388,3097.8574
M36230,medium,Industry,1918-12-01,3617.901,3154.3877
M36230,medium,Industry,1919-01-01,3655.011,3165.6938
M36230,medium,Industry,1919-02-01,3652.016,3222.224
M36230,medium,Industry,1919-03-01,3557.101,3177.0
M36230,medium,Industry,1919-04-01,3501.678,3267.4482
M36230,medium,Industry,1919-05-01,3535.959,3256.1423
M36230,medium,Industry,1919-06-01,3560.798,3199.6118
M36230,medium,Industry,1919-07-01,3484.562,3165.6938
M36230,medium,Industry,1919-08-01,3564.844,3097.8574
M36230,medium,Industry,1919-09-01,3743.078,3301.3665
M36259,short,Industry,1907-03-01,1043.0,1052.8865
M36259,short,Industry,1907-04-01,1055.0,1068.6012
M36259,short,Industry,1907-05-01,1065.0,1076.4585
M36259,short,Industry,1907-06-01,1073.0,1084.3159
M36259,short,Industry,1907-07-01,1078.0,1084.3159
M36259,short,Industry,1907-08-01,1081.0,1080.3872
M36259,short,Industry,1907-09-01,1081.0,1076.4585
M36259,short,Industry,1907-10-01,1079.0,1068.6012
M36259,short,Industry,1907-11-01,1075.0,1060.7439
M36259,short,Industry,1907-12-01,1069.0,1045.0292
M36259,short,Industry,1908-01-01,1057.0,1033.2432
M36259,short,Industry,1908-02-01,1043.0,1005.7423
M36259,short,Industry,1908-03-01,1029.0,1005.7423
M36259,short,Industry,1908-04-01,1011.0,1001.81366
M36259,short,Industry,1908-05-01,997.0,986.09894
M36259,short,Industry,1908-06-01,980.0,978.2416
M36259,short,Industry,1908-07-01,963.0,974.31287
M36259,short,Industry,1908-08-01,947.0,974.31287
M36528,medium,Industry,1918-07-01,2580.0,2581.77
M36528,medium,Industry,1918-08-01,2580.0,2581.77
M36528,medium,Industry,1918-09-01,2590.0,2581.77
M36528,medium,Industry,1918-10-01,2590.0,2581.77
M36528,medium,Industry,1918-11-01,2600.0,2589.6895
M36528,medium,Industry,1918-12-01,2620.0,2589.6895
M36528,medium,Industry,1919-01-01,2640.0,2605.5288
M36528,medium,Industry,1919-02-01,2660.0,2621.3677
M36528,medium,Industry,1919-03-01,2690.0,2637.2068
M36528,medium,Industry,1919-04-01,2720.0,2645.1262
M36528,medium,Industry,1919-05-01,2740.0,2637.2068
M36528,medium,Industry,1919-06-01,2760.0,2645.1262
M36528,medium,Industry,1919-07-01,2780.0,2645.1262
M36528,medium,Industry,1919-08-01,2800.0,2637.2068
M36528,medium,Industry,1919-09-01,2830.0,2621.3677
M36528,medium,Industry,1919-10-01,2860.0,2621.3677
M36528,medium,Industry,1919-11-01,2880.0,2613.4482
M36528,medium,Industry,1919-12-01,2890.0,2605.5288
M36594,short,Industry,1907-09-01,1490.0,1464.8859
M36594,short,Industry,1907-10-01,1520.0,1477.9652
M36594,short,Industry,1907-11-01,1530.0,1491.0447
M36594,short,Industry,1907-12-01,1530.0,1491.0447
M36594,short,Industry,1908-01-01,1540.0,1491.0447
M36594,short,Industry,1908-02-01,1570.0,1477.9653
M36594,short,Industry,1908-03-01,1590.0,1497.5842
M36594,short,Industry,1908-04-01,1610.0,1504.124
M36594,short,Industry,1908-05-01,1630.0,1497.5842
M36594,short,Industry,1908-06-01,1620.0,1510.6636
M36594,short,Industry,1908-07-01,1600.0,1517.2032
M36594,short,Industry,1908-08-01,1590.0,1510.6636
M36594,short,Industry,1908-09-01,1620.0,1510.6636
M36594,short,Industry,1908-10-01,1630.0,1504.1239
M36594,short,Industry,1908-11-01,1630.0,1491.0446
M36594,short,Industry,1908-12-01,1650.0,1484.5049
M36594,short,Industry,1909-01-01,1670.0,1484.5049
M36594,short,Industry,1909-02-01,1700.0,1504.1239
M37259,long_history,Finance,1923-08-01,1574.0,1567.7957
M37259,long_history,Finance,1923-09-01,1552.0,1559.2751
M37259,long_history,Finance,1923-10-01,1541.0,1550.7545
M37259,long_history,Finance,1923-11-01,1530.0,1533.7133
M37259,long_history,Finance,1923-12-01,1562.0,1533.7133
M37259,long_history,Finance,1924-01-01,1596.0,1542.2339
M37259,long_history,Finance,1924-02-01,1634.0,1550.7545
M37259,long_history,Finance,1924-03-01,1655.0,1533.7133
M37259,long_history,Finance,1924-04-01,1709.0,1525.1926
M37259,long_history,Finance,1924-05-01,1717.0,1542.2339
M37259,long_history,Finance,1924-06-01,1743.0,1550.7545
M37259,long_history,Finance,1924-07-01,1755.0,1567.7957
M37259,long_history,Finance,1924-08-01,1770.0,1567.7957
M37259,long_history,Finance,1924-09-01,1766.0,1525.1926
M37259,long_history,Finance,1924-10-01,1841.0,1550.7545
M37259,long_history,Finance,1924-11-01,1884.0,1542.2339
M37259,long_history,Finance,1924-12-01,1976.0,1542.2339
M37259,long_history,Finance,1925-01-01,2064.0,1491.1101
M37332,medium,Finance,1918-01-01,9814.0,9893.697
M37332,medium,Finance,1918-02-01,10067.0,9792.397
M37332,medium,Finance,1918-03-01,10003.0,9826.164
M37332,medium,Finance,1918-04-01,9853.0,9893.697
M37332,medium,Finance,1918-05-01,9877.0,9927.465
M37332,medium,Finance,1918-06-01,9910.0,9961.232
M37332,medium,Finance,1918-07-01,10062.0,9994.999
M37332,medium,Finance,1918-08-01,10079.0,9994.999
M37332,medium,Finance,1918-09-01,9905.0,9961.232
M37332,medium,Finance,1918-10-01,9876.0,9927.465
M37332,medium,Finance,1918-11-01,9877.0,9961.232
M37332,medium,Finance,1918-12-01,10030.0,9961.232
M37332,medium,Finance,1919-01-01,9772.0,9994.999
M37332,medium,Finance,1919-02-01,10162.0,9961.232
M37332,medium,Finance,1919-03-01,9937.0,9994.999
M37332,medium,Finance,1919-04-01,9889.0,9994.999
M37332,medium,Finance,1919-05-01,9931.0,9994.999
M37332,medium,Finance,1919-06-01,9977.0,9994.999
M37406,short,Finance,1913-02-01,9310.0,9204.786
M37406,short,Finance,1913-03-01,9334.0,9251.041
M37406,short,Finance,1913-04-01,9453.0,9297.296
M37406,short,Finance,1913-05-01,9484.0,9297.296
M37406,short,Finance,1913-06-01,9503.0,9320.424
M37406,short,Finance,1913-07-01,9537.0,9389.807
M37406,short,Finance,1913-08-01,9565.0,9389.807
M37406,short,Finance,1913-09-01,9565.0,9389.807
M37406,short,Finance,1913-10-01,9564.0,9366.68
M37406,short,Finance,1913-11-01,9626.0,9366.68
M37406,short,Finance,1913-12-01,9626.0,9389.807
M37406,short,Finance,1914-01-01,9626.0,9436.062
M37406,short,Finance,1914-02-01,9728.0,9412.934
M37406,short,Finance,1914-03-01,9802.0,9412.934
M37406,short,Finance,1914-04-01,9857.0,9366.679
M37406,short,Finance,1914-05-01,9930.0,9459.189
M37406,short,Finance,1914-06-01,9983.0,9482.317
M37406,short,Finance,1914-07-01,9982.0,9459.189
M37468,medium,Finance,1918-01-01,9391.0,9358.435
M37468,medium,Finance,1918-02-01,9398.0,9358.435
M37468,medium,Finance,1918-03-01,9414.0,9401.561
M37468,medium,Finance,1918-04-01,9436.0,9401.561
M37468,medium,Finance,1918-05-01,9451.0,9401.561
M37468,medium,Finance,1918-06-01,9478.0,9401.561
M37468,medium,Finance,1918-07-01,9654.0,9423.124
M37468,medium,Finance,1918-08-01,9655.0,9444.6875
M37468,medium,Finance,1918-09-01,9755.0,9444.6875
M37468,medium,Finance,1918-10-01,9758.0,9444.6875
M37468,medium,Finance,1918-11-01,9809.0,9444.6875
M37468,medium,Finance,1918-12-01,9837.0,9444.6875
M37468,medium,Finance,1919-01-01,9882.0,9444.6875
M37468,medium,Finance,1919-02-01,9940.0,9509.377
M37468,medium,Finance,1919-03-01,9943.0,9552.503
M37468,medium,Finance,1919-04-01,9981.0,9574.066
M37468,medium,Finance,1919-05-01,9995.0,9574.066
M37468,medium,Finance,1919-06-01,10008.0,9574.066
M37545,medium,Finance,1918-01-01,9795.0,9826.53
M37545,medium,Finance,1918-02-01,9797.0,9826.53
M37545,medium,Finance,1918-03-01,9792.0,9826.53
M37545,medium,Finance,1918-04-01,9794.0,9826.53
M37545,medium,Finance,1918-05-01,9798.0,9826.53
M37545,medium,Finance,1918-06-01,9798.0,9826.53
M37545,medium,Finance,1918-07-01,9798.0,9826.53
M37545,medium,Finance,1918-08-01,9804.0,9826.53
M37545,medium,Finance,1918-09-01,9953.0,9849.172
M37545,medium,Finance,1918-10-01,9953.0,9871.813
M37545,medium,Finance,1918-11-01,9953.0,9871.813
M37545,medium,Finance,1918-12-01,9945.0,9871.813
M37545,medium,Finance,1919-01-01,9945.0,9871.813
M37545,medium,Finance,1919-02-01,9945.0,9871.813
M37545,medium,Finance,1919-03-01,9945.0,9939.738
M37545,medium,Finance,1919-04-01,9946.0,9939.738
M37545,medium,Finance,1919-05-01,9952.0,9939.738
M37545,medium,Finance,1919-06-01,9949.0,10007.664
M37680,short,Finance,1913-02-01,10195.0,10085.88
M37680,short,Finance,1913-03-01,10170.0,10109.668
M37680,short,Finance,1913-04-01,10217.0,10133.455
M37680,short,Finance,1913-05-01,9828.0,10133.455
M37680,short,Finance,1913-06-01,9852.0,10133.455
M37680,short,Finance,1913-07-01,9860.0,10085.88
M37680,short,Finance,1913-08-01,9782.0,10085.88
M37680,short,Finance,1913-09-01,9847.0,10085.88
M37680,short,Finance,1913-10-01,9845.0,10085.88
M37680,short,Finance,1913-11-01,9847.0,10085.88
M37680,short,Finance,1913-12-01,9851.0,10109.668
M37680,short,Finance,1914-01-01,9976.0,10085.88
M37680,short,Finance,1914-02-01,9881.0,10085.88
M37680,short,Finance,1914-03-01,9819.0,10133.455
M37680,short,Finance,1914-04-01,9754.0,10109.668
M37680,short,Finance,1914-05-01,9889.0,10133.455
M37680,short,Finance,1914-06-01,9832.0,10109.668
M37680,short,Finance,1914-07-01,10119.0,10109.668
M377,medium,Macro,1920-10-01,6870.0,6342.6963
M377,medium,Macro,1920-11-01,6880.0,5993.3105
M377,medium,Macro,1920-12-01,6520.0,5643.9253
M377,medium,Macro,1921-01-01,5880.0,5187.0356
M377,medium,Macro,1921-02-01,6000.0,5455.794
M377,medium,Macro,1921-03-01,6100.0,5617.049
M377,medium,Macro,1921-04-01,6140.0,5590.173
M377,medium,Macro,1921-05-01,6330.0,5832.0557
M377,medium,Macro,1921-06-01,6360.0,5832.0557
M377,medium,Macro,1921-07-01,6070.0,5590.1733
M377,medium,Macro,1921-08-01,6830.0,6073.938
M377,medium,Macro,1921-09-01,7120.0,6235.1934
M377,medium,Macro,1921-10-01,7370.0,6423.3237
M377,medium,Macro,1921-11-01,7090.0,6315.8203
M377,medium,Macro,1921-12-01,7150.0,6127.69
M377,medium,Macro,1922-01-01,6810.0,5778.3037
M377,medium,Macro,1922-02-01,7060.0,5805.1797
M377,medium,Macro,1922-03-01,7280.0,5832.0557
M37853,medium,Finance,1918-01-01,8819.0,8914.965
M37853,medium,Finance,1918-02-01,8964.0,8984.073
M37853,medium,Finance,1918-03-01,10470.0,10435.347
M37853,medium,Finance,1918-04-01,10639.0,10573.563
M37853,medium,Finance,1918-05-01,10595.0,10573.563
M37853,medium,Finance,1918-06-01,10417.0,10469.9
M37853,medium,Finance,1918-07-01,8924.0,8914.965
M37853,medium,Finance,1918-08-01,9112.0,8984.073
M37853,medium,Finance,1918-09-01,10437.0,10504.455
M37853,medium,Finance,1918-10-01,10563.0,10573.563
M37853,medium,Finance,1918-11-01,10587.0,10504.455
M37853,medium,Finance,1918-12-01,10495.0,10435.347
M37853,medium,Finance,1919-01-01,8812.0,8914.965
M37853,medium,Finance,1919-02-01,8912.0,8914.965
M37853,medium,Finance,1919-03-01,10452.0,10504.455
M37853,medium,Finance,1919-04-01,10643.0,10539.01
M37853,medium,Finance,1919-05-01,10591.0,10504.455
M37853,medium,Finance,1919-06-01,10419.0,10435.347
M37954,long_history,Finance,1924-01-01,3810.0,3800.2573
M37954,long_history,Finance,1924-02-01,3780.0,3813.5452
M37954,long_history,Finance,1924-03-01,3830.0,3853.4082
M37954,long_history,Finance,1924-04-01,3840.0,3853.4082
M37954,long_history,Finance,1924-05-01,3880.0,3879.9834
M37954,long_history,Finance,1924-06-01,3890.0,3906.5586
M37954,long_history,Finance,1924-07-01,3800.0,3840.1206
M37954,long_history,Finance,1924-08-01,3790.0,3853.4082
M37954,long_history,Finance,1924-09-01,3790.0,3879.9834
M37954,long_history,Finance,1924-10-01,3830.0,3893.271
M37954,long_history,Finance,1924-11-01,3860.0,3933.1338
M37954,long_history,Finance,1924-12-01,3920.0,3933.1338
M37954,long_history,Finance,1925-01-01,3830.0,3879.9834
M37954,long_history,Finance,1925-02-01,3800.0,3866.6958
M37954,long_history,Finance,1925-03-01,3810.0,3893.271
M37954,long_history,Finance,1925-04-01,3840.0,3906.5586
M37954,long_history,Finance,1925-05-01,3880.0,3933.1338
M37954,long_history,Finance,1925-06-01,3910.0,3946.4214
M38081,long_history,Finance,1924-01-01,4809.0,4804.0776
M38081,long_history,Finance,1924-02-01,4825.0,4855.0044
M38081,long_history,Finance,1924-03-01,4850.0,4855.0044
M38081,long_history,Finance,1924-04-01,4904.0,4922.9067
M38081,long_history,Finance,1924-05-01,4913.0,4922.9067
M38081,long_history,Finance,1924-06-01,4928.0,4922.9067
M38081,long_history,Finance,1924-07-01,4833.0,4838.029
M38081,long_history,Finance,1924-08-01,4807.0,4821.053
M38081,long_history,Finance,1924-09-01,4916.0,4888.9556
M38081,long_history,Finance,1924-10-01,4958.0,4922.9067
M38081,long_history,Finance,1924-11-01,4980.0,4956.858
M38081,long_history,Finance,1924-12-01,4984.0,4956.858
M38081,long_history,Finance,1925-01-01,4867.0,4871.98
M38081,long_history,Finance,1925-02-01,4879.0,4888.9556
M38081,long_history,Finance,1925-03-01,4898.0,4922.9067
M38081,long_history,Finance,1925-04-01,4932.0,4939.8823
M38081,long_history,Finance,1925-05-01,4945.0,4956.858
M38081,long_history,Finance,1925-06-01,4968.0,4956.858
M38144,long_history,Finance,1924-01-01,4930.0,4933.981
M38144,long_history,Finance,1924-02-01,4980.0,4968.2446
M38144,long_history,Finance,1924-03-01,5000.0,5002.5083
M38144,long_history,Finance,1924-04-01,5080.0,5105.3
M38144,long_history,Finance,1924-05-01,4970.0,5122.4316
M38144,long_history,Finance,1924-06-01,4780.0,5053.9043
M38144,long_history,Finance,1924-07-01,4890.0,4899.717
M38144,long_history,Finance,1924-08-01,4920.0,4968.2446
M38144,long_history,Finance,1924-09-01,5120.0,5071.036
M38144,long_history,Finance,1924-10-01,5160.0,5088.168
M38144,long_history,Finance,1924-11-01,5200.0,5139.5635
M38144,long_history,Finance,1924-12-01,5180.0,5139.5635
M38144,long_history,Finance,1925-01-01,4880.0,5019.64
M38144,long_history,Finance,1925-02-01,5060.0,5036.772
M38144,long_history,Finance,1925-03-01,5070.0,5071.036
M38144,long_history,Finance,1925-04-01,5240.0,5139.5635
M38144,long_history,Finance,1925-05-01,5050.0,5139.5635
M38144,long_history,Finance,1925-06-01,4870.0,5122.4316
M38169,long_history,Finance,1924-01-01,2970.0,2972.2866
M38169,long_history,Finance,1924-02-01,2980.0,2972.2866
M38169,long_history,Finance,1924-03-01,3000.0,2993.072
M38169,long_history,Finance,1924-04-01,2980.0,2993.072
M38169,long_history,Finance,1924-05-01,3000.0,2993.072
M38169,long_history,Finance,1924-06-01,3020.0,3003.4648
M38169,long_history,Finance,1924-07-01,3050.0,2993.072
M38169,long_history,Finance,1924-08-01,3040.0,2993.072
M38169,long_history,Finance,1924-09-01,3020.0,2993.072
M38169,long_history,Finance,1924-10-01,3030.0,2993.072
M38169,long_history,Finance,1924-11-01,3030.0,3013.8574
M38169,long_history,Finance,1924-12-01,3030.0,3024.25
M38169,long_history,Finance,1925-01-01,3020.0,3024.25
M38169,long_history,Finance,1925-02-01,3040.0,3013.8574
M38169,long_history,Finance,1925-03-01,3050.0,3024.25
M38169,long_history,Finance,1925-04-01,3000.0,3034.6426
M38169,long_history,Finance,1925-05-01,3010.0,3076.213
M38169,long_history,Finance,1925-06-01,3030.0,3065.8203
M38259,long_history,Finance,1924-01-01,1640.0,1655.643
M38259,long_history,Finance,1924-02-01,1640.0,1661.7749
M38259,long_history,Finance,1924-03-01,1640.0,1661.7749
M38259,long_history,Finance,1924-04-01,1640.0,1667.9069
M38259,long_history,Finance,1924-05-01,1680.0,1667.9069
M38259,long_history,Finance,1924-06-01,1720.0,1674.0388
M38259,long_history,Finance,1924-07-01,1710.0,1661.7749
M38259,long_history,Finance,1924-08-01,1720.0,1661.7749
M38259,long_history,Finance,1924-09-01,1660.0,1655.643
M38259,long_history,Finance,1924-10-01,1690.0,1661.7749
M38259,long_history,Finance,1924-11-01,1690.0,1680.1709
M38259,long_history,Finance,1924-12-01,1710.0,1674.0388
M38259,long_history,Finance,1925-01-01,1720.0,1667.9069
M38259,long_history,Finance,1925-02-01,1720.0,1667.9069
M38259,long_history,Finance,1925-03-01,1720.0,1667.9069
M38259,long_history,Finance,1925-04-01,1720.0,1667.9069
M38259,long_history,Finance,1925-05-01,1760.0,1667.9069
M38259,long_history,Finance,1925-06-01,1810.0,1667.9069
M38308,long_history,Finance,1924-01-01,1723.0,1735.9951
M38308,long_history,Finance,1924-02-01,1737.0,1741.8799
M38308,long_history,Finance,1924-03-01,1755.0,1753.6493
M38308,long_history,Finance,1924-04-01,1772.0,1765.4188
M38308,long_history,Finance,1924-05-01,1788.0,1771.3035
M38308,long_history,Finance,1924-06-01,1782.0,1783.073
M38308,long_history,Finance,1924-07-01,1771.0,1788.9576
M38308,long_history,Finance,1924-08-01,1779.0,1783.073
M38308,long_history,Finance,1924-09-01,1806.0,1788.9576
M38308,long_history,Finance,1924-10-01,1804.0,1800.7272
M38308,long_history,Finance,1924-11-01,1826.0,1800.7272
M38308,long_history,Finance,1924-12-01,1837.0,1812.4966
M38308,long_history,Finance,1925-01-01,1778.0,1812.4966
M38308,long_history,Finance,1925-02-01,1804.0,1777.1882
M38308,long_history,Finance,1925-03-01,1814.0,1783.073
M38308,long_history,Finance,1925-04-01,1834.0,1794.8424
M38308,long_history,Finance,1925-05-01,1844.0,1812.4966
M38308,long_history,Finance,1925-06-01,1837.0,1812.4966
M38372,long_history,Finance,1924-01-01,4400.0,4443.745
M38372,long_history,Finance,1924-02-01,4420.0,4459.73
M38372,long_history,Finance,1924-03-01,4440.0,4475.715
M38372,long_history,Finance,1924-04-01,4430.0,4475.715
M38372,long_history,Finance,1924-05-01,4490.0,4507.684
M38372,long_history,Finance,1924-06-01,4380.0,4443.745
M38372,long_history,Finance,1924-07-01,4300.0,4331.8525
M38372,long_history,Finance,1924-08-01,4380.0,4379.8066
M38372,long_history,Finance,1924-09-01,4410.0,4427.7607
M38372,long_history,Finance,1924-10-01,4440.0,4507.684
M38372,long_history,Finance,1924-11-01,4510.0,4571.6226
M38372,long_history,Finance,1924-12-01,4480.0,4587.6074
M38372,long_history,Finance,1925-01-01,4370.0,4475.715
M38372,long_history,Finance,1925-02-01,4380.0,4443.745
M38372,long_history,Finance,1925-03-01,4380.0,4475.715
M38372,long_history,Finance,1925-04-01,4400.0,4459.73
M38372,long_history,Finance,1925-05-01,4450.0,4491.699
M38372,long_history,Finance,1925-06-01,4350.0,4411.776
M3840,long_history,Macro,1927-10-01,40951.6,7801.3896
M3840,long_history,Macro,1927-11-01,22476.2,6662.624
M3840,long_history,Macro,1927-12-01,9087.7,6594.638
M3840,long_history,Macro,1928-01-01,10118.8,6526.6523
M3840,long_history,Macro,1928-02-01,7405.0,6560.645
M3840,long_history,Macro,1928-03-01,8775.9,6679.621
M3840,long_history,Macro,1928-04-01,8868.1,6543.6484
M3840,long_history,Macro,1928-05-01,6772.9,6611.635
M3840,long_history,Macro,1928-06-01,11984.9,6577.6416
M3840,long_history,Macro,1928-07-01,14642.5,6543.6484
M3840,long_history,Macro,1928-08-01,19439.3,6543.6484
M3840,long_history,Macro,1928-09-01,11715.5,6645.628
M3840,long_history,Macro,1928-10-01,9617.1,6560.645
M3840,long_history,Macro,1928-11-01,16736.5,6560.645
M3840,long_history,Macro,1928-12-01,7039.4,6594.638
M3840,long_history,Macro,1929-01-01,15607.6,6254.709
M3840,long_history,Macro,1929-02-01,6000.4,6271.705
M3840,long_history,Macro,1929-03-01,6554.4,5846.7925
M38425,long_history,Finance,1924-01-01,6284.0,6331.7764
M38425,long_history,Finance,1924-02-01,6356.0,6377.659
M38425,long_history,Finance,1924-03-01,6361.0,6423.5415
M38425,long_history,Finance,1924-04-01,6438.0,6469.424
M38425,long_history,Finance,1924-05-01,6401.0,6469.424
M38425,long_history,Finance,1924-06-01,6337.0,6423.5415
M38425,long_history,Finance,1924-07-01,6317.0,6377.659
M38425,long_history,Finance,1924-08-01,6300.0,6354.718
M38425,long_history,Finance,1924-09-01,6463.0,6469.424
M38425,long_history,Finance,1924-10-01,6545.0,6561.1885
M38425,long_history,Finance,1924-11-01,6572.0,6607.072
M38425,long_history,Finance,1924-12-01,6545.0,6607.072
M38425,long_history,Finance,1925-01-01,6409.0,6469.424
M38425,long_history,Finance,1925-02-01,6478.0,6561.1885
M38425,long_history,Finance,1925-03-01,6480.0,6584.13
M38425,long_history,Finance,1925-04-01,6554.0,6607.072
M38425,long_history,Finance,1925-05-01,6521.0,6607.072
M38425,long_history,Finance,1925-06-01,6474.0,6538.247
M38441,long_history,Finance,1924-01-01,1259.0,1259.9844
M38441,long_history,Finance,1924-02-01,1272.0,1283.7578
M38441,long_history,Finance,1924-03-01,1343.0,1339.2288
M38441,long_history,Finance,1924-04-01,1417.0,1410.5487
M38441,long_history,Finance,1924-05-01,1460.0,1446.2086
M38441,long_history,Finance,1924-06-01,1502.0,1493.7551
M38441,long_history,Finance,1924-07-01,1493.0,1497.7174
M38441,long_history,Finance,1924-08-01,1482.0,1489.793
M38441,long_history,Finance,1924-09-01,1432.0,1442.2465
M38441,long_history,Finance,1924-10-01,1394.0,1402.6241
M38441,long_history,Finance,1924-11-01,1372.0,1370.9265
M38441,long_history,Finance,1924-12-01,1347.0,1351.1155
M38441,long_history,Finance,1925-01-01,1294.0,1307.5311
M38441,long_history,Finance,1925-02-01,1323.0,1339.2288
M38441,long_history,Finance,1925-03-01,1378.0,1386.7753
M38441,long_history,Finance,1925-04-01,1446.0,1450.1708
M38441,long_history,Finance,1925-05-01,1484.0,1489.793
M38441,long_history,Finance,1925-06-01,1525.0,1533.3772
M38482,long_history,Finance,1924-01-01,2740.0,2754.5415
M38482,long_history,Finance,1924-02-01,2740.0,2754.5415
M38482,long_history,Finance,1924-03-01,2750.0,2761.2598
M38482,long_history,Finance,1924-04-01,2760.0,2767.9783
M38482,long_history,Finance,1924-05-01,2750.0,2774.6968
M38482,long_history,Finance,1924-06-01,2760.0,2781.415
M38482,long_history,Finance,1924-07-01,2740.0,2781.415
M38482,long_history,Finance,1924-08-01,2740.0,2781.415
M38482,long_history,Finance,1924-09-01,2730.0,2794.8518
M38482,long_history,Finance,1924-10-01,2740.0,2808.2886
M38482,long_history,Finance,1924-11-01,2760.0,2808.2886
M38482,long_history,Finance,1924-12-01,2760.0,2808.2886
M38482,long_history,Finance,1925-01-01,2740.0,2815.0068
M38482,long_history,Finance,1925-02-01,2730.0,2828.4438
M38482,long_history,Finance,1925-03-01,2730.0,2821.7253
M38482,long_history,Finance,1925-04-01,2730.0,2821.7253
M38482,long_history,Finance,1925-05-01,2740.0,2828.4438
M38482,long_history,Finance,1925-06-01,2740.0,2841.8806
M38684,long_history,Finance,1923-11-01,3745.0,4281.6504
M38684,long_history,Finance,1923-12-01,3700.2,4243.591
M38684,long_history,Finance,1924-01-01,5127.6,4072.3252
M38684,long_history,Finance,1924-02-01,3936.8,4205.532
M38684,long_history,Finance,1924-03-01,3898.4,4015.2366
M38684,long_history,Finance,1924-04-01,5181.0,4205.532
M38684,long_history,Finance,1924-05-01,4628.0,4167.4727
M38684,long_history,Finance,1924-06-01,3286.5,4091.355
M38684,long_history,Finance,1924-07-01,3893.6,4053.296
M38684,long_history,Finance,1924-08-01,2499.7,3843.9707
M38684,long_history,Finance,1924-09-01,2966.8,4281.6504
M38684,long_history,Finance,1924-10-01,3491.3,4015.2368
M38684,long_history,Finance,1924-11-01,2594.3,4129.414
M38684,long_history,Finance,1924-12-01,2693.7,3958.1477
M38684,long_history,Finance,1925-01-01,3113.6,3748.823
M38684,long_history,Finance,1925-02-01,2838.0,4262.6206
M38684,long_history,Finance,1925-03-01,3270.5,4224.5615
M38684,long_history,Finance,1925-04-01,3587.7,4338.7393
M38724,long_history,Finance,1923-12-01,5834.0,6052.062
M38724,long_history,Finance,1924-01-01,4817.0,6070.2363
M38724,long_history,Finance,1924-02-01,5687.0,6024.801
M38724,long_history,Finance,1924-03-01,6237.0,5979.3643
M38724,long_history,Finance,1924-04-01,6403.0,6015.7134
M38724,long_history,Finance,1924-05-01,6213.0,5952.103
M38724,long_history,Finance,1924-06-01,6430.0,5906.667
M38724,long_history,Finance,1924-07-01,6415.0,5933.9287
M38724,long_history,Finance,1924-08-01,6077.0,5915.7544
M38724,long_history,Finance,1924-09-01,5513.0,5843.0566
M38724,long_history,Finance,1924-10-01,5397.0,5852.144
M38724,long_history,Finance,1924-11-01,4888.0,5915.754
M38724,long_history,Finance,1924-12-01,4340.0,5824.8823
M38724,long_history,Finance,1925-01-01,3981.0,5861.231
M38724,long_history,Finance,1925-02-01,4086.0,5879.4053
M38724,long_history,Finance,1925-03-01,4884.0,5861.2314
M38724,long_history,Finance,1925-04-01,4592.0,5906.667
M38724,long_history,Finance,1925-05-01,5951.0,5806.708
M39182,short,Finance,1908-12-01,1699.0,1697.7601
M39182,short,Finance,1909-01-01,1667.0,1707.9061
M39182,short,Finance,1909-02-01,1660.0,1704.5242
M39182,short,Finance,1909-03-01,1656.0,1704.5242
M39182,short,Finance,1909-04-01,1653.0,1697.7601
M39182,short,Finance,1909-05-01,1661.0,1701.1421
M39182,short,Finance,1909-06-01,1691.0,1701.1421
M39182,short,Finance,1909-07-01,1694.0,1711.2881
M39182,short,Finance,1909-08-01,1704.0,1718.0521
M39182,short,Finance,1909-09-01,1674.0,1714.6702
M39182,short,Finance,1909-10-01,1628.0,1704.5242
M39182,short,Finance,1909-11-01,1638.0,1697.7601
M39182,short,Finance,1909-12-01,1636.0,1711.2881
M39182,short,Finance,1910-01-01,1645.0,1704.5242
M39182,short,Finance,1910-02-01,1711.0,1690.9962
M39182,short,Finance,1910-03-01,1752.0,1690.9961
M39182,short,Finance,1910-04-01,1801.0,1690.9962
M39182,short,Finance,1910-05-01,1800.0,1687.6143
M3926,long_history,Macro,1928-01-01,1544.5099864,1550.4492
M3926,long_history,Macro,1928-02-01,1538.8720887,1550.4492
M3926,long_history,Macro,1928-03-01,1529.7035517,1550.4492
M3926,long_history,Macro,1928-04-01,1540.8592487,1550.4492
M3926,long_history,Macro,1928-05-01,1526.6470793,1555.5831
M3926,long_history,Macro,1928-06-01,1548.6943537,1560.717
M3926,long_history,Macro,1928-07-01,1525.2523315,1560.717
M3926,long_history,Macro,1928-08-01,1550.1738016,1560.717
M3926,long_history,Macro,1928-09-01,1523.1723596,1560.717
M3926,long_history,Macro,1928-10-01,1534.907418,1565.8511
M3926,long_history,Macro,1928-11-01,1562.977215,1565.8511
M3926,long_history,Macro,1928-12-01,1545.6708634,1565.8511
M3926,long_history,Macro,1929-01-01,1570.8568419,1576.1189
M3926,long_history,Macro,1929-02-01,1559.8034639,1570.985
M3926,long_history,Macro,1929-03-01,1567.7095639,1576.1189
M3926,long_history,Macro,1929-04-01,1577.2477214,1581.2528
M3926,long_history,Macro,1929-05-01,1562.8280084,1581.2528
M3926,long_history,Macro,1929-06-01,1579.7006638,1570.985
M39521,medium,Finance,1916-04-01,3872.0,3961.4731
M39521,medium,Finance,1916-05-01,4255.0,3937.9631
M39521,medium,Finance,1916-06-01,4312.0,3808.6567
M39521,medium,Finance,1916-07-01,4096.0,3808.657
M39521,medium,Finance,1916-08-01,4279.0,3644.085
M39521,medium,Finance,1916-09-01,5178.0,3855.6772
M39521,medium,Finance,1916-10-01,4065.0,3832.167
M39521,medium,Finance,1916-11-01,4030.0,3785.1465
M39521,medium,Finance,1916-12-01,3955.0,3973.2285
M39521,medium,Finance,1917-01-01,3938.0,3738.126
M39521,medium,Finance,1917-02-01,6337.0,3702.8606
M39521,medium,Finance,1917-03-01,6068.0,3702.8606
M39521,medium,Finance,1917-04-01,6994.0,3749.881
M39521,medium,Finance,1917-05-01,7394.0,3796.9016
M39521,medium,Finance,1917-06-01,7259.0,3785.1465
M39521,medium,Finance,1917-07-01,7022.0,3620.575
M39521,medium,Finance,1917-08-01,7529.0,3644.085
M39521,medium,Finance,1917-09-01,7372.0,3796.9019
M39602,cold_start,Finance,1904-05-01,2300.0,2305.7185
M39602,cold_start,Finance,1904-06-01,2300.0,2305.7185
M39602,cold_start,Finance,1904-07-01,2300.0,2305.7185
M39602,cold_start,Finance,1904-08-01,2300.0,2270.2458
M39602,cold_start,Finance,1904-09-01,2200.0,2350.059
M39602,cold_start,Finance,1904-10-01,2100.0,2305.7185
M39602,cold_start,Finance,1904-11-01,2100.0,2305.7185
M39602,cold_start,Finance,1904-12-01,2300.0,2305.7185
M39602,cold_start,Finance,1905-01-01,2300.0,2305.7185
M39602,cold_start,Finance,1905-02-01,2300.0,2305.7185
M39602,cold_start,Finance,1905-03-01,2300.0,2199.3008
M39602,cold_start,Finance,1905-04-01,2700.0,2199.3008
M39602,cold_start,Finance,1905-05-01,2700.0,2252.5098
M39602,cold_start,Finance,1905-06-01,2700.0,2199.3008
M39602,cold_start,Finance,1905-07-01,2700.0,2252.5098
M39602,cold_start,Finance,1905-08-01,2700.0,2252.5098
M39602,cold_start,Finance,1905-09-01,2700.0,2199.3008
M39602,cold_start,Finance,1905-10-01,2700.0,2199.3008
M39954,cold_start,Finance,1904-05-01,3343.0,3218.1096
M39954,cold_start,Finance,1904-06-01,3200.0,3241.1785
M39954,cold_start,Finance,1904-07-01,3142.0,3368.0576
M39954,cold_start,Finance,1904-08-01,3058.0,3598.7466
M39954,cold_start,Finance,1904-09-01,3016.0,3587.212
M39954,cold_start,Finance,1904-10-01,3022.0,3610.2808
M39954,cold_start,Finance,1904-11-01,3059.0,3714.0908
M39954,cold_start,Finance,1904-12-01,3092.0,3783.2974
M39954,cold_start,Finance,1905-01-01,2846.0,3702.5564
M39954,cold_start,Finance,1905-02-01,2845.0,3748.6943
M39954,cold_start,Finance,1905-03-01,2797.0,3840.9697
M39954,cold_start,Finance,1905-04-01,2731.0,3875.5728
M39954,cold_start,Finance,1905-05-01,2560.0,3552.6086
M39954,cold_start,Finance,1905-06-01,2512.0,3425.73
M39954,cold_start,Finance,1905-07-01,2597.0,3437.2642
M39954,cold_start,Finance,1905-08-01,2806.0,3287.3162
M39954,cold_start,Finance,1905-09-01,2786.0,3171.972
M39954,cold_start,Finance,1905-10-01,2791.0,2941.2832
M39970,cold_start,Finance,1904-05-01,1099.0,1039.843
M39970,cold_start,Finance,1904-06-01,1145.0,1109.8843
M39970,cold_start,Finance,1904-07-01,1108.0,1115.272
M39970,cold_start,Finance,1904-08-01,1188.0,1174.5377
M39970,cold_start,Finance,1904-09-01,1297.0,1249.9668
M39970,cold_start,Finance,1904-10-01,1217.0,1249.9668
M39970,cold_start,Finance,1904-11-01,1261.0,1276.9056
M39970,cold_start,Finance,1904-12-01,1251.0,1314.6202
M39970,cold_start,Finance,1905-01-01,1245.0,1357.7224
M39970,cold_start,Finance,1905-02-01,1269.0,1363.1104
M39970,cold_start,Finance,1905-03-01,1205.0,1433.1515
M39970,cold_start,Finance,1905-04-01,1256.0,1433.1515
M39970,cold_start,Finance,1905-05-01,1229.0,1427.7637
M39970,cold_start,Finance,1905-06-01,1203.0,1519.3562
M39970,cold_start,Finance,1905-07-01,1181.0,1530.1316
M39970,cold_start,Finance,1905-08-01,1187.0,1594.7852
M39970,cold_start,Finance,1905-09-01,1148.0,1540.9072
M39970,cold_start,Finance,1905-10-01,1183.0,1530.1317
M39988,cold_start,Finance,1904-05-01,1950.0,2541.3618
M39988,cold_start,Finance,1904-06-01,2260.0,2703.0847
M39988,cold_start,Finance,1904-07-01,2386.0,2737.7397
M39988,cold_start,Finance,1904-08-01,2346.0,2749.2913
M39988,cold_start,Finance,1904-09-01,2958.0,2726.1882
M39988,cold_start,Finance,1904-10-01,2731.0,2691.5332
M39988,cold_start,Finance,1904-11-01,2811.0,2633.775
M39988,cold_start,Finance,1904-12-01,2651.0,2587.5684
M39988,cold_start,Finance,1905-01-01,3016.0,2691.5332
M39988,cold_start,Finance,1905-02-01,2668.0,2668.43
M39988,cold_start,Finance,1905-03-01,3783.0,2633.775
M39988,cold_start,Finance,1905-04-01,3449.0,2749.2913
M39988,cold_start,Finance,1905-05-01,3332.0,2887.9111
M39988,cold_start,Finance,1905-06-01,3393.0,2945.6694
M39988,cold_start,Finance,1905-07-01,3345.0,2899.463
M39988,cold_start,Finance,1905-08-01,3570.0,2714.6362
M39988,cold_start,Finance,1905-09-01,4113.0,2749.2915
M39988,cold_start,Finance,1905-10-01,3397.0,2945.6694
M40079,short,Finance,1909-07-01,2290.54,2224.3857
M40079,short,Finance,1909-08-01,2232.77,2206.0024
M40079,short,Finance,1909-09-01,2250.21,2224.3857
M40079,short,Finance,1909-10-01,2158.94,2187.6191
M40079,short,Finance,1909-11-01,2198.45,2242.7693
M40079,short,Finance,1909-12-01,2213.07,2206.0024
M40079,short,Finance,1910-01-01,2110.12,2206.0024
M40079,short,Finance,1910-02-01,2168.89,2215.194
M40079,short,Finance,1910-03-01,2255.62,2224.3857
M40079,short,Finance,1910-04-01,2150.04,2196.8108
M40079,short,Finance,1910-05-01,2208.08,2178.4275
M40079,short,Finance,1910-06-01,2168.36,2160.0442
M40079,short,Finance,1910-07-01,2173.85,2215.194
M40079,short,Finance,1910-08-01,2137.25,2261.1526
M40079,short,Finance,1910-09-01,2136.93,2251.961
M40079,short,Finance,1910-10-01,2033.26,2279.536
M40079,short,Finance,1910-11-01,2083.46,2279.536
M40079,short,Finance,1910-12-01,2128.06,2297.9194
M40144,medium,Finance,1916-05-01,2364.32,2298.0056
M40144,medium,Finance,1916-06-01,2724.91,2419.754
M40144,medium,Finance,1916-07-01,2671.73,2290.3962
M40144,medium,Finance,1916-08-01,2565.03,2138.2104
M40144,medium,Finance,1916-09-01,2895.75,2366.489
M40144,medium,Finance,1916-10-01,3159.45,2442.582
M40144,medium,Finance,1916-11-01,2928.46,2358.88
M40144,medium,Finance,1916-12-01,2464.34,2221.9126
M40144,medium,Finance,1917-01-01,2406.35,2328.4426
M40144,medium,Finance,1917-02-01,2361.84,2473.019
M40144,medium,Finance,1917-03-01,2621.52,2366.489
M40144,medium,Finance,1917-04-01,2167.2,2161.038
M40144,medium,Finance,1917-05-01,3006.96,2267.5684
M40144,medium,Finance,1917-06-01,2721.2,2351.2705
M40144,medium,Finance,1917-07-01,2946.6,2252.3499
M40144,medium,Finance,1917-08-01,2513.85,2214.3032
M40144,medium,Finance,1917-09-01,2955.09,2328.4426
M40144,medium,Finance,1917-10-01,3095.44,2480.6284
M40258,cold_start,Finance,1903-08-01,846.0,1033.0054
M40258,cold_start,Finance,1903-09-01,969.0,1046.421
M40258,cold_start,Finance,1903-10-01,794.0,1086.668
M40258,cold_start,Finance,1903-11-01,1336.0,1024.0616
M40258,cold_start,Finance,1903-12-01,856.0,903.32074
M40258,cold_start,Finance,1904-01-01,1354.0,1100.0837
M40258,cold_start,Finance,1904-02-01,1533.0,1225.2964
M40258,cold_start,Finance,1904-03-01,1117.0,1010.646
M40258,cold_start,Finance,1904-04-01,791.0,907.7926
M40258,cold_start,Finance,1904-05-01,2489.0,1001.7022
M40258,cold_start,Finance,1904-06-01,905.0,983.81464
M40258,cold_start,Finance,1904-07-01,1250.0,898.8489
M40258,cold_start,Finance,1904-08-01,1143.0,983.8147
M40258,cold_start,Finance,1904-09-01,821.0,970.39905
M40258,cold_start,Finance,1904-10-01,1110.0,898.8489
M40258,cold_start,Finance,1904-11-01,923.0,858.6019
M40258,cold_start,Finance,1904-12-01,960.0,889.9051
M40258,cold_start,Finance,1905-01-01,1016.0,885.43317
M40344,long_history,Finance,1931-02-01,16051.1,16150.996
M40344,long_history,Finance,1931-03-01,15832.4,16270.855
M40344,long_history,Finance,1931-04-01,15600.8,16270.855
M40344,long_history,Finance,1931-05-01,15956.9,16420.68
M40344,long_history,Finance,1931-06-01,16007.2,16570.502
M40344,long_history,Finance,1931-07-01,16043.6,16420.68
M40344,long_history,Finance,1931-08-01,16933.9,16270.855
M40344,long_history,Finance,1931-09-01,16126.0,16420.68
M40344,long_history,Finance,1931-10-01,16211.6,16240.891
M40344,long_history,Finance,1931-11-01,16238.3,16420.68
M40344,long_history,Finance,1931-12-01,16099.8,16420.68
M40344,long_history,Finance,1932-01-01,13108.8,16240.891
M40344,long_history,Finance,1932-02-01,16024.0,16210.926
M40344,long_history,Finance,1932-03-01,16872.4,16180.961
M40344,long_history,Finance,1932-04-01,15698.1,16360.75
M40344,long_history,Finance,1932-05-01,17053.4,16270.855
M40344,long_history,Finance,1932-06-01,17024.0,16450.645
M40344,long_history,Finance,1932-07-01,15161.4,16180.961
M40698,short,Finance,1911-09-01,4203.0,4391.964
M40698,short,Finance,1911-10-01,4310.2,4408.8564
M40698,short,Finance,1911-11-01,4908.3,4459.5327
M40698,short,Finance,1911-12-01,5022.1,4256.8267
M40698,short,Finance,1912-01-01,4773.7,4189.258
M40698,short,Finance,1912-02-01,4949.7,4071.0127
M40698,short,Finance,1912-03-01,5145.0,4104.797
M40698,short,Finance,1912-04-01,5029.0,4189.258
M40698,short,Finance,1912-05-01,5059.0,4408.8564
M40698,short,Finance,1912-06-01,5572.9,4780.4834
M40698,short,Finance,1912-07-01,5229.3,5084.543
M40698,short,Finance,1912-08-01,4942.1,5169.004
M40698,short,Finance,1912-09-01,4942.3,5033.866
M40698,short,Finance,1912-10-01,4689.3,4814.2676
M40698,short,Finance,1912-11-01,5981.5,4966.298
M40698,short,Finance,1912-12-01,7703.3,4577.778
M40698,short,Finance,1913-01-01,6849.6,4746.699
M40698,short,Finance,1913-02-01,7200.4,4679.131
M40721,cold_start,Finance,1903-08-01,7460.52,7637.697
M40721,cold_start,Finance,1903-09-01,7516.89,7637.697
M40721,cold_start,Finance,1903-10-01,7420.76,7637.697
M40721,cold_start,Finance,1903-11-01,7529.26,7637.697
M40721,cold_start,Finance,1903-12-01,7625.46,7661.125
M40721,cold_start,Finance,1904-01-01,7669.82,7661.125
M40721,cold_start,Finance,1904-02-01,7721.21,7637.697
M40721,cold_start,Finance,1904-03-01,7880.93,7801.6963
M40721,cold_start,Finance,1904-04-01,7979.36,7778.2676
M40721,cold_start,Finance,1904-05-01,8142.74,7731.4106
M40721,cold_start,Finance,1904-06-01,8372.89,7778.2676
M40721,cold_start,Finance,1904-07-01,8457.17,7801.6963
M40721,cold_start,Finance,1904-08-01,8501.75,7801.6963
M40721,cold_start,Finance,1904-09-01,8565.13,7825.1245
M40721,cold_start,Finance,1904-10-01,8539.03,7731.4106
M40721,cold_start,Finance,1904-11-01,8776.87,7731.4106
M40721,cold_start,Finance,1904-12-01,8939.15,7731.4106
M40721,cold_start,Finance,1905-01-01,8948.3,7684.5537
M40768,long_history,Finance,1923-12-01,1264.44,1228.3918
M40768,long_history,Finance,1924-01-01,1191.95,1254.3438
M40768,long_history,Finance,1924-02-01,1235.9,1219.7412
M40768,long_history,Finance,1924-03-01,1196.44,1254.3438
M40768,long_history,Finance,1924-04-01,1196.57,1280.2957
M40768,long_history,Finance,1924-05-01,1257.95,1297.5969
M40768,long_history,Finance,1924-06-01,1227.6,1392.754
M40768,long_history,Finance,1924-07-01,1162.71,1366.802
M40768,long_history,Finance,1924-08-01,1135.26,1332.1995
M40768,long_history,Finance,1924-09-01,1162.43,1358.1515
M40768,long_history,Finance,1924-10-01,1150.77,1349.5009
M40768,long_history,Finance,1924-11-01,1198.52,1358.1514
M40768,long_history,Finance,1924-12-01,1183.91,1340.8501
M40768,long_history,Finance,1925-01-01,1214.13,1332.1995
M40768,long_history,Finance,1925-02-01,1273.58,1323.5488
M40768,long_history,Finance,1925-03-01,1214.47,1340.8501
M40768,long_history,Finance,1925-04-01,1339.44,1366.8021
M40768,long_history,Finance,1925-05-01,1363.3,1358.1514
M40818,medium,Finance,1915-01-01,3454.44,3419.4363
M40818,medium,Finance,1915-02-01,3411.04,3404.569
M40818,medium,Finance,1915-03-01,3366.27,3389.702
M40818,medium,Finance,1915-04-01,3366.92,3419.4363
M40818,medium,Finance,1915-05-01,3381.74,3404.569
M40818,medium,Finance,1915-06-01,3302.49,3389.702
M40818,medium,Finance,1915-07-01,3330.02,3404.569
M40818,medium,Finance,1915-08-01,3273.81,3419.4363
M40818,medium,Finance,1915-09-01,3268.99,3419.4363
M40818,medium,Finance,1915-10-01,3332.53,3419.4363
M40818,medium,Finance,1915-11-01,3308.08,3419.4363
M40818,medium,Finance,1915-12-01,3278.5,3449.1704
M40818,medium,Finance,1916-01-01,3367.39,3464.0376
M40818,medium,Finance,1916-02-01,3397.72,3449.1704
M40818,medium,Finance,1916-03-01,3390.16,3449.1704
M40818,medium,Finance,1916-04-01,3476.0,3478.9045
M40818,medium,Finance,1916-05-01,3362.92,3434.3032
M40818,medium,Finance,1916-06-01,3325.48,3419.4363
M40910,medium,Finance,1915-01-01,6567.4,6326.6865
M40910,medium,Finance,1915-02-01,6371.1,6257.7305
M40910,medium,Finance,1915-03-01,6973.3,6137.058
M40910,medium,Finance,1915-04-01,6734.6,5981.907
M40910,medium,Finance,1915-05-01,7241.4,5861.2354
M40910,medium,Finance,1915-06-01,7261.6,5792.2793
M40910,medium,Finance,1915-07-01,7014.4,5792.2793
M40910,medium,Finance,1915-08-01,7294.2,5757.802
M40910,medium,Finance,1915-09-01,8040.8,5430.2617
M40910,medium,Finance,1915-10-01,8419.5,5378.545
M40910,medium,Finance,1915-11-01,8441.3,5481.979
M40910,medium,Finance,1915-12-01,9388.7,5533.6953
M40910,medium,Finance,1916-01-01,10352.8,5499.218
M40910,medium,Finance,1916-02-01,8960.4,5654.368
M40910,medium,Finance,1916-03-01,10769.5,5292.3506
M40910,medium,Finance,1916-04-01,10533.5,5171.6777
M40910,medium,Finance,1916-05-01,10267.2,5206.1562
M40910,medium,Finance,1916-06-01,10016.8,5257.873
M40919,medium,Finance,1915-01-01,4200.7,4203.17
M40919,medium,Finance,1915-02-01,4009.6,4305.6865
M40919,medium,Finance,1915-03-01,3592.1,4075.025
M40919,medium,Finance,1915-04-01,3453.4,4151.912
M40919,medium,Finance,1915-05-01,3284.0,4126.283
M40919,medium,Finance,1915-06-01,3034.9,4280.0576
M40919,medium,Finance,1915-07-01,3702.8,4126.283
M40919,medium,Finance,1915-08-01,4269.1,4382.5737
M40919,medium,Finance,1915-09-01,4042.5,4151.912
M40919,medium,Finance,1915-10-01,3663.8,4126.283
M40919,medium,Finance,1915-11-01,3802.4,4228.7993
M40919,medium,Finance,1915-12-01,2517.8,4203.1704
M40919,medium,Finance,1916-01-01,3550.9,3998.1375
M40919,medium,Finance,1916-02-01,3671.9,3869.9922
M40919,medium,Finance,1916-03-01,3612.6,3793.105
M40919,medium,Finance,1916-04-01,3367.1,4151.912
M40919,medium,Finance,1916-05-01,3658.5,4075.025
M40919,medium,Finance,1916-06-01,3093.8,4305.6865
M40939,medium,Finance,1915-01-01,4564.72,4329.926
M40939,medium,Finance,1915-02-01,4512.38,4357.3306
M40939,medium,Finance,1915-03-01,4332.46,4288.8193
M40939,medium,Finance,1915-04-01,4481.6,4316.2236
M40939,medium,Finance,1915-05-01,4629.81,4466.949
M40939,medium,Finance,1915-06-01,4718.18,4412.1396
M40939,medium,Finance,1915-07-01,5133.05,4357.33
M40939,medium,Finance,1915-08-01,4992.44,4412.1396
M40939,medium,Finance,1915-09-01,4827.82,4288.8193
M40939,medium,Finance,1915-10-01,5120.55,4343.628
M40939,medium,Finance,1915-11-01,5414.3,4453.247
M40939,medium,Finance,1915-12-01,5124.23,4494.354
M40939,medium,Finance,1916-01-01,5534.49,4590.2695
M40939,medium,Finance,1916-02-01,5590.95,4480.6514
M40939,medium,Finance,1916-03-01,5179.22,4439.545
M40939,medium,Finance,1916-04-01,5450.95,4562.865
M40939,medium,Finance,1916-05-01,5458.41,4576.5674
M40939,medium,Finance,1916-06-01,5013.57,4590.2695
M40988,medium,Finance,1915-01-01,1301.18,1248.1548
M40988,medium,Finance,1915-02-01,1297.56,1236.2297
M40988,medium,Finance,1915-03-01,1302.32,1224.3047
M40988,medium,Finance,1915-04-01,1297.07,1224.3047
M40988,medium,Finance,1915-05-01,1307.47,1220.3296
M40988,medium,Finance,1915-06-01,1317.73,1208.4047
M40988,medium,Finance,1915-07-01,1336.16,1176.6045
M40988,medium,Finance,1915-08-01,1340.94,1176.6045
M40988,medium,Finance,1915-09-01,1358.16,1156.7295
M40988,medium,Finance,1915-10-01,1351.81,1160.7045
M40988,medium,Finance,1915-11-01,1350.65,1120.9543
M40988,medium,Finance,1915-12-01,1316.14,1124.9293
M40988,medium,Finance,1916-01-01,1350.8,1077.2291
M40988,medium,Finance,1916-02-01,1349.51,1081.2041
M40988,medium,Finance,1916-03-01,1377.03,1073.2542
M40988,medium,Finance,1916-04-01,1402.07,1049.404
M40988,medium,Finance,1916-05-01,1411.25,1085.1792
M40988,medium,Finance,1916-06-01,1376.05,1061.3291
M41157,medium,Finance,1915-02-01,1627.018,1647.439
M41157,medium,Finance,1915-03-01,1578.589,1614.1572
M41157,medium,Finance,1915-04-01,1580.166,1630.7982
M41157,medium,Finance,1915-05-01,1583.012,1647.439
M41157,medium,Finance,1915-06-01,1616.787,1630.7981
M41157,medium,Finance,1915-07-01,1578.965,1626.638
M41157,medium,Finance,1915-08-01,1560.31,1622.4778
M41157,medium,Finance,1915-09-01,1536.285,1639.1187
M41157,medium,Finance,1915-10-01,1538.98,1634.9583
M41157,medium,Finance,1915-11-01,1517.715,1643.2788
M41157,medium,Finance,1915-12-01,1535.119,1618.3175
M41157,medium,Finance,1916-01-01,1461.769,1618.3175
M41157,medium,Finance,1916-02-01,1450.428,1630.7981
M41157,medium,Finance,1916-03-01,1415.216,1639.1185
M41157,medium,Finance,1916-04-01,1395.049,1630.7982
M41157,medium,Finance,1916-05-01,1465.036,1634.9584
M41157,medium,Finance,1916-06-01,1491.943,1618.3175
M41157,medium,Finance,1916-07-01,1472.04,1609.9971
M41414,medium,Finance,1922-09-01,5300.0,6362.016
M41414,medium,Finance,1922-10-01,7000.0,6453.5557
M41414,medium,Finance,1922-11-01,5700.0,5904.3174
M41414,medium,Finance,1922-12-01,5800.0,6247.592
M41414,medium,Finance,1923-01-01,5600.0,6110.282
M41414,medium,Finance,1923-02-01,5800.0,5950.0874
M41414,medium,Finance,1923-03-01,6100.0,6156.052
M41414,medium,Finance,1923-04-01,6500.0,6499.3257
M41414,medium,Finance,1923-05-01,7000.0,6407.786
M41414,medium,Finance,1923-06-01,7100.0,6636.636
M41414,medium,Finance,1923-07-01,7400.0,6636.636
M41414,medium,Finance,1923-08-01,6900.0,6796.8306
M41414,medium,Finance,1923-09-01,6600.0,5950.0874
M41414,medium,Finance,1923-10-01,6500.0,6247.592
M41414,medium,Finance,1923-11-01,7800.0,5995.8574
M41414,medium,Finance,1923-12-01,7200.0,6339.132
M41414,medium,Finance,1924-01-01,5900.0,5950.0874
M41414,medium,Finance,1924-02-01,5800.0,6293.3613
M41470,medium,Finance,1922-03-01,3000.0,2608.9014
M41470,medium,Finance,1922-04-01,2700.0,2608.9014
M41470,medium,Finance,1922-05-01,3100.0,2608.9014
M41470,medium,Finance,1922-06-01,2800.0,2700.7642
M41470,medium,Finance,1922-07-01,2800.0,2608.9014
M41470,medium,Finance,1922-08-01,3100.0,2498.666
M41470,medium,Finance,1922-09-01,2600.0,2351.6858
M41470,medium,Finance,1922-10-01,2300.0,2149.588
M41470,medium,Finance,1922-11-01,2300.0,2002.6074
M41470,medium,Finance,1922-12-01,2300.0,2204.7053
M41470,medium,Finance,1923-01-01,2300.0,2351.6858
M41470,medium,Finance,1923-02-01,2800.0,2608.9014
M41470,medium,Finance,1923-03-01,3000.0,2700.7642
M41470,medium,Finance,1923-04-01,2900.0,2700.7642
M41470,medium,Finance,1923-05-01,3500.0,2746.6956
M41470,medium,Finance,1923-06-01,2700.0,2700.7642
M41470,medium,Finance,1923-07-01,2700.0,2498.666
M41470,medium,Finance,1923-08-01,2000.0,2498.666
M4158,long_history,Macro,1926-01-01,1310.0,1432.9016
M4158,long_history,Macro,1926-02-01,1820.0,1961.7644
M4158,long_history,Macro,1926-03-01,2210.0,2223.9355
M4158,long_history,Macro,1926-04-01,1680.0,1884.921
M4158,long_history,Macro,1926-05-01,2070.0,2074.769
M4158,long_history,Macro,1926-06-01,1970.0,1930.123
M4158,long_history,Macro,1926-07-01,2060.0,1903.0018
M4158,long_history,Macro,1926-08-01,2120.0,1889.4412
M4158,long_history,Macro,1926-09-01,1900.0,2106.4106
M4158,long_history,Macro,1926-10-01,2170.0,2142.5723
M4158,long_history,Macro,1926-11-01,2460.0,2129.0117
M4158,long_history,Macro,1926-12-01,1950.0,2061.2085
M4158,long_history,Macro,1927-01-01,1790.0,1414.8208
M4158,long_history,Macro,1927-02-01,2020.0,1658.9114
M4158,long_history,Macro,1927-03-01,2130.0,2025.0471
M4158,long_history,Macro,1927-04-01,1960.0,1785.4768
M4158,long_history,Macro,1927-05-01,2120.0,1776.4364
M4158,long_history,Macro,1927-06-01,2250.0,1966.2847
M4174,long_history,Macro,1926-01-01,7000.0,6705.1445
M4174,long_history,Macro,1926-02-01,4990.0,6168.7334
M4174,long_history,Macro,1926-03-01,4460.0,6198.5337
M4174,long_history,Macro,1926-04-01,5660.0,6029.6636
M4174,long_history,Macro,1926-05-01,5770.0,6218.4004
M4174,long_history,Macro,1926-06-01,6270.0,6178.667
M4174,long_history,Macro,1926-07-01,6120.0,6446.873
M4174,long_history,Macro,1926-08-01,7790.0,6546.208
M4174,long_history,Macro,1926-09-01,6280.0,6675.344
M4174,long_history,Macro,1926-10-01,6740.0,6536.2744
M4174,long_history,Macro,1926-11-01,6760.0,6655.4775
M4174,long_history,Macro,1926-12-01,7960.0,6307.8027
M4174,long_history,Macro,1927-01-01,6490.0,6436.939
M4174,long_history,Macro,1927-02-01,8340.0,6268.0684
M4174,long_history,Macro,1927-03-01,6280.0,6059.4644
M4174,long_history,Macro,1927-04-01,6130.0,6069.3975
M4174,long_history,Macro,1927-05-01,7360.0,6218.4004
M4174,long_history,Macro,1927-06-01,9020.0,6248.201
M41791,short,Finance,1912-11-01,7257.4485706,7600.452
M41791,short,Finance,1912-12-01,8169.2833818,7688.8296
M41791,short,Finance,1913-01-01,8021.5909815,7688.8296
M41791,short,Finance,1913-02-01,7601.0047354,7865.5845
M41791,short,Finance,1913-03-01,7706.9757096,7710.924
M41791,short,Finance,1913-04-01,7520.2613285,7556.2637
M41791,short,Finance,1913-05-01,7857.9227871,6893.4336
M41791,short,Finance,1913-06-01,7439.9952894,7048.0938
M41791,short,Finance,1913-07-01,8303.3852234,7335.3203
M41791,short,Finance,1913-08-01,7481.1506715,7512.075
M41791,short,Finance,1913-09-01,7896.5209025,7512.075
M41791,short,Finance,1913-10-01,7932.7028547,7445.792
M41791,short,Finance,1913-11-01,8003.0424901,7556.2637
M41791,short,Finance,1913-12-01,8050.9293703,7755.1123
M41791,short,Finance,1914-01-01,8005.1577267,7710.924
M41791,short,Finance,1914-02-01,8602.3912728,7710.924
M41791,short,Finance,1914-03-01,8222.7200975,7556.2637
M41791,short,Finance,1914-04-01,8245.7467901,7622.547
M42156,medium,Finance,1919-02-01,6461.028,6557.4277
M42156,medium,Finance,1919-03-01,6483.303,6573.8623
M42156,medium,Finance,1919-04-01,6504.036,6590.297
M42156,medium,Finance,1919-05-01,6546.263,6582.0796
M42156,medium,Finance,1919-06-01,6593.401,6573.8623
M42156,medium,Finance,1919-07-01,6641.519,6532.776
M42156,medium,Finance,1919-08-01,6691.654,6499.9062
M42156,medium,Finance,1919-09-01,6777.9,6450.6025
M42156,medium,Finance,1919-10-01,6779.538,6376.646
M42156,medium,Finance,1919-11-01,6811.694,6302.6904
M42156,medium,Finance,1919-12-01,6926.827,6245.169
M42156,medium,Finance,1920-01-01,6858.072,6171.213
M42156,medium,Finance,1920-02-01,6842.103,6089.04
M42156,medium,Finance,1920-03-01,6850.112,6031.5186
M42156,medium,Finance,1920-04-01,6879.096,5949.3457
M42156,medium,Finance,1920-05-01,6942.049,5858.955
M42156,medium,Finance,1920-06-01,6997.861,5784.9985
M42156,medium,Finance,1920-07-01,7049.246,5719.26
M42214,cold_start,Finance,1904-09-01,11262.0,11024.391
M42214,cold_start,Finance,1904-10-01,11192.0,11024.391
M42214,cold_start,Finance,1904-11-01,11343.0,11070.81
M42214,cold_start,Finance,1904-12-01,11283.0,11070.81
M42214,cold_start,Finance,1905-01-01,11504.0,11186.855
M42214,cold_start,Finance,1905-02-01,11484.0,11186.855
M42214,cold_start,Finance,1905-03-01,11043.0,11094.019
M42214,cold_start,Finance,1905-04-01,10973.0,11163.646
M42214,cold_start,Finance,1905-05-01,11725.0,11349.32
M42214,cold_start,Finance,1905-06-01,12257.0,11372.529
M42214,cold_start,Finance,1905-07-01,12222.0,11465.367
M42214,cold_start,Finance,1905-08-01,12282.0,11558.204
M42214,cold_start,Finance,1905-09-01,12704.0,11581.414
M42214,cold_start,Finance,1905-10-01,12994.0,11418.949
M42214,cold_start,Finance,1905-11-01,13089.0,11302.902
M42214,cold_start,Finance,1905-12-01,13229.0,11210.064
M42214,cold_start,Finance,1906-01-01,13145.0,11233.273
M42214,cold_start,Finance,1906-02-01,13119.0,11117.229
M42218,cold_start,Finance,1904-09-01,8600.0,8502.094
M42218,cold_start,Finance,1904-10-01,8530.0,8502.094
M42218,cold_start,Finance,1904-11-01,8681.0,8519.445
M42218,cold_start,Finance,1904-12-01,8621.0,8502.094
M42218,cold_start,Finance,1905-01-01,8742.0,8519.445
M42218,cold_start,Finance,1905-02-01,8722.0,8536.797
M42218,cold_start,Finance,1905-03-01,8843.0,8519.445
M42218,cold_start,Finance,1905-04-01,8783.0,8519.445
M42218,cold_start,Finance,1905-05-01,9035.0,8502.094
M42218,cold_start,Finance,1905-06-01,9056.0,8484.742
M42218,cold_start,Finance,1905-07-01,9308.0,8467.391
M42218,cold_start,Finance,1905-08-01,9368.0,8432.689
M42218,cold_start,Finance,1905-09-01,9609.0,8415.338
M42218,cold_start,Finance,1905-10-01,9679.0,8380.635
M42218,cold_start,Finance,1905-11-01,9529.0,8345.934
M42218,cold_start,Finance,1905-12-01,9589.0,8363.284
M42218,cold_start,Finance,1906-01-01,9830.0,8363.284
M42218,cold_start,Finance,1906-02-01,9804.0,8345.934
M42415,short,Finance,1905-05-01,1920.575,2203.1926
M42415,short,Finance,1905-06-01,1620.04,2195.724
M42415,short,Finance,1905-07-01,1855.122,2173.3188
M42415,short,Finance,1905-08-01,1920.575,2195.724
M42415,short,Finance,1905-09-01,1930.186,2180.7874
M42415,short,Finance,1905-10-01,1855.122,2203.1926
M42415,short,Finance,1905-11-01,2183.829,2195.724
M42415,short,Finance,1905-12-01,2109.079,2210.6611
M42415,short,Finance,1906-01-01,2183.829,2188.2559
M42415,short,Finance,1906-02-01,2271.329,2203.1926
M42415,short,Finance,1906-03-01,2109.079,2128.508
M42415,short,Finance,1906-04-01,2223.859,2173.3188
M42415,short,Finance,1906-05-01,2271.329,2180.787
M42415,short,Finance,1906-06-01,1354.704,2195.724
M42415,short,Finance,1906-07-01,2106.281,2195.724
M42415,short,Finance,1906-08-01,1354.704,2203.1926
M42415,short,Finance,1906-09-01,2269.315,2210.6611
M42415,short,Finance,1906-10-01,2106.281,2210.6611
M42496,short,Finance,1905-06-01,6604.51,4670.923
M42496,short,Finance,1905-07-01,2739.89,3963.6536
M42496,short,Finance,1905-08-01,4997.0,4862.475
M42496,short,Finance,1905-09-01,5991.99,4729.862
M42496,short,Finance,1905-10-01,2739.89,4862.475
M42496,short,Finance,1905-11-01,5593.88,3727.8975
M42496,short,Finance,1905-12-01,5890.09,3035.363
M42496,short,Finance,1906-01-01,5593.88,3271.1194
M42496,short,Finance,1906-02-01,6075.79,2976.4238
M42496,short,Finance,1906-03-01,5890.09,3610.019
M42496,short,Finance,1906-04-01,6512.35,3153.2412
M42496,short,Finance,1906-05-01,6075.79,3064.8325
M42496,short,Finance,1906-06-01,3822.61,2711.1982
M42496,short,Finance,1906-07-01,4222.33,2799.6067
M42496,short,Finance,1906-08-01,3822.61,2784.872
M42496,short,Finance,1906-09-01,4997.71,3551.08
M42496,short,Finance,1906-10-01,4222.33,3182.711
M42496,short,Finance,1906-11-01,6986.39,3330.0583
M42747,short,Finance,1913-02-01,8732.755,8291.271
M42747,short,Finance,1913-03-01,10325.07,8371.51
M42747,short,Finance,1913-04-01,11229.901,8638.971
M42747,short,Finance,1913-05-01,11326.718,8665.717
M42747,short,Finance,1913-06-01,11901.38,9066.907
M42747,short,Finance,1913-07-01,11386.916,8959.923
M42747,short,Finance,1913-08-01,11812.05,9013.415
M42747,short,Finance,1913-09-01,11245.499,8879.686
M42747,short,Finance,1913-10-01,10571.047,8612.225
M42747,short,Finance,1913-11-01,9839.592,8585.479
M42747,short,Finance,1913-12-01,9371.167,7997.0654
M42747,short,Finance,1914-01-01,9574.989,7943.5737
M42747,short,Finance,1914-02-01,8055.168,8130.796
M42747,short,Finance,1914-03-01,9209.228,8237.78
M42747,short,Finance,1914-04-01,10597.736,9173.891
M42747,short,Finance,1914-05-01,12067.556,9548.336
M42747,short,Finance,1914-06-01,11361.078,9548.336
M42747,short,Finance,1914-07-01,12382.072,9521.59
M4279,long_history,Macro,1927-11-01,10871.51957,12615.342
M4279,long_history,Macro,1927-12-01,13050.59492,13382.698
M4279,long_history,Macro,1928-01-01,12004.94007,12922.284
M4279,long_history,Macro,1928-02-01,13076.21133,12768.8125
M4279,long_history,Macro,1928-03-01,14341.74361,12799.507
M4279,long_history,Macro,1928-04-01,12883.82268,12277.705
M4279,long_history,Macro,1928-05-01,13119.67475,12461.87
M4279,long_history,Macro,1928-06-01,12850.09914,11940.067
M4279,long_history,Macro,1928-07-01,13191.16117,11940.068
M4279,long_history,Macro,1928-08-01,12458.06056,11755.902
M4279,long_history,Macro,1928-09-01,10643.67927,10374.66
M4279,long_history,Macro,1928-10-01,11167.71281,10896.463
M4279,long_history,Macro,1928-11-01,12468.29409,13259.922
M4279,long_history,Macro,1928-12-01,14179.26453,13965.889
M4279,long_history,Macro,1929-01-01,13138.61833,13781.723
M4279,long_history,Macro,1929-02-01,13615.87254,13382.698
M4279,long_history,Macro,1929-03-01,13316.01636,13198.533
M4279,long_history,Macro,1929-04-01,12888.85411,12738.118
M42941,short,Finance,1905-05-01,3462.892,3529.4434
M42941,short,Finance,1905-06-01,3900.359,3603.23
M42941,short,Finance,1905-07-01,4105.863,3812.2908
M42941,short,Finance,1905-08-01,3462.892,3775.3977
M42941,short,Finance,1905-09-01,4253.95,3836.8862
M42941,short,Finance,1905-10-01,4105.863,3763.1
M42941,short,Finance,1905-11-01,2677.806,3713.9092
M42941,short,Finance,1905-12-01,3255.916,3701.6113
M42941,short,Finance,1906-01-01,2677.806,3467.9548
M42941,short,Finance,1906-02-01,3236.698,3787.6953
M42941,short,Finance,1906-03-01,3255.916,3836.8862
M42941,short,Finance,1906-04-01,3377.433,3849.184
M42941,short,Finance,1906-05-01,3236.698,3689.3137
M42941,short,Finance,1906-06-01,2695.09,3578.6343
M42941,short,Finance,1906-07-01,2698.246,3603.23
M42941,short,Finance,1906-08-01,2853.21,3283.4893
M42941,short,Finance,1906-09-01,2722.547,3295.787
M42941,short,Finance,1906-10-01,2484.714,3849.184
M42955,cold_start,Finance,1905-02-01,2163.38,1737.8085
M42955,cold_start,Finance,1905-03-01,2305.99,1737.8085
M42955,cold_start,Finance,1905-04-01,2245.09,1737.8085
M42955,cold_start,Finance,1905-05-01,3572.27,1614.6056
M42955,cold_start,Finance,1905-06-01,2245.09,1737.8085
M42955,cold_start,Finance,1905-07-01,2458.85,1737.8085
M42955,cold_start,Finance,1905-08-01,3572.27,1737.8085
M42955,cold_start,Finance,1905-09-01,2377.87,1799.4098
M42955,cold_start,Finance,1905-10-01,2458.85,1899.9175
M42955,cold_start,Finance,1905-11-01,4556.77,1770.2302
M42955,cold_start,Finance,1905-12-01,3337.19,2003.6671
M42955,cold_start,Finance,1906-01-01,4556.77,2052.2998
M42955,cold_start,Finance,1906-02-01,4117.05,2266.2837
M42955,cold_start,Finance,1906-03-01,3337.19,2266.2837
M42955,cold_start,Finance,1906-04-01,2554.0,2133.3545
M42955,cold_start,Finance,1906-05-01,4117.05,1984.2141
M42955,cold_start,Finance,1906-06-01,3494.2,2178.7449
M42955,cold_start,Finance,1906-07-01,3501.84,2156.0498
M43006,short,Finance,1906-01-01,1391.128,1538.4663
M43006,short,Finance,1906-02-01,1270.77,1553.7744
M43006,short,Finance,1906-03-01,1372.364,1569.0825
M43006,short,Finance,1906-04-01,1284.894,1569.0825
M43006,short,Finance,1906-05-01,1277.221,1592.0447
M43006,short,Finance,1906-06-01,1352.351,1599.6987
M43006,short,Finance,1906-07-01,1381.487,1630.3151
M43006,short,Finance,1906-08-01,1387.102,1645.6232
M43006,short,Finance,1906-09-01,1337.069,1607.3529
M43006,short,Finance,1906-10-01,1184.186,1553.7744
M43006,short,Finance,1906-11-01,1362.576,1615.007
M43006,short,Finance,1906-12-01,1381.85,1492.542
M43006,short,Finance,1907-01-01,1173.877,1515.5042
M43006,short,Finance,1907-02-01,1219.512,1507.8501
M43006,short,Finance,1907-03-01,1318.771,1507.8501
M43006,short,Finance,1907-04-01,1261.53,1477.2339
M43006,short,Finance,1907-05-01,1131.178,1530.8123
M43006,short,Finance,1907-06-01,1215.106,1599.6987
M43066,short,Finance,1905-05-01,1898.5021,1818.8108
M43066,short,Finance,1905-06-01,1680.0457,1776.792
M43066,short,Finance,1905-07-01,1931.0921,1860.8293
M43066,short,Finance,1905-08-01,1898.5021,1782.7947
M43066,short,Finance,1905-09-01,2069.6951,1758.784
M43066,short,Finance,1905-10-01,1931.0921,1782.7947
M43066,short,Finance,1905-11-01,1691.4736,1806.8054
M43066,short,Finance,1905-12-01,2097.0083,1734.7733
M43066,short,Finance,1906-01-01,1691.4736,1758.784
M43066,short,Finance,1906-02-01,2054.4634,1836.8187
M43066,short,Finance,1906-03-01,2097.0083,1824.8134
M43066,short,Finance,1906-04-01,2081.1291,1794.8
M43066,short,Finance,1906-05-01,2054.4634,1782.7947
M43066,short,Finance,1906-06-01,1995.2228,1740.776
M43066,short,Finance,1906-07-01,2024.5453,1818.8108
M43066,short,Finance,1906-08-01,1962.9762,1794.8
M43066,short,Finance,1906-09-01,2086.0651,1764.7866
M43066,short,Finance,1906-10-01,1973.3786,1800.8027
M43158,short,Finance,1913-02-01,1476.2951,2841.1848
M43158,short,Finance,1913-03-01,3165.3233,2989.897
M43158,short,Finance,1913-04-01,4705.2017,2598.549
M43158,short,Finance,1913-05-01,4059.2146,2199.3743
M43158,short,Finance,1913-06-01,2316.3656,1729.7571
M43158,short,Finance,1913-07-01,1312.4088,1189.6973
M43158,short,Finance,1913-08-01,1237.0365,907.9268
M43158,short,Finance,1913-09-01,613.3634,837.48425
M43158,short,Finance,1913-10-01,931.7132,1142.7356
M43158,short,Finance,1913-11-01,801.5566,1620.1797
M43158,short,Finance,1913-12-01,2789.8243,2175.8936
M43158,short,Finance,1914-01-01,1878.8001,2261.99
M43158,short,Finance,1914-02-01,793.0386,2465.4907
M43158,short,Finance,1914-03-01,3514.5319,2997.7236
M43158,short,Finance,1914-04-01,5097.4349,2692.4727
M43158,short,Finance,1914-05-01,1874.4131,2348.0864
M43158,short,Finance,1914-06-01,2557.3685,1635.8336
M43158,short,Finance,1914-07-01,3616.6754,1040.9851
M43221,short,Finance,1913-02-01,2701.3431,3044.305
M43221,short,Finance,1913-03-01,3786.5072,2999.6816
M43221,short,Finance,1913-04-01,3995.8613,3202.9658
M43221,short,Finance,1913-05-01,3936.94,3054.2214
M43221,short,Finance,1913-06-01,4251.4131,2960.0166
M43221,short,Finance,1913-07-01,3176.5437,2801.3555
M43221,short,Finance,1913-08-01,2759.2847,2449.327
M43221,short,Finance,1913-09-01,2869.3972,2246.0425
M43221,short,Finance,1913-10-01,2377.6731,2097.298
M43221,short,Finance,1913-11-01,3483.839,2042.7584
M43221,short,Finance,1913-12-01,2430.6026,2424.5361
M43221,short,Finance,1914-01-01,1514.2227,2424.5361
M43221,short,Finance,1914-02-01,2332.8875,2726.9834
M43221,short,Finance,1914-03-01,2703.0624,2836.0625
M43221,short,Finance,1914-04-01,3151.4777,2989.7654
M43221,short,Finance,1914-05-01,2787.5598,2860.8535
M43221,short,Finance,1914-06-01,2967.9231,2836.0627
M43221,short,Finance,1914-07-01,3831.8656,2523.6992
M43404,medium,Finance,1923-01-01,8270.0,8186.731
M43404,medium,Finance,1923-02-01,8290.0,8202.721
M43404,medium,Finance,1923-03-01,8310.0,8234.7
M43404,medium,Finance,1923-04-01,8420.0,8218.711
M43404,medium,Finance,1923-05-01,8290.0,8202.721
M43404,medium,Finance,1923-06-01,8290.0,8250.689
M43404,medium,Finance,1923-07-01,8360.0,8266.68
M43404,medium,Finance,1923-08-01,8340.0,8218.711
M43404,medium,Finance,1923-09-01,8380.0,8250.689
M43404,medium,Finance,1923-10-01,8440.0,8266.68
M43404,medium,Finance,1923-11-01,8380.0,8218.711
M43404,medium,Finance,1923-12-01,8360.0,8234.7
M43404,medium,Finance,1924-01-01,8430.0,8298.658
M43404,medium,Finance,1924-02-01,8420.0,8250.689
M43404,medium,Finance,1924-03-01,8430.0,8250.689
M43404,medium,Finance,1924-04-01,8460.0,8250.689
M43404,medium,Finance,1924-05-01,8330.0,8186.7314
M43404,medium,Finance,1924-06-01,8290.0,8218.71
M43414,long_history,Finance,1930-06-01,4540.0,4274.4453
M43414,long_history,Finance,1930-07-01,48500.0,8192.687
M43414,long_history,Finance,1930-08-01,3870.0,3858.874
M43414,long_history,Finance,1930-09-01,4370.0,4036.9758
M43414,long_history,Finance,1930-10-01,24420.0,4036.976
M43414,long_history,Finance,1930-11-01,4780.0,3769.8232
M43414,long_history,Finance,1930-12-01,11670.0,3710.4558
M43414,long_history,Finance,1931-01-01,43440.0,9083.195
M43414,long_history,Finance,1931-02-01,3740.0,3799.5068
M43414,long_history,Finance,1931-03-01,4380.0,3829.1904
M43414,long_history,Finance,1931-04-01,8060.0,4036.9758
M43414,long_history,Finance,1931-05-01,3580.0,3769.8232
M43414,long_history,Finance,1931-06-01,9160.0,3888.5579
M43414,long_history,Finance,1931-07-01,26470.0,7213.126
M43414,long_history,Finance,1931-08-01,4390.0,4036.9758
M43414,long_history,Finance,1931-09-01,4730.0,4600.9653
M43414,long_history,Finance,1931-10-01,23370.0,3858.874
M43414,long_history,Finance,1931-11-01,4530.0,4393.1797
M43629,short,Finance,1913-08-01,2255.2976,2276.4983
M43629,short,Finance,1913-09-01,2246.8853,2308.4119
M43629,short,Finance,1913-10-01,2285.5454,2297.774
M43629,short,Finance,1913-11-01,2301.1365,2340.3254
M43629,short,Finance,1913-12-01,2278.0716,2297.774
M43629,short,Finance,1914-01-01,4822.4699,2329.6875
M43629,short,Finance,1914-02-01,4872.5229,2361.601
M43629,short,Finance,1914-03-01,4943.0478,2393.5146
M43629,short,Finance,1914-04-01,5005.2588,2436.066
M43629,short,Finance,1914-05-01,4821.8276,2393.5146
M43629,short,Finance,1914-06-01,4719.5356,2404.1523
M43629,short,Finance,1914-07-01,4639.5193,2478.6172
M43629,short,Finance,1914-08-01,4665.0352,2521.1687
M43629,short,Finance,1914-09-01,4658.9967,2499.893
M43629,short,Finance,1914-10-01,4689.4447,2510.5308
M43629,short,Finance,1914-11-01,4777.3474,2563.7202
M43629,short,Finance,1914-12-01,4680.9769,2510.5308
M43629,short,Finance,1915-01-01,4641.4863,2595.6338
M44036,cold_start,Finance,1904-04-01,1870.0,1849.7585
M44036,cold_start,Finance,1904-05-01,1890.0,1855.0284
M44036,cold_start,Finance,1904-06-01,1990.0,1881.3784
M44036,cold_start,Finance,1904-07-01,2010.0,1894.5533
M44036,cold_start,Finance,1904-08-01,2020.0,1897.1884
M44036,cold_start,Finance,1904-09-01,1990.0,1918.2682
M44036,cold_start,Finance,1904-10-01,1990.0,1955.158
M44036,cold_start,Finance,1904-11-01,1900.0,1994.6826
M44036,cold_start,Finance,1904-12-01,1930.0,2026.3025
M44036,cold_start,Finance,1905-01-01,1930.0,2026.3025
M44036,cold_start,Finance,1905-02-01,2130.0,2052.6523
M44036,cold_start,Finance,1905-03-01,2130.0,2065.8271
M44036,cold_start,Finance,1905-04-01,2130.0,2092.1772
M44036,cold_start,Finance,1905-05-01,2130.0,2092.1772
M44036,cold_start,Finance,1905-06-01,2130.0,2163.3215
M44036,cold_start,Finance,1905-07-01,2120.0,2165.9565
M44036,cold_start,Finance,1905-08-01,2120.0,2181.7666
M44036,cold_start,Finance,1905-09-01,2170.0,2163.3215
M44180,long_history,Finance,1924-12-01,1794.1,1831.4253
M44180,long_history,Finance,1925-01-01,1700.9,1841.9508
M44180,long_history,Finance,1925-02-01,1633.0,1873.5272
M44180,long_history,Finance,1925-03-01,1614.4,1894.578
M44180,long_history,Finance,1925-04-01,1646.7,1936.6797
M44180,long_history,Finance,1925-05-01,1573.2,1947.2051
M44180,long_history,Finance,1925-06-01,1606.1,1989.3069
M44180,long_history,Finance,1925-07-01,1529.5,1968.256
M44180,long_history,Finance,1925-08-01,1422.6,2041.934
M44180,long_history,Finance,1925-09-01,1576.2,2084.036
M44180,long_history,Finance,1925-10-01,1490.7,2052.4595
M44180,long_history,Finance,1925-11-01,1148.1,2178.7646
M44180,long_history,Finance,1925-12-01,1040.1,2336.646
M44180,long_history,Finance,1926-01-01,1007.6,2220.8662
M44180,long_history,Finance,1926-02-01,1017.6,2305.0698
M44180,long_history,Finance,1926-03-01,972.5,2305.0698
M44180,long_history,Finance,1926-04-01,951.3,2357.697
M44180,long_history,Finance,1926-05-01,972.3,2315.5952
M44215,long_history,Finance,1924-12-01,4962.5,4918.7383
M44215,long_history,Finance,1925-01-01,4911.1,5048.1787
M44215,long_history,Finance,1925-02-01,4774.7,5048.1787
M44215,long_history,Finance,1925-03-01,4774.1,4983.4585
M44215,long_history,Finance,1925-04-01,5129.3,5048.1787
M44215,long_history,Finance,1925-05-01,5102.9,5209.9795
M44215,long_history,Finance,1925-06-01,5042.4,5274.7
M44215,long_history,Finance,1925-07-01,4879.2,5274.7
M44215,long_history,Finance,1925-08-01,4759.7,5242.34
M44215,long_history,Finance,1925-09-01,4831.7,5371.7803
M44215,long_history,Finance,1925-10-01,4551.0,5533.5806
M44215,long_history,Finance,1925-11-01,4333.4,5468.8604
M44215,long_history,Finance,1925-12-01,4262.9,5371.7803
M44215,long_history,Finance,1926-01-01,4292.5,5436.5005
M44215,long_history,Finance,1926-02-01,4372.2,5468.8604
M44215,long_history,Finance,1926-03-01,4281.4,5468.8604
M44215,long_history,Finance,1926-04-01,4193.0,5501.2207
M44215,long_history,Finance,1926-05-01,4228.5,5727.741
M44232,long_history,Finance,1927-06-01,4550.23,4499.6953
M44232,long_history,Finance,1927-07-01,4574.26,4499.6953
M44232,long_history,Finance,1927-08-01,4579.47,4513.845
M44232,long_history,Finance,1927-09-01,4602.14,4542.1455
M44232,long_history,Finance,1927-10-01,4687.01,4556.2954
M44232,long_history,Finance,1927-11-01,4648.52,4556.2954
M44232,long_history,Finance,1927-12-01,4751.92,4556.2954
M44232,long_history,Finance,1928-01-01,4744.25,4612.8955
M44232,long_history,Finance,1928-02-01,4715.92,4570.4453
M44232,long_history,Finance,1928-03-01,4690.86,4598.745
M44232,long_history,Finance,1928-04-01,4678.57,4612.8955
M44232,long_history,Finance,1928-05-01,4658.24,4598.745
M44232,long_history,Finance,1928-06-01,4669.65,4627.0454
M44232,long_history,Finance,1928-07-01,4738.73,4570.4453
M44232,long_history,Finance,1928-08-01,4792.14,4584.595
M44232,long_history,Finance,1928-09-01,4774.97,4612.8955
M44232,long_history,Finance,1928-10-01,4819.91,4612.8955
M44232,long_history,Finance,1928-11-01,4828.13,4612.8955
M4435,short,Macro,1912-07-01,1935.0,4162.116
M4435,short,Macro,1912-08-01,1647.0,3866.5815
M4435,short,Macro,1912-09-01,5838.0,3571.0466
M4435,short,Macro,1912-10-01,4035.0,3226.2559
M4435,short,Macro,1912-11-01,3482.0,3300.1396
M4435,short,Macro,1912-12-01,2998.0,3521.791
M4435,short,Macro,1913-01-01,6042.0,3127.7441
M4435,short,Macro,1913-02-01,6403.0,2733.6978
M4435,short,Macro,1913-03-01,4766.0,3004.6047
M4435,short,Macro,1913-04-01,4502.0,3078.4883
M4435,short,Macro,1913-05-01,6592.0,3127.7441
M4435,short,Macro,1913-06-01,2586.0,3053.8606
M4435,short,Macro,1913-07-01,1775.0,3226.2559
M4435,short,Macro,1913-08-01,4338.0,3152.372
M4435,short,Macro,1913-09-01,8535.0,2561.3025
M4435,short,Macro,1913-10-01,1997.0,3004.6047
M4435,short,Macro,1913-11-01,3172.0,3571.0466
M4435,short,Macro,1913-12-01,5265.0,3127.7441
M44405,medium,Finance,1914-08-01,7209.106,7071.655
M44405,medium,Finance,1914-09-01,7204.7064,7134.795
M44405,medium,Finance,1914-10-01,7384.684,7197.9346
M44405,medium,Finance,1914-11-01,7451.8678,7087.4395
M44405,medium,Finance,1914-12-01,7454.6787,7055.87
M44405,medium,Finance,1915-01-01,7458.9367,6771.741
M44405,medium,Finance,1915-02-01,7449.4377,6755.9565
M44405,medium,Finance,1915-03-01,7366.8794,6566.537
M44405,medium,Finance,1915-04-01,7365.5307,6408.6875
M44405,medium,Finance,1915-05-01,7595.2953,6171.913
M44405,medium,Finance,1915-06-01,7850.0123,6171.913
M44405,medium,Finance,1915-07-01,7988.5033,6534.967
M44405,medium,Finance,1915-08-01,8244.2252,6566.5366
M44405,medium,Finance,1915-09-01,9698.8765,6487.6123
M44405,medium,Finance,1915-10-01,9776.773,6250.838
M44405,medium,Finance,1915-11-01,9749.8566,6156.1284
M44405,medium,Finance,1915-12-01,9831.3946,6235.053
M44405,medium,Finance,1916-01-01,9908.155,6298.193
M44457,medium,Finance,1914-08-01,7688.5364,7858.208
M44457,medium,Finance,1914-09-01,7505.1785,7767.884
M44457,medium,Finance,1914-10-01,7463.4672,7767.884
M44457,medium,Finance,1914-11-01,7472.94,7767.884
M44457,medium,Finance,1914-12-01,7478.1036,7677.5596
M44457,medium,Finance,1915-01-01,7350.8152,7647.451
M44457,medium,Finance,1915-02-01,7416.626,7647.4517
M44457,medium,Finance,1915-03-01,7401.4139,7647.4517
M44457,medium,Finance,1915-04-01,7316.9908,7647.4517
M44457,medium,Finance,1915-05-01,7303.4085,7707.6675
M44457,medium,Finance,1915-06-01,7381.8399,7677.5596
M44457,medium,Finance,1915-07-01,7430.6933,7797.992
M44457,medium,Finance,1915-08-01,7455.8329,7858.208
M44457,medium,Finance,1915-09-01,7349.0988,7858.208
M44457,medium,Finance,1915-10-01,7450.7849,7828.1
M44457,medium,Finance,1915-11-01,7361.6391,7858.208
M44457,medium,Finance,1915-12-01,7392.5391,7797.992
M44457,medium,Finance,1916-01-01,7167.3526,7767.884
M44748,long_history,Finance,1926-10-01,20127.6,19819.111
M44748,long_history,Finance,1926-11-01,20164.7,19770.496
M44748,long_history,Finance,1926-12-01,20641.3,19916.344
M44748,long_history,Finance,1927-01-01,21179.7,19786.701
M44748,long_history,Finance,1927-02-01,21191.4,19770.496
M44748,long_history,Finance,1927-03-01,21510.5,19657.059
M44748,long_history,Finance,1927-04-01,21534.9,19559.826
M44748,long_history,Finance,1927-05-01,20540.6,19738.086
M44748,long_history,Finance,1927-06-01,20860.4,20078.396
M44748,long_history,Finance,1927-07-01,20666.6,20045.986
M44748,long_history,Finance,1927-08-01,21366.5,20062.191
M44748,long_history,Finance,1927-09-01,22145.2,20013.576
M44748,long_history,Finance,1927-10-01,22338.8,20110.807
M44748,long_history,Finance,1927-11-01,22256.6,19900.139
M44748,long_history,Finance,1927-12-01,21958.7,19754.29
M44748,long_history,Finance,1928-01-01,22094.1,19576.031
M44748,long_history,Finance,1928-02-01,23168.7,19543.621
M44748,long_history,Finance,1928-03-01,23273.5,19170.898
M45533,short,Finance,1907-10-01,4063.607692,3849.9966
M45533,short,Finance,1907-11-01,3591.401765,3614.0898
M45533,short,Finance,1907-12-01,3656.1535,3604.6536
M45533,short,Finance,1908-01-01,2820.0,3642.3984
M45533,short,Finance,1908-02-01,2925.882353,3604.6536
M45533,short,Finance,1908-03-01,3090.5,3727.3252
M45533,short,Finance,1908-04-01,3400.0,3774.5066
M45533,short,Finance,1908-05-01,3205.882353,3727.3252
M45533,short,Finance,1908-06-01,3302.738462,3680.144
M45533,short,Finance,1908-07-01,2800.465882,3434.801
M45533,short,Finance,1908-08-01,2875.884,3510.291
M45533,short,Finance,1908-09-01,2650.0,3670.7075
M45533,short,Finance,1908-10-01,1799.505,3755.634
M45533,short,Finance,1908-11-01,2099.4035,3538.5996
M45533,short,Finance,1908-12-01,2727.6015,3500.8547
M45533,short,Finance,1909-01-01,3100.0,3585.7812
M45533,short,Finance,1909-02-01,3291.538462,3548.0361
M45533,short,Finance,1909-03-01,3070.176471,3444.2373
M45612,cold_start,Finance,1904-01-01,2630.5,2345.2827
M45612,cold_start,Finance,1904-02-01,3000.0,2397.4001
M45612,cold_start,Finance,1904-03-01,3000.0,2254.0774
M45612,cold_start,Finance,1904-04-01,2200.0,2032.5784
M45612,cold_start,Finance,1904-05-01,5000.0,2449.5176
M45612,cold_start,Finance,1904-06-01,2750.0,2788.2808
M45612,cold_start,Finance,1904-07-01,2000.0,2319.224
M45612,cold_start,Finance,1904-08-01,1950.0,2371.3413
M45612,cold_start,Finance,1904-09-01,4800.0,2540.723
M45612,cold_start,Finance,1904-10-01,3000.0,2188.9307
M45612,cold_start,Finance,1904-11-01,2600.0,2592.8403
M45612,cold_start,Finance,1904-12-01,3000.0,2996.7502
M45612,cold_start,Finance,1905-01-01,3000.0,2644.9578
M45612,cold_start,Finance,1905-02-01,1000.0,2697.0752
M45612,cold_start,Finance,1905-03-01,2000.0,1837.1382
M45612,cold_start,Finance,1905-04-01,2566.0,2201.96
M45612,cold_start,Finance,1905-05-01,1000.0,2254.0771
M45612,cold_start,Finance,1905-06-01,1500.0,2892.5156
M45640,cold_start,Finance,1904-01-01,1290.0,1003.5502
M45640,cold_start,Finance,1904-02-01,1300.0,1068.1351
M45640,cold_start,Finance,1904-03-01,1000.0,1053.231
M45640,cold_start,Finance,1904-04-01,1000.0,1053.231
M45640,cold_start,Finance,1904-05-01,1000.0,1053.231
M45640,cold_start,Finance,1904-06-01,1000.0,1003.5502
M45640,cold_start,Finance,1904-07-01,950.0,1038.3267
M45640,cold_start,Finance,1904-08-01,1000.0,1063.167
M45640,cold_start,Finance,1904-09-01,1000.0,1500.3572
M45640,cold_start,Finance,1904-10-01,1000.0,1500.3572
M45640,cold_start,Finance,1904-11-01,1000.0,1266.8579
M45640,cold_start,Finance,1904-12-01,1000.0,1341.3789
M45640,cold_start,Finance,1905-01-01,1010.0,1341.3789
M45640,cold_start,Finance,1905-02-01,1000.0,1500.3572
M45640,cold_start,Finance,1905-03-01,1000.0,1485.453
M45640,cold_start,Finance,1905-04-01,1000.0,1500.3572
M45640,cold_start,Finance,1905-05-01,1025.0,1500.3572
M45640,cold_start,Finance,1905-06-01,1010.0,1500.3572
M4582,short,Macro,1913-07-01,2425.0,1426.9385
M4582,short,Macro,1913-08-01,4119.0,1809.1543
M4582,short,Macro,1913-09-01,837.0,2242.332
M4582,short,Macro,1913-10-01,4409.0,1885.5973
M4582,short,Macro,1913-11-01,12362.0,2089.4456
M4582,short,Macro,1913-12-01,3745.0,2063.9646
M4582,short,Macro,1914-01-01,35142.0,2318.775
M4582,short,Macro,1914-02-01,676.0,2267.813
M4582,short,Macro,1914-03-01,6750.0,2318.775
M4582,short,Macro,1914-04-01,4002.0,1987.5215
M4582,short,Macro,1914-05-01,2960.0,1783.6731
M4582,short,Macro,1914-06-01,5813.0,1554.3438
M4582,short,Macro,1914-07-01,11110.0,1681.749
M4582,short,Macro,1914-08-01,2330.0,1783.6731
M4582,short,Macro,1914-09-01,2832.0,1911.0784
M4582,short,Macro,1914-10-01,4584.0,1732.711
M4582,short,Macro,1914-11-01,5214.0,1987.5215
M4582,short,Macro,1914-12-01,12522.0,2013.0024
M45868,short,Finance,1907-03-01,2369.0,2393.6543
M45868,short,Finance,1907-04-01,2292.0,2326.4167
M45868,short,Finance,1907-05-01,2215.0,2272.6267
M45868,short,Finance,1907-06-01,2139.0,2205.3894
M45868,short,Finance,1907-07-01,2060.0,2138.1519
M45868,short,Finance,1907-08-01,1982.0,2084.3618
M45868,short,Finance,1907-09-01,1906.0,2044.0194
M45868,short,Finance,1907-10-01,1828.0,2003.6769
M45868,short,Finance,1907-11-01,1756.0,1963.3345
M45868,short,Finance,1907-12-01,1687.0,1922.992
M45868,short,Finance,1908-01-01,1622.0,1869.2019
M45868,short,Finance,1908-02-01,1563.0,1828.8594
M45868,short,Finance,1908-03-01,1509.0,1815.4119
M45868,short,Finance,1908-04-01,1460.0,1788.517
M45868,short,Finance,1908-05-01,1418.0,1761.6221
M45868,short,Finance,1908-06-01,1385.0,1721.2794
M45868,short,Finance,1908-07-01,1355.0,1680.937
M45868,short,Finance,1908-08-01,1333.0,1654.042
M46100,medium,Finance,1918-04-01,5808.195,5972.9
M46100,medium,Finance,1918-05-01,5703.664,5868.1123
M46100,medium,Finance,1918-06-01,5998.37,5972.9
M46100,medium,Finance,1918-07-01,6222.134,6002.8394
M46100,medium,Finance,1918-08-01,6827.65,5987.8696
M46100,medium,Finance,1918-09-01,7028.258,5913.0215
M46100,medium,Finance,1918-10-01,6657.607,5808.2334
M46100,medium,Finance,1918-11-01,6810.0,5898.052
M46100,medium,Finance,1918-12-01,5690.133,5927.991
M46100,medium,Finance,1919-01-01,5931.332,5987.8696
M46100,medium,Finance,1919-02-01,6116.108,6002.8394
M46100,medium,Finance,1919-03-01,6851.92,5927.991
M46100,medium,Finance,1919-04-01,6743.931,5898.052
M46100,medium,Finance,1919-05-01,7249.841,6137.5664
M46100,medium,Finance,1919-06-01,6955.598,6212.4146
M46100,medium,Finance,1919-07-01,6739.967,6272.293
M46100,medium,Finance,1919-08-01,6876.735,6152.536
M46100,medium,Finance,1919-09-01,6920.02,6062.718
M46191,medium,Finance,1918-04-01,5636.3636363636,5506.5986
M46191,medium,Finance,1918-05-01,5670.0,5581.8594
M46191,medium,Finance,1918-06-01,5690.0,5443.881
M46191,medium,Finance,1918-07-01,6124.1098677518,5494.0547
M46191,medium,Finance,1918-08-01,5660.0,5456.4243
M46191,medium,Finance,1918-09-01,4868.654,5494.0547
M46191,medium,Finance,1918-10-01,5680.0,5506.5986
M46191,medium,Finance,1918-11-01,5710.0,5644.5767
M46191,medium,Finance,1918-12-01,5700.0,5606.9463
M46191,medium,Finance,1919-01-01,5680.0,5669.664
M46191,medium,Finance,1919-02-01,5720.0,5657.12
M46191,medium,Finance,1919-03-01,5840.0,5632.033
M46191,medium,Finance,1919-04-01,6529.4117647059,5719.838
M46191,medium,Finance,1919-05-01,5815.908,5657.12
M46191,medium,Finance,1919-06-01,5865.096,5569.316
M46191,medium,Finance,1919-07-01,5436.845,5468.968
M46191,medium,Finance,1919-08-01,5376.784,5569.3154
M46191,medium,Finance,1919-09-01,5286.067,5531.6855
M4628,short,Macro,1912-07-01,1615.7,1365.6039
M4628,short,Macro,1912-08-01,1504.6,1519.0425
M4628,short,Macro,1912-09-01,1728.9,1672.481
M4628,short,Macro,1912-10-01,2107.0,1649.4653
M4628,short,Macro,1912-11-01,2066.2,1933.3267
M4628,short,Macro,1912-12-01,1702.1,2063.7495
M4628,short,Macro,1913-01-01,2650.9,2148.1406
M4628,short,Macro,1913-02-01,2814.1,2140.4688
M4628,short,Macro,1913-03-01,3363.5,2155.8125
M4628,short,Macro,1913-04-01,3868.5,2171.1565
M4628,short,Macro,1913-05-01,3133.3,1910.3109
M4628,short,Macro,1913-06-01,2250.8,1549.7301
M4628,short,Macro,1913-07-01,1703.9,1457.667
M4628,short,Macro,1913-08-01,2930.6,1496.0266
M4628,short,Macro,1913-09-01,2485.0,1557.4021
M4628,short,Macro,1913-10-01,2510.6,1657.1372
M4628,short,Macro,1913-11-01,3014.6,1894.967
M4628,short,Macro,1913-12-01,2937.4,2132.7969
M4637,short,Macro,1912-07-01,667.7,923.6455
M4637,short,Macro,1912-08-01,646.4,877.92053
M4637,short,Macro,1912-09-01,975.5,1143.1256
M4637,short,Macro,1912-10-01,763.9,1033.3856
M4637,short,Macro,1912-11-01,3708.6,1152.2706
M4637,short,Macro,1912-12-01,1779.5,1088.2556
M4637,short,Macro,1913-01-01,1891.0,1115.6907
M4637,short,Macro,1913-02-01,2484.1,1106.5457
M4637,short,Macro,1913-03-01,790.5,941.93555
M4637,short,Macro,1913-04-01,1224.4,877.9205
M4637,short,Macro,1913-05-01,1628.9,923.6455
M4637,short,Macro,1913-06-01,930.4,905.35547
M4637,short,Macro,1913-07-01,1254.4,804.7605
M4637,short,Macro,1913-08-01,1105.0,960.2255
M4637,short,Macro,1913-09-01,3680.5,896.2105
M4637,short,Macro,1913-10-01,1630.5,960.2256
M4637,short,Macro,1913-11-01,2120.1,896.2105
M4637,short,Macro,1913-12-01,4145.8,941.93555
M46456,short,Finance,1906-07-01,1020.0,1120.6145
M46456,short,Finance,1906-08-01,1124.705882,1136.1786
M46456,short,Finance,1906-09-01,1132.3,1101.9376
M46456,short,Finance,1906-10-01,1101.7,1117.5017
M46456,short,Finance,1906-11-01,1074.0,1126.8401
M46456,short,Finance,1906-12-01,1216.0,1117.5017
M46456,short,Finance,1907-01-01,1245.75,1073.9222
M46456,short,Finance,1907-02-01,1640.0,1077.035
M46456,short,Finance,1907-03-01,1314.25,1189.0964
M46456,short,Finance,1907-04-01,1165.5,1145.5171
M46456,short,Finance,1907-05-01,1175.0,1095.7119
M46456,short,Finance,1907-06-01,1172.058824,1133.0658
M46456,short,Finance,1907-07-01,1210.75,1089.4863
M46456,short,Finance,1907-08-01,1263.0,1151.7427
M46456,short,Finance,1907-09-01,1492.5,1120.6145
M46456,short,Finance,1907-10-01,1465.0,1139.2915
M46456,short,Finance,1907-11-01,1295.0,1108.1632
M46456,short,Finance,1907-12-01,1477.307692,1148.6299
M46615,short,Finance,1910-10-01,4084.615385,3690.8997
M46615,short,Finance,1910-11-01,4161.538462,3701.9172
M46615,short,Finance,1910-12-01,4050.0,3812.0933
M46615,short,Finance,1911-01-01,3896.153846,3856.1638
M46615,short,Finance,1911-02-01,3850.0,3834.1284
M46615,short,Finance,1911-03-01,3400.0,3966.34
M46615,short,Finance,1911-04-01,3650.0,3900.2344
M46615,short,Finance,1911-05-01,3050.0,3823.1108
M46615,short,Finance,1911-06-01,3461.764706,3712.9348
M46615,short,Finance,1911-07-01,3520.0,3657.847
M46615,short,Finance,1911-08-01,3615.384615,3635.8118
M46615,short,Finance,1911-09-01,3542.307692,3602.7588
M46615,short,Finance,1911-10-01,3327.647059,3757.0054
M46615,short,Finance,1911-11-01,3330.0,3701.9175
M46615,short,Finance,1911-12-01,3224.117647,3823.1108
M46615,short,Finance,1912-01-01,3377.0,3867.1814
M46615,short,Finance,1912-02-01,4000.0,3911.252
M46615,short,Finance,1912-03-01,3846.153846,3944.3047
M4675,short,Macro,1912-07-01,7443.31,6347.139
M4675,short,Macro,1912-08-01,8538.34,6309.582
M4675,short,Macro,1912-09-01,5548.27,6309.582
M4675,short,Macro,1912-10-01,5509.75,6103.0186
M4675,short,Macro,1912-11-01,6144.26,6422.253
M4675,short,Macro,1912-12-01,4753.75,6290.8037
M4675,short,Macro,1913-01-01,6750.53,6253.247
M4675,short,Macro,1913-02-01,5762.68,6253.247
M4675,short,Macro,1913-03-01,4804.36,6234.4683
M4675,short,Macro,1913-04-01,6510.06,6272.0254
M4675,short,Macro,1913-05-01,7314.0,6459.8105
M4675,short,Macro,1913-06-01,7138.56,6027.9043
M4675,short,Macro,1913-07-01,6037.65,6516.1455
M4675,short,Macro,1913-08-01,6685.36,6121.7974
M4675,short,Macro,1913-09-01,6578.95,6365.918
M4675,short,Macro,1913-10-01,6020.17,6159.3545
M4675,short,Macro,1913-11-01,5775.99,6140.5757
M4675,short,Macro,1913-12-01,6180.15,6159.3545
M46778,cold_start,Finance,1904-02-01,11750.0,6001.811
M46778,cold_start,Finance,1904-03-01,10100.0,6001.811
M46778,cold_start,Finance,1904-04-01,5000.0,4740.927
M46778,cold_start,Finance,1904-05-01,7000.0,4993.1035
M46778,cold_start,Finance,1904-06-01,7500.0,4488.7495
M46778,cold_start,Finance,1904-07-01,24500.0,4236.5723
M46778,cold_start,Finance,1904-08-01,15000.0,3833.0894
M46778,cold_start,Finance,1904-09-01,22250.0,3076.5586
M46778,cold_start,Finance,1904-10-01,12700.0,3908.7424
M46778,cold_start,Finance,1904-11-01,22700.0,3555.6948
M46778,cold_start,Finance,1904-12-01,8800.0,3227.8647
M46778,cold_start,Finance,1905-01-01,10500.0,3177.4294
M46778,cold_start,Finance,1905-02-01,10000.0,3732.2188
M46778,cold_start,Finance,1905-03-01,17950.0,4009.6133
M46778,cold_start,Finance,1905-04-01,3450.0,4287.008
M46778,cold_start,Finance,1905-05-01,10500.0,3933.9602
M46778,cold_start,Finance,1905-06-01,20000.0,4236.5723
M46778,cold_start,Finance,1905-07-01,10000.0,4488.7495
M46827,cold_start,Finance,1904-02-01,5000.0,5010.7456
M46827,cold_start,Finance,1904-03-01,5300.0,5010.7456
M46827,cold_start,Finance,1904-04-01,6537.5,5010.7456
M46827,cold_start,Finance,1904-05-01,5000.0,5010.7456
M46827,cold_start,Finance,1904-06-01,7000.0,5010.7456
M46827,cold_start,Finance,1904-07-01,5000.0,5010.7456
M46827,cold_start,Finance,1904-08-01,5500.0,5010.7456
M46827,cold_start,Finance,1904-09-01,5700.0,5010.7456
M46827,cold_start,Finance,1904-10-01,5000.0,5010.7456
M46827,cold_start,Finance,1904-11-01,6000.0,5010.7456
M46827,cold_start,Finance,1904-12-01,5000.0,5010.7456
M46827,cold_start,Finance,1905-01-01,5250.0,5010.7456
M46827,cold_start,Finance,1905-02-01,5000.0,5010.7456
M46827,cold_start,Finance,1905-03-01,5000.0,5010.7456
M46827,cold_start,Finance,1905-04-01,4877.0,5010.7456
M46827,cold_start,Finance,1905-05-01,7000.0,5010.7456
M46827,cold_start,Finance,1905-06-01,6950.0,5010.7456
M46827,cold_start,Finance,1905-07-01,9905.0,5010.7456
M4694,long_history,Macro,1926-01-01,470.0,1040.5505
M4694,long_history,Macro,1926-02-01,1180.0,1019.7395
M4694,long_history,Macro,1926-03-01,1090.0,998.92847
M4694,long_history,Macro,1926-04-01,870.0,990.6041
M4694,long_history,Macro,1926-05-01,810.0,1094.6592
M4694,long_history,Macro,1926-06-01,1210.0,990.6041
M4694,long_history,Macro,1926-07-01,1460.0,1111.3079
M4694,long_history,Macro,1926-08-01,950.0,1061.3616
M4694,long_history,Macro,1926-09-01,1190.0,1057.1993
M4694,long_history,Macro,1926-10-01,910.0,986.4419
M4694,long_history,Macro,1926-11-01,840.0,1086.3347
M4694,long_history,Macro,1926-12-01,1200.0,969.7931
M4694,long_history,Macro,1927-01-01,910.0,932.33325
M4694,long_history,Macro,1927-02-01,1300.0,1011.41516
M4694,long_history,Macro,1927-03-01,1250.0,1015.5773
M4694,long_history,Macro,1927-04-01,1310.0,903.1979
M4694,long_history,Macro,1927-05-01,1110.0,1007.2529
M4694,long_history,Macro,1927-06-01,1320.0,998.92847
M47212,cold_start,Finance,1904-02-01,7950.0,4989.086
M47212,cold_start,Finance,1904-03-01,2200.0,5082.34
M47212,cold_start,Finance,1904-04-01,5000.0,4989.086
M47212,cold_start,Finance,1904-05-01,7099.0,4989.086
M47212,cold_start,Finance,1904-06-01,2250.0,4989.086
M47212,cold_start,Finance,1904-07-01,5000.0,4989.086
M47212,cold_start,Finance,1904-08-01,9100.0,4989.086
M47212,cold_start,Finance,1904-09-01,5050.0,4989.086
M47212,cold_start,Finance,1904-10-01,5000.0,4989.086
M47212,cold_start,Finance,1904-11-01,5000.0,4989.086
M47212,cold_start,Finance,1904-12-01,5900.0,5035.713
M47212,cold_start,Finance,1905-01-01,5000.0,5035.713
M47212,cold_start,Finance,1905-02-01,5000.0,4989.086
M47212,cold_start,Finance,1905-03-01,5000.0,5618.55
M47212,cold_start,Finance,1905-04-01,7500.0,4989.086
M47212,cold_start,Finance,1905-05-01,3750.0,4989.086
M47212,cold_start,Finance,1905-06-01,7000.0,4989.086
M47212,cold_start,Finance,1905-07-01,5000.0,5035.713
M4733,long_history,Macro,1926-01-01,7980.0,8407.609
M4733,long_history,Macro,1926-02-01,6430.0,7209.5786
M4733,long_history,Macro,1926-03-01,8560.0,7295.1523
M4733,long_history,Macro,1926-04-01,8020.0,8664.33
M4733,long_history,Macro,1926-05-01,7810.0,8043.9214
M4733,long_history,Macro,1926-06-01,8190.0,9263.346
M4733,long_history,Macro,1926-07-01,7540.0,9755.394
M4733,long_history,Macro,1926-08-01,7060.0,8471.789
M4733,long_history,Macro,1926-09-01,8370.0,8022.528
M4733,long_history,Macro,1926-10-01,8560.0,8386.216
M4733,long_history,Macro,1926-11-01,9730.0,8322.035
M4733,long_history,Macro,1926-12-01,10520.0,8215.068
M4733,long_history,Macro,1927-01-01,8930.0,7573.2666
M4733,long_history,Macro,1927-02-01,7200.0,6546.383
M4733,long_history,Macro,1927-03-01,10090.0,6867.284
M4733,long_history,Macro,1927-04-01,9800.0,7701.627
M4733,long_history,Macro,1927-05-01,9130.0,7295.1523
M4733,long_history,Macro,1927-06-01,10440.0,8043.9214
M47392,cold_start,Finance,1904-02-01,10000.0,9943.171
M47392,cold_start,Finance,1904-03-01,9100.0,9864.878
M47392,cold_start,Finance,1904-04-01,6750.0,9864.878
M47392,cold_start,Finance,1904-05-01,5800.0,9864.878
M47392,cold_start,Finance,1904-06-01,9100.0,10021.464
M47392,cold_start,Finance,1904-07-01,5100.0,9904.024
M47392,cold_start,Finance,1904-08-01,7600.0,9904.024
M47392,cold_start,Finance,1904-09-01,7000.0,10021.464
M47392,cold_start,Finance,1904-10-01,8200.0,10021.464
M47392,cold_start,Finance,1904-11-01,10000.0,9943.171
M47392,cold_start,Finance,1904-12-01,10950.0,10021.464
M47392,cold_start,Finance,1905-01-01,8000.0,10021.464
M47392,cold_start,Finance,1905-02-01,10000.0,10021.464
M47392,cold_start,Finance,1905-03-01,10000.0,10021.464
M47392,cold_start,Finance,1905-04-01,9500.0,10021.464
M47392,cold_start,Finance,1905-05-01,10000.0,10021.464
M47392,cold_start,Finance,1905-06-01,8850.0,10021.464
M47392,cold_start,Finance,1905-07-01,10000.0,10021.464
M47397,cold_start,Finance,1904-02-01,7000.0,6963.709
M47397,cold_start,Finance,1904-03-01,6750.0,7029.716
M47397,cold_start,Finance,1904-04-01,5000.0,7326.746
M47397,cold_start,Finance,1904-05-01,8000.0,8052.82
M47397,cold_start,Finance,1904-06-01,5050.0,8118.8267
M47397,cold_start,Finance,1904-07-01,7800.0,7491.7627
M47397,cold_start,Finance,1904-08-01,5000.0,8547.87
M47397,cold_start,Finance,1904-09-01,10900.0,8217.837
M47397,cold_start,Finance,1904-10-01,7000.0,7854.8
M47397,cold_start,Finance,1904-11-01,10910.0,8316.847
M47397,cold_start,Finance,1904-12-01,5000.0,8976.914
M47397,cold_start,Finance,1905-01-01,5150.0,8349.85
M47397,cold_start,Finance,1905-02-01,3000.0,8085.823
M47397,cold_start,Finance,1905-03-01,5100.0,8250.84
M47397,cold_start,Finance,1905-04-01,12050.0,8580.873
M47397,cold_start,Finance,1905-05-01,10000.0,7095.7227
M47397,cold_start,Finance,1905-06-01,6500.0,8382.854
M47397,cold_start,Finance,1905-07-01,7500.0,8118.826
M47411,cold_start,Finance,1904-02-01,1000.0,1040.7517
M47411,cold_start,Finance,1904-03-01,600.0,1058.0974
M47411,cold_start,Finance,1904-04-01,1781.5,1014.73285
M47411,cold_start,Finance,1904-05-01,1000.0,1075.4434
M47411,cold_start,Finance,1904-06-01,1000.0,1001.7235
M47411,cold_start,Finance,1904-07-01,777.5,1001.7235
M47411,cold_start,Finance,1904-08-01,730.0,1088.4528
M47411,cold_start,Finance,1904-09-01,661.7,1006.05994
M47411,cold_start,Finance,1904-10-01,1000.0,1344.3042
M47411,cold_start,Finance,1904-11-01,1000.0,1010.39636
M47411,cold_start,Finance,1904-12-01,1351.4,1006.05994
M47411,cold_start,Finance,1905-01-01,1000.0,1006.05994
M47411,cold_start,Finance,1905-02-01,1000.0,1006.05994
M47411,cold_start,Finance,1905-03-01,1000.0,1006.05994
M47411,cold_start,Finance,1905-04-01,1095.0,1001.7235
M47411,cold_start,Finance,1905-05-01,1000.0,1001.7235
M47411,cold_start,Finance,1905-06-01,20.0,1001.7235
M47411,cold_start,Finance,1905-07-01,784.85,1006.05994
M47461,cold_start,Finance,1904-02-01,1590.0,1993.5684
M47461,cold_start,Finance,1904-03-01,2000.0,1993.5684
M47461,cold_start,Finance,1904-04-01,1750.0,2021.5155
M47461,cold_start,Finance,1904-05-01,2000.0,1993.5684
M47461,cold_start,Finance,1904-06-01,2295.0,1993.5684
M47461,cold_start,Finance,1904-07-01,2090.0,1993.5684
M47461,cold_start,Finance,1904-08-01,1989.5,1993.5684
M47461,cold_start,Finance,1904-09-01,1855.0,1993.5684
M47461,cold_start,Finance,1904-10-01,1900.0,1993.5684
M47461,cold_start,Finance,1904-11-01,1350.0,2002.884
M47461,cold_start,Finance,1904-12-01,2000.0,1993.5684
M47461,cold_start,Finance,1905-01-01,2000.0,1993.5684
M47461,cold_start,Finance,1905-02-01,1555.0,1993.5684
M47461,cold_start,Finance,1905-03-01,2500.0,2012.1998
M47461,cold_start,Finance,1905-04-01,2000.0,1993.5684
M47461,cold_start,Finance,1905-05-01,3250.05,2030.8313
M47461,cold_start,Finance,1905-06-01,1642.5,1993.5684
M47461,cold_start,Finance,1905-07-01,2000.0,2012.1998
M47557,cold_start,Finance,1904-01-01,2900.0,4203.8125
M47557,cold_start,Finance,1904-02-01,1099.5,2549.8535
M47557,cold_start,Finance,1904-03-01,2000.0,2997.8005
M47557,cold_start,Finance,1904-04-01,3550.0,2997.8005
M47557,cold_start,Finance,1904-05-01,2250.0,3204.5454
M47557,cold_start,Finance,1904-06-01,4550.0,4393.3286
M47557,cold_start,Finance,1904-07-01,4000.0,3997.0676
M47557,cold_start,Finance,1904-08-01,4750.0,2997.8005
M47557,cold_start,Finance,1904-09-01,5000.0,2360.3374
M47557,cold_start,Finance,1904-10-01,2000.0,2911.6567
M47557,cold_start,Finance,1904-11-01,1000.0,2756.5981
M47557,cold_start,Finance,1904-12-01,4900.0,3997.0676
M47557,cold_start,Finance,1905-01-01,1000.0,3859.2378
M47557,cold_start,Finance,1905-02-01,5000.0,3497.434
M47557,cold_start,Finance,1905-03-01,5000.0,3997.0676
M47557,cold_start,Finance,1905-04-01,4212.5,3997.0676
M47557,cold_start,Finance,1905-05-01,2600.0,2997.8005
M47557,cold_start,Finance,1905-06-01,4000.0,3997.0676
M47686,short,Finance,1907-03-01,2216.0,2223.1763
M47686,short,Finance,1907-04-01,2122.0,2135.993
M47686,short,Finance,1907-05-01,2032.0,2037.9116
M47686,short,Finance,1907-06-01,1946.0,1939.8303
M47686,short,Finance,1907-07-01,1864.0,1852.6469
M47686,short,Finance,1907-08-01,1786.0,1765.4636
M47686,short,Finance,1907-09-01,1712.0,1678.2802
M47686,short,Finance,1907-10-01,1642.0,1601.9948
M47686,short,Finance,1907-11-01,1577.0,1525.7092
M47686,short,Finance,1907-12-01,1516.0,1460.3217
M47686,short,Finance,1908-01-01,1460.0,1394.9341
M47686,short,Finance,1908-02-01,1408.0,1351.3425
M47686,short,Finance,1908-03-01,1361.0,1296.8529
M47686,short,Finance,1908-04-01,1319.0,1242.3633
M47686,short,Finance,1908-05-01,1281.0,1198.7715
M47686,short,Finance,1908-06-01,1249.0,1166.0778
M47686,short,Finance,1908-07-01,1220.0,1133.384
M47686,short,Finance,1908-08-01,1196.0,1111.5881
M47728,long_history,Other,1923-12-01,3000.0,2396.0195
M47728,long_history,Other,1924-01-01,2400.0,2396.0195
M47728,long_history,Other,1924-02-01,2400.0,2396.0195
M47728,long_history,Other,1924-03-01,4000.0,2396.0195
M47728,long_history,Other,1924-04-01,2400.0,2396.0195
M47728,long_history,Other,1924-05-01,2400.0,2396.0195
M47728,long_history,Other,1924-06-01,6600.0,2396.0195
M47728,long_history,Other,1924-07-01,2400.0,2396.0195
M47728,long_history,Other,1924-08-01,2400.0,2396.0195
M47728,long_history,Other,1924-09-01,2400.0,2396.0195
M47728,long_history,Other,1924-10-01,2400.0,2396.0195
M47728,long_history,Other,1924-11-01,2400.0,2396.0195
M47728,long_history,Other,1924-12-01,2400.0,2396.0195
M47728,long_history,Other,1925-01-01,2500.0,2396.0195
M47728,long_history,Other,1925-02-01,2500.0,2373.2002
M47728,long_history,Other,1925-03-01,2500.0,2350.381
M47728,long_history,Other,1925-04-01,2500.0,2361.7905
M47728,long_history,Other,1925-05-01,2500.0,2373.2002
M47729,short,Other,1913-01-01,3400.0,3491.0332
M47729,short,Other,1913-02-01,4500.0,3287.672
M47729,short,Other,1913-03-01,3500.0,3050.4175
M47729,short,Other,1913-04-01,3800.0,3185.9915
M47729,short,Other,1913-05-01,4200.0,3236.832
M47729,short,Other,1913-06-01,4000.0,3338.5127
M47729,short,Other,1913-07-01,3700.0,3440.1929
M47729,short,Other,1913-08-01,4200.0,3745.2349
M47729,short,Other,1913-09-01,4800.0,4253.6377
M47729,short,Other,1913-10-01,3800.0,3389.3528
M47729,short,Other,1913-11-01,5100.0,3541.8735
M47729,short,Other,1913-12-01,3800.0,3745.2349
M47729,short,Other,1914-01-01,3400.0,3491.0332
M47729,short,Other,1914-02-01,4400.0,3643.5542
M47729,short,Other,1914-03-01,3900.0,3541.8735
M47729,short,Other,1914-04-01,4400.0,3287.672
M47729,short,Other,1914-05-01,4200.0,3152.0981
M47729,short,Other,1914-06-01,4100.0,3389.3528
M47733,short,Other,1912-08-01,2750.0,3756.7324
M47733,short,Other,1912-09-01,3760.0,4548.887
M47733,short,Other,1912-10-01,2860.0,4176.8145
M47733,short,Other,1912-11-01,3740.0,3708.7231
M47733,short,Other,1912-12-01,3760.0,3108.606
M47733,short,Other,1913-01-01,2840.0,2136.4167
M47733,short,Other,1913-02-01,3300.0,2964.5781
M47733,short,Other,1913-03-01,4130.0,3180.6204
M47733,short,Other,1913-04-01,2270.0,2436.475
M47733,short,Other,1913-05-01,2550.0,2196.4282
M47733,short,Other,1913-06-01,1670.0,2388.4658
M47733,short,Other,1913-07-01,4000.0,3348.6528
M47733,short,Other,1913-08-01,3260.0,3480.679
M47733,short,Other,1913-09-01,3200.0,3492.6812
M47733,short,Other,1913-10-01,3090.0,2988.583
M47733,short,Other,1913-11-01,3330.0,3048.5945
M47733,short,Other,1913-12-01,2400.0,2628.5127
M47733,short,Other,1914-01-01,1910.0,2256.4402
M47734,short,Other,1912-08-01,5130.0,4251.596
M47734,short,Other,1912-09-01,4240.0,4251.596
M47734,short,Other,1912-10-01,5100.0,4330.622
M47734,short,Other,1912-11-01,4400.0,4393.843
M47734,short,Other,1912-12-01,3870.0,4362.2324
M47734,short,Other,1913-01-01,5000.0,4283.2065
M47734,short,Other,1913-02-01,4890.0,4504.479
M47734,short,Other,1913-03-01,3700.0,4441.2583
M47734,short,Other,1913-04-01,5230.0,4362.2324
M47734,short,Other,1913-05-01,4260.0,4536.09
M47734,short,Other,1913-06-01,4580.0,4330.622
M47734,short,Other,1913-07-01,3680.0,4156.765
M47734,short,Other,1913-08-01,4270.0,4615.1157
M47734,short,Other,1913-09-01,4740.0,4457.0635
M47734,short,Other,1913-10-01,4260.0,4488.674
M47734,short,Other,1913-11-01,4580.0,4520.284
M47734,short,Other,1913-12-01,4710.0,4615.1157
M47734,short,Other,1914-01-01,4790.0,4441.2583
M47738,short,Other,1912-08-01,7250.0,7489.8423
M47738,short,Other,1912-09-01,6820.0,7636.7017
M47738,short,Other,1912-10-01,7550.0,7563.272
M47738,short,Other,1912-11-01,6920.0,7685.655
M47738,short,Other,1912-12-01,6990.0,7612.225
M47738,short,Other,1913-01-01,7390.0,7563.272
M47738,short,Other,1913-02-01,7050.0,7661.178
M47738,short,Other,1913-03-01,7280.0,7612.225
M47738,short,Other,1913-04-01,6590.0,7367.459
M47738,short,Other,1913-05-01,6490.0,7489.8423
M47738,short,Other,1913-06-01,6560.0,7294.0293
M47738,short,Other,1913-07-01,6840.0,7587.7485
M47738,short,Other,1913-08-01,7080.0,7465.3657
M47738,short,Other,1913-09-01,7220.0,7440.889
M47738,short,Other,1913-10-01,7660.0,7465.3657
M47738,short,Other,1913-11-01,7400.0,7416.4126
M47738,short,Other,1913-12-01,7400.0,7440.8887
M47738,short,Other,1914-01-01,7130.0,7391.9355
M47739,short,Other,1913-10-01,2614.6761,2586.5496
M47739,short,Other,1913-11-01,2398.9136,2299.1553
M47739,short,Other,1913-12-01,2562.2085,2502.022
M47739,short,Other,1914-01-01,2576.2942,2527.3804
M47739,short,Other,1914-02-01,2313.8249,2341.419
M47739,short,Other,1914-03-01,2748.3753,2637.2664
M47739,short,Other,1914-04-01,2681.2846,2620.3608
M47739,short,Other,1914-05-01,2875.8446,2789.4165
M47739,short,Other,1914-06-01,3021.5112,2890.8496
M47739,short,Other,1914-07-01,3174.6715,3051.4526
M47739,short,Other,1914-08-01,3109.4307,2983.83
M47739,short,Other,1914-09-01,2703.1544,2662.6245
M47739,short,Other,1914-10-01,2651.5738,2611.9082
M47739,short,Other,1914-11-01,2470.2345,2358.3247
M47739,short,Other,1914-12-01,2657.8916,2544.2856
M47739,short,Other,1915-01-01,2644.0937,2569.644
M47739,short,Other,1915-02-01,2329.6508,2409.0413
M47739,short,Other,1915-03-01,2746.378,2704.8884
M47741,short,Other,1913-10-01,8110.0,8087.17
M47741,short,Other,1913-11-01,7760.0,7972.4585
M47741,short,Other,1913-12-01,8290.0,8087.17
M47741,short,Other,1914-01-01,7960.0,7857.747
M47741,short,Other,1914-02-01,7500.0,7542.29
M47741,short,Other,1914-03-01,7920.0,8259.238
M47741,short,Other,1914-04-01,8010.0,8058.492
M47741,short,Other,1914-05-01,8230.0,8259.238
M47741,short,Other,1914-06-01,8440.0,8660.729
M47741,short,Other,1914-07-01,8440.0,8775.44
M47741,short,Other,1914-08-01,8550.0,8660.729
M47741,short,Other,1914-09-01,8160.0,8431.306
M47741,short,Other,1914-10-01,7980.0,8201.882
M47741,short,Other,1914-11-01,7620.0,7972.4585
M47741,short,Other,1914-12-01,8080.0,8144.526
M47741,short,Other,1915-01-01,7880.0,7886.425
M47741,short,Other,1915-02-01,7530.0,7599.646
M47741,short,Other,1915-03-01,7950.0,8144.526
M47745,medium,Other,1918-01-01,10432.0,10350.096
M47745,medium,Other,1918-02-01,10325.0,10350.096
M47745,medium,Other,1918-03-01,10350.0,10370.631
M47745,medium,Other,1918-04-01,10283.0,10329.56
M47745,medium,Other,1918-05-01,10323.0,10350.096
M47745,medium,Other,1918-06-01,10382.0,10350.096
M47745,medium,Other,1918-07-01,10396.0,10350.096
M47745,medium,Other,1918-08-01,10414.0,10350.096
M47745,medium,Other,1918-09-01,10383.0,10350.096
M47745,medium,Other,1918-10-01,10380.0,10329.56
M47745,medium,Other,1918-11-01,10435.0,10329.56
M47745,medium,Other,1918-12-01,10458.0,10267.952
M47745,medium,Other,1919-01-01,10481.0,10226.88
M47745,medium,Other,1919-02-01,10375.0,10165.272
M47745,medium,Other,1919-03-01,10370.0,10103.664
M47745,medium,Other,1919-04-01,10258.0,10083.129
M47745,medium,Other,1919-05-01,10221.0,10083.129
M47745,medium,Other,1919-06-01,9974.0,10165.272
M47750,medium,Other,1918-01-01,10962.0,10881.13
M47750,medium,Other,1918-02-01,10842.0,10858.174
M47750,medium,Other,1918-03-01,10813.0,10858.174
M47750,medium,Other,1918-04-01,10813.0,10835.218
M47750,medium,Other,1918-05-01,10813.0,10858.174
M47750,medium,Other,1918-06-01,10813.0,10904.086
M47750,medium,Other,1918-07-01,10930.0,10904.086
M47750,medium,Other,1918-08-01,10930.0,10835.219
M47750,medium,Other,1918-09-01,10930.0,10927.042
M47750,medium,Other,1918-10-01,11047.0,10881.13
M47750,medium,Other,1918-11-01,11001.0,10858.174
M47750,medium,Other,1918-12-01,10884.0,10881.13
M47750,medium,Other,1919-01-01,10766.0,10927.042
M47750,medium,Other,1919-02-01,10595.0,10927.042
M47750,medium,Other,1919-03-01,10358.0,10904.086
M47750,medium,Other,1919-04-01,10358.0,10995.91
M47750,medium,Other,1919-05-01,10358.0,11064.777
M47750,medium,Other,1919-06-01,10124.0,11133.6455
M47754,short,Other,1913-02-01,10129.0,10110.095
M47754,short,Other,1913-03-01,10129.0,10110.095
M47754,short,Other,1913-04-01,10131.0,10088.766
M47754,short,Other,1913-05-01,10128.0,10110.095
M47754,short,Other,1913-06-01,10128.0,10110.095
M47754,short,Other,1913-07-01,10128.0,10088.766
M47754,short,Other,1913-08-01,10128.0,10110.095
M47754,short,Other,1913-09-01,10128.0,10131.424
M47754,short,Other,1913-10-01,10133.0,10131.424
M47754,short,Other,1913-11-01,10122.0,10174.082
M47754,short,Other,1913-12-01,9940.0,10259.4
M47754,short,Other,1914-01-01,9939.0,10195.412
M47754,short,Other,1914-02-01,9959.0,10280.729
M47754,short,Other,1914-03-01,9968.0,10280.729
M47754,short,Other,1914-04-01,9974.0,10302.059
M47754,short,Other,1914-05-01,9999.0,10302.059
M47754,short,Other,1914-06-01,10001.0,10323.388
M47754,short,Other,1914-07-01,10027.0,10344.717
M47761,medium,Other,1919-01-01,2805.1969,2860.549
M47761,medium,Other,1919-02-01,2802.2621,2854.8508
M47761,medium,Other,1919-03-01,2797.7543,2871.9456
M47761,medium,Other,1919-04-01,2833.6885,2883.3423
M47761,medium,Other,1919-05-01,2859.2153,2894.7388
M47761,medium,Other,1919-06-01,2834.1015,2906.1355
M47761,medium,Other,1919-07-01,2848.8408,2906.1355
M47761,medium,Other,1919-08-01,2843.9166,2900.437
M47761,medium,Other,1919-09-01,2868.907,2911.8337
M47761,medium,Other,1919-10-01,2886.9581,2934.627
M47761,medium,Other,1919-11-01,2918.1916,2934.627
M47761,medium,Other,1919-12-01,2994.0935,2946.0234
M47761,medium,Other,1920-01-01,2972.869,2963.1184
M47761,medium,Other,1920-02-01,2992.771,2991.6099
M47761,medium,Other,1920-03-01,2978.4844,2985.9116
M47761,medium,Other,1920-04-01,3017.8483,2997.3083
M47761,medium,Other,1920-05-01,3033.8484,3014.4033
M47761,medium,Other,1920-06-01,3018.7513,3020.1016
M47763,medium,Other,1918-01-01,10219.0,10216.531
M47763,medium,Other,1918-02-01,10216.0,10241.945
M47763,medium,Other,1918-03-01,10209.0,10216.531
M47763,medium,Other,1918-04-01,10204.0,10216.531
M47763,medium,Other,1918-05-01,10056.0,10216.531
M47763,medium,Other,1918-06-01,10043.0,10216.531
M47763,medium,Other,1918-07-01,10059.0,10216.531
M47763,medium,Other,1918-08-01,10054.0,10267.36
M47763,medium,Other,1918-09-01,10060.0,10292.774
M47763,medium,Other,1918-10-01,10194.0,10267.359
M47763,medium,Other,1918-11-01,10198.0,10241.945
M47763,medium,Other,1918-12-01,10189.0,10241.945
M47763,medium,Other,1919-01-01,10143.0,10216.531
M47763,medium,Other,1919-02-01,10144.0,10165.703
M47763,medium,Other,1919-03-01,10150.0,10165.703
M47763,medium,Other,1919-04-01,10118.0,10140.289
M47763,medium,Other,1919-05-01,9899.0,10089.46
M47763,medium,Other,1919-06-01,9869.0,10089.46
M47764,short,Other,1913-02-01,4790.0,4714.913
M47764,short,Other,1913-03-01,4200.0,4133.0728
M47764,short,Other,1913-04-01,4630.0,4714.913
M47764,short,Other,1913-05-01,5610.0,5316.8174
M47764,short,Other,1913-06-01,5870.0,5356.944
M47764,short,Other,1913-07-01,6020.0,5838.4673
M47764,short,Other,1913-08-01,6760.0,6219.673
M47764,short,Other,1913-09-01,7980.0,7463.6074
M47764,short,Other,1913-10-01,7040.0,5998.9746
M47764,short,Other,1913-11-01,6030.0,5617.7686
M47764,short,Other,1913-12-01,4860.0,4674.786
M47764,short,Other,1914-01-01,4450.0,4554.4053
M47764,short,Other,1914-02-01,5710.0,5356.944
M47764,short,Other,1914-03-01,4720.0,4434.025
M47764,short,Other,1914-04-01,5280.0,4915.548
M47764,short,Other,1914-05-01,5750.0,5336.881
M47764,short,Other,1914-06-01,6260.0,5336.881
M47764,short,Other,1914-07-01,6380.0,5778.277
M47775,medium,Other,1917-12-01,10700.0,10680.863
M47775,medium,Other,1918-01-01,10700.0,10680.863
M47775,medium,Other,1918-02-01,10700.0,10680.863
M47775,medium,Other,1918-03-01,10700.0,10680.863
M47775,medium,Other,1918-04-01,10700.0,10680.863
M47775,medium,Other,1918-05-01,7800.0,7691.9795
M47775,medium,Other,1918-06-01,7800.0,7691.9795
M47775,medium,Other,1918-07-01,8100.0,7691.9795
M47775,medium,Other,1918-08-01,8100.0,7691.9795
M47775,medium,Other,1918-09-01,8100.0,7691.9795
M47775,medium,Other,1918-10-01,11200.0,10658.887
M47775,medium,Other,1918-11-01,11200.0,10680.863
M47775,medium,Other,1918-12-01,11200.0,10680.863
M47775,medium,Other,1919-01-01,11200.0,10680.863
M47775,medium,Other,1919-02-01,11200.0,10680.863
M47775,medium,Other,1919-03-01,11300.0,10680.863
M47775,medium,Other,1919-04-01,11300.0,9845.734
M47775,medium,Other,1919-05-01,8200.0,8131.5215
M47780,short,Other,1912-01-01,13486.0,13447.761
M47780,short,Other,1912-02-01,13486.0,13359.867
M47780,short,Other,1912-03-01,13514.0,13513.682
M47780,short,Other,1912-04-01,13514.0,13403.813
M47780,short,Other,1912-05-01,13514.0,13403.813
M47780,short,Other,1912-06-01,13652.0,13491.707
M47780,short,Other,1912-07-01,13652.0,13447.761
M47780,short,Other,1912-08-01,13652.0,13535.654
M47780,short,Other,1912-09-01,14205.0,13557.628
M47780,short,Other,1912-10-01,14205.0,13447.761
M47780,short,Other,1912-11-01,14205.0,13381.84
M47780,short,Other,1912-12-01,14380.0,13381.84
M47780,short,Other,1913-01-01,14380.0,13271.973
M47780,short,Other,1913-02-01,14380.0,13381.84
M47780,short,Other,1913-03-01,15471.0,13381.84
M47780,short,Other,1913-04-01,15471.0,13359.867
M47780,short,Other,1913-05-01,15471.0,13250.0
M47780,short,Other,1913-06-01,15161.0,13293.947
M47781,long_history,Other,1928-02-01,3092.55,3076.2668
M47781,long_history,Other,1928-03-01,3067.44,3088.8745
M47781,long_history,Other,1928-04-01,3110.88,3101.4822
M47781,long_history,Other,1928-05-01,3171.42,3101.4822
M47781,long_history,Other,1928-06-01,3162.06,3095.1782
M47781,long_history,Other,1928-07-01,3163.9,3095.1782
M47781,long_history,Other,1928-08-01,3200.28,3088.8745
M47781,long_history,Other,1928-09-01,3191.14,3069.963
M47781,long_history,Other,1928-10-01,3244.55,3069.963
M47781,long_history,Other,1928-11-01,3232.96,3088.8745
M47781,long_history,Other,1928-12-01,3237.23,3082.5708
M47781,long_history,Other,1929-01-01,3245.96,3107.7861
M47781,long_history,Other,1929-02-01,3294.09,3076.2668
M47781,long_history,Other,1929-03-01,3262.59,3044.7476
M47781,long_history,Other,1929-04-01,3280.76,3057.3555
M47781,long_history,Other,1929-05-01,3310.26,3063.6592
M47781,long_history,Other,1929-06-01,3304.3,3057.3555
M47781,long_history,Other,1929-07-01,3281.77,3057.3555
M47782,long_history,Other,1928-02-01,2537.51,2526.8967
M47782,long_history,Other,1928-03-01,2526.66,2526.8967
M47782,long_history,Other,1928-04-01,2547.06,2532.1392
M47782,long_history,Other,1928-05-01,2559.26,2547.8667
M47782,long_history,Other,1928-06-01,2563.11,2537.3818
M47782,long_history,Other,1928-07-01,2563.66,2532.1392
M47782,long_history,Other,1928-08-01,2574.66,2532.1392
M47782,long_history,Other,1928-09-01,2563.76,2547.8667
M47782,long_history,Other,1928-10-01,2581.53,2532.1392
M47782,long_history,Other,1928-11-01,2576.17,2516.4116
M47782,long_history,Other,1928-12-01,2571.35,2526.8967
M47782,long_history,Other,1929-01-01,2572.62,2537.3818
M47782,long_history,Other,1929-02-01,2594.92,2532.1392
M47782,long_history,Other,1929-03-01,2592.06,2547.8667
M47782,long_history,Other,1929-04-01,2594.29,2553.1094
M47782,long_history,Other,1929-05-01,2589.15,2542.6243
M47782,long_history,Other,1929-06-01,2598.02,2547.8667
M47782,long_history,Other,1929-07-01,2622.52,2537.3818
M47783,long_history,Other,1926-01-01,2815.348,2842.5132
M47783,long_history,Other,1926-02-01,2902.672,2830.261
M47783,long_history,Other,1926-03-01,2869.856,2818.0088
M47783,long_history,Other,1926-04-01,2816.584,2830.261
M47783,long_history,Other,1926-05-01,2831.178,2842.5132
M47783,long_history,Other,1926-06-01,2828.834,2842.5132
M47783,long_history,Other,1926-07-01,2823.08,2842.5132
M47783,long_history,Other,1926-08-01,2852.487,2830.261
M47783,long_history,Other,1926-09-01,2820.524,2830.261
M47783,long_history,Other,1926-10-01,2819.011,2805.7566
M47783,long_history,Other,1926-11-01,2849.502,2818.0088
M47783,long_history,Other,1926-12-01,2959.443,2719.9912
M47783,long_history,Other,1927-01-01,2959.443,2781.252
M47783,long_history,Other,1927-02-01,2951.466,2793.5044
M47783,long_history,Other,1927-03-01,2951.466,2793.5044
M47783,long_history,Other,1927-04-01,2951.466,2793.5044
M47783,long_history,Other,1927-05-01,2959.14,2781.252
M47783,long_history,Other,1927-06-01,2959.14,2793.5044
M47786,short,Other,1914-01-01,8432.0,8971.992
M47786,short,Other,1914-02-01,7829.0,8717.801
M47786,short,Other,1914-03-01,7499.0,8576.584
M47786,short,Other,1914-04-01,7284.0,8444.781
M47786,short,Other,1914-05-01,7080.0,8407.123
M47786,short,Other,1914-06-01,6986.0,8096.446
M47786,short,Other,1914-07-01,6923.0,7879.912
M47786,short,Other,1914-08-01,6746.0,7710.452
M47786,short,Other,1914-09-01,6524.0,7691.623
M47786,short,Other,1914-10-01,6253.0,7691.623
M47786,short,Other,1914-11-01,5921.0,7578.6494
M47786,short,Other,1914-12-01,5764.0,7465.676
M47786,short,Other,1915-01-01,5704.0,7428.0176
M47786,short,Other,1915-02-01,5346.0,7380.9453
M47786,short,Other,1915-03-01,5196.0,7183.242
M47786,short,Other,1915-04-01,5078.0,7107.9263
M47786,short,Other,1915-05-01,4601.0,7060.854
M47786,short,Other,1915-06-01,4147.0,7098.5117
M47790,long_history,Other,1926-03-01,9988.926,9975.383
M47790,long_history,Other,1926-04-01,10001.37,9975.383
M47790,long_history,Other,1926-05-01,10023.79,9902.034
M47790,long_history,Other,1926-06-01,10049.26,9902.034
M47790,long_history,Other,1926-07-01,10071.48,9902.034
M47790,long_history,Other,1926-08-01,10087.09,9938.709
M47790,long_history,Other,1926-09-01,10094.55,9938.709
M47790,long_history,Other,1926-10-01,10095.36,9938.709
M47790,long_history,Other,1926-11-01,10088.4,9975.383
M47790,long_history,Other,1926-12-01,10071.62,9975.383
M47790,long_history,Other,1927-01-01,10045.22,10048.73
M47790,long_history,Other,1927-02-01,10011.5,10085.404
M47790,long_history,Other,1927-03-01,9971.061,10122.079
M47790,long_history,Other,1927-04-01,9928.997,10122.079
M47790,long_history,Other,1927-05-01,9892.242,10158.754
M47790,long_history,Other,1927-06-01,9863.332,10195.428
M47790,long_history,Other,1927-07-01,9842.926,10158.754
M47790,long_history,Other,1927-08-01,9835.512,10195.428
M47791,medium,Other,1923-03-01,9983.438,9974.664
M47791,medium,Other,1923-04-01,10024.59,9974.664
M47791,medium,Other,1923-05-01,10053.4,9974.664
M47791,medium,Other,1923-06-01,10062.34,9974.664
M47791,medium,Other,1923-07-01,10062.76,9974.664
M47791,medium,Other,1923-08-01,10060.03,9974.664
M47791,medium,Other,1923-09-01,10068.68,9901.32
M47791,medium,Other,1923-10-01,10083.0,9901.32
M47791,medium,Other,1923-11-01,10049.07,9901.32
M47791,medium,Other,1923-12-01,9999.815,9974.664
M47791,medium,Other,1924-01-01,9936.867,9937.992
M47791,medium,Other,1924-02-01,9879.813,9974.664
M47791,medium,Other,1924-03-01,9860.139,9974.664
M47791,medium,Other,1924-04-01,9901.559,9974.664
M47791,medium,Other,1924-05-01,9932.929,10048.007
M47791,medium,Other,1924-06-01,9935.521,10048.007
M47791,medium,Other,1924-07-01,9920.615,9974.664
M47791,medium,Other,1924-08-01,9894.483,10011.336
M47792,long_history,Other,1925-11-01,12673.54,12631.037
M47792,long_history,Other,1925-12-01,12717.29,12657.741
M47792,long_history,Other,1926-01-01,12760.93,12631.037
M47792,long_history,Other,1926-02-01,12809.92,12604.334
M47792,long_history,Other,1926-03-01,12872.81,12577.63
M47792,long_history,Other,1926-04-01,12952.66,12577.63
M47792,long_history,Other,1926-05-01,13045.64,12577.63
M47792,long_history,Other,1926-06-01,13142.93,12577.63
M47792,long_history,Other,1926-07-01,13236.26,12604.334
M47792,long_history,Other,1926-08-01,13321.17,12631.037
M47792,long_history,Other,1926-09-01,13395.47,12631.037
M47792,long_history,Other,1926-10-01,13461.01,12737.854
M47792,long_history,Other,1926-11-01,13516.18,12844.67
M47792,long_history,Other,1926-12-01,13558.05,12898.078
M47792,long_history,Other,1927-01-01,13586.72,13004.895
M47792,long_history,Other,1927-02-01,13605.13,13165.12
M47792,long_history,Other,1927-03-01,13613.96,13271.937
M47792,long_history,Other,1927-04-01,13620.08,13352.049
M47793,cold_start,Other,1904-03-01,6675.4,4862.8647
M47793,cold_start,Other,1904-04-01,2725.8,3633.789
M47793,cold_start,Other,1904-05-01,3442.3,3491.2876
M47793,cold_start,Other,1904-06-01,6675.4,4987.5537
M47793,cold_start,Other,1904-07-01,4439.4,3972.2302
M47793,cold_start,Other,1904-08-01,3442.3,3491.2876
M47793,cold_start,Other,1904-09-01,3544.1,4346.297
M47793,cold_start,Other,1904-10-01,7360.9,4239.421
M47793,cold_start,Other,1904-11-01,3544.1,4043.481
M47793,cold_start,Other,1904-12-01,2509.8,4488.7983
M47793,cold_start,Other,1905-01-01,7360.9,4275.046
M47793,cold_start,Other,1905-02-01,3623.1,4025.6685
M47793,cold_start,Other,1905-03-01,2509.8,4453.173
M47793,cold_start,Other,1905-04-01,2721.9,4203.795
M47793,cold_start,Other,1905-05-01,5415.4,4025.6685
M47793,cold_start,Other,1905-06-01,2721.9,4132.5444
M47793,cold_start,Other,1905-07-01,1047.0,4275.046
M47793,cold_start,Other,1905-08-01,5415.4,3990.043
M47796,cold_start,Other,1904-01-01,1863.9847,1878.3235
M47796,cold_start,Other,1904-02-01,1794.752,1942.8153
M47796,cold_start,Other,1904-03-01,2166.2448,1886.385
M47796,cold_start,Other,1904-04-01,1794.752,1942.8152
M47796,cold_start,Other,1904-05-01,2017.5776,2152.4136
M47796,cold_start,Other,1904-06-01,2166.2448,1854.1392
M47796,cold_start,Other,1904-07-01,1440.7256,1854.1392
M47796,cold_start,Other,1904-08-01,2017.5776,2128.2295
M47796,cold_start,Other,1904-09-01,1349.8377,2047.6145
M47796,cold_start,Other,1904-10-01,1765.9926,1942.8152
M47796,cold_start,Other,1904-11-01,1349.8377,2152.4136
M47796,cold_start,Other,1904-12-01,1454.458,2104.045
M47796,cold_start,Other,1905-01-01,1765.9926,1950.8767
M47796,cold_start,Other,1905-02-01,1059.2117,1838.0161
M47796,cold_start,Other,1905-03-01,1454.458,2039.553
M47796,cold_start,Other,1905-04-01,1874.29,1870.2621
M47796,cold_start,Other,1905-05-01,1774.1438,2055.676
M47796,cold_start,Other,1905-06-01,1293.7129,2136.2905
M47798,cold_start,Other,1904-04-01,5169.8,6864.9795
M47798,cold_start,Other,1904-05-01,5683.0,5825.5635
M47798,cold_start,Other,1904-06-01,8964.4,6574.91
M47798,cold_start,Other,1904-07-01,6292.2,6647.4277
M47798,cold_start,Other,1904-08-01,5683.0,6163.9785
M47798,cold_start,Other,1904-09-01,8927.8,6043.116
M47798,cold_start,Other,1904-10-01,9213.8,6309.013
M47798,cold_start,Other,1904-11-01,8927.8,6115.634
M47798,cold_start,Other,1904-12-01,6595.1,6429.8755
M47798,cold_start,Other,1905-01-01,9213.8,6816.6343
M47798,cold_start,Other,1905-02-01,6357.7,6260.668
M47798,cold_start,Other,1905-03-01,6595.1,6478.2207
M47798,cold_start,Other,1905-04-01,8507.2,6550.7373
M47798,cold_start,Other,1905-05-01,8737.4,6744.117
M47798,cold_start,Other,1905-06-01,8507.2,6526.5654
M47798,cold_start,Other,1905-07-01,7124.1,6115.634
M47798,cold_start,Other,1905-08-01,8737.4,6719.945
M47798,cold_start,Other,1905-09-01,4906.9,6768.2896
M47799,cold_start,Other,1904-04-01,2165.5,4338.8145
M47799,cold_start,Other,1904-05-01,2409.8,2538.6682
M47799,cold_start,Other,1904-06-01,6307.1,3277.19
M47799,cold_start,Other,1904-07-01,5498.1,6308.2056
M47799,cold_start,Other,1904-08-01,2409.8,3200.2605
M47799,cold_start,Other,1904-09-01,3194.5,2584.8257
M47799,cold_start,Other,1904-10-01,7702.2,5815.858
M47799,cold_start,Other,1904-11-01,3194.5,4446.5156
M47799,cold_start,Other,1904-12-01,2608.8,2600.2114
M47799,cold_start,Other,1905-01-01,7702.2,3246.418
M47799,cold_start,Other,1905-02-01,5372.5,6200.505
M47799,cold_start,Other,1905-03-01,2608.8,3615.679
M47799,cold_start,Other,1905-04-01,4170.9,2615.5974
M47799,cold_start,Other,1905-05-01,7686.7,4985.0215
M47799,cold_start,Other,1905-06-01,4170.9,4892.706
M47799,cold_start,Other,1905-07-01,4235.2,2800.228
M47799,cold_start,Other,1905-08-01,7686.7,3077.1736
M47799,cold_start,Other,1905-09-01,4176.8,5569.684
M47800,cold_start,Other,1904-04-01,2328.8,2585.2068
M47800,cold_start,Other,1904-05-01,2791.8,2381.3938
M47800,cold_start,Other,1904-06-01,4383.1,4076.2598
M47800,cold_start,Other,1904-07-01,3089.0,2982.106
M47800,cold_start,Other,1904-08-01,2791.8,2349.213
M47800,cold_start,Other,1904-09-01,3166.4,2746.1118
M47800,cold_start,Other,1904-10-01,5093.5,4333.708
M47800,cold_start,Other,1904-11-01,3166.4,2628.115
M47800,cold_start,Other,1904-12-01,2312.0,2413.5747
M47800,cold_start,Other,1905-01-01,5093.5,3797.3577
M47800,cold_start,Other,1905-02-01,2691.4,2885.563
M47800,cold_start,Other,1905-03-01,2312.0,2295.5781
M47800,cold_start,Other,1905-04-01,3033.3,2681.75
M47800,cold_start,Other,1905-05-01,4107.6,4001.171
M47800,cold_start,Other,1905-06-01,3033.3,2531.5718
M47800,cold_start,Other,1905-07-01,2739.6,2359.94
M47800,cold_start,Other,1905-08-01,4107.6,3732.996
M47800,cold_start,Other,1905-09-01,1962.0,2960.6519
M47802,cold_start,Other,1904-04-01,5858.9,6723.3135
M47802,cold_start,Other,1904-05-01,7309.0,6458.237
M47802,cold_start,Other,1904-06-01,6354.4,5879.8877
M47802,cold_start,Other,1904-07-01,4379.7,3879.762
M47802,cold_start,Other,1904-08-01,7309.0,6289.552
M47802,cold_start,Other,1904-09-01,6159.1,6506.4326
M47802,cold_start,Other,1904-10-01,7595.3,6482.335
M47802,cold_start,Other,1904-11-01,6159.1,6675.118
M47802,cold_start,Other,1904-12-01,7574.1,6410.041
M47802,cold_start,Other,1905-01-01,7595.3,5903.9854
M47802,cold_start,Other,1905-02-01,2831.9,3662.8806
M47802,cold_start,Other,1905-03-01,7574.1,5735.3
M47802,cold_start,Other,1905-04-01,7844.9,6602.824
M47802,cold_start,Other,1905-05-01,7094.7,6385.9434
M47802,cold_start,Other,1905-06-01,7844.9,6651.02
M47802,cold_start,Other,1905-07-01,6805.0,6723.3135
M47802,cold_start,Other,1905-08-01,7094.7,6024.4746
M47802,cold_start,Other,1905-09-01,3841.0,3662.8806
M47806,cold_start,Other,1904-01-01,1935.2001,2115.6
M47806,cold_start,Other,1904-02-01,1658.2513,2392.1982
M47806,cold_start,Other,1904-03-01,2040.2665,1906.283
M47806,cold_start,Other,1904-04-01,1658.2513,2347.3445
M47806,cold_start,Other,1904-05-01,2180.1987,2055.7954
M47806,cold_start,Other,1904-06-01,2040.2665,1749.295
M47806,cold_start,Other,1904-07-01,1418.6835,1315.7091
M47806,cold_start,Other,1904-08-01,2180.1987,2070.7466
M47806,cold_start,Other,1904-09-01,1793.3847,2250.1616
M47806,cold_start,Other,1904-10-01,2077.2584,1913.7585
M47806,cold_start,Other,1904-11-01,1793.3847,2190.3564
M47806,cold_start,Other,1904-12-01,2511.0233,2115.6
M47806,cold_start,Other,1905-01-01,2077.2584,1734.3438
M47806,cold_start,Other,1905-02-01,1489.8336,1368.0383
M47806,cold_start,Other,1905-03-01,2511.0233,2078.2222
M47806,cold_start,Other,1905-04-01,2171.9853,2205.3079
M47806,cold_start,Other,1905-05-01,1835.6053,2055.7954
M47806,cold_start,Other,1905-06-01,1415.2396,2235.2104
M47807,cold_start,Other,1903-02-01,7824.788,10411.591
M47807,cold_start,Other,1903-03-01,9082.715,10411.592
M47807,cold_start,Other,1903-04-01,11021.466,10032.361
M47807,cold_start,Other,1903-05-01,6701.6,9997.885
M47807,cold_start,Other,1903-06-01,9082.715,10066.836
M47807,cold_start,Other,1903-07-01,9963.8,9101.523
M47807,cold_start,Other,1903-08-01,10913.0,9791.033
M47807,cold_start,Other,1903-09-01,9963.8,9411.803
M47807,cold_start,Other,1903-10-01,9395.9,9101.523
M47807,cold_start,Other,1903-11-01,10913.0,9101.523
M47807,cold_start,Other,1903-12-01,6528.2,9791.032
M47807,cold_start,Other,1904-01-01,9395.9,10273.689
M47807,cold_start,Other,1904-02-01,9744.0,10135.787
M47807,cold_start,Other,1904-03-01,9157.9,9791.032
M47807,cold_start,Other,1904-04-01,9744.0,9963.41
M47807,cold_start,Other,1904-05-01,9862.8,10377.115
M47807,cold_start,Other,1904-06-01,9157.9,9756.557
M47807,cold_start,Other,1904-07-01,7415.2,9791.033
M47811,cold_start,Other,1902-07-01,692.35,1003.28046
M47811,cold_start,Other,1902-08-01,920.05,1029.4856
M47811,cold_start,Other,1902-09-01,1391.46,973.3318
M47811,cold_start,Other,1902-10-01,789.24,984.5625
M47811,cold_start,Other,1902-11-01,920.05,879.7422
M47811,cold_start,Other,1902-12-01,1299.64,995.7933
M47811,cold_start,Other,1903-01-01,1230.21,939.6395
M47811,cold_start,Other,1903-02-01,1299.64,1025.742
M47811,cold_start,Other,1903-03-01,1031.88,905.94727
M47811,cold_start,Other,1903-04-01,1230.21,928.4088
M47811,cold_start,Other,1903-05-01,766.72,954.6139
M47811,cold_start,Other,1903-06-01,1031.88,853.5371
M47811,cold_start,Other,1903-07-01,1259.01,894.71655
M47811,cold_start,Other,1903-08-01,1233.1,1003.28046
M47811,cold_start,Other,1903-09-01,1259.01,1085.6393
M47811,cold_start,Other,1903-10-01,1141.59,1066.9214
M47811,cold_start,Other,1903-11-01,1233.1,1014.5112
M47811,cold_start,Other,1903-12-01,629.85,913.43445
M47813,cold_start,Other,1904-01-01,5351.8933,4767.69
M47813,cold_start,Other,1904-02-01,3131.3465,4250.375
M47813,cold_start,Other,1904-03-01,3275.9434,2376.8542
M47813,cold_start,Other,1904-04-01,3131.3465,4348.245
M47813,cold_start,Other,1904-05-01,4915.936,4977.4126
M47813,cold_start,Other,1904-06-01,3275.9434,2362.8728
M47813,cold_start,Other,1904-07-01,2497.1741,2013.3356
M47813,cold_start,Other,1904-08-01,4915.936,4753.7085
M47813,cold_start,Other,1904-09-01,4438.6269,4460.097
M47813,cold_start,Other,1904-10-01,3261.5682,2460.7434
M47813,cold_start,Other,1904-11-01,4438.6269,4194.4487
M47813,cold_start,Other,1904-12-01,4015.1117,4767.69
M47813,cold_start,Other,1905-01-01,3261.5682,2418.7988
M47813,cold_start,Other,1905-02-01,1892.5932,2055.28
M47813,cold_start,Other,1905-03-01,4015.1117,4753.7085
M47813,cold_start,Other,1905-04-01,4617.3817,4502.042
M47813,cold_start,Other,1905-05-01,2922.5028,2460.7434
M47813,cold_start,Other,1905-06-01,1727.8212,4418.1523
M47818,short,Other,1905-05-01,6157.41,6553.9243
M47818,short,Other,1905-06-01,5262.29,7306.9287
M47818,short,Other,1905-07-01,7165.78,6665.4805
M47818,short,Other,1905-08-01,6157.41,6079.8105
M47818,short,Other,1905-09-01,4239.36,4071.7998
M47818,short,Other,1905-10-01,7165.78,6888.593
M47818,short,Other,1905-11-01,6581.91,6944.371
M47818,short,Other,1905-12-01,7922.91,6693.369
M47818,short,Other,1906-01-01,6581.91,7362.706
M47818,short,Other,1906-02-01,7931.95,6944.371
M47818,short,Other,1906-03-01,7922.91,5773.0312
M47818,short,Other,1906-04-01,3157.41,4378.579
M47818,short,Other,1906-05-01,7931.95,6526.035
M47818,short,Other,1906-06-01,8273.37,7055.927
M47818,short,Other,1906-07-01,7212.77,7055.927
M47818,short,Other,1906-08-01,8103.06,7390.5957
M47818,short,Other,1906-09-01,7330.72,6832.815
M47818,short,Other,1906-10-01,7064.3,5856.6987
M47821,cold_start,Other,1903-12-01,1148.59,1216.6458
M47821,cold_start,Other,1904-01-01,1902.18,1216.6458
M47821,cold_start,Other,1904-02-01,662.18,1222.6096
M47821,cold_start,Other,1904-03-01,589.85,1180.862
M47821,cold_start,Other,1904-04-01,662.18,1216.6458
M47821,cold_start,Other,1904-05-01,752.79,1228.5736
M47821,cold_start,Other,1904-06-01,589.85,1186.8259
M47821,cold_start,Other,1904-07-01,537.99,1133.1504
M47821,cold_start,Other,1904-08-01,752.79,1210.6818
M47821,cold_start,Other,1904-09-01,1834.01,1198.7539
M47821,cold_start,Other,1904-10-01,1539.8,1228.5736
M47821,cold_start,Other,1904-11-01,1834.01,1389.6003
M47821,cold_start,Other,1904-12-01,1924.38,1389.6003
M47821,cold_start,Other,1905-01-01,1539.8,1228.5736
M47821,cold_start,Other,1905-02-01,1017.69,1318.033
M47821,cold_start,Other,1905-03-01,1924.38,1300.1411
M47821,cold_start,Other,1905-04-01,1880.16,1347.8527
M47821,cold_start,Other,1905-05-01,1211.08,1240.5015
M47822,cold_start,Other,1904-03-01,4276.15,4214.815
M47822,cold_start,Other,1904-04-01,2271.97,2461.283
M47822,cold_start,Other,1904-05-01,2723.68,2281.7043
M47822,cold_start,Other,1904-06-01,4276.15,3992.9824
M47822,cold_start,Other,1904-07-01,3013.63,2862.6938
M47822,cold_start,Other,1904-08-01,2723.68,2323.958
M47822,cold_start,Other,1904-09-01,3076.48,2788.7495
M47822,cold_start,Other,1904-10-01,4948.84,3760.587
M47822,cold_start,Other,1904-11-01,3076.48,2408.4658
M47822,cold_start,Other,1904-12-01,2246.34,2366.212
M47822,cold_start,Other,1905-01-01,4948.84,3876.7847
M47822,cold_start,Other,1905-02-01,2614.96,2841.567
M47822,cold_start,Other,1905-03-01,2246.34,2281.7043
M47822,cold_start,Other,1905-04-01,2947.16,2672.5518
M47822,cold_start,Other,1905-05-01,3990.95,3760.5867
M47822,cold_start,Other,1905-06-01,2886.49,2566.9175
M47822,cold_start,Other,1905-07-01,2661.8,2429.5928
M47822,cold_start,Other,1905-08-01,3908.79,3517.6274
M47825,cold_start,Other,1904-03-01,10338.17,8552.281
M47825,cold_start,Other,1904-04-01,8061.56,8552.281
M47825,cold_start,Other,1904-05-01,8919.67,8451.667
M47825,cold_start,Other,1904-06-01,10338.17,8652.896
M47825,cold_start,Other,1904-07-01,8178.74,8652.896
M47825,cold_start,Other,1904-08-01,8919.67,9323.664
M47825,cold_start,Other,1904-09-01,8214.58,8988.28
M47825,cold_start,Other,1904-10-01,10675.85,8988.28
M47825,cold_start,Other,1904-11-01,8214.58,8854.127
M47825,cold_start,Other,1904-12-01,9523.62,8351.052
M47825,cold_start,Other,1905-01-01,10675.85,9088.8955
M47825,cold_start,Other,1905-02-01,6312.0,8485.205
M47825,cold_start,Other,1905-03-01,9523.62,9390.74
M47825,cold_start,Other,1905-04-01,8278.91,8652.896
M47825,cold_start,Other,1905-05-01,9168.31,9021.818
M47825,cold_start,Other,1905-06-01,8108.48,8988.28
M47825,cold_start,Other,1905-07-01,4306.23,8854.127
M47825,cold_start,Other,1905-08-01,8979.58,8652.896
M47826,cold_start,Other,1903-07-01,3129.84,3643.4175
M47826,cold_start,Other,1903-08-01,4041.34,3804.1562
M47826,cold_start,Other,1903-09-01,2197.66,3951.5005
M47826,cold_start,Other,1903-10-01,3453.02,3643.4175
M47826,cold_start,Other,1903-11-01,2197.66,3884.526
M47826,cold_start,Other,1903-12-01,3599.37,3804.1562
M47826,cold_start,Other,1904-01-01,3453.02,3804.1565
M47826,cold_start,Other,1904-02-01,3152.45,3857.736
M47826,cold_start,Other,1904-03-01,3599.37,3924.711
M47826,cold_start,Other,1904-04-01,3593.13,4018.475
M47826,cold_start,Other,1904-05-01,3989.68,3804.1562
M47826,cold_start,Other,1904-06-01,3593.13,3737.1816
M47826,cold_start,Other,1904-07-01,4153.56,3978.2905
M47826,cold_start,Other,1904-08-01,3989.68,3830.9463
M47826,cold_start,Other,1904-09-01,2368.83,3991.6853
M47826,cold_start,Other,1904-10-01,4153.56,3710.392
M47826,cold_start,Other,1904-11-01,3623.77,4085.4497
M47826,cold_start,Other,1904-12-01,3554.27,3830.9463
M47827,short,Other,1905-06-01,1075.5,1285.4995
M47827,short,Other,1905-07-01,1291.0,1202.8604
M47827,short,Other,1905-08-01,2554.8,1377.321
M47827,short,Other,1905-09-01,1597.7,2249.6243
M47827,short,Other,1905-10-01,1291.0,1239.5889
M47827,short,Other,1905-11-01,1439.0,1212.0425
M47827,short,Other,1905-12-01,2546.3,1597.6924
M47827,short,Other,1906-01-01,1439.0,1928.2494
M47827,short,Other,1906-02-01,1170.9,1202.8604
M47827,short,Other,1906-03-01,2546.3,1212.0425
M47827,short,Other,1906-04-01,1444.9,1781.3351
M47827,short,Other,1906-05-01,1170.9,1873.1565
M47827,short,Other,1906-06-01,1734.8,1368.1388
M47827,short,Other,1906-07-01,2102.0,1303.8638
M47827,short,Other,1906-08-01,1734.8,2001.7065
M47827,short,Other,1906-09-01,1415.9,1551.7816
M47827,short,Other,1906-10-01,2102.0,1322.2281
M47827,short,Other,1906-11-01,1031.1,1395.6853
M47830,cold_start,Other,1904-03-01,3815.57,4462.7803
M47830,cold_start,Other,1904-04-01,3444.75,5598.4697
M47830,cold_start,Other,1904-05-01,4680.05,4574.75
M47830,cold_start,Other,1904-06-01,3815.57,3231.117
M47830,cold_start,Other,1904-07-01,2338.51,2655.2744
M47830,cold_start,Other,1904-08-01,4680.05,5230.571
M47830,cold_start,Other,1904-09-01,5181.93,4894.662
M47830,cold_start,Other,1904-10-01,3668.46,3567.0254
M47830,cold_start,Other,1904-11-01,5181.93,5630.461
M47830,cold_start,Other,1904-12-01,5068.93,5070.6143
M47830,cold_start,Other,1905-01-01,3668.46,3135.1433
M47830,cold_start,Other,1905-02-01,2134.41,2783.2393
M47830,cold_start,Other,1905-03-01,5068.93,5198.5796
M47830,cold_start,Other,1905-04-01,5192.91,5518.4917
M47830,cold_start,Other,1905-05-01,2761.09,3742.977
M47830,cold_start,Other,1905-06-01,5086.02,5598.4697
M47830,cold_start,Other,1905-07-01,3701.6,5278.5576
M47830,cold_start,Other,1905-08-01,2704.25,2927.2
M47841,short,Other,1909-12-01,9889.01,7332.3086
M47841,short,Other,1910-01-01,6405.3,7526.542
M47841,short,Other,1910-02-01,6039.33,7332.3086
M47841,short,Other,1910-03-01,7105.31,7599.3794
M47841,short,Other,1910-04-01,6518.56,6798.167
M47841,short,Other,1910-05-01,5283.29,5414.2544
M47841,short,Other,1910-06-01,3632.19,4078.9001
M47841,short,Other,1910-07-01,2175.81,3132.0127
M47841,short,Other,1910-08-01,2311.32,3399.0835
M47841,short,Other,1910-09-01,2833.62,4297.413
M47841,short,Other,1910-10-01,4304.89,6288.3047
M47841,short,Other,1910-11-01,7304.0,7769.334
M47841,short,Other,1910-12-01,6346.38,8327.754
M47841,short,Other,1911-01-01,6044.27,7453.704
M47841,short,Other,1911-02-01,4983.15,7065.2383
M47841,short,Other,1911-03-01,6031.02,7308.0293
M47841,short,Other,1911-04-01,5999.76,6628.213
M47841,short,Other,1911-05-01,3434.13,5875.5586
M47845,cold_start,Other,1903-10-01,2491.164,3423.1587
M47845,cold_start,Other,1903-11-01,6715.271,4294.508
M47845,cold_start,Other,1903-12-01,5694.013,3423.1587
M47845,cold_start,Other,1904-01-01,2491.164,3392.039
M47845,cold_start,Other,1904-02-01,1417.209,4138.91
M47845,cold_start,Other,1904-03-01,2720.992,3656.5562
M47845,cold_start,Other,1904-04-01,1417.209,3594.317
M47845,cold_start,Other,1904-05-01,1096.62,3843.274
M47845,cold_start,Other,1904-06-01,2720.992,4076.671
M47845,cold_start,Other,1904-07-01,2526.179,3734.355
M47845,cold_start,Other,1904-08-01,1096.62,3734.355
M47845,cold_start,Other,1904-09-01,2195.828,3578.7568
M47845,cold_start,Other,1904-10-01,5629.171,3703.2354
M47845,cold_start,Other,1904-11-01,2195.828,3812.154
M47845,cold_start,Other,1904-12-01,2122.351,3360.9194
M47845,cold_start,Other,1905-01-01,5629.171,3687.6758
M47845,cold_start,Other,1905-02-01,5312.65,3563.197
M47845,cold_start,Other,1905-03-01,2122.351,3687.6758
M47849,cold_start,Other,1902-12-01,5563.5,8955.1875
M47849,cold_start,Other,1903-01-01,7669.7,8815.988
M47849,cold_start,Other,1903-02-01,8513.9,9047.988
M47849,cold_start,Other,1903-03-01,6103.2,8212.789
M47849,cold_start,Other,1903-04-01,5320.3,7887.9897
M47849,cold_start,Other,1903-05-01,3846.4,7168.79
M47849,cold_start,Other,1903-06-01,3650.5,7029.591
M47849,cold_start,Other,1903-07-01,4462.7,6751.1914
M47849,cold_start,Other,1903-08-01,6596.3,6681.5913
M47849,cold_start,Other,1903-09-01,8279.6,7075.99
M47849,cold_start,Other,1903-10-01,6470.2,7400.79
M47849,cold_start,Other,1903-11-01,8586.6,7771.99
M47849,cold_start,Other,1903-12-01,7026.4,8096.789
M47849,cold_start,Other,1904-01-01,6829.1,7586.3896
M47849,cold_start,Other,1904-02-01,5923.5,7655.9897
M47849,cold_start,Other,1904-03-01,5534.1,7516.79
M47849,cold_start,Other,1904-04-01,3445.4,7725.59
M47849,cold_start,Other,1904-05-01,3257.1,7748.79
M47851,cold_start,Other,1902-02-01,5486.3,8469.039
M47851,cold_start,Other,1902-03-01,8499.3,7716.8545
M47851,cold_start,Other,1902-04-01,9840.1,7716.8545
M47851,cold_start,Other,1902-05-01,7698.5,8051.159
M47851,cold_start,Other,1902-06-01,8571.9,7911.865
M47851,cold_start,Other,1902-07-01,6389.7,7521.8438
M47851,cold_start,Other,1902-08-01,6634.5,7271.1157
M47851,cold_start,Other,1902-09-01,6528.4,7326.833
M47851,cold_start,Other,1902-10-01,7376.7,7354.6914
M47851,cold_start,Other,1902-11-01,9093.9,7911.865
M47851,cold_start,Other,1902-12-01,5634.9,7884.007
M47851,cold_start,Other,1903-01-01,6212.6,7800.4307
M47851,cold_start,Other,1903-02-01,6813.3,7549.702
M47851,cold_start,Other,1903-03-01,6056.8,7772.5723
M47851,cold_start,Other,1903-04-01,7461.9,7354.692
M47851,cold_start,Other,1903-05-01,6935.1,7493.9854
M47851,cold_start,Other,1903-06-01,7051.9,7884.007
M47851,cold_start,Other,1903-07-01,6708.1,8023.3003
M47855,cold_start,Other,1903-10-01,2462.2,3206.531
M47855,cold_start,Other,1903-11-01,6637.4,3363.7139
M47855,cold_start,Other,1903-12-01,5628.0,3190.8127
M47855,cold_start,Other,1904-01-01,2462.2,3253.686
M47855,cold_start,Other,1904-02-01,1396.6,3363.7139
M47855,cold_start,Other,1904-03-01,2681.3,3426.5872
M47855,cold_start,Other,1904-04-01,1396.6,3740.9526
M47855,cold_start,Other,1904-05-01,1080.7,3410.8687
M47855,cold_start,Other,1904-06-01,2681.3,3395.1504
M47855,cold_start,Other,1904-07-01,2489.3,3756.6711
M47855,cold_start,Other,1904-08-01,1080.7,3630.9248
M47855,cold_start,Other,1904-09-01,2143.2,3395.1504
M47855,cold_start,Other,1904-10-01,5494.1,3395.1504
M47855,cold_start,Other,1904-11-01,2143.2,3583.77
M47855,cold_start,Other,1904-12-01,2071.4,3206.531
M47855,cold_start,Other,1905-01-01,5494.1,3316.559
M47855,cold_start,Other,1905-02-01,5185.2,3222.2493
M47855,cold_start,Other,1905-03-01,2071.4,3363.7139
M47865,medium,Other,1914-08-01,1514.0,1499.6951
M47865,medium,Other,1914-09-01,1530.0,1504.6609
M47865,medium,Other,1914-10-01,1522.0,1519.5586
M47865,medium,Other,1914-11-01,1452.0,1504.6609
M47865,medium,Other,1914-12-01,1461.0,1499.6951
M47865,medium,Other,1915-01-01,1440.0,1509.6268
M47865,medium,Other,1915-02-01,1442.0,1494.7292
M47865,medium,Other,1915-03-01,1451.0,1499.6951
M47865,medium,Other,1915-04-01,1462.0,1494.7292
M47865,medium,Other,1915-05-01,1474.0,1489.7633
M47865,medium,Other,1915-06-01,1493.0,1499.6951
M47865,medium,Other,1915-07-01,1493.0,1499.6951
M47865,medium,Other,1915-08-01,1484.0,1514.5928
M47865,medium,Other,1915-09-01,1470.0,1499.6951
M47865,medium,Other,1915-10-01,1475.0,1509.6268
M47865,medium,Other,1915-11-01,1480.0,1519.5586
M47865,medium,Other,1915-12-01,1474.0,1499.6951
M47865,medium,Other,1916-01-01,1529.0,1494.7292
M47871,medium,Other,1917-09-01,989.0,1003.09937
M47871,medium,Other,1917-10-01,965.0,1007.22736
M47871,medium,Other,1917-11-01,999.0,986.5874
M47871,medium,Other,1917-12-01,1002.0,990.71545
M47871,medium,Other,1918-01-01,996.0,990.7154
M47871,medium,Other,1918-02-01,967.0,990.7154
M47871,medium,Other,1918-03-01,1028.0,982.4594
M47871,medium,Other,1918-04-01,971.0,978.3314
M47871,medium,Other,1918-05-01,1051.0,974.2035
M47871,medium,Other,1918-06-01,969.0,970.0755
M47871,medium,Other,1918-07-01,1004.0,970.0755
M47871,medium,Other,1918-08-01,995.0,982.4594
M47871,medium,Other,1918-09-01,1007.0,978.3314
M47871,medium,Other,1918-10-01,1048.0,1007.2273
M47871,medium,Other,1918-11-01,972.0,994.8434
M47871,medium,Other,1918-12-01,992.0,945.3076
M47871,medium,Other,1919-01-01,958.0,974.2035
M47871,medium,Other,1919-02-01,1030.0,961.8196
M47881,medium,Other,1917-09-01,842.0,829.70483
M47881,medium,Other,1917-10-01,945.0,914.8028
M47881,medium,Other,1917-11-01,991.0,994.58215
M47881,medium,Other,1917-12-01,1071.0,1069.0428
M47881,medium,Other,1918-01-01,1131.0,1084.9987
M47881,medium,Other,1918-02-01,1075.0,1031.8125
M47881,medium,Other,1918-03-01,1075.0,1042.4497
M47881,medium,Other,1918-04-01,1003.0,957.3518
M47881,medium,Other,1918-05-01,1004.0,957.3518
M47881,medium,Other,1918-06-01,910.0,882.8911
M47881,medium,Other,1918-07-01,902.0,861.61664
M47881,medium,Other,1918-08-01,867.0,781.8373
M47881,medium,Other,1918-09-01,902.0,845.66077
M47881,medium,Other,1918-10-01,1001.0,936.07733
M47881,medium,Other,1918-11-01,1055.0,1015.85657
M47881,medium,Other,1918-12-01,1075.0,1095.6359
M47881,medium,Other,1919-01-01,1146.0,1122.2291
M47881,medium,Other,1919-02-01,1125.0,1084.9987
M47882,long_history,Other,1927-09-01,9950.0,9947.022
M47882,long_history,Other,1927-10-01,9920.0,9947.022
M47882,long_history,Other,1927-11-01,9890.0,9947.022
M47882,long_history,Other,1927-12-01,9880.0,9947.022
M47882,long_history,Other,1928-01-01,9730.0,9809.821
M47882,long_history,Other,1928-02-01,9790.0,9878.422
M47882,long_history,Other,1928-03-01,9820.0,9912.723
M47882,long_history,Other,1928-04-01,9780.0,9878.422
M47882,long_history,Other,1928-05-01,9770.0,9878.422
M47882,long_history,Other,1928-06-01,9750.0,9809.821
M47882,long_history,Other,1928-07-01,9620.0,9741.221
M47882,long_history,Other,1928-08-01,9690.0,9741.221
M47882,long_history,Other,1928-09-01,9720.0,9809.821
M47882,long_history,Other,1928-10-01,9760.0,9809.821
M47882,long_history,Other,1928-11-01,9710.0,9844.121
M47882,long_history,Other,1928-12-01,9660.0,9809.821
M47882,long_history,Other,1929-01-01,9560.0,9672.621
M47882,long_history,Other,1929-02-01,9590.0,9706.921
M47883,long_history,Other,1926-09-01,9850.0,9919.509
M47883,long_history,Other,1926-10-01,9880.0,9919.509
M47883,long_history,Other,1926-11-01,9860.0,9919.509
M47883,long_history,Other,1926-12-01,9820.0,9847.628
M47883,long_history,Other,1927-01-01,9670.0,9775.748
M47883,long_history,Other,1927-02-01,9710.0,9775.748
M47883,long_history,Other,1927-03-01,9780.0,9847.628
M47883,long_history,Other,1927-04-01,9710.0,9811.6875
M47883,long_history,Other,1927-05-01,9720.0,9811.6875
M47883,long_history,Other,1927-06-01,9690.0,9775.748
M47883,long_history,Other,1927-07-01,9570.0,9703.867
M47883,long_history,Other,1927-08-01,9610.0,9739.808
M47883,long_history,Other,1927-09-01,9580.0,9811.6875
M47883,long_history,Other,1927-10-01,9650.0,9847.628
M47883,long_history,Other,1927-11-01,9550.0,9847.628
M47883,long_history,Other,1927-12-01,9550.0,9811.6875
M47883,long_history,Other,1928-01-01,9450.0,9739.808
M47883,long_history,Other,1928-02-01,9520.0,9775.748
M47885,medium,Other,1914-08-01,1530.0,1530.0275
M47885,medium,Other,1914-09-01,1542.0,1530.0275
M47885,medium,Other,1914-10-01,1551.0,1530.0275
M47885,medium,Other,1914-11-01,1551.0,1530.0275
M47885,medium,Other,1914-12-01,1563.0,1530.0275
M47885,medium,Other,1915-01-01,1556.0,1539.5903
M47885,medium,Other,1915-02-01,1565.0,1539.5903
M47885,medium,Other,1915-03-01,1569.0,1544.3716
M47885,medium,Other,1915-04-01,1574.0,1534.8088
M47885,medium,Other,1915-05-01,1575.0,1539.5902
M47885,medium,Other,1915-06-01,1570.0,1539.5903
M47885,medium,Other,1915-07-01,1580.0,1544.3716
M47885,medium,Other,1915-08-01,1584.0,1549.153
M47885,medium,Other,1915-09-01,1580.0,1549.153
M47885,medium,Other,1915-10-01,1582.0,1553.9343
M47885,medium,Other,1915-11-01,1583.0,1553.9343
M47885,medium,Other,1915-12-01,1594.0,1553.9343
M47885,medium,Other,1916-01-01,1599.0,1553.9343
M47887,medium,Other,1914-08-01,1536.0,1501.6874
M47887,medium,Other,1914-09-01,1545.0,1492.2428
M47887,medium,Other,1914-10-01,1564.0,1492.2428
M47887,medium,Other,1914-11-01,1531.0,1501.6874
M47887,medium,Other,1914-12-01,1516.0,1506.4097
M47887,medium,Other,1915-01-01,1535.0,1506.4097
M47887,medium,Other,1915-02-01,1542.0,1511.1318
M47887,medium,Other,1915-03-01,1568.0,1501.6874
M47887,medium,Other,1915-04-01,1593.0,1501.6874
M47887,medium,Other,1915-05-01,1631.0,1506.4097
M47887,medium,Other,1915-06-01,1621.0,1496.9651
M47887,medium,Other,1915-07-01,1612.0,1501.6874
M47887,medium,Other,1915-08-01,1623.0,1496.9651
M47887,medium,Other,1915-09-01,1597.0,1496.9651
M47887,medium,Other,1915-10-01,1621.0,1496.9651
M47887,medium,Other,1915-11-01,1615.0,1501.6874
M47887,medium,Other,1915-12-01,1621.0,1511.1318
M47887,medium,Other,1916-01-01,1646.0,1501.6874
M47890,medium,Other,1917-08-01,9690.0,9596.904
M47890,medium,Other,1917-09-01,9680.0,9665.946
M47890,medium,Other,1917-10-01,9860.0,9493.34
M47890,medium,Other,1917-11-01,9930.0,9562.383
M47890,medium,Other,1917-12-01,9830.0,9665.946
M47890,medium,Other,1918-01-01,9860.0,9804.031
M47890,medium,Other,1918-02-01,9920.0,9631.426
M47890,medium,Other,1918-03-01,9890.0,9596.904
M47890,medium,Other,1918-04-01,9940.0,9665.946
M47890,medium,Other,1918-05-01,9980.0,9665.946
M47890,medium,Other,1918-06-01,10030.0,9665.946
M47890,medium,Other,1918-07-01,9980.0,9804.031
M47890,medium,Other,1918-08-01,10000.0,9734.988
M47890,medium,Other,1918-09-01,10070.0,9734.988
M47890,medium,Other,1918-10-01,10070.0,9665.946
M47890,medium,Other,1918-11-01,10220.0,9596.904
M47890,medium,Other,1918-12-01,10050.0,9665.946
M47890,medium,Other,1919-01-01,10120.0,9596.904
M47899,long_history,Other,1928-07-01,5760.0,5733.0903
M47899,long_history,Other,1928-08-01,5570.0,5626.922
M47899,long_history,Other,1928-09-01,5370.0,5485.3633
M47899,long_history,Other,1928-10-01,5180.0,5449.974
M47899,long_history,Other,1928-11-01,4990.0,5379.1953
M47899,long_history,Other,1928-12-01,4870.0,5237.6377
M47899,long_history,Other,1929-01-01,4800.0,5166.859
M47899,long_history,Other,1929-02-01,4750.0,5060.6904
M47899,long_history,Other,1929-03-01,4710.0,4989.9116
M47899,long_history,Other,1929-04-01,4730.0,4919.133
M47899,long_history,Other,1929-05-01,4700.0,4812.9644
M47899,long_history,Other,1929-06-01,4700.0,4777.575
M47899,long_history,Other,1929-07-01,4650.0,4742.1855
M47899,long_history,Other,1929-08-01,4710.0,4777.575
M47899,long_history,Other,1929-09-01,4750.0,4848.3535
M47899,long_history,Other,1929-10-01,4770.0,4989.9116
M47899,long_history,Other,1929-11-01,4740.0,5166.859
M47899,long_history,Other,1929-12-01,4880.0,5379.1953
M47901,long_history,Other,1928-07-01,609.0,612.60895
M47901,long_history,Other,1928-08-01,586.0,588.7411
M47901,long_history,Other,1928-09-01,569.0,572.82916
M47901,long_history,Other,1928-10-01,554.0,552.9392
M47901,long_history,Other,1928-11-01,537.0,541.0053
M47901,long_history,Other,1928-12-01,515.0,533.0494
M47901,long_history,Other,1929-01-01,502.0,533.0494
M47901,long_history,Other,1929-02-01,495.0,529.0714
M47901,long_history,Other,1929-03-01,489.0,533.0494
M47901,long_history,Other,1929-04-01,497.0,541.0053
M47901,long_history,Other,1929-05-01,494.0,552.9392
M47901,long_history,Other,1929-06-01,491.0,560.89526
M47901,long_history,Other,1929-07-01,491.0,572.8292
M47901,long_history,Other,1929-08-01,488.0,580.78516
M47901,long_history,Other,1929-09-01,482.0,572.82916
M47901,long_history,Other,1929-10-01,475.0,584.7631
M47901,long_history,Other,1929-11-01,466.0,596.697
M47901,long_history,Other,1929-12-01,453.0,612.60895
M47902,long_history,Other,1928-07-01,734.0,723.7676
M47902,long_history,Other,1928-08-01,714.0,703.0885
M47902,long_history,Other,1928-09-01,693.0,687.5792
M47902,long_history,Other,1928-10-01,675.0,672.06995
M47902,long_history,Other,1928-11-01,655.0,672.06995
M47902,long_history,Other,1928-12-01,630.0,666.90015
M47902,long_history,Other,1929-01-01,619.0,666.90015
M47902,long_history,Other,1929-02-01,608.0,672.06995
M47902,long_history,Other,1929-03-01,600.0,677.23975
M47902,long_history,Other,1929-04-01,604.0,682.4095
M47902,long_history,Other,1929-05-01,598.0,682.4095
M47902,long_history,Other,1929-06-01,591.0,692.749
M47902,long_history,Other,1929-07-01,591.0,703.0885
M47902,long_history,Other,1929-08-01,586.0,708.2583
M47902,long_history,Other,1929-09-01,583.0,718.59784
M47902,long_history,Other,1929-10-01,584.0,728.9374
M47902,long_history,Other,1929-11-01,579.0,739.277
M47902,long_history,Other,1929-12-01,569.0,754.78625
M47903,long_history,Other,1928-07-01,1155.0,1140.8492
M47903,long_history,Other,1928-08-01,1127.0,1094.5986
M47903,long_history,Other,1928-09-01,1101.0,1063.7648
M47903,long_history,Other,1928-10-01,1079.0,1040.6394
M47903,long_history,Other,1928-11-01,1061.0,1025.2227
M47903,long_history,Other,1928-12-01,1052.0,1017.51416
M47903,long_history,Other,1929-01-01,1041.0,994.3888
M47903,long_history,Other,1929-02-01,1061.0,986.68036
M47903,long_history,Other,1929-03-01,1064.0,1009.80566
M47903,long_history,Other,1929-04-01,1069.0,1025.2227
M47903,long_history,Other,1929-05-01,1073.0,1048.3479
M47903,long_history,Other,1929-06-01,1070.0,1079.1816
M47903,long_history,Other,1929-07-01,1067.0,1110.0155
M47903,long_history,Other,1929-08-01,1072.0,1140.8492
M47903,long_history,Other,1929-09-01,1064.0,1148.5576
M47903,long_history,Other,1929-10-01,1065.0,1163.9746
M47903,long_history,Other,1929-11-01,1055.0,1187.0999
M47903,long_history,Other,1929-12-01,1047.0,1248.7673
M47904,cold_start,Other,1903-07-01,1078.0,1080.8846
M47904,cold_start,Other,1903-08-01,1078.0,1080.8846
M47904,cold_start,Other,1903-09-01,1078.0,1080.8846
M47904,cold_start,Other,1903-10-01,1078.0,1080.8846
M47904,cold_start,Other,1903-11-01,1088.0,1080.8846
M47904,cold_start,Other,1903-12-01,1088.0,1080.8846
M47904,cold_start,Other,1904-01-01,1088.0,1080.8846
M47904,cold_start,Other,1904-02-01,1087.0,1080.8846
M47904,cold_start,Other,1904-03-01,1087.0,1080.8846
M47904,cold_start,Other,1904-04-01,1071.0,1080.8846
M47904,cold_start,Other,1904-05-01,1087.0,1080.8846
M47904,cold_start,Other,1904-06-01,1087.0,1080.8846
M47904,cold_start,Other,1904-07-01,1087.0,1080.8846
M47904,cold_start,Other,1904-08-01,1087.0,1080.8846
M47904,cold_start,Other,1904-09-01,1087.0,1080.8846
M47904,cold_start,Other,1904-10-01,1087.0,1080.8846
M47904,cold_start,Other,1904-11-01,1102.0,1080.8846
M47904,cold_start,Other,1904-12-01,1102.0,1080.8846
M47914,long_history,Other,1927-09-01,2296.0,2309.5415
M47914,long_history,Other,1927-10-01,2286.0,2309.5415
M47914,long_history,Other,1927-11-01,2268.0,2297.3215
M47914,long_history,Other,1927-12-01,2269.0,2297.3215
M47914,long_history,Other,1928-01-01,2225.0,2309.5415
M47914,long_history,Other,1928-02-01,2231.0,2309.5415
M47914,long_history,Other,1928-03-01,2245.0,2309.5415
M47914,long_history,Other,1928-04-01,2261.0,2321.7612
M47914,long_history,Other,1928-05-01,2272.0,2333.981
M47914,long_history,Other,1928-06-01,2279.0,2333.981
M47914,long_history,Other,1928-07-01,2296.0,2333.981
M47914,long_history,Other,1928-08-01,2305.0,2333.981
M47914,long_history,Other,1928-09-01,2273.0,2340.0908
M47914,long_history,Other,1928-10-01,2265.0,2346.2007
M47914,long_history,Other,1928-11-01,2262.0,2333.981
M47914,long_history,Other,1928-12-01,2286.0,2333.981
M47914,long_history,Other,1929-01-01,2240.0,2327.871
M47914,long_history,Other,1929-02-01,2247.0,2327.871
M47919,medium,Other,1918-09-01,10140.0,10097.654
M47919,medium,Other,1918-10-01,9920.0,10097.654
M47919,medium,Other,1918-11-01,10040.0,10170.825
M47919,medium,Other,1918-12-01,9960.0,10024.482
M47919,medium,Other,1919-01-01,9600.0,9987.896
M47919,medium,Other,1919-02-01,9910.0,10170.825
M47919,medium,Other,1919-03-01,10110.0,10170.825
M47919,medium,Other,1919-04-01,10060.0,10170.825
M47919,medium,Other,1919-05-01,10100.0,10243.997
M47919,medium,Other,1919-06-01,10070.0,10061.068
M47919,medium,Other,1919-07-01,9720.0,9987.896
M47919,medium,Other,1919-08-01,9940.0,10170.825
M47919,medium,Other,1919-09-01,10070.0,10207.411
M47919,medium,Other,1919-10-01,9840.0,10207.411
M47919,medium,Other,1919-11-01,10290.0,10243.997
M47919,medium,Other,1919-12-01,10290.0,10097.654
M47919,medium,Other,1920-01-01,9790.0,10134.24
M47919,medium,Other,1920-02-01,10020.0,10243.997
M47923,short,Other,1909-09-01,1066.0,1070.667
M47923,short,Other,1909-10-01,1059.0,1070.667
M47923,short,Other,1909-11-01,1036.0,1064.7188
M47923,short,Other,1909-12-01,1015.0,1064.7188
M47923,short,Other,1910-01-01,1006.0,1058.7706
M47923,short,Other,1910-02-01,1006.0,1052.8225
M47923,short,Other,1910-03-01,1001.0,1046.8744
M47923,short,Other,1910-04-01,992.0,1046.8744
M47923,short,Other,1910-05-01,1016.0,1040.9263
M47923,short,Other,1910-06-01,1027.0,1040.9263
M47923,short,Other,1910-07-01,988.0,1034.978
M47923,short,Other,1910-08-01,999.0,1029.0298
M47923,short,Other,1910-09-01,998.0,1029.0298
M47923,short,Other,1910-10-01,1002.0,1023.0817
M47923,short,Other,1910-11-01,993.0,1023.0817
M47923,short,Other,1910-12-01,971.0,1017.13354
M47923,short,Other,1911-01-01,954.0,1023.08167
M47923,short,Other,1911-02-01,967.0,1017.13354
M47928,short,Other,1909-09-01,10090.0,10080.309
M47928,short,Other,1909-10-01,10020.0,10080.309
M47928,short,Other,1909-11-01,10030.0,10080.309
M47928,short,Other,1909-12-01,10010.0,10016.509
M47928,short,Other,1910-01-01,9870.0,10016.509
M47928,short,Other,1910-02-01,10000.0,10112.208
M47928,short,Other,1910-03-01,10050.0,10112.208
M47928,short,Other,1910-04-01,9980.0,10112.208
M47928,short,Other,1910-05-01,10020.0,10144.107
M47928,short,Other,1910-06-01,9990.0,10144.107
M47928,short,Other,1910-07-01,9880.0,10112.208
M47928,short,Other,1910-08-01,10000.0,10112.208
M47928,short,Other,1910-09-01,10050.0,10239.808
M47928,short,Other,1910-10-01,9950.0,10303.607
M47928,short,Other,1910-11-01,10120.0,10239.808
M47928,short,Other,1910-12-01,10110.0,10303.607
M47928,short,Other,1911-01-01,9950.0,10271.708
M47928,short,Other,1911-02-01,10060.0,10271.708
M47929,medium,Other,1922-05-01,10140.0,10139.3955
M47929,medium,Other,1922-06-01,9920.0,10072.248
M47929,medium,Other,1922-07-01,10040.0,10172.97
M47929,medium,Other,1922-08-01,9960.0,10105.822
M47929,medium,Other,1922-09-01,9600.0,9937.951
M47929,medium,Other,1922-10-01,9910.0,10105.822
M47929,medium,Other,1922-11-01,10110.0,10240.118
M47929,medium,Other,1922-12-01,10060.0,10072.248
M47929,medium,Other,1923-01-01,10100.0,10206.544
M47929,medium,Other,1923-02-01,10070.0,10139.3955
M47929,medium,Other,1923-03-01,9720.0,9937.951
M47929,medium,Other,1923-04-01,9940.0,10139.3955
M47929,medium,Other,1923-05-01,10070.0,10240.118
M47929,medium,Other,1923-06-01,9840.0,10240.118
M47929,medium,Other,1923-07-01,10290.0,10273.692
M47929,medium,Other,1923-08-01,10290.0,10206.544
M47929,medium,Other,1923-09-01,9790.0,10005.1
M47929,medium,Other,1923-10-01,10020.0,10139.3955
M47940,medium,Other,1916-09-01,1010.0,971.53174
M47940,medium,Other,1916-10-01,1030.0,984.3714
M47940,medium,Other,1916-11-01,1040.0,980.09155
M47940,medium,Other,1916-12-01,1010.0,1010.05066
M47940,medium,Other,1917-01-01,1020.0,967.25183
M47940,medium,Other,1917-02-01,1000.0,984.3714
M47940,medium,Other,1917-03-01,1010.0,980.09155
M47940,medium,Other,1917-04-01,980.0,988.65125
M47940,medium,Other,1917-05-01,990.0,992.93115
M47940,medium,Other,1917-06-01,990.0,984.3714
M47940,medium,Other,1917-07-01,960.0,1001.4909
M47940,medium,Other,1917-08-01,1020.0,992.93115
M47940,medium,Other,1917-09-01,980.0,988.65125
M47940,medium,Other,1917-10-01,1000.0,975.81165
M47940,medium,Other,1917-11-01,980.0,967.25183
M47940,medium,Other,1917-12-01,1070.0,992.93115
M47940,medium,Other,1918-01-01,980.0,988.65125
M47940,medium,Other,1918-02-01,960.0,967.25183
M47942,medium,Other,1916-09-01,9900.0,9626.411
M47942,medium,Other,1916-10-01,9900.0,9626.411
M47942,medium,Other,1916-11-01,10100.0,9698.79
M47942,medium,Other,1916-12-01,9700.0,9698.79
M47942,medium,Other,1917-01-01,9900.0,9662.601
M47942,medium,Other,1917-02-01,10300.0,9626.411
M47942,medium,Other,1917-03-01,10000.0,9662.601
M47942,medium,Other,1917-04-01,9300.0,9554.032
M47942,medium,Other,1917-05-01,9900.0,9554.032
M47942,medium,Other,1917-06-01,9900.0,9554.032
M47942,medium,Other,1917-07-01,9900.0,9554.032
M47942,medium,Other,1917-08-01,10200.0,9626.411
M47942,medium,Other,1917-09-01,9900.0,9662.601
M47942,medium,Other,1917-10-01,9900.0,9626.411
M47942,medium,Other,1917-11-01,10200.0,9771.17
M47942,medium,Other,1917-12-01,10600.0,9554.032
M47942,medium,Other,1918-01-01,9700.0,9409.274
M47942,medium,Other,1918-02-01,10100.0,9192.137
M47948,medium,Other,1916-09-01,9990.0,10205.529
M47948,medium,Other,1916-10-01,10553.0,10669.417
M47948,medium,Other,1916-11-01,12077.0,11974.102
M47948,medium,Other,1916-12-01,10307.0,10379.488
M47948,medium,Other,1917-01-01,9879.0,10234.522
M47948,medium,Other,1917-02-01,11276.0,10959.347
M47948,medium,Other,1917-03-01,10862.0,10727.402
M47948,medium,Other,1917-04-01,10222.0,10118.55
M47948,medium,Other,1917-05-01,11699.0,11075.318
M47948,medium,Other,1917-06-01,9917.0,10060.564
M47948,medium,Other,1917-07-01,9451.0,9770.635
M47948,medium,Other,1917-08-01,10984.0,10669.417
M47948,medium,Other,1917-09-01,10604.0,10437.474
M47948,medium,Other,1917-10-01,10727.0,11278.27
M47948,medium,Other,1917-11-01,12193.0,12090.072
M47948,medium,Other,1917-12-01,10306.0,10611.432
M47948,medium,Other,1918-01-01,10721.0,10263.516
M47948,medium,Other,1918-02-01,12585.0,11075.318
M47950,medium,Other,1916-09-01,8641.0,7282.752
M47950,medium,Other,1916-10-01,7455.0,7282.7515
M47950,medium,Other,1916-11-01,7224.0,7333.6807
M47950,medium,Other,1916-12-01,7497.0,7308.216
M47950,medium,Other,1917-01-01,5816.0,7002.6465
M47950,medium,Other,1917-02-01,6387.0,7079.0386
M47950,medium,Other,1917-03-01,9298.0,7613.786
M47950,medium,Other,1917-04-01,7478.0,7231.823
M47950,medium,Other,1917-05-01,7354.0,7308.216
M47950,medium,Other,1917-06-01,8332.0,7461.0015
M47950,medium,Other,1917-07-01,7338.0,7206.3594
M47950,medium,Other,1917-08-01,7144.0,7537.394
M47950,medium,Other,1917-09-01,8920.0,7715.6426
M47950,medium,Other,1917-10-01,6897.0,7613.786
M47950,medium,Other,1917-11-01,7240.0,7613.786
M47950,medium,Other,1917-12-01,7850.0,7511.9297
M47950,medium,Other,1918-01-01,5871.0,7537.394
M47950,medium,Other,1918-02-01,6727.0,7919.3564
M47953,long_history,Other,1926-06-01,9970.0,9926.119
M47953,long_history,Other,1926-07-01,9820.0,9788.256
M47953,long_history,Other,1926-08-01,9890.0,9857.187
M47953,long_history,Other,1926-09-01,9950.0,9926.119
M47953,long_history,Other,1926-10-01,9920.0,9995.051
M47953,long_history,Other,1926-11-01,9890.0,9995.051
M47953,long_history,Other,1926-12-01,9880.0,9995.051
M47953,long_history,Other,1927-01-01,9730.0,9857.187
M47953,long_history,Other,1927-02-01,9790.0,9926.119
M47953,long_history,Other,1927-03-01,9820.0,9926.119
M47953,long_history,Other,1927-04-01,9780.0,9926.119
M47953,long_history,Other,1927-05-01,9770.0,9926.119
M47953,long_history,Other,1927-06-01,9750.0,9891.652
M47953,long_history,Other,1927-07-01,9620.0,9822.721
M47953,long_history,Other,1927-08-01,9690.0,9857.187
M47953,long_history,Other,1927-09-01,9720.0,9926.119
M47953,long_history,Other,1927-10-01,9760.0,9960.585
M47953,long_history,Other,1927-11-01,9710.0,9926.119
M47954,long_history,Other,1926-06-01,9910.0,9918.945
M47954,long_history,Other,1926-07-01,9810.0,9775.192
M47954,long_history,Other,1926-08-01,9870.0,9847.069
M47954,long_history,Other,1926-09-01,9850.0,9918.945
M47954,long_history,Other,1926-10-01,9880.0,9918.945
M47954,long_history,Other,1926-11-01,9860.0,9918.945
M47954,long_history,Other,1926-12-01,9820.0,9918.945
M47954,long_history,Other,1927-01-01,9670.0,9847.069
M47954,long_history,Other,1927-02-01,9710.0,9847.069
M47954,long_history,Other,1927-03-01,9780.0,9918.945
M47954,long_history,Other,1927-04-01,9710.0,9918.945
M47954,long_history,Other,1927-05-01,9720.0,9918.945
M47954,long_history,Other,1927-06-01,9690.0,9918.945
M47954,long_history,Other,1927-07-01,9570.0,9775.192
M47954,long_history,Other,1927-08-01,9610.0,9847.069
M47954,long_history,Other,1927-09-01,9580.0,9847.069
M47954,long_history,Other,1927-10-01,9650.0,9847.069
M47954,long_history,Other,1927-11-01,9550.0,9847.069
M47955,long_history,Other,1928-04-01,6210.0,6249.063
M47955,long_history,Other,1928-05-01,6040.0,6142.544
M47955,long_history,Other,1928-06-01,5870.0,5965.014
M47955,long_history,Other,1928-07-01,5770.0,5822.99
M47955,long_history,Other,1928-08-01,5610.0,5680.9663
M47955,long_history,Other,1928-09-01,5410.0,5609.9536
M47955,long_history,Other,1928-10-01,5200.0,5574.4478
M47955,long_history,Other,1928-11-01,4940.0,5574.4478
M47955,long_history,Other,1928-12-01,4820.0,5538.9414
M47955,long_history,Other,1929-01-01,4790.0,5538.9414
M47955,long_history,Other,1929-02-01,4740.0,5574.448
M47955,long_history,Other,1929-03-01,4700.0,5609.954
M47955,long_history,Other,1929-04-01,4730.0,5645.46
M47955,long_history,Other,1929-05-01,4710.0,5716.4717
M47955,long_history,Other,1929-06-01,4700.0,5822.99
M47955,long_history,Other,1929-07-01,4670.0,5929.5083
M47955,long_history,Other,1929-08-01,4750.0,6036.0264
M47955,long_history,Other,1929-09-01,4780.0,6142.544
M47956,long_history,Other,1928-04-01,692.0,690.51874
M47956,long_history,Other,1928-05-01,666.0,666.5702
M47956,long_history,Other,1928-06-01,638.0,646.613
M47956,long_history,Other,1928-07-01,615.0,626.65576
M47956,long_history,Other,1928-08-01,596.0,614.68146
M47956,long_history,Other,1928-09-01,579.0,602.70715
M47956,long_history,Other,1928-10-01,558.0,590.73285
M47956,long_history,Other,1928-11-01,530.0,582.74994
M47956,long_history,Other,1928-12-01,506.0,570.77563
M47956,long_history,Other,1929-01-01,489.0,570.77563
M47956,long_history,Other,1929-02-01,485.0,574.7671
M47956,long_history,Other,1929-03-01,489.0,598.7157
M47956,long_history,Other,1929-04-01,498.0,598.7157
M47956,long_history,Other,1929-05-01,495.0,602.70715
M47956,long_history,Other,1929-06-01,497.0,598.7157
M47956,long_history,Other,1929-07-01,500.0,598.7157
M47956,long_history,Other,1929-08-01,498.0,594.72424
M47956,long_history,Other,1929-09-01,492.0,590.7328
M47958,long_history,Other,1928-04-01,822.0,819.97894
M47958,long_history,Other,1928-05-01,794.0,788.8405
M47958,long_history,Other,1928-06-01,762.0,773.2713
M47958,long_history,Other,1928-07-01,742.0,757.7021
M47958,long_history,Other,1928-08-01,722.0,747.32263
M47958,long_history,Other,1928-09-01,699.0,726.56366
M47958,long_history,Other,1928-10-01,679.0,716.18414
M47958,long_history,Other,1928-11-01,647.0,716.18414
M47958,long_history,Other,1928-12-01,617.0,716.18414
M47958,long_history,Other,1929-01-01,606.0,726.56366
M47958,long_history,Other,1929-02-01,601.0,716.18414
M47958,long_history,Other,1929-03-01,599.0,721.3739
M47958,long_history,Other,1929-04-01,607.0,731.7534
M47958,long_history,Other,1929-05-01,601.0,742.1328
M47958,long_history,Other,1929-06-01,601.0,752.5123
M47958,long_history,Other,1929-07-01,600.0,762.89185
M47958,long_history,Other,1929-08-01,595.0,768.08154
M47958,long_history,Other,1929-09-01,593.0,778.46106
M47959,long_history,Other,1928-04-01,1291.0,1299.726
M47959,long_history,Other,1928-05-01,1232.0,1268.7802
M47959,long_history,Other,1928-06-01,1184.0,1222.3612
M47959,long_history,Other,1928-07-01,1164.0,1183.679
M47959,long_history,Other,1928-08-01,1145.0,1152.7332
M47959,long_history,Other,1928-09-01,1116.0,1129.5238
M47959,long_history,Other,1928-10-01,1081.0,1106.3145
M47959,long_history,Other,1928-11-01,1025.0,1106.3143
M47959,long_history,Other,1928-12-01,1026.0,1098.5779
M47959,long_history,Other,1929-01-01,1024.0,1106.3143
M47959,long_history,Other,1929-02-01,1056.0,1121.7874
M47959,long_history,Other,1929-03-01,1079.0,1152.7332
M47959,long_history,Other,1929-04-01,1073.0,1183.679
M47959,long_history,Other,1929-05-01,1067.0,1222.3613
M47959,long_history,Other,1929-06-01,1085.0,1284.253
M47959,long_history,Other,1929-07-01,1086.0,1338.4083
M47959,long_history,Other,1929-08-01,1112.0,1400.2999
M47959,long_history,Other,1929-09-01,1098.0,1485.4011
M47970,medium,Other,1914-05-01,3520.0,3500.301
M47970,medium,Other,1914-06-01,3480.0,3500.301
M47970,medium,Other,1914-07-01,3530.0,3512.0469
M47970,medium,Other,1914-08-01,3570.0,3488.5552
M47970,medium,Other,1914-09-01,3570.0,3453.3171
M47970,medium,Other,1914-10-01,3560.0,3488.5552
M47970,medium,Other,1914-11-01,3410.0,3465.063
M47970,medium,Other,1914-12-01,3480.0,3547.285
M47970,medium,Other,1915-01-01,3440.0,3570.7766
M47970,medium,Other,1915-02-01,3460.0,3547.285
M47970,medium,Other,1915-03-01,3640.0,3547.2847
M47970,medium,Other,1915-04-01,3520.0,3559.0308
M47970,medium,Other,1915-05-01,3490.0,3465.063
M47970,medium,Other,1915-06-01,3520.0,3476.809
M47970,medium,Other,1915-07-01,3560.0,3547.2847
M47970,medium,Other,1915-08-01,3540.0,3535.539
M47970,medium,Other,1915-09-01,3450.0,3453.3171
M47970,medium,Other,1915-10-01,3460.0,3465.063
M47974,medium,Other,1914-05-01,1484.0,1466.8912
M47974,medium,Other,1914-06-01,1468.0,1471.8469
M47974,medium,Other,1914-07-01,1490.0,1471.8469
M47974,medium,Other,1914-08-01,1506.0,1456.9797
M47974,medium,Other,1914-09-01,1505.0,1476.8026
M47974,medium,Other,1914-10-01,1501.0,1442.1127
M47974,medium,Other,1914-11-01,1438.0,1466.8912
M47974,medium,Other,1914-12-01,1466.0,1476.8026
M47974,medium,Other,1915-01-01,1451.0,1471.8469
M47974,medium,Other,1915-02-01,1459.0,1486.7141
M47974,medium,Other,1915-03-01,1536.0,1506.5369
M47974,medium,Other,1915-04-01,1486.0,1506.5369
M47974,medium,Other,1915-05-01,1473.0,1496.6255
M47974,medium,Other,1915-06-01,1486.0,1476.8026
M47974,medium,Other,1915-07-01,1503.0,1536.2711
M47974,medium,Other,1915-08-01,1492.0,1516.4482
M47974,medium,Other,1915-09-01,1456.0,1486.714
M47974,medium,Other,1915-10-01,1460.0,1521.404
M47981,short,Other,1913-07-01,5236.0,5263.534
M47981,short,Other,1913-08-01,5911.0,5950.417
M47981,short,Other,1913-09-01,6595.0,6390.3315
M47981,short,Other,1913-10-01,973.0,933.85284
M47981,short,Other,1913-11-01,1515.0,1435.5093
M47981,short,Other,1913-12-01,2009.0,1906.2947
M47981,short,Other,1914-01-01,2596.0,2485.1292
M47981,short,Other,1914-02-01,3200.0,3048.5278
M47981,short,Other,1914-03-01,3762.0,3596.491
M47981,short,Other,1914-04-01,4326.0,4152.172
M47981,short,Other,1914-05-01,4942.0,4785.031
M47981,short,Other,1914-06-01,5583.0,5433.325
M47981,short,Other,1914-07-01,6166.0,6135.6445
M47981,short,Other,1914-08-01,6834.0,6552.4053
M47981,short,Other,1914-09-01,928.0,980.15955
M47981,short,Other,1914-10-01,1510.0,1474.0981
M47981,short,Other,1914-11-01,2032.0,1929.448
M47981,short,Other,1914-12-01,2658.0,2516.0002
M47984,short,Other,1913-07-01,12326.0,12285.293
M47984,short,Other,1913-08-01,13551.0,13879.436
M47984,short,Other,1913-09-01,14868.0,15421.596
M47984,short,Other,1913-10-01,2714.0,2789.7495
M47984,short,Other,1913-11-01,4044.0,4141.3047
M47984,short,Other,1913-12-01,5297.0,5406.222
M47984,short,Other,1914-01-01,6630.0,6740.45
M47984,short,Other,1914-02-01,7945.0,7901.402
M47984,short,Other,1914-03-01,9266.0,9097.009
M47984,short,Other,1914-04-01,10525.0,10292.616
M47984,short,Other,1914-05-01,11790.0,11401.585
M47984,short,Other,1914-06-01,13250.0,12787.795
M47984,short,Other,1914-07-01,14753.0,14329.955
M47984,short,Other,1914-08-01,16226.0,15941.425
M47984,short,Other,1914-09-01,2808.0,2997.6812
M47984,short,Other,1914-10-01,4295.0,4297.254
M47984,short,Other,1914-11-01,5634.0,5544.8433
M47984,short,Other,1914-12-01,7051.0,6844.4165
M47990,short,Other,1907-06-01,2994.07,3087.7441
M47990,short,Other,1907-07-01,3093.98,3087.7441
M47990,short,Other,1907-08-01,3211.3,3187.102
M47990,short,Other,1907-09-01,3024.12,3202.3877
M47990,short,Other,1907-10-01,3012.45,3187.102
M47990,short,Other,1907-11-01,3059.09,3171.8162
M47990,short,Other,1907-12-01,3015.3,3202.3877
M47990,short,Other,1908-01-01,3047.65,3240.6028
M47990,short,Other,1908-02-01,3110.55,3187.102
M47990,short,Other,1908-03-01,3150.35,3225.3167
M47990,short,Other,1908-04-01,3305.85,3263.5312
M47990,short,Other,1908-05-01,3141.56,3385.8184
M47990,short,Other,1908-06-01,1605.15,3317.032
M47990,short,Other,1908-07-01,1774.77,3301.746
M47990,short,Other,1908-08-01,1533.45,3301.746
M47990,short,Other,1908-09-01,1528.01,3416.3901
M47990,short,Other,1908-10-01,1568.21,3378.1753
M47990,short,Other,1908-11-01,1539.72,3362.8894
M47992,short,Other,1908-03-01,824.60898,766.79175
M47992,short,Other,1908-04-01,1110.23772,1036.4329
M47992,short,Other,1908-05-01,1393.72439,1297.6476
M47992,short,Other,1908-06-01,1680.26292,1567.2886
M47992,short,Other,1908-07-01,2006.9292,1857.9954
M47992,short,Other,1908-08-01,2354.50392,2182.4072
M47992,short,Other,1908-09-01,2659.35495,2464.6877
M47992,short,Other,1908-10-01,2975.84034,2738.542
M47992,short,Other,1908-11-01,3260.98762,3003.9697
M47992,short,Other,1908-12-01,3540.32738,3252.5452
M47992,short,Other,1909-01-01,305.7574,265.42792
M47992,short,Other,1909-02-01,624.24087,560.34784
M47992,short,Other,1909-03-01,926.71174,783.6443
M47992,short,Other,1909-04-01,1240.86233,1057.4985
M47992,short,Other,1909-05-01,1554.29659,1318.7133
M47992,short,Other,1909-06-01,1860.3636,1600.9937
M47992,short,Other,1909-07-01,2218.32686,1887.4873
M47992,short,Other,1909-08-01,2591.93189,2199.2598
M48000,short,Other,1908-05-01,5180.0,5173.7266
M48000,short,Other,1908-06-01,5040.0,5133.464
M48000,short,Other,1908-07-01,5060.0,5073.0703
M48000,short,Other,1908-08-01,5240.0,5113.3325
M48000,short,Other,1908-09-01,5280.0,5113.3325
M48000,short,Other,1908-10-01,5250.0,5173.7266
M48000,short,Other,1908-11-01,5230.0,5173.7266
M48000,short,Other,1908-12-01,5200.0,5173.7266
M48000,short,Other,1909-01-01,5090.0,5173.7266
M48000,short,Other,1909-02-01,5050.0,5193.8574
M48000,short,Other,1909-03-01,5060.0,5375.039
M48000,short,Other,1909-04-01,5120.0,5213.989
M48000,short,Other,1909-05-01,5230.0,5153.595
M48000,short,Other,1909-06-01,5280.0,5032.8076
M48000,short,Other,1909-07-01,5360.0,5113.3325
M48000,short,Other,1909-08-01,5250.0,5113.3325
M48000,short,Other,1909-09-01,5220.0,5093.201
M48000,short,Other,1909-10-01,5160.0,5113.3325
M4862,medium,Macro,1918-07-01,10822.0,9296.949
M4862,medium,Macro,1918-08-01,12230.2,8258.184
M4862,medium,Macro,1918-09-01,14474.0,8336.092
M4862,medium,Macro,1918-10-01,15377.0,8154.3076
M4862,medium,Macro,1918-11-01,19252.0,8128.3384
M4862,medium,Macro,1918-12-01,21759.6,8128.338
M4862,medium,Macro,1919-01-01,12328.1,7660.8945
M4862,medium,Macro,1919-02-01,22263.8,7453.141
M4862,medium,Macro,1919-03-01,25277.9,7505.079
M4862,medium,Macro,1919-04-01,16727.5,7634.9253
M4862,medium,Macro,1919-05-01,16639.2,7219.419
M4862,medium,Macro,1919-06-01,18013.0,6777.944
M4862,medium,Macro,1919-07-01,14318.5,7219.419
M4862,medium,Macro,1919-08-01,17353.4,7375.2334
M4862,medium,Macro,1919-09-01,20067.7,6596.1597
M4862,medium,Macro,1919-10-01,25651.0,7349.2646
M4862,medium,Macro,1919-11-01,14337.7,7063.6045
M4862,medium,Macro,1919-12-01,48185.4,6959.7275
M4866,short,Macro,1911-03-01,3335.9,2277.1355
M4866,short,Macro,1911-04-01,2231.7,1626.5254
M4866,short,Macro,1911-05-01,12745.3,1930.1433
M4866,short,Macro,1911-06-01,3952.2,1908.4564
M4866,short,Macro,1911-07-01,6380.7,2060.2654
M4866,short,Macro,1911-08-01,2119.1,1886.7694
M4866,short,Macro,1911-09-01,594.8,2060.2654
M4866,short,Macro,1911-10-01,2098.0,1691.5864
M4866,short,Macro,1911-11-01,3273.4,1886.7693
M4866,short,Macro,1911-12-01,1184.4,1496.4033
M4866,short,Macro,1912-01-01,2614.8,1626.5253
M4866,short,Macro,1912-02-01,3261.7,1583.1514
M4866,short,Macro,1912-03-01,2149.5,1778.3344
M4866,short,Macro,1912-04-01,3547.8,1431.3423
M4866,short,Macro,1912-05-01,4990.1,1561.4644
M4866,short,Macro,1912-06-01,9289.2,1691.5863
M4866,short,Macro,1912-07-01,3496.0,1604.8384
M4866,short,Macro,1912-08-01,4457.2,1539.7773
M4880,medium,Macro,1918-07-01,6151.0,3382.982
M4880,medium,Macro,1918-08-01,2933.0,3041.58
M4880,medium,Macro,1918-09-01,3014.0,2793.2878
M4880,medium,Macro,1918-10-01,5081.0,2669.1416
M4880,medium,Macro,1918-11-01,3502.0,2762.2515
M4880,medium,Macro,1918-12-01,5655.0,2405.331
M4880,medium,Macro,1919-01-01,2767.0,3103.653
M4880,medium,Macro,1919-02-01,3810.0,2917.4338
M4880,medium,Macro,1919-03-01,3444.0,2669.1416
M4880,medium,Macro,1919-04-01,7336.0,2715.6965
M4880,medium,Macro,1919-05-01,4382.0,2793.2878
M4880,medium,Macro,1919-06-01,4021.0,2824.3242
M4880,medium,Macro,1919-07-01,3275.0,2544.9956
M4880,medium,Macro,1919-08-01,4282.0,2560.514
M4880,medium,Macro,1919-09-01,4735.0,2498.441
M4880,medium,Macro,1919-10-01,5301.0,2188.0754
M4880,medium,Macro,1919-11-01,4945.0,2343.258
M4880,medium,Macro,1919-12-01,6000.0,2374.2947
M543,medium,Macro,1918-01-01,9536.0,9385.961
M543,medium,Macro,1918-02-01,9547.0,9409.604
M543,medium,Macro,1918-03-01,9544.0,9456.888
M543,medium,Macro,1918-04-01,9550.0,9456.888
M543,medium,Macro,1918-05-01,9590.0,9456.888
M543,medium,Macro,1918-06-01,9620.0,9456.888
M543,medium,Macro,1918-07-01,9662.0,9480.529
M543,medium,Macro,1918-08-01,9736.0,9456.888
M543,medium,Macro,1918-09-01,9785.0,9433.246
M543,medium,Macro,1918-10-01,9790.0,9409.604
M543,medium,Macro,1918-11-01,9820.0,9409.604
M543,medium,Macro,1918-12-01,9813.0,9433.246
M543,medium,Macro,1919-01-01,9891.0,9433.246
M543,medium,Macro,1919-02-01,9879.0,9504.172
M543,medium,Macro,1919-03-01,9906.0,9504.172
M543,medium,Macro,1919-04-01,9923.0,9551.456
M543,medium,Macro,1919-05-01,9955.0,9551.456
M543,medium,Macro,1919-06-01,9981.0,9575.099
M5787,medium,Macro,1922-07-01,13433.9,18154.703
M5787,medium,Macro,1922-08-01,17366.5,17801.393
M5787,medium,Macro,1922-09-01,20570.0,17583.97
M5787,medium,Macro,1922-10-01,17605.0,18399.303
M5787,medium,Macro,1922-11-01,18564.5,19078.744
M5787,medium,Macro,1922-12-01,20413.2,18643.9
M5787,medium,Macro,1923-01-01,17463.5,19160.277
M5787,medium,Macro,1923-02-01,16864.4,19160.277
M5787,medium,Macro,1923-03-01,18567.3,18915.678
M5787,medium,Macro,1923-04-01,19881.4,18970.033
M5787,medium,Macro,1923-05-01,18680.3,19051.566
M5787,medium,Macro,1923-06-01,22742.6,18317.77
M5787,medium,Macro,1923-07-01,16323.9,17176.305
M5787,medium,Macro,1923-08-01,17741.8,16388.152
M5787,medium,Macro,1923-09-01,21497.2,17448.082
M5787,medium,Macro,1923-10-01,21307.2,17801.393
M5787,medium,Macro,1923-11-01,21789.9,18861.322
M5787,medium,Macro,1923-12-01,24544.9,19703.832
M6038,medium,Macro,1921-01-01,12579.2,13624.172
M6038,medium,Macro,1921-02-01,13336.8,14068.723
M6038,medium,Macro,1921-03-01,15000.9,13781.072
M6038,medium,Macro,1921-04-01,15013.3,13990.273
M6038,medium,Macro,1921-05-01,15750.4,13885.672
M6038,medium,Macro,1921-06-01,14796.2,13885.673
M6038,medium,Macro,1921-07-01,15622.0,14251.773
M6038,medium,Macro,1921-08-01,15416.3,13859.523
M6038,medium,Macro,1921-09-01,16283.3,13728.771
M6038,medium,Macro,1921-10-01,16317.8,13807.223
M6038,medium,Macro,1921-11-01,14622.7,13964.123
M6038,medium,Macro,1921-12-01,14301.8,13362.672
M6038,medium,Macro,1922-01-01,12579.1,13101.172
M6038,medium,Macro,1922-02-01,13512.2,12944.271
M6038,medium,Macro,1922-03-01,15993.3,13284.221
M6038,medium,Macro,1922-04-01,13911.9,13598.021
M6038,medium,Macro,1922-05-01,16085.8,13231.921
M6038,medium,Macro,1922-06-01,15972.3,13284.221
M6084,medium,Macro,1921-01-01,1577.1898,1646.8843
M6084,medium,Macro,1921-02-01,1579.6753,1705.5708
M6084,medium,Macro,1921-03-01,1722.2772,1720.2422
M6084,medium,Macro,1921-04-01,1704.5275,1782.5964
M6084,medium,Macro,1921-05-01,1751.0817,1731.2458
M6084,medium,Macro,1921-06-01,1745.6736,1679.8955
M6084,medium,Macro,1921-07-01,1721.9724,1734.9138
M6084,medium,Macro,1921-08-01,1744.2614,1683.5632
M6084,medium,Macro,1921-09-01,1705.5848,1782.5964
M6084,medium,Macro,1921-10-01,1857.559,1789.9321
M6084,medium,Macro,1921-11-01,1718.7304,1771.5928
M6084,medium,Macro,1921-12-01,1703.7947,1687.2312
M6084,medium,Macro,1922-01-01,1506.7069,1635.8806
M6084,medium,Macro,1922-02-01,1523.8041,1661.5559
M6084,medium,Macro,1922-03-01,1748.9391,1749.5854
M6084,medium,Macro,1922-04-01,1632.6843,1760.589
M6084,medium,Macro,1922-05-01,1585.7513,1756.9211
M6084,medium,Macro,1922-06-01,1719.3484,1701.9028
M6480,medium,Macro,1922-04-01,10180.0,10310.389
M6480,medium,Macro,1922-05-01,10140.0,10283.112
M6480,medium,Macro,1922-06-01,10130.0,10337.664
M6480,medium,Macro,1922-07-01,10090.0,10364.94
M6480,medium,Macro,1922-08-01,9890.0,10310.389
M6480,medium,Macro,1922-09-01,9910.0,10337.664
M6480,medium,Macro,1922-10-01,9870.0,10364.94
M6480,medium,Macro,1922-11-01,9910.0,10337.664
M6480,medium,Macro,1922-12-01,9860.0,10419.493
M6480,medium,Macro,1923-01-01,9780.0,10446.77
M6480,medium,Macro,1923-02-01,9800.0,10501.321
M6480,medium,Macro,1923-03-01,9660.0,10501.321
M6480,medium,Macro,1923-04-01,9730.0,10392.217
M6480,medium,Macro,1923-05-01,9630.0,10446.77
M6480,medium,Macro,1923-06-01,9690.0,10555.874
M6480,medium,Macro,1923-07-01,9730.0,10474.045
M6480,medium,Macro,1923-08-01,9760.0,10528.598
M6480,medium,Macro,1923-09-01,9740.0,10528.598
M6629,medium,Macro,1918-09-01,7960.0,7697.51
M6629,medium,Macro,1918-10-01,7900.0,7500.7686
M6629,medium,Macro,1918-11-01,7890.0,7476.176
M6629,medium,Macro,1918-12-01,8220.0,7279.434
M6629,medium,Macro,1919-01-01,8360.0,7353.212
M6629,medium,Macro,1919-02-01,7780.0,7476.176
M6629,medium,Macro,1919-03-01,7330.0,7353.212
M6629,medium,Macro,1919-04-01,8060.0,7205.6562
M6629,medium,Macro,1919-05-01,7730.0,7328.619
M6629,medium,Macro,1919-06-01,8020.0,7353.212
M6629,medium,Macro,1919-07-01,7310.0,7230.249
M6629,medium,Macro,1919-08-01,6880.0,6861.3584
M6629,medium,Macro,1919-09-01,6900.0,6935.1367
M6629,medium,Macro,1919-10-01,6780.0,7082.6924
M6629,medium,Macro,1919-11-01,7140.0,6935.1367
M6629,medium,Macro,1919-12-01,8330.0,6959.7295
M6629,medium,Macro,1920-01-01,5740.0,6959.7295
M6629,medium,Macro,1920-02-01,7560.0,6910.544
M6735,medium,Macro,1922-01-01,10100.0,10049.963
M6735,medium,Macro,1922-02-01,10190.0,9995.639
M6735,medium,Macro,1922-03-01,10250.0,9995.639
M6735,medium,Macro,1922-04-01,10180.0,10049.963
M6735,medium,Macro,1922-05-01,10140.0,10049.963
M6735,medium,Macro,1922-06-01,10130.0,10104.287
M6735,medium,Macro,1922-07-01,10090.0,10131.449
M6735,medium,Macro,1922-08-01,9890.0,10212.936
M6735,medium,Macro,1922-09-01,9910.0,10158.611
M6735,medium,Macro,1922-10-01,9870.0,10185.773
M6735,medium,Macro,1922-11-01,9910.0,10158.611
M6735,medium,Macro,1922-12-01,9860.0,10131.449
M6735,medium,Macro,1923-01-01,9780.0,10158.611
M6735,medium,Macro,1923-02-01,9800.0,10212.936
M6735,medium,Macro,1923-03-01,9660.0,10240.098
M6735,medium,Macro,1923-04-01,9730.0,10294.422
M6735,medium,Macro,1923-05-01,9630.0,10321.583
M6735,medium,Macro,1923-06-01,9690.0,10267.26
M7046,short,Macro,1907-03-01,6420.0,6414.4
M7046,short,Macro,1907-04-01,6490.0,6460.547
M7046,short,Macro,1907-05-01,6550.0,6495.1567
M7046,short,Macro,1907-06-01,6610.0,6506.6934
M7046,short,Macro,1907-07-01,6670.0,6506.6934
M7046,short,Macro,1907-08-01,6710.0,6518.23
M7046,short,Macro,1907-09-01,6760.0,6529.7666
M7046,short,Macro,1907-10-01,6790.0,6564.377
M7046,short,Macro,1907-11-01,6820.0,6564.377
M7046,short,Macro,1907-12-01,6840.0,6587.45
M7046,short,Macro,1908-01-01,6840.0,6587.45
M7046,short,Macro,1908-02-01,6840.0,6529.7666
M7046,short,Macro,1908-03-01,6820.0,6472.083
M7046,short,Macro,1908-04-01,6790.0,6506.6934
M7046,short,Macro,1908-05-01,6750.0,6610.5234
M7046,short,Macro,1908-06-01,6690.0,6633.597
M7046,short,Macro,1908-07-01,6620.0,6737.4272
M7046,short,Macro,1908-08-01,6540.0,6875.868
M7051,short,Macro,1907-03-01,14060.0,14110.898
M7051,short,Macro,1907-04-01,13920.0,14004.802
M7051,short,Macro,1907-05-01,13730.0,13845.655
M7051,short,Macro,1907-06-01,13490.0,13633.461
M7051,short,Macro,1907-07-01,13200.0,13500.84
M7051,short,Macro,1907-08-01,12860.0,13315.172
M7051,short,Macro,1907-09-01,12480.0,13156.025
M7051,short,Macro,1907-10-01,12070.0,12996.88
M7051,short,Macro,1907-11-01,11650.0,12890.783
M7051,short,Macro,1907-12-01,11220.0,12784.687
M7051,short,Macro,1908-01-01,10780.0,12678.589
M7051,short,Macro,1908-02-01,10380.0,12572.492
M7051,short,Macro,1908-03-01,9980.0,12466.395
M7051,short,Macro,1908-04-01,9600.0,12333.773
M7051,short,Macro,1908-05-01,9240.0,12227.677
M7051,short,Macro,1908-06-01,8920.0,12121.58
M7051,short,Macro,1908-07-01,8630.0,12042.008
M7051,short,Macro,1908-08-01,8360.0,11962.435
M7233,cold_start,Macro,1904-04-01,3100.0,2714.5935
M7233,cold_start,Macro,1904-05-01,3200.0,2697.1924
M7233,cold_start,Macro,1904-06-01,3500.0,2784.1987
M7233,cold_start,Macro,1904-07-01,3700.0,2819.0012
M7233,cold_start,Macro,1904-08-01,4000.0,3201.8286
M7233,cold_start,Macro,1904-09-01,4500.0,3341.0386
M7233,cold_start,Macro,1904-10-01,4600.0,3080.0195
M7233,cold_start,Macro,1904-11-01,4500.0,2958.2112
M7233,cold_start,Macro,1904-12-01,4200.0,2749.396
M7233,cold_start,Macro,1905-01-01,3700.0,2784.1987
M7233,cold_start,Macro,1905-02-01,3400.0,2993.0134
M7233,cold_start,Macro,1905-03-01,4000.0,3097.421
M7233,cold_start,Macro,1905-04-01,4200.0,3167.026
M7233,cold_start,Macro,1905-05-01,4400.0,3758.6682
M7233,cold_start,Macro,1905-06-01,3100.0,3741.267
M7233,cold_start,Macro,1905-07-01,3200.0,4002.2856
M7233,cold_start,Macro,1905-08-01,3000.0,4037.0881
M7233,cold_start,Macro,1905-09-01,2900.0,3758.6682
M7236,cold_start,Macro,1904-04-01,4300.0,3968.4033
M7236,cold_start,Macro,1904-05-01,4300.0,3848.8733
M7236,cold_start,Macro,1904-06-01,5000.0,3872.7793
M7236,cold_start,Macro,1904-07-01,4600.0,3824.9673
M7236,cold_start,Macro,1904-08-01,4300.0,3562.0007
M7236,cold_start,Macro,1904-09-01,4400.0,3538.0947
M7236,cold_start,Macro,1904-10-01,4300.0,3466.3765
M7236,cold_start,Macro,1904-11-01,4200.0,3442.4707
M7236,cold_start,Macro,1904-12-01,4500.0,3538.0947
M7236,cold_start,Macro,1905-01-01,3800.0,3394.6584
M7236,cold_start,Macro,1905-02-01,3600.0,3824.9673
M7236,cold_start,Macro,1905-03-01,3400.0,4135.7456
M7236,cold_start,Macro,1905-04-01,3400.0,4637.7725
M7236,cold_start,Macro,1905-05-01,3800.0,4829.021
M7236,cold_start,Macro,1905-06-01,2800.0,4876.833
M7236,cold_start,Macro,1905-07-01,3300.0,5737.4507
M7236,cold_start,Macro,1905-08-01,3300.0,5737.4507
M7236,cold_start,Macro,1905-09-01,3200.0,5785.2627
M7436,cold_start,Macro,1904-04-01,2500.0,2790.1501
M7436,cold_start,Macro,1904-05-01,2200.0,2790.1501
M7436,cold_start,Macro,1904-06-01,2200.0,2744.7817
M7436,cold_start,Macro,1904-07-01,2200.0,2744.7817
M7436,cold_start,Macro,1904-08-01,2200.0,2790.1501
M7436,cold_start,Macro,1904-09-01,2300.0,2790.1501
M7436,cold_start,Macro,1904-10-01,2400.0,2790.1501
M7436,cold_start,Macro,1904-11-01,2200.0,2835.5186
M7436,cold_start,Macro,1904-12-01,2000.0,2744.7817
M7436,cold_start,Macro,1905-01-01,2000.0,2744.7817
M7436,cold_start,Macro,1905-02-01,2000.0,2982.9653
M7436,cold_start,Macro,1905-03-01,1900.0,2960.2812
M7436,cold_start,Macro,1905-04-01,1900.0,3051.018
M7436,cold_start,Macro,1905-05-01,2000.0,3062.3599
M7436,cold_start,Macro,1905-06-01,1900.0,3243.833
M7436,cold_start,Macro,1905-07-01,1700.0,3107.728
M7436,cold_start,Macro,1905-08-01,1700.0,3153.0964
M7436,cold_start,Macro,1905-09-01,1600.0,3153.0964
M7620,short,Macro,1907-03-01,1082.0,1083.0743
M7620,short,Macro,1907-04-01,1078.0,1083.0743
M7620,short,Macro,1907-05-01,1073.0,1083.0743
M7620,short,Macro,1907-06-01,1067.0,1088.2318
M7620,short,Macro,1907-07-01,1061.0,1088.2318
M7620,short,Macro,1907-08-01,1053.0,1083.0743
M7620,short,Macro,1907-09-01,1044.0,1083.0743
M7620,short,Macro,1907-10-01,1035.0,1083.0743
M7620,short,Macro,1907-11-01,1024.0,1088.2318
M7620,short,Macro,1907-12-01,1013.0,1083.0743
M7620,short,Macro,1908-01-01,1000.0,1077.9167
M7620,short,Macro,1908-02-01,987.0,1077.9167
M7620,short,Macro,1908-03-01,972.0,1072.7593
M7620,short,Macro,1908-04-01,957.0,1062.4443
M7620,short,Macro,1908-05-01,941.0,1062.4443
M7620,short,Macro,1908-06-01,925.0,1062.4443
M7620,short,Macro,1908-07-01,907.0,1057.2869
M7620,short,Macro,1908-08-01,889.0,1057.2869
M7645,short,Macro,1907-03-01,7380.0,7396.7197
M7645,short,Macro,1907-04-01,7100.0,7130.172
M7645,short,Macro,1907-05-01,6830.0,6863.623
M7645,short,Macro,1907-06-01,6560.0,6597.0747
M7645,short,Macro,1907-07-01,6300.0,6330.526
M7645,short,Macro,1907-08-01,6040.0,6097.2964
M7645,short,Macro,1907-09-01,5800.0,5830.748
M7645,short,Macro,1907-10-01,5570.0,5597.518
M7645,short,Macro,1907-11-01,5350.0,5364.288
M7645,short,Macro,1907-12-01,5150.0,5164.3765
M7645,short,Macro,1908-01-01,4970.0,4964.4653
M7645,short,Macro,1908-02-01,4800.0,4764.554
M7645,short,Macro,1908-03-01,4660.0,4597.961
M7645,short,Macro,1908-04-01,4530.0,4498.0054
M7645,short,Macro,1908-05-01,4430.0,4331.4126
M7645,short,Macro,1908-06-01,4360.0,4231.457
M7645,short,Macro,1908-07-01,4300.0,4131.501
M7645,short,Macro,1908-08-01,4280.0,4064.8643
M767,long_history,Macro,1924-01-01,2989.0,2957.4329
M767,long_history,Macro,1924-02-01,3011.0,2991.04
M767,long_history,Macro,1924-03-01,3023.0,3024.6472
M767,long_history,Macro,1924-04-01,3056.0,3047.052
M767,long_history,Macro,1924-05-01,3068.0,3047.052
M767,long_history,Macro,1924-06-01,3047.0,3024.6472
M767,long_history,Macro,1924-07-01,2951.0,2912.6233
M767,long_history,Macro,1924-08-01,2937.0,2901.421
M767,long_history,Macro,1924-09-01,2991.0,2979.8376
M767,long_history,Macro,1924-10-01,3057.0,3035.8496
M767,long_history,Macro,1924-11-01,3095.0,3069.4568
M767,long_history,Macro,1924-12-01,3086.0,3047.052
M767,long_history,Macro,1925-01-01,3058.0,3024.6472
M767,long_history,Macro,1925-02-01,3070.0,3047.052
M767,long_history,Macro,1925-03-01,3104.0,3091.8616
M767,long_history,Macro,1925-04-01,3123.0,3114.2664
M767,long_history,Macro,1925-05-01,3125.0,3114.2664
M767,long_history,Macro,1925-06-01,3106.0,3103.064
M7685,short,Macro,1907-03-01,4710.0,4749.887
M7685,short,Macro,1907-04-01,4700.0,4763.3813
M7685,short,Macro,1907-05-01,4680.0,4830.8516
M7685,short,Macro,1907-06-01,4670.0,4884.8276
M7685,short,Macro,1907-07-01,4680.0,4979.2856
M7685,short,Macro,1907-08-01,4690.0,5060.2495
M7685,short,Macro,1907-09-01,4700.0,5114.2256
M7685,short,Macro,1907-10-01,4700.0,5208.6836
M7685,short,Macro,1907-11-01,4710.0,5289.6475
M7685,short,Macro,1907-12-01,4720.0,5370.6113
M7685,short,Macro,1908-01-01,4730.0,5343.6235
M7685,short,Macro,1908-02-01,4740.0,5424.588
M7685,short,Macro,1908-03-01,4740.0,5532.5396
M7685,short,Macro,1908-04-01,4740.0,5559.5273
M7685,short,Macro,1908-05-01,4720.0,5532.5396
M7685,short,Macro,1908-06-01,4690.0,5573.0215
M7685,short,Macro,1908-07-01,4650.0,5505.5513
M7685,short,Macro,1908-08-01,4620.0,5276.1533
M7688,short,Macro,1907-03-01,5540.0,5510.5693
M7688,short,Macro,1907-04-01,5550.0,5510.5693
M7688,short,Macro,1907-05-01,5570.0,5525.423
M7688,short,Macro,1907-06-01,5610.0,5599.6895
M7688,short,Macro,1907-07-01,5660.0,5659.1025
M7688,short,Macro,1907-08-01,5720.0,5644.249
M7688,short,Macro,1907-09-01,5790.0,5584.836
M7688,short,Macro,1907-10-01,5850.0,5510.5693
M7688,short,Macro,1907-11-01,5920.0,5421.45
M7688,short,Macro,1907-12-01,5980.0,5258.0635
M7688,short,Macro,1908-01-01,6030.0,5064.9707
M7688,short,Macro,1908-02-01,6070.0,4886.7314
M7688,short,Macro,1908-03-01,6090.0,4723.345
M7688,short,Macro,1908-04-01,6080.0,4604.519
M7688,short,Macro,1908-05-01,6040.0,4530.253
M7688,short,Macro,1908-06-01,5960.0,4485.693
M7688,short,Macro,1908-07-01,5860.0,4470.84
M7688,short,Macro,1908-08-01,5740.0,4426.2793
M7691,short,Macro,1907-03-01,4980.0,5013.589
M7691,short,Macro,1907-04-01,4910.0,4995.02
M7691,short,Macro,1907-05-01,4820.0,4976.451
M7691,short,Macro,1907-06-01,4690.0,4948.5977
M7691,short,Macro,1907-07-01,4530.0,4911.46
M7691,short,Macro,1907-08-01,4350.0,4865.038
M7691,short,Macro,1907-09-01,4170.0,4809.3315
M7691,short,Macro,1907-10-01,3990.0,4753.625
M7691,short,Macro,1907-11-01,3820.0,4679.3496
M7691,short,Macro,1907-12-01,3680.0,4632.9277
M7691,short,Macro,1908-01-01,3560.0,4577.2207
M7691,short,Macro,1908-02-01,3480.0,4521.5146
M7691,short,Macro,1908-03-01,3440.0,4475.0923
M7691,short,Macro,1908-04-01,3440.0,4428.67
M7691,short,Macro,1908-05-01,3490.0,4391.532
M7691,short,Macro,1908-06-01,3610.0,4335.826
M7691,short,Macro,1908-07-01,3790.0,4270.835
M7691,short,Macro,1908-08-01,4060.0,4233.6973
M7696,short,Macro,1907-03-01,6940.0,6876.2715
M7696,short,Macro,1907-04-01,7240.0,7106.694
M7696,short,Macro,1907-05-01,7520.0,7300.7334
M7696,short,Macro,1907-06-01,7770.0,7458.39
M7696,short,Macro,1907-07-01,7970.0,7579.6646
M7696,short,Macro,1907-08-01,8120.0,7616.047
M7696,short,Macro,1907-09-01,8230.0,7579.6646
M7696,short,Macro,1907-10-01,8300.0,7482.645
M7696,short,Macro,1907-11-01,8340.0,7300.7334
M7696,short,Macro,1907-12-01,8350.0,7143.076
M7696,short,Macro,1908-01-01,8340.0,6961.164
M7696,short,Macro,1908-02-01,8310.0,6742.8696
M7696,short,Macro,1908-03-01,8280.0,6548.8306
M7696,short,Macro,1908-04-01,8240.0,6379.046
M7696,short,Macro,1908-05-01,8210.0,6233.516
M7696,short,Macro,1908-06-01,8200.0,6148.624
M7696,short,Macro,1908-07-01,8190.0,6112.2417
M7696,short,Macro,1908-08-01,8200.0,6160.7515
M7703,short,Macro,1907-03-01,4920.0,4875.619
M7703,short,Macro,1907-04-01,4850.0,4789.915
M7703,short,Macro,1907-05-01,4780.0,4713.7334
M7703,short,Macro,1907-06-01,4710.0,4713.7334
M7703,short,Macro,1907-07-01,4650.0,4732.7783
M7703,short,Macro,1907-08-01,4600.0,4780.392
M7703,short,Macro,1907-09-01,4550.0,4866.0967
M7703,short,Macro,1907-10-01,4500.0,4885.1416
M7703,short,Macro,1907-11-01,4470.0,4904.187
M7703,short,Macro,1907-12-01,4430.0,4980.369
M7703,short,Macro,1908-01-01,4410.0,5094.6406
M7703,short,Macro,1908-02-01,4410.0,5180.345
M7703,short,Macro,1908-03-01,4410.0,5227.959
M7703,short,Macro,1908-04-01,4420.0,5275.5723
M7703,short,Macro,1908-05-01,4460.0,5323.1855
M7703,short,Macro,1908-06-01,4510.0,5380.3223
M7703,short,Macro,1908-07-01,4580.0,5351.754
M7703,short,Macro,1908-08-01,4660.0,5418.412
M7741,short,Macro,1907-03-01,12890.0,12949.982
M7741,short,Macro,1907-04-01,13080.0,13174.81
M7741,short,Macro,1907-05-01,13210.0,13399.636
M7741,short,Macro,1907-06-01,13280.0,13624.462
M7741,short,Macro,1907-07-01,13280.0,13849.287
M7741,short,Macro,1907-08-01,13220.0,14119.078
M7741,short,Macro,1907-09-01,13110.0,14343.904
M7741,short,Macro,1907-10-01,12940.0,14568.731
M7741,short,Macro,1907-11-01,12740.0,14793.558
M7741,short,Macro,1907-12-01,12500.0,15040.866
M7741,short,Macro,1908-01-01,12250.0,15243.209
M7741,short,Macro,1908-02-01,12000.0,15468.035
M7741,short,Macro,1908-03-01,11740.0,15692.861
M7741,short,Macro,1908-04-01,11480.0,15917.6875
M7741,short,Macro,1908-05-01,11240.0,16142.514
M7741,short,Macro,1908-06-01,11020.0,16367.34
M7741,short,Macro,1908-07-01,10820.0,16614.648
M7741,short,Macro,1908-08-01,10640.0,16816.992
M7908,cold_start,Macro,1904-04-01,1210.0,1194.1006
M7908,cold_start,Macro,1904-05-01,1420.0,1268.7317
M7908,cold_start,Macro,1904-06-01,1520.0,1202.393
M7908,cold_start,Macro,1904-07-01,1670.0,1144.3463
M7908,cold_start,Macro,1904-08-01,1660.0,1094.5922
M7908,cold_start,Macro,1904-09-01,1540.0,1078.0074
M7908,cold_start,Macro,1904-10-01,1450.0,1069.7151
M7908,cold_start,Macro,1904-11-01,1180.0,1069.7151
M7908,cold_start,Macro,1904-12-01,1050.0,1061.4226
M7908,cold_start,Macro,1905-01-01,900.0,1102.8845
M7908,cold_start,Macro,1905-02-01,960.0,1078.0073
M7908,cold_start,Macro,1905-03-01,980.0,1102.8845
M7908,cold_start,Macro,1905-04-01,1100.0,1169.2234
M7908,cold_start,Macro,1905-05-01,1200.0,1359.9478
M7908,cold_start,Macro,1905-06-01,1640.0,1384.8248
M7908,cold_start,Macro,1905-07-01,1730.0,1434.5791
M7908,cold_start,Macro,1905-08-01,1540.0,1376.5325
M7908,cold_start,Macro,1905-09-01,1450.0,1500.918
M8259,cold_start,Macro,1904-04-01,3200.0,2330.171
M8259,cold_start,Macro,1904-05-01,3400.0,2233.0806
M8259,cold_start,Macro,1904-06-01,3600.0,2233.0806
M8259,cold_start,Macro,1904-07-01,3400.0,2038.8997
M8259,cold_start,Macro,1904-08-01,4000.0,2135.99
M8259,cold_start,Macro,1904-09-01,4100.0,2233.0806
M8259,cold_start,Macro,1904-10-01,4500.0,2233.0806
M8259,cold_start,Macro,1904-11-01,4800.0,1917.5366
M8259,cold_start,Macro,1904-12-01,3800.0,1844.7186
M8259,cold_start,Macro,1905-01-01,3200.0,1893.2639
M8259,cold_start,Macro,1905-02-01,2800.0,1820.4462
M8259,cold_start,Macro,1905-03-01,2600.0,1820.446
M8259,cold_start,Macro,1905-04-01,4100.0,1990.3544
M8259,cold_start,Macro,1905-05-01,3500.0,1601.9927
M8259,cold_start,Macro,1905-06-01,4300.0,1893.2639
M8259,cold_start,Macro,1905-07-01,4100.0,2038.8997
M8259,cold_start,Macro,1905-08-01,3600.0,1747.6282
M8259,cold_start,Macro,1905-09-01,3100.0,1747.6283
M8360,cold_start,Macro,1903-07-01,1581.941176,1406.8727
M8360,cold_start,Macro,1903-08-01,1672.5,1466.1661
M8360,cold_start,Macro,1903-09-01,1746.911765,1530.8499
M8360,cold_start,Macro,1903-10-01,1850.0,1530.85
M8360,cold_start,Macro,1903-11-01,1761.764706,1557.8015
M8360,cold_start,Macro,1903-12-01,1969.230769,1498.508
M8360,cold_start,Macro,1904-01-01,1780.769231,1611.7048
M8360,cold_start,Macro,1904-02-01,1480.0,1520.0692
M8360,cold_start,Macro,1904-03-01,1850.0,1557.8015
M8360,cold_start,Macro,1904-04-01,1620.0,1568.5822
M8360,cold_start,Macro,1904-05-01,1350.0,1568.5823
M8360,cold_start,Macro,1904-06-01,1644.117647,1509.2886
M8360,cold_start,Macro,1904-07-01,1300.0,1482.3372
M8360,cold_start,Macro,1904-08-01,1520.0,1498.508
M8360,cold_start,Macro,1904-09-01,1420.0,1552.4113
M8360,cold_start,Macro,1904-10-01,1415.5,1568.5822
M8360,cold_start,Macro,1904-11-01,1522.307692,1584.7532
M8360,cold_start,Macro,1904-12-01,2350.0,1584.7532
M8432,short,Macro,1907-03-01,2010.0,2009.597
M8432,short,Macro,1907-04-01,1988.0,1990.9897
M8432,short,Macro,1907-05-01,1960.0,1972.3823
M8432,short,Macro,1907-06-01,1929.0,1949.123
M8432,short,Macro,1907-07-01,1894.0,1925.8638
M8432,short,Macro,1907-08-01,1854.0,1893.3009
M8432,short,Macro,1907-09-01,1810.0,1860.738
M8432,short,Macro,1907-10-01,1762.0,1823.5233
M8432,short,Macro,1907-11-01,1710.0,1786.3085
M8432,short,Macro,1907-12-01,1659.0,1749.0938
M8432,short,Macro,1908-01-01,1605.0,1707.227
M8432,short,Macro,1908-02-01,1552.0,1665.3606
M8432,short,Macro,1908-03-01,1498.0,1623.4939
M8432,short,Macro,1908-04-01,1448.0,1586.2792
M8432,short,Macro,1908-05-01,1402.0,1539.7607
M8432,short,Macro,1908-06-01,1359.0,1511.8496
M8432,short,Macro,1908-07-01,1315.0,1469.9829
M8432,short,Macro,1908-08-01,1280.0,1432.7683
M8991,cold_start,Macro,1904-04-01,6100.0,6385.4863
M8991,cold_start,Macro,1904-05-01,6800.0,7119.818
M8991,cold_start,Macro,1904-06-01,7600.0,6896.3257
M8991,cold_start,Macro,1904-07-01,8000.0,6992.108
M8991,cold_start,Macro,1904-08-01,7600.0,6896.3257
M8991,cold_start,Macro,1904-09-01,7600.0,6992.108
M8991,cold_start,Macro,1904-10-01,7000.0,6481.269
M8991,cold_start,Macro,1904-11-01,6800.0,6193.9224
M8991,cold_start,Macro,1904-12-01,5900.0,5778.865
M8991,cold_start,Macro,1905-01-01,5400.0,5683.0835
M8991,cold_start,Macro,1905-02-01,5600.0,6130.0674
M8991,cold_start,Macro,1905-03-01,6400.0,6385.4863
M8991,cold_start,Macro,1905-04-01,7300.0,6002.3574
M8991,cold_start,Macro,1905-05-01,7800.0,6130.0674
M8991,cold_start,Macro,1905-06-01,8800.0,6736.6885
M8991,cold_start,Macro,1905-07-01,7200.0,7471.0195
M8991,cold_start,Macro,1905-08-01,6600.0,7630.6562
M8991,cold_start,Macro,1905-09-01,7000.0,7758.366
M9204,cold_start,Macro,1904-04-01,920.0,900.52405
M9204,cold_start,Macro,1904-05-01,950.0,857.64197
M9204,cold_start,Macro,1904-06-01,970.0,843.3479
M9204,cold_start,Macro,1904-07-01,940.0,809.9951
M9204,cold_start,Macro,1904-08-01,910.0,805.23047
M9204,cold_start,Macro,1904-09-01,830.0,824.2892
M9204,cold_start,Macro,1904-10-01,750.0,862.4066
M9204,cold_start,Macro,1904-11-01,730.0,919.58276
M9204,cold_start,Macro,1904-12-01,740.0,952.9355
M9204,cold_start,Macro,1905-01-01,750.0,938.6415
M9204,cold_start,Macro,1905-02-01,730.0,933.8768
M9204,cold_start,Macro,1905-03-01,680.0,919.58276
M9204,cold_start,Macro,1905-04-01,620.0,881.46533
M9204,cold_start,Macro,1905-05-01,600.0,852.87726
M9204,cold_start,Macro,1905-06-01,610.0,824.2892
M9204,cold_start,Macro,1905-07-01,630.0,795.7011
M9204,cold_start,Macro,1905-08-01,660.0,819.52454
M9204,cold_start,Macro,1905-09-01,720.0,819.52454
M9208,cold_start,Macro,1904-04-01,1200.0,1107.7397
M9208,cold_start,Macro,1904-05-01,1350.0,1084.978
M9208,cold_start,Macro,1904-06-01,1500.0,1107.7397
M9208,cold_start,Macro,1904-07-01,1600.0,1191.1995
M9208,cold_start,Macro,1904-08-01,1620.0,1176.0249
M9208,cold_start,Macro,1904-09-01,1570.0,1176.0249
M9208,cold_start,Macro,1904-10-01,1510.0,1168.4377
M9208,cold_start,Macro,1904-11-01,1440.0,1138.0887
M9208,cold_start,Macro,1904-12-01,1330.0,1153.2632
M9208,cold_start,Macro,1905-01-01,1280.0,1138.0887
M9208,cold_start,Macro,1905-02-01,1330.0,1145.676
M9208,cold_start,Macro,1905-03-01,1440.0,1221.5486
M9208,cold_start,Macro,1905-04-01,1530.0,1335.3574
M9208,cold_start,Macro,1905-05-01,1550.0,1464.3408
M9208,cold_start,Macro,1905-06-01,1490.0,1479.5154
M9208,cold_start,Macro,1905-07-01,1470.0,1358.1191
M9208,cold_start,Macro,1905-08-01,1480.0,1213.9613
M9208,cold_start,Macro,1905-09-01,1470.0,1305.0083
M9399,cold_start,Macro,1904-04-01,3720.0,3617.3594
M9399,cold_start,Macro,1904-05-01,3880.0,3694.3247
M9399,cold_start,Macro,1904-06-01,3970.0,3694.3245
M9399,cold_start,Macro,1904-07-01,3910.0,3713.566
M9399,cold_start,Macro,1904-08-01,3750.0,3559.6357
M9399,cold_start,Macro,1904-09-01,3590.0,3463.4294
M9399,cold_start,Macro,1904-10-01,3450.0,3463.4294
M9399,cold_start,Macro,1904-11-01,3430.0,3578.877
M9399,cold_start,Macro,1904-12-01,3660.0,3655.8418
M9399,cold_start,Macro,1905-01-01,3860.0,3829.0137
M9399,cold_start,Macro,1905-02-01,3650.0,4040.6675
M9399,cold_start,Macro,1905-03-01,3140.0,4117.6323
M9399,cold_start,Macro,1905-04-01,2960.0,4329.2866
M9399,cold_start,Macro,1905-05-01,3040.0,4290.804
M9399,cold_start,Macro,1905-06-01,2970.0,4194.5977
M9399,cold_start,Macro,1905-07-01,2870.0,4175.3564
M9399,cold_start,Macro,1905-08-01,2840.0,4233.08
M9399,cold_start,Macro,1905-09-01,2850.0,4194.5977
M9520,cold_start,Macro,1904-04-01,3190.0,3045.009
M9520,cold_start,Macro,1904-05-01,3260.0,2922.2263
M9520,cold_start,Macro,1904-06-01,3300.0,2848.557
M9520,cold_start,Macro,1904-07-01,3300.0,2725.7742
M9520,cold_start,Macro,1904-08-01,3270.0,2627.5479
M9520,cold_start,Macro,1904-09-01,3320.0,2529.322
M9520,cold_start,Macro,1904-10-01,3350.0,2480.209
M9520,cold_start,Macro,1904-11-01,3230.0,2381.983
M9520,cold_start,Macro,1904-12-01,3040.0,2332.8696
M9520,cold_start,Macro,1905-01-01,2850.0,2381.983
M9520,cold_start,Macro,1905-02-01,2710.0,2357.4263
M9520,cold_start,Macro,1905-03-01,2640.0,2283.7568
M9520,cold_start,Macro,1905-04-01,2620.0,2160.974
M9520,cold_start,Macro,1905-05-01,2690.0,2136.4175
M9520,cold_start,Macro,1905-06-01,2840.0,2038.1915
M9520,cold_start,Macro,1905-07-01,3010.0,1989.0785
M9520,cold_start,Macro,1905-08-01,3180.0,1989.0785
M9520,cold_start,Macro,1905-09-01,3310.0,1989.0785
M9525,cold_start,Macro,1904-04-01,1660.0,1567.8887
M9525,cold_start,Macro,1904-05-01,1760.0,1557.2948
M9525,cold_start,Macro,1904-06-01,1870.0,1557.2948
M9525,cold_start,Macro,1904-07-01,1950.0,1536.1072
M9525,cold_start,Macro,1904-08-01,1970.0,1546.7009
M9525,cold_start,Macro,1904-09-01,1960.0,1546.7009
M9525,cold_start,Macro,1904-10-01,1970.0,1536.1072
M9525,cold_start,Macro,1904-11-01,1930.0,1567.8887
M9525,cold_start,Macro,1904-12-01,1800.0,1589.0763
M9525,cold_start,Macro,1905-01-01,1690.0,1599.6702
M9525,cold_start,Macro,1905-02-01,1630.0,1589.0763
M9525,cold_start,Macro,1905-03-01,1640.0,1589.0763
M9525,cold_start,Macro,1905-04-01,1670.0,1599.6702
M9525,cold_start,Macro,1905-05-01,1640.0,1599.6702
M9525,cold_start,Macro,1905-06-01,1600.0,1620.8578
M9525,cold_start,Macro,1905-07-01,1630.0,1642.0454
M9525,cold_start,Macro,1905-08-01,1680.0,1652.6393
M9525,cold_start,Macro,1905-09-01,1660.0,1631.4517
M9648,cold_start,Macro,1904-04-01,2900.0,2845.5884
M9648,cold_start,Macro,1904-05-01,3200.0,2955.8823
M9648,cold_start,Macro,1904-06-01,3400.0,2823.5295
M9648,cold_start,Macro,1904-07-01,3200.0,2735.2942
M9648,cold_start,Macro,1904-08-01,2700.0,2735.2942
M9648,cold_start,Macro,1904-09-01,2500.0,2735.2942
M9648,cold_start,Macro,1904-10-01,2500.0,2845.5884
M9648,cold_start,Macro,1904-11-01,2600.0,2955.8823
M9648,cold_start,Macro,1904-12-01,2700.0,3110.294
M9648,cold_start,Macro,1905-01-01,2600.0,3066.1765
M9648,cold_start,Macro,1905-02-01,2500.0,3220.5884
M9648,cold_start,Macro,1905-03-01,2300.0,3220.5884
M9648,cold_start,Macro,1905-04-01,2300.0,3330.8823
M9648,cold_start,Macro,1905-05-01,2400.0,3375.0
M9648,cold_start,Macro,1905-06-01,2400.0,3242.6472
M9648,cold_start,Macro,1905-07-01,2600.0,3264.706
M9648,cold_start,Macro,1905-08-01,2700.0,3176.4707
M9648,cold_start,Macro,1905-09-01,2600.0,3220.5884
M9930,cold_start,Macro,1904-04-01,1120.0,1169.7632
M9930,cold_start,Macro,1904-05-01,1160.0,1300.4629
M9930,cold_start,Macro,1904-06-01,1210.0,1333.138
M9930,cold_start,Macro,1904-07-01,1290.0,1411.5577
M9930,cold_start,Macro,1904-08-01,1340.0,1339.6729
M9930,cold_start,Macro,1904-09-01,1220.0,1365.8129
M9930,cold_start,Macro,1904-10-01,1270.0,1548.7925
M9930,cold_start,Macro,1904-11-01,1270.0,1659.8873
M9930,cold_start,Macro,1904-12-01,1110.0,1659.8875
M9930,cold_start,Macro,1905-01-01,1020.0,1718.7024
M9930,cold_start,Macro,1905-02-01,920.0,1823.262
M9930,cold_start,Macro,1905-03-01,900.0,1803.657
M9930,cold_start,Macro,1905-04-01,840.0,1757.9121
M9930,cold_start,Macro,1905-05-01,860.0,1869.0068
M9930,cold_start,Macro,1905-06-01,920.0,1934.3569
M9930,cold_start,Macro,1905-07-01,810.0,2130.4067
M9930,cold_start,Macro,1905-08-01,930.0,1980.1018
M9930,cold_start,Macro,1905-09-01,990.0,2012.7767
M9987,cold_start,Macro,1904-04-01,1730.0,1513.8147
M9987,cold_start,Macro,1904-05-01,1740.0,1631.0132
M9987,cold_start,Macro,1904-06-01,1940.0,1689.6123
M9987,cold_start,Macro,1904-07-01,1850.0,1738.4453
M9987,cold_start,Macro,1904-08-01,1960.0,1650.5464
M9987,cold_start,Macro,1904-09-01,1970.0,1552.8809
M9987,cold_start,Macro,1904-10-01,1850.0,1435.6824
M9987,cold_start,Macro,1904-11-01,1600.0,1328.2502
M9987,cold_start,Macro,1904-12-01,1230.0,1279.4175
M9987,cold_start,Macro,1905-01-01,1180.0,1318.4836
M9987,cold_start,Macro,1905-02-01,1340.0,1513.8147
M9987,cold_start,Macro,1905-03-01,1520.0,1621.2467
M9987,cold_start,Macro,1905-04-01,1760.0,1797.0444
M9987,cold_start,Macro,1905-05-01,1810.0,1865.4102
M9987,cold_start,Macro,1905-06-01,1920.0,1963.0758
M9987,cold_start,Macro,1905-07-01,2010.0,2050.9746
M9987,cold_start,Macro,1905-08-01,2180.0,2168.1733
M9987,cold_start,Macro,1905-09-01,2270.0,2080.2744
M9998,cold_start,Macro,1904-04-01,1690.0,1663.1708
M9998,cold_start,Macro,1904-05-01,1720.0,1674.7206
M9998,cold_start,Macro,1904-06-01,1680.0,1709.3699
M9998,cold_start,Macro,1904-07-01,1850.0,1720.9197
M9998,cold_start,Macro,1904-08-01,1640.0,1744.0193
M9998,cold_start,Macro,1904-09-01,1560.0,1859.5173
M9998,cold_start,Macro,1904-10-01,1360.0,1963.4653
M9998,cold_start,Macro,1904-11-01,1360.0,1790.2185
M9998,cold_start,Macro,1904-12-01,1180.0,1813.3181
M9998,cold_start,Macro,1905-01-01,1060.0,1963.4653
M9998,cold_start,Macro,1905-02-01,1120.0,1894.1667
M9998,cold_start,Macro,1905-03-01,1160.0,1986.565
M9998,cold_start,Macro,1905-04-01,810.0,2067.4136
M9998,cold_start,Macro,1905-05-01,1000.0,2044.314
M9998,cold_start,Macro,1905-06-01,1090.0,1986.565
M9998,cold_start,Macro,1905-07-01,1070.0,2113.6128
M9998,cold_start,Macro,1905-08-01,1140.0,2206.011
M9998,cold_start,Macro,1905-09-01,1240.0,2113.6128
